representation,unit_id,tile_id,partition,origin_trip_count,origin_expanded_mass,destination_trip_count,destination_expanded_mass,unit_bbox_span_m
h3_r7,87b2c5080ffffff,E23_N419,train,6697,10514.001800000004,5565,7737.305700000001,2693.501567386964
h3_r7,87b2c5081ffffff,E23_N419,train,825,1227.2406000000003,638,927.9174,2692.882395823195
h3_r7,87b2c5082ffffff,E23_N419,train,74074,113836.73289999992,60843,87715.68649999998,2693.7539375182823
h3_r7,87b2c5083ffffff,E23_N419,train,9464,14029.642400000002,8908,12561.937599999996,2693.134873431758
h3_r7,87b2c5084ffffff,E23_N419,train,231963,350859.9403000011,234169,335812.9047000003,2693.868029742269
h3_r7,87b2c5085ffffff,E23_N419,train,0,0.0,2,2.8262,2693.248812145903
h3_r7,87b2c5086ffffff,E23_N419,train,55389,86731.18579999996,52186,74999.44270000001,2694.12067755498
h3_r7,87b2c5090ffffff,E23_N419,train,739678,1030995.5142999996,750449,1069758.83,2694.6248169789906
h3_r7,87b2c5091ffffff,E23_N419,train,208495,306274.955300001,176094,253215.0403000004,2694.005922361859
h3_r7,87b2c5092ffffff,E23_N419,train,213068,308914.65790000063,197836,284708.3414000001,2694.876308243489
h3_r7,87b2c5093ffffff,E23_N419,train,1309184,1806475.447199965,1396392,1993644.808099992,2694.2575217462145
h3_r7,87b2c5094ffffff,E23_N419,train,242522,348309.6861000009,215017,306019.04580000014,2694.9918805717607
h3_r7,87b2c5095ffffff,E23_N419,train,413010,581078.8068,419728,594424.0572999999,2694.3729400242446
h3_r7,87b2c5096ffffff,E23_N419,train,705141,929847.0774000068,763264,1044098.9077999984,2695.2436494581634
h3_r7,87b2c5098ffffff,E23_N419,train,53456,81154.27119999997,52344,78025.10929999998,2693.0197633336065
h3_r7,87b2c5099ffffff,E23_N419,train,15161,22919.506500000007,10168,14755.9936,2692.400792189641
h3_r7,87b2c509affffff,E23_N419,train,404274,563579.2816999976,381040,545623.0993000001,2693.2711932518287
h3_r7,87b2c509bffffff,E23_N418,validation,224972,340906.1320000001,190052,279737.0025999999,2692.65232991986
h3_r7,87b2c509cffffff,E23_N419,train,118447,174456.6868,97829,140376.48420000004,2693.386965990532
h3_r7,87b2c509dffffff,E23_N419,train,10827,15888.168599999994,9598,13984.024600000002,2692.767948243825
h3_r7,87b2c509effffff,E23_N419,train,152758,224053.40610000005,127963,183438.15250000003,2693.638673315407
h3_r7,87b2c50a2ffffff,E23_N419,train,92269,137137.63619999998,90149,128584.8478,2694.234260133526
h3_r7,87b2c50a4ffffff,E24_N420,train,381,573.3650999999999,450,626.5462000000001,2694.346669417224
h3_r7,87b2c50a6ffffff,E23_N419,train,24220,34858.184000000016,24907,34689.435800000014,2694.60025819327
h3_r7,87b2c50b0ffffff,E23_N419,train,672936,914127.8656999988,710279,998130.1423000004,2695.106279738189
h3_r7,87b2c50b1ffffff,E23_N419,train,302403,446093.5236000007,288679,412233.8432000001,2694.487185736536
h3_r7,87b2c50b2ffffff,E23_N419,train,463432,639894.4363999976,434321,604847.7212000001,2695.3587121549062
h3_r7,87b2c50b3ffffff,E23_N419,train,518397,718222.4026000022,507349,725274.2379999997,2694.7397259394056
h3_r7,87b2c50b4ffffff,E23_N419,train,359049,491686.3826999984,369739,512562.23020000017,2695.472601054528
h3_r7,87b2c50b5ffffff,E23_N419,train,268996,372854.7381,254836,354851.2707000002,2694.853461692692
h3_r7,87b2c50b6ffffff,E23_N419,train,714822,958592.1012000004,707329,982272.4110999996,2695.7253113660845
h3_r7,87b2c5180ffffff,E23_N420,test,140211,216146.81430000035,150975,213751.0013000001,2696.06191982422
h3_r7,87b2c5181ffffff,E24_N420,train,84522,126677.03730000004,76627,109322.35540000006,2695.4424314651405
h3_r7,87b2c5182ffffff,E23_N420,test,12702,18687.3002,13482,18549.3429,2696.3162359795533
h3_r7,87b2c5183ffffff,E23_N420,test,150136,219071.0103000004,155422,215806.97790000003,2695.696854739217
h3_r7,87b2c5184ffffff,E23_N420,test,27569,43344.84439999999,25747,36695.76020000002,2696.4267507507466
h3_r7,87b2c5185ffffff,E24_N420,train,10272,16890.2226,7495,10836.414299999997,2695.8072181723546
h3_r7,87b2c5186ffffff,E23_N420,test,55333,81299.86309999993,56983,79580.73610000001,2696.6813453368377
h3_r7,87b2c518affffff,E24_N420,train,73371,105311.49729999992,64414,86326.25620000003,2694.712156721158
h3_r7,87b2c518effffff,E24_N420,train,53478,77089.53709999997,45604,61584.08499999998,2695.077410858823
h3_r7,87b2c5190ffffff,E23_N420,test,1,1.5063,0,0.0,2697.189377147588
h3_r7,87b2c5191ffffff,E23_N420,test,112810,163345.89760000003,101000,140894.8861,2696.570166460646
h3_r7,87b2c5192ffffff,E23_N420,test,10249,15426.1663,7841,11116.5006,2697.4428140209056
h3_r7,87b2c5193ffffff,E23_N420,test,139693,198797.4823000001,121410,168906.59540000002,2696.823711094854
h3_r7,87b2c5198ffffff,E23_N420,test,674318,915750.0513999964,630458,867438.3861999988,2695.5853154772776
h3_r7,87b2c5199ffffff,E23_N420,test,99248,142739.20629999987,86185,121598.92949999994,2694.9660235572373
h3_r7,87b2c519affffff,E23_N420,test,1133308,1491328.2038000147,1137441,1547744.0530999957,2695.838689525379
h3_r7,87b2c519bffffff,E23_N420,test,218821,313888.0525000001,201974,283553.5263000002,2695.2195050602318
h3_r7,87b2c519cffffff,E23_N420,test,345157,487155.06050000177,352512,489233.043,2695.950892571127
h3_r7,87b2c519dffffff,E23_N420,test,66247,94091.0901999999,64890,89263.67699999995,2695.331555862562
h3_r7,87b2c519effffff,E23_N420,test,263504,374192.3742999999,291577,403947.09910000017,2696.204544784734
h3_r7,87b2c51a2ffffff,E23_N420,test,6370,10262.5577,6830,9865.727499999995,2696.7913471508077
h3_r7,87b2c51a3ffffff,E24_N420,train,2,2.9324,19,26.8736,2696.171770612942
h3_r7,87b2c51b0ffffff,E23_N420,test,13353,19844.1774,11163,15120.338700000002,2697.6656263559125
h3_r7,87b2c51b1ffffff,E23_N420,test,25043,37842.92319999996,28182,39111.344000000005,2697.0462202714407
h3_r7,87b2c51b2ffffff,E23_N420,test,5,7.3786,16,21.5362,2697.920006268949
h3_r7,87b2c51b3ffffff,E23_N420,test,12465,18968.4557,11982,16539.378600000004,2697.300707612885
h3_r7,87b2c5400ffffff,E21_N419,train,2219,4133.065100000001,1613,2444.6943,2699.587186033837
h3_r7,87b2c5401ffffff,E22_N419,train,7149,13637.679900000005,5816,8847.5098,2698.9692183110747
h3_r7,87b2c5403ffffff,E21_N419,train,1212,2236.1116,847,1279.4531000000009,2699.2182295113453
h3_r7,87b2c5405ffffff,E22_N419,train,644,1192.2568999999994,478,738.0074000000001,2699.337897247693
h3_r7,87b2c5408ffffff,E22_N419,train,86931,132429.94570000013,71110,105174.12580000002,2697.982319702278
h3_r7,87b2c5409ffffff,E22_N419,train,115391,174019.5796000001,106364,156179.374,2697.3642680475023
h3_r7,87b2c540bffffff,E22_N419,train,75252,113653.75789999988,62082,92177.6021,2697.613222018059
h3_r7,87b2c540cffffff,E22_N419,train,171264,268300.1502000007,135941,199457.22509999992,2698.3511856199475
h3_r7,87b2c540dffffff,E22_N419,train,229743,346830.21989999985,202311,298066.20500000013,2697.7330883538816
h3_r7,87b2c5420ffffff,E22_N419,train,2926,4321.261199999998,2378,3379.1639,2700.0745564776007
h3_r7,87b2c5421ffffff,E22_N419,train,2871,4660.7228,860,1198.7597000000003,2699.456389125029
h3_r7,87b2c5422ffffff,E21_N419,train,2752,3805.109999999999,2692,3719.2426,2700.324400768033
h3_r7,87b2c5424ffffff,E22_N419,train,1569,2474.541400000001,757,1054.2436000000005,2700.44253603596
h3_r7,87b2c5425ffffff,E22_N419,train,46268,74178.93960000003,44150,63574.69000000002,2699.824324314716
h3_r7,87b2c5426ffffff,E21_N419,train,4328,6886.540399999997,3869,5672.984699999998,2700.692658239277
h3_r7,87b2c5428ffffff,E22_N419,train,167518,242770.8874999997,148411,216678.73590000003,2698.4700329834013
h3_r7,87b2c5429ffffff,E22_N419,train,744578,1036706.314899992,672159,956181.6554000004,2697.851780658704
h3_r7,87b2c542affffff,E22_N419,train,143907,222737.84919999988,121682,179918.32129999995,2698.719819409831
h3_r7,87b2c542bffffff,E22_N419,train,368610,536764.3623999985,363367,537702.1393999994,2698.101676787832
h3_r7,87b2c542cffffff,E22_N419,train,80179,117845.92389999997,84174,122772.35889999992,2698.838156570331
h3_r7,87b2c542dffffff,E22_N419,train,656247,920192.6255000008,689535,993065.9893000006,2698.219859200646
h3_r7,87b2c542effffff,E22_N419,train,857,1314.685,684,1037.0340000000003,2699.0882207037066
h3_r7,87b2c5430ffffff,E21_N419,train,813,1123.6327,1084,1500.2300999999998,2701.191738167196
h3_r7,87b2c5431ffffff,E21_N419,train,4829,6842.824999999998,3319,4669.712099999998,2700.5738570131944
h3_r7,87b2c5435ffffff,E21_N419,train,31908,45965.23830000002,29624,41473.30819999999,2700.942392339988
h3_r7,87b2c5440ffffff,E22_N418,train,159609,236219.09640000007,137584,209077.9663,2695.26006123313
h3_r7,87b2c5441ffffff,E23_N418,validation,532791,779699.8706000043,493991,724534.9033999994,2694.641646867036
h3_r7,87b2c5442ffffff,E22_N418,train,28075,44500.3088,16916,25927.157100000004,2695.509730727528
h3_r7,87b2c5443ffffff,E22_N418,train,290756,437153.8619000018,260566,392600.2512,2694.8914254548145
h3_r7,87b2c5444ffffff,E22_N419,train,61693,94751.44819999993,53332,79090.84630000002,2695.6284661701648
h3_r7,87b2c5445ffffff,E23_N419,train,248435,358617.1405000004,225258,331125.1108000002,2695.0100054147188
h3_r7,87b2c5446ffffff,E22_N419,train,35563,56181.55140000002,21294,32001.83359999999,2695.878412950085
h3_r7,87b2c5448ffffff,E23_N418,validation,394,722.3360000000004,142,216.91090000000003,2693.654627964541
h3_r7,87b2c5449ffffff,E23_N418,validation,54618,97436.42470000002,38984,58775.00120000003,2693.0361365164863
h3_r7,87b2c544affffff,E22_N418,train,25726,40587.500900000014,17300,26634.7771,2693.904238394985
h3_r7,87b2c544bffffff,E23_N418,validation,133,247.2597,20,31.559999999999995,2693.2858557326254
h3_r7,87b2c544cffffff,E23_N418,validation,75733,122451.15609999996,63903,95897.25479999998,2694.023170237895
h3_r7,87b2c544dffffff,E23_N418,validation,27136,44299.20710000001,18105,27607.857,2693.404631730111
h3_r7,87b2c544effffff,E22_N418,train,83256,125119.47769999994,40681,61840.61260000002,2694.273057738319
h3_r7,87b2c5454ffffff,E22_N419,train,0,0.0,1,1.7839,2696.746152411913
h3_r7,87b2c5456ffffff,E22_N418,train,40377,60555.18960000001,37258,55253.63440000001,2696.9952162386617
h3_r7,87b2c5458ffffff,E22_N418,train,19820,29453.9356,12084,18891.1476,2694.7716744675417
h3_r7,87b2c5459ffffff,E22_N418,train,229404,326796.7971000001,206455,308578.4375999999,2694.153462847928
h3_r7,87b2c545affffff,E22_N418,train,494,844.0880000000003,438,721.3122,2695.020403354487
h3_r7,87b2c545bffffff,E22_N418,train,4838,8989.095799999996,3970,6537.8679,2694.4023011595127
h3_r7,87b2c545cffffff,E22_N418,train,76375,130366.9646,73781,113878.78909999997,2695.140817776497
h3_r7,87b2c545dffffff,E22_N418,train,156482,230050.02439999997,148415,223861.5562,2694.522559205885
h3_r7,87b2c5460ffffff,E23_N419,train,819453,1159197.8999000092,824267,1186404.7886999983,2695.746029296075
h3_r7,87b2c5461ffffff,E23_N419,train,149432,226930.8989999999,123917,181276.1548,2695.127413644863
h3_r7,87b2c5462ffffff,E22_N419,train,89882,142051.32560000004,71948,107952.69789999996,2695.99663990282
h3_r7,87b2c5463ffffff,E23_N419,train,870909,1263266.438199987,814864,1181343.4787999974,2695.3781330125057
h3_r7,87b2c5464ffffff,E23_N419,train,527857,750723.3669999982,524330,747919.5336999996,2696.113693895226
h3_r7,87b2c5465ffffff,E23_N419,train,144047,216561.1969000001,113784,165587.94470000005,2695.4950324231177
h3_r7,87b2c5466ffffff,E22_N419,train,232231,348378.67490000016,205211,305652.2177999998,2696.364582062932
h3_r7,87b2c5468ffffff,E23_N419,train,235135,364305.46040000126,182473,270518.4455000002,2694.140931587084
h3_r7,87b2c5469ffffff,E23_N418,validation,194640,291350.2004000002,116844,172591.69479999997,2693.522237824858
h3_r7,87b2c546affffff,E23_N418,validation,68354,106111.67629999996,52113,78077.61519999999,2694.39148218889
h3_r7,87b2c546bffffff,E23_N418,validation,80492,128113.07729999992,78142,115675.05349999997,2693.7728968765587
h3_r7,87b2c546cffffff,E23_N419,train,173122,256758.5389000004,185897,272402.03510000004,2694.508735499752
h3_r7,87b2c546dffffff,E23_N419,train,217595,324685.75970000034,193512,281515.18350000033,2693.889995239151
h3_r7,87b2c546effffff,E23_N419,train,410070,591488.1382000014,382023,555042.9254000002,2694.759563445521
h3_r7,87b2c5470ffffff,E22_N419,train,10749,18254.991100000003,9736,14343.089999999997,2696.865198733285
h3_r7,87b2c5471ffffff,E22_N419,train,16401,27441.6671,12495,18675.8277,2696.2468640723964
h3_r7,87b2c5472ffffff,E22_N419,train,23322,37036.592,17881,26616.30830000001,2697.114926896058
h3_r7,87b2c5473ffffff,E22_N419,train,418,719.0073999999997,95,139.70719999999994,2696.4967016323358
h3_r7,87b2c5474ffffff,E22_N419,train,118057,187028.68839999996,108076,160530.1306,2697.2334641119232
h3_r7,87b2c5475ffffff,E22_N419,train,134131,215993.11489999996,121441,183517.502,2696.6150837310124
h3_r7,87b2c5476ffffff,E22_N419,train,190577,286601.5271000005,234291,354285.0569000002,2697.4834697671467
h3_r7,87b2c5501ffffff,E22_N420,validation,1094,2109.2058000000006,1116,1751.6944999999998,2701.5450700447545
h3_r7,87b2c5503ffffff,E22_N420,validation,4045,7471.929100000001,4068,6365.940400000003,2701.7960266441805
h3_r7,87b2c5508ffffff,E22_N420,validation,842,1445.2970000000005,527,772.8791999999995,2700.559493509121
h3_r7,87b2c5509ffffff,E22_N420,validation,85326,132404.0913999999,74691,110902.03940000004,2699.941128003178
h3_r7,87b2c550affffff,E22_N420,validation,19224,37369.29909999999,12289,17922.774899999997,2700.810281728336
h3_r7,87b2c550bffffff,E22_N420,validation,19022,30954.064600000027,18107,26325.10239999998,2700.1920258997707
h3_r7,87b2c550cffffff,E22_N420,validation,5418,10159.3023,5017,7437.0509,2700.9267267776886
h3_r7,87b2c550dffffff,E22_N420,validation,66311,117027.12739999995,53648,81661.2994,2700.308317471179
h3_r7,87b2c550effffff,E22_N420,validation,2554,4772.2546,2743,4366.7037,2701.177793185925
h3_r7,87b2c5511ffffff,E21_N420,train,4153,7702.980800000001,3953,6033.891899999999,2702.6646516024484
h3_r7,87b2c5518ffffff,E21_N420,train,1990,3704.6703,1859,2954.8561,2701.6787616881197
h3_r7,87b2c5519ffffff,E22_N420,validation,1597,2658.6013000000003,1483,2195.3982000000005,2701.060681955947
h3_r7,87b2c551cffffff,E21_N420,train,1117,2185.2113000000004,1105,1785.9975999999997,2702.0465949661448
h3_r7,87b2c551effffff,E21_N420,train,8218,15350.547500000002,8521,13243.0018,2702.296774844581
h3_r7,87b2c5528ffffff,E22_N420,validation,75504,116347.68290000009,56306,83161.4872,2701.0419927011244
h3_r7,87b2c5529ffffff,E22_N420,validation,577429,859039.8706000035,527409,776455.5956000001,2700.423430510448
h3_r7,87b2c552affffff,E22_N420,validation,364,590.2683999999999,250,355.5520999999999,2701.2937253356795
h3_r7,87b2c552bffffff,E22_N420,validation,128476,209261.8229000001,112780,169620.30569999994,2700.675272496476
h3_r7,87b2c552cffffff,E22_N420,validation,37,42.84810000000001,22,31.785300000000003,2701.4084777180105
h3_r7,87b2c552dffffff,E22_N420,validation,10304,15541.143900000005,18409,26684.36749999999,2700.7898723048274
h3_r7,87b2c5540ffffff,E22_N419,train,569412,816631.559500003,547683,783850.7030999998,2697.8340276189265
h3_r7,87b2c5541ffffff,E23_N419,train,5983450,8179258.980500258,6613217,9214812.442300037,2697.215293936024
h3_r7,87b2c5542ffffff,E22_N419,train,567658,808517.6067999961,605573,869782.1219000007,2698.0856403747457
h3_r7,87b2c5543ffffff,E22_N419,train,2761587,4093314.434700052,2951738,4148284.861500032,2697.467015425849
h3_r7,87b2c5544ffffff,E22_N420,validation,318831,474124.5628000001,312849,453901.56090000016,2698.2008064044057
h3_r7,87b2c5545ffffff,E23_N420,test,804155,1149293.0769999975,848829,1203707.369800001,2697.5820281384517
h3_r7,87b2c5546ffffff,E22_N420,validation,203957,310864.83920000016,174612,255568.7974,2698.4526972031454
h3_r7,87b2c5548ffffff,E23_N419,train,673637,946524.941400001,681327,972861.0902000008,2696.229574237077
h3_r7,87b2c5549ffffff,E23_N419,train,340374,471423.3536000016,346234,486725.0439000004,2695.610758771887
h3_r7,87b2c554affffff,E23_N419,train,920588,1285584.1792000015,992050,1404324.544199998,2696.481126449304
h3_r7,87b2c554bffffff,E23_N419,train,425343,608121.9781000016,444925,633861.7644999998,2695.8624194089207
h3_r7,87b2c554cffffff,E23_N419,train,1945679,2691346.453300024,2107650,2941296.7062000013,2696.596496539947
h3_r7,87b2c554dffffff,E23_N419,train,935718,1273128.6058000028,1023966,1423912.0374999968,2695.977635819232
h3_r7,87b2c554effffff,E23_N419,train,1138238,1583938.8860999898,1182320,1676491.663099999,2696.8483265854884
h3_r7,87b2c5550ffffff,E22_N419,train,581687,816059.7979999989,546657,784081.6362000002,2698.955317765241
h3_r7,87b2c5551ffffff,E22_N419,train,888313,1271625.2669000195,870181,1237869.0788999996,2698.336866235477
h3_r7,87b2c5552ffffff,E22_N419,train,256444,372241.2030999997,218595,314084.5124,2699.2060471804
h3_r7,87b2c5553ffffff,E22_N419,train,615035,856477.8939000056,630139,901597.0534000008,2698.5877050251
h3_r7,87b2c5554ffffff,E22_N420,validation,300152,462659.1818999994,267017,395682.6508,2699.32269705215
h3_r7,87b2c5555ffffff,E22_N419,train,229621,338020.1292999994,198560,289650.7959,2698.7042010466103
h3_r7,87b2c5556ffffff,E22_N419,train,240366,358585.5450000007,210605,306825.2616000001,2699.573704447772
h3_r7,87b2c5558ffffff,E22_N419,train,324608,461747.65190000064,276190,393643.092,2697.3508271892206
h3_r7,87b2c5559ffffff,E22_N419,train,134648,203076.70339999997,118615,177662.29689999993,2696.7322922800668
h3_r7,87b2c555affffff,E22_N419,train,151867,239024.59380000032,127712,188745.1163,2697.601497399912
h3_r7,87b2c555bffffff,E22_N419,train,75617,115506.75790000011,64386,93304.88750000004,2696.983071557479
h3_r7,87b2c555cffffff,E22_N419,train,1494370,2114205.1664000098,1507088,2161763.7783,2697.718350248528
h3_r7,87b2c555dffffff,E22_N419,train,295354,418314.6607000009,274859,391216.4993000001,2697.0997701908345
h3_r7,87b2c555effffff,E22_N419,train,260753,378993.7804000008,240911,346208.95990000013,2697.9692982306588
h3_r7,87b2c5560ffffff,E23_N420,test,463218,662358.7467999958,434196,618693.9590999997,2698.3147956223693
h3_r7,87b2c5561ffffff,E23_N420,test,397011,567013.424000002,365809,519758.0138999997,2697.695864637906
h3_r7,87b2c5562ffffff,E22_N420,validation,469313,677401.3262000018,468543,674236.3496,2698.5673514090013
h3_r7,87b2c5563ffffff,E23_N420,test,404753,572679.5009000018,401212,576516.4329999997,2697.948528823676
h3_r7,87b2c5564ffffff,E23_N420,test,948,1472.8483000000003,530,777.3059000000001,2698.6808281721896
h3_r7,87b2c5565ffffff,E23_N420,test,60352,97157.39610000006,40967,59126.7999,2698.061853175692
h3_r7,87b2c5566ffffff,E22_N420,validation,167405,247997.4501,152836,224456.67479999992,2698.933662271418
h3_r7,87b2c5568ffffff,E23_N420,test,3249288,4332098.248200184,3573641,4911184.721400043,2696.7106916505145
h3_r7,87b2c5569ffffff,E23_N420,test,511811,691271.4338000015,521321,720889.9363999998,2696.091677836725
h3_r7,87b2c556affffff,E23_N420,test,1900085,2572172.843599953,2110812,2916169.379399998,2696.9631859511137
h3_r7,87b2c556bffffff,E23_N419,train,612995,830723.8745999943,601216,825809.797199999,2696.344280231977
h3_r7,87b2c556cffffff,E23_N420,test,18526,25941.951499999992,31426,43720.796,2697.0768697002786
h3_r7,87b2c556dffffff,E23_N420,test,1383061,1832463.9819999875,1422781,1937515.1625999936,2696.457811202097
h3_r7,87b2c556effffff,E23_N420,test,78497,122832.23719999996,59133,86116.20779999999,2697.3296421082923
h3_r7,87b2c5570ffffff,E22_N420,validation,9937,17033.7433,7907,12325.2501,2699.4381696187197
h3_r7,87b2c5571ffffff,E22_N420,validation,118709,193859.48709999985,106675,161599.66550000003,2698.819520357996
h3_r7,87b2c5572ffffff,E22_N420,validation,113004,194879.91410000008,89717,137428.39589999994,2699.689842517837
h3_r7,87b2c5573ffffff,E22_N420,validation,177660,285679.2448000001,163988,244619.14620000005,2699.0713022953714
h3_r7,87b2c5574ffffff,E22_N420,validation,288558,414806.3201000009,296548,430781.55780000007,2699.804802642669
h3_r7,87b2c5575ffffff,E22_N420,validation,181441,266463.5162999998,183493,265396.9554999999,2699.1861094775377
h3_r7,87b2c5576ffffff,E22_N420,validation,42662,63082.272300000026,32530,47501.5157,2700.056753793964
h3_r7,87b2c5704ffffff,E23_N418,validation,25243,39703.864400000006,14484,21774.03849999999,2691.2979424668592
h3_r7,87b2c5706ffffff,E23_N418,validation,7365,12290.0958,4654,7105.507999999999,2691.5486487719463
h3_r7,87b2c5714ffffff,E23_N418,validation,87636,147991.67870000002,52739,79129.71279999998,2692.4175837806542
h3_r7,87b2c5715ffffff,E23_N418,validation,11651,18874.8298,5957,9051.490700000002,2691.798970138654
h3_r7,87b2c5716ffffff,E23_N418,validation,19048,34097.353200000005,12649,18896.703500000003,2692.667411602568
h3_r7,87b2c5721ffffff,E24_N418,train,0,0.0,29,43.3254,2690.7953757089563
h3_r7,87b2c5722ffffff,E23_N418,validation,29331,45918.22080000005,22372,33043.3048,2691.665788933868
h3_r7,87b2c5723ffffff,E23_N418,validation,35460,57173.02109999999,24405,36967.3835,2691.046851385501
h3_r7,87b2c5726ffffff,E23_N418,validation,11257,16687.90160000001,11726,16976.637200000005,2692.0334056306165
h3_r7,87b2c5730ffffff,E23_N418,validation,571880,803774.0232999994,590804,847420.8296999994,2692.5355415351805
h3_r7,87b2c5731ffffff,E23_N418,validation,689604,988090.3544999844,646926,931210.8338999988,2691.9167722745333
h3_r7,87b2c5732ffffff,E23_N418,validation,30784,51620.33309999999,22894,34756.47140000001,2692.7860317269806
h3_r7,87b2c5733ffffff,E23_N418,validation,81417,136153.26370000007,57556,88144.35779999998,2692.167370612733
h3_r7,87b2c5734ffffff,E23_N418,validation,666904,920543.2854000072,624689,893021.2781999987,2692.9034825366107
h3_r7,87b2c5735ffffff,E23_N418,validation,223234,331557.4148999999,159967,235519.6867,2692.2846661109943
h3_r7,87b2c5736ffffff,E23_N418,validation,136580,214589.12169999984,117040,171337.15360000002,2693.1542498643976
h3_r7,87b2c57a4ffffff,E22_N418,train,11061,18219.6232,9184,14766.6723,2693.5351892023464
h3_r7,87b2c57a5ffffff,E23_N418,validation,9219,14502.054200000006,7554,12230.5285,2692.91685390711
h3_r7,87b2c57a6ffffff,E22_N418,train,7426,11721.3956,5211,8685.4493,2693.7841367549845
h3_r7,87b2c57b0ffffff,E22_N418,train,9875,15864.203199999996,7855,13337.248800000005,2694.2808734350256
h3_r7,87b2c57b3ffffff,E22_N418,train,652,1078.1166000000003,386,656.2171000000004,2693.910764567961
h3_r7,87b2c57b4ffffff,E22_N418,train,826,1430.288300000001,471,728.7398000000002,2694.65075315407
h3_r7,87b2c57b5ffffff,E22_N418,train,455,775.9126,276,441.6832,2694.032698224997
h3_r7,87b2c5cd3ffffff,E22_N420,validation,3052,4623.587399999999,2003,2849.3215000000005,2701.156078803062
h3_r7,87b2c5cd8ffffff,E22_N420,validation,14677,21592.967999999983,12408,17853.339700000008,2699.918584136176
h3_r7,87b2c5cd9ffffff,E22_N420,validation,56150,80986.1539,51355,72489.2062,2699.2997386216884
h3_r7,87b2c5cdaffffff,E22_N420,validation,86623,127261.7267000001,69709,100635.10799999996,2700.171200997429
h3_r7,87b2c5cdbffffff,E22_N420,validation,396146,577229.7954000023,391489,551996.9297000006,2699.552464193257
h3_r7,87b2c5cddffffff,E22_N420,validation,1068,1548.9788,831,1181.9773999999995,2699.665580091765
h3_r7,87b2c5cdeffffff,E22_N420,validation,46491,70303.77870000004,44709,65452.570699999975,2700.5373643242056
h3_r8,88b2c50801fffff,E23_N419,train,974,1507.4619999999995,973,1356.9824,941.7072691718348
h3_r8,88b2c50803fffff,E23_N419,train,2368,3743.3535000000015,2176,3024.9762,941.6165017923922
h3_r8,88b2c50805fffff,E23_N419,train,604,952.4336,60,83.975,941.7820416517789
h3_r8,88b2c50807fffff,E23_N419,train,1740,2719.7597999999984,1823,2524.5471,941.6912743829888
h3_r8,88b2c50809fffff,E23_N419,train,3,5.663600000000001,41,65.4627,941.7232495508506
h3_r8,88b2c5080dfffff,E23_N419,train,1008,1585.3293000000003,492,681.3623000000001,941.7980320106144
h3_r8,88b2c50815fffff,E23_N419,train,825,1227.2406000000003,638,927.9174,941.525729882298
h3_r8,88b2c50823fffff,E23_N419,train,3930,6267.082000000001,2650,3811.427200000001,941.7500177030452
h3_r8,88b2c50825fffff,E23_N419,train,32263,48883.45509999999,25152,36581.31249999999,941.9155315861572
h3_r8,88b2c50827fffff,E23_N419,train,20566,32023.49330000001,15177,22172.591,941.824760121468
h3_r8,88b2c50829fffff,E23_N419,train,5578,8544.838999999998,5355,7465.643100000002,941.8568040376996
h3_r8,88b2c5082bfffff,E23_N419,train,2829,4381.961699999999,3545,4945.2585,941.7660368825892
h3_r8,88b2c5082dfffff,E23_N419,train,8908,13735.901800000003,8964,12739.4542,941.9315563214476
h3_r8,88b2c50831fffff,E23_N419,train,2457,3633.0159,2586,3617.5542999999993,941.5844889660948
h3_r8,88b2c50835fffff,E23_N419,train,69,108.24530000000004,97,138.09219999999996,941.6592415889608
h3_r8,88b2c50839fffff,E23_N419,train,1119,1609.5628000000004,664,936.8803,941.6005025806952
h3_r8,88b2c5083bfffff,E23_N419,train,1844,2683.8384,1645,2317.2374,941.5097262491472
h3_r8,88b2c5083dfffff,E23_N419,train,3975,5994.979999999997,3916,5552.173400000001,941.6752651875722
h3_r8,88b2c50841fffff,E23_N419,train,67398,100319.48639999988,68563,98991.4046,941.829969489132
h3_r8,88b2c50843fffff,E23_N419,train,28952,46334.15909999999,29315,43058.42089999999,941.7392155244016
h3_r8,88b2c50845fffff,E23_N419,train,73970,112063.46599999975,82092,114837.7784,941.904761805432
h3_r8,88b2c50847fffff,E23_N419,train,5245,8632.235399999998,4092,6259.186999999999,941.8140079579898
h3_r8,88b2c50849fffff,E23_N419,train,14096,20788.1836,11553,16574.785900000003,941.845916603168
h3_r8,88b2c5084bfffff,E23_N419,train,2,3.074,0,0.0,941.7551670823012
h3_r8,88b2c5084dfffff,E23_N419,train,42300,62719.33579999997,38554,56091.32790000001,941.9207188904402
h3_r8,88b2c50855fffff,E23_N419,train,0,0.0,2,2.8262,941.648457007832
h3_r8,88b2c50861fffff,E23_N419,train,12130,18624.3851,10624,15244.1648,941.9635625428054
h3_r8,88b2c50863fffff,E23_N419,train,832,1271.9637,453,612.1306000000001,941.8728043755982
h3_r8,88b2c50865fffff,E23_N419,train,18121,27693.220099999995,17966,25824.657,942.0383246827404
h3_r8,88b2c50867fffff,E23_N419,train,2544,3892.058700000002,2607,3606.2985,941.9475666410872
h3_r8,88b2c50869fffff,E23_N419,train,7266,13062.696199999998,6621,9770.903,941.9795440253802
h3_r8,88b2c5086bfffff,E23_N419,train,1348,2466.8623,579,851.6031000000004,941.8887903004652
h3_r8,88b2c5086dfffff,E23_N419,train,13148,19719.9997,13336,19089.6857,942.054316143156
h3_r8,88b2c50901fffff,E23_N419,train,27813,39721.7873,20142,28589.70299999999,942.2304643185926
h3_r8,88b2c50903fffff,E23_N419,train,51955,73891.53110000002,33412,49546.70170000002,942.1396978015546
h3_r8,88b2c50905fffff,E23_N419,train,294698,412145.9296000005,328701,468286.4840000008,942.3051660035272
h3_r8,88b2c50907fffff,E23_N419,train,15162,20439.196500000005,12131,17717.661500000006,942.2143996292144
h3_r8,88b2c50909fffff,E23_N419,train,29793,41450.4535,30366,43847.85269999999,942.2465145853348
h3_r8,88b2c5090bfffff,E23_N419,train,302030,418742.204600001,315682,447639.5279999999,942.155752502964
h3_r8,88b2c5090dfffff,E23_N419,train,18227,24604.4117,10015,14130.899100000004,942.3212262582964
h3_r8,88b2c50911fffff,E23_N419,train,11549,17097.4511,7057,10289.2028,941.9742146374774
h3_r8,88b2c50913fffff,E23_N419,train,17590,26146.794099999985,19386,27427.908499999998,941.8834388726972
h3_r8,88b2c50915fffff,E23_N419,train,35669,50360.633400000006,29815,42869.7897,942.04892671993
h3_r8,88b2c50917fffff,E23_N419,train,62233,91736.40550000004,58351,83639.5315,941.9581510816934
h3_r8,88b2c50919fffff,E23_N419,train,23517,35139.336399999986,19802,28799.595899999997,941.9902637760388
h3_r8,88b2c5091bfffff,E23_N419,train,23839,35764.008900000015,16793,24161.677,941.8994924348664
h3_r8,88b2c5091dfffff,E23_N419,train,34098,50030.32589999999,24890,36027.334899999994,942.0649858486722
h3_r8,88b2c50921fffff,E23_N419,train,20160,30504.37409999999,11660,16838.4661,942.3637728721368
h3_r8,88b2c50923fffff,E23_N419,train,9424,13927.393099999998,7386,10726.2993,942.2730022079196
h3_r8,88b2c50925fffff,E23_N419,train,15735,24398.005899999996,10803,15897.9221,942.4384442759912
h3_r8,88b2c50927fffff,E23_N419,train,21099,31682.78750000001,20750,30100.226599999995,942.3476737607853
h3_r8,88b2c50929fffff,E23_N419,train,118583,168506.41910000032,122014,174646.18080000003,942.3798575507244
h3_r8,88b2c5092bfffff,E23_N419,train,18313,25645.0949,17012,24728.8544,942.2890913184384
h3_r8,88b2c5092dfffff,E23_N419,train,9754,14250.583300000004,8211,11770.392100000005,942.4545389507548
h3_r8,88b2c50931fffff,E23_N419,train,324516,434948.9763000002,315978,445064.8861,942.1075451382784
h3_r8,88b2c50933fffff,E23_N419,train,110655,157199.25970000002,128746,182499.32859999995,942.016765210952
h3_r8,88b2c50935fffff,E23_N419,train,69530,101375.4998,83383,120918.2195,942.1822269721888
h3_r8,88b2c50937fffff,E23_N419,train,14520,20348.609400000016,11885,17647.7237,942.0914471774596
h3_r8,88b2c50939fffff,E23_N419,train,737049,1018990.5478999936,810425,1160640.7824999986,942.1236286800122
h3_r8,88b2c5093bfffff,E23_N419,train,15126,21445.736199999992,9084,13085.124099999995,942.0328531723936
h3_r8,88b2c5093dfffff,E23_N419,train,37788,52166.8179,36891,53788.7436,942.1983205120778
h3_r8,88b2c50941fffff,E23_N419,train,23482,33985.15549999998,17766,25274.566099999985,942.3533034741412
h3_r8,88b2c50943fffff,E23_N419,train,25049,35161.50359999999,17960,25673.2321,942.2625504209428
h3_r8,88b2c50945fffff,E23_N419,train,33288,48549.35629999999,32994,46916.02859999999,942.4280249883304
h3_r8,88b2c50947fffff,E23_N419,train,36934,52509.93529999999,31691,45619.6244,942.3372720819898
h3_r8,88b2c50949fffff,E23_N419,train,23877,33990.4846,16597,23839.34609999999,942.3693204256124
h3_r8,88b2c5094bfffff,E23_N419,train,15696,22540.701399999994,17616,24991.481199999995,942.2785718231462
h3_r8,88b2c5094dfffff,E23_N419,train,84196,121572.54939999996,80393,113704.76730000008,942.4440519249764
h3_r8,88b2c50951fffff,E23_N419,train,395,557.6844,464,668.6436000000001,942.0970608499484
h3_r8,88b2c50953fffff,E23_N419,train,13653,20468.6559,10247,14961.298999999995,942.0062984973192
h3_r8,88b2c50955fffff,E23_N419,train,149183,210031.04570000025,167876,239144.19249999995,942.1717927794672
h3_r8,88b2c50957fffff,E23_N419,train,48770,72198.57049999994,35174,50978.7488,942.0810305598424
h3_r8,88b2c50959fffff,E23_N419,train,906,1454.4873,625,868.1157999999998,942.1130767120048
h3_r8,88b2c5095bfffff,E23_N419,train,2336,3401.4798,2327,3282.196199999999,942.0223188003292
h3_r8,88b2c5095dfffff,E23_N419,train,197767,272966.8832000004,203015,284520.8614000001,942.1878186275136
h3_r8,88b2c50961fffff,E23_N419,train,437688,560676.6414000081,494154,668126.7937000002,942.486684999778
h3_r8,88b2c50963fffff,E23_N419,train,1470,2113.9301,2749,3753.733800000002,942.3959277987595
h3_r8,88b2c50965fffff,E23_N419,train,19773,30080.93530000001,15162,21938.2762,942.5613762402792
h3_r8,88b2c50967fffff,E23_N419,train,24037,35699.9057,20209,29086.337899999995,942.4706191947917
h3_r8,88b2c50969fffff,E23_N419,train,214538,289861.0617000003,226518,314775.5285000002,942.502736364666
h3_r8,88b2c5096bfffff,E23_N419,train,2471,3415.2499000000003,921,1281.5535000000002,942.41198361048
h3_r8,88b2c5096dfffff,E23_N419,train,5164,7999.353300000001,3551,5136.684199999999,942.5774375949986
h3_r8,88b2c50985fffff,E23_N419,train,16068,24785.04939999999,17330,25769.7283,941.6697057570564
h3_r8,88b2c50987fffff,E23_N419,train,29773,45022.86000000002,25770,38967.4115,941.5789076120128
h3_r8,88b2c50989fffff,E23_N419,train,4058,6265.718799999999,7161,10262.4702,941.6110843907808
h3_r8,88b2c5098dfffff,E23_N419,train,3557,5080.643000000002,2083,3025.4993000000004,941.6857969480334
h3_r8,88b2c50995fffff,E23_N419,train,12246,18486.645499999995,7492,10944.6421,941.41340221063
h3_r8,88b2c50997fffff,E23_N419,train,2915,4432.860999999998,2676,3811.351499999999,941.3225949920596
h3_r8,88b2c509a1fffff,E23_N419,train,27721,39615.749100000015,18835,27306.170399999995,941.7282826197916
h3_r8,88b2c509a3fffff,E23_N419,train,34650,50915.34880000001,28078,40868.51340000001,941.6374801913626
h3_r8,88b2c509a5fffff,E23_N419,train,12603,17634.678400000008,18383,26872.4473,941.8029549545608
h3_r8,88b2c509a7fffff,E23_N419,train,132291,179998.79760000014,136049,194131.5739,941.7121526362608
h3_r8,88b2c509a9fffff,E23_N419,train,21028,30566.480000000018,15175,22131.113300000008,941.7443982088008
h3_r8,88b2c509abfffff,E23_N419,train,21140,30302.59599999999,6870,10119.191600000002,941.6536001707428
h3_r8,88b2c509adfffff,E23_N419,train,154841,214545.6318000004,157650,224194.08940000008,941.8190805442864
h3_r8,88b2c509b1fffff,E23_N418,validation,36694,56494.67090000002,33118,49078.52969999999,941.4719906072132
h3_r8,88b2c509b3fffff,E23_N418,validation,43786,69769.68940000002,37664,57732.422400000025,941.3811791003682
h3_r8,88b2c509b5fffff,E23_N418,validation,43831,63162.20909999998,42726,60785.8985,941.5466732671484
h3_r8,88b2c509b7fffff,E23_N418,validation,37935,55540.35379999996,25654,37632.6595,941.4558618575102
h3_r8,88b2c509b9fffff,E23_N419,train,38750,59844.0475,34466,50788.67570000002,941.4881049729302
h3_r8,88b2c509bdfffff,E23_N419,train,23976,36095.16130000001,16424,23718.8168,941.5627976353862
h3_r8,88b2c509c1fffff,E23_N419,train,2828,4010.704,86,127.83710000000004,941.7179361312884
h3_r8,88b2c509c3fffff,E23_N419,train,9335,13672.2651,5087,7196.563899999998,941.627151189372
h3_r8,88b2c509c5fffff,E23_N419,train,22404,32444.98860000001,18947,27136.1727,941.7926585717942
h3_r8,88b2c509c7fffff,E23_N419,train,28289,40259.26810000002,27668,39590.41510000001,941.7018737402976
h3_r8,88b2c509c9fffff,E23_N419,train,20283,31434.332,14719,21480.340299999985,941.733984120132
h3_r8,88b2c509cdfffff,E23_N419,train,35308,52635.12900000001,31322,44845.1551,941.8087165502366
h3_r8,88b2c509d5fffff,E23_N419,train,10827,15888.168599999994,9598,13984.024600000002,941.5363617349648
h3_r8,88b2c509e1fffff,E23_N419,train,20491,31271.8861,29415,42061.7538,941.8512885209057
h3_r8,88b2c509e3fffff,E23_N419,train,36667,54341.28119999997,31475,45318.45919999999,941.7604993975256
h3_r8,88b2c509e5fffff,E23_N419,train,19659,28651.58510000001,15806,22609.37880000001,941.9259807391792
h3_r8,88b2c509e7fffff,E23_N419,train,13415,18898.3525,9828,14011.081200000002,941.8351917347172
h3_r8,88b2c509e9fffff,E23_N419,train,20962,30669.865700000017,18741,26674.0902,941.8673709005816
h3_r8,88b2c509ebfffff,E23_N419,train,30161,44116.30039999999,15893,23131.5218,941.776586187072
h3_r8,88b2c509edfffff,E23_N419,train,11403,16104.1351,6805,9631.8675,941.942073116661
h3_r8,88b2c50a21fffff,E23_N419,train,11658,17453.417100000006,8859,12640.2187,941.9525897973216
h3_r8,88b2c50a23fffff,E23_N419,train,2146,3034.2885,1820,2577.7703,941.8618492998648
h3_r8,88b2c50a25fffff,E23_N419,train,34057,51337.424099999975,38565,55093.53000000004,942.0274019280914
h3_r8,88b2c50a27fffff,E23_N419,train,16003,23992.6866,16994,24354.8912,941.9366615567706
h3_r8,88b2c50a29fffff,E23_N419,train,3,4.4808,1,1.3559,941.9685036122684
h3_r8,88b2c50a2bfffff,E23_N419,train,2759,4100.109399999999,1734,2496.2313000000004,941.8777675759628
h3_r8,88b2c50a2dfffff,E23_N419,train,25643,37215.22970000001,22176,31420.8504,942.0433257088298
h3_r8,88b2c50a4dfffff,E23_N420,test,381,573.3650999999999,450,626.5462000000001,942.0320145803272
h3_r8,88b2c50a61fffff,E23_N419,train,622,892.2747999999996,952,1281.7297000000003,942.075129978126
h3_r8,88b2c50a63fffff,E23_N419,train,0,0.0,462,625.9432999999998,941.9844030003878
h3_r8,88b2c50a65fffff,E23_N419,train,20936,30038.3755,19337,27056.77109999999,942.1499619061942
h3_r8,88b2c50a67fffff,E23_N419,train,1086,1586.7753,2620,3565.2687,942.0592350610532
h3_r8,88b2c50a6bfffff,E23_N419,train,0,0.0,428,569.7472999999999,942.0002879584208
h3_r8,88b2c50a6dfffff,E23_N419,train,1576,2340.7584,1108,1589.9756999999995,942.1658523483202
h3_r8,88b2c50b01fffff,E23_N419,train,470650,638330.1910999967,519068,728993.1870000006,942.3425130891846
h3_r8,88b2c50b03fffff,E23_N419,train,20532,30182.5935,20039,28769.6809,942.2517777194151
h3_r8,88b2c50b05fffff,E23_N419,train,9209,12473.007700000002,10658,14548.317900000004,942.4172846506116
h3_r8,88b2c50b07fffff,E23_N419,train,84394,113527.3729000001,92062,128810.4489,942.32654942933
h3_r8,88b2c50b09fffff,E23_N419,train,41425,55606.20960000002,32862,46699.61509999999,942.358462305274
h3_r8,88b2c50b0bfffff,E23_N419,train,12968,18531.601100000003,11120,15817.8195,942.2677314075409
h3_r8,88b2c50b0dfffff,E23_N419,train,33758,45476.8898,24470,34491.07300000001,942.433243838488
h3_r8,88b2c50b11fffff,E23_N419,train,29860,44368.97370000001,30474,44165.46590000003,942.0862557859508
h3_r8,88b2c50b13fffff,E23_N419,train,92925,137809.69039999993,90240,128094.40690000005,941.9955110852608
h3_r8,88b2c50b15fffff,E23_N419,train,49845,71927.99780000007,36358,51953.66030000002,942.1610377468752
h3_r8,88b2c50b17fffff,E23_N419,train,55332,80372.07620000001,59366,84342.45539999998,942.0702931772104
h3_r8,88b2c50b19fffff,E23_N419,train,15917,24829.065700000003,15807,22665.52420000001,942.1022039636156
h3_r8,88b2c50b1bfffff,E23_N419,train,20146,30192.6107,20631,29408.187899999997,942.0114637191872
h3_r8,88b2c50b1dfffff,E23_N419,train,38378,56593.1091,35803,51604.14259999999,942.1769958948134
h3_r8,88b2c50b21fffff,E23_N419,train,54498,72696.96280000001,46439,64028.1979,942.4760624745396
h3_r8,88b2c50b23fffff,E23_N419,train,24330,33310.44340000001,18203,26046.2238,942.3853229387896
h3_r8,88b2c50b25fffff,E23_N419,train,64170,90138.20629999996,48481,68106.6805,942.550803801918
h3_r8,88b2c50b27fffff,E23_N419,train,66098,97458.14179999995,57968,82635.81760000004,942.460064423154
h3_r8,88b2c50b29fffff,E23_N419,train,4171,5387.460500000001,5752,7833.669300000003,942.4920460860594
h3_r8,88b2c50b2bfffff,E23_N419,train,36827,49886.90340000002,40179,55839.52419999999,942.4013110148952
h3_r8,88b2c50b2dfffff,E23_N419,train,213338,291016.3182000002,217299,300357.6079000001,942.5667973898816
h3_r8,88b2c50b31fffff,E23_N419,train,17477,24947.7904,15636,23015.4916,942.219827037654
h3_r8,88b2c50b33fffff,E23_N419,train,18409,26037.3171,10873,15992.5428,942.1290781520656
h3_r8,88b2c50b35fffff,E23_N419,train,124611,176407.4906000003,120128,172085.00649999996,942.2945787945646
h3_r8,88b2c50b37fffff,E23_N419,train,2420,3338.8756000000008,2919,4345.546899999999,942.203830049606
h3_r8,88b2c50b39fffff,E23_N419,train,40026,57082.95789999998,36563,52530.0737,942.2358095973032
h3_r8,88b2c50b3bfffff,E23_N419,train,57830,84973.4531,57992,83199.07469999997,942.1450651639608
h3_r8,88b2c50b3dfffff,E23_N419,train,257624,345434.5179000001,263238,374106.5018,942.310571330192
h3_r8,88b2c50b41fffff,E23_N419,train,22365,30573.263999999992,14842,21299.384000000005,942.4651188766584
h3_r8,88b2c50b43fffff,E23_N419,train,5599,7772.430600000001,10124,14032.6517,942.3743970800424
h3_r8,88b2c50b45fffff,E23_N419,train,145100,199202.42040000035,160079,220923.2677,942.5399102253724
h3_r8,88b2c50b47fffff,E23_N419,train,99454,135223.73090000034,110447,153112.43469999998,942.4491885824827
h3_r8,88b2c50b49fffff,E23_N419,train,25812,35038.9595,23835,32866.71879999999,942.481034721015
h3_r8,88b2c50b4bfffff,E23_N419,train,12662,17829.91470000001,4693,6638.3469000000005,942.39031740895
h3_r8,88b2c50b4dfffff,E23_N419,train,48057,66045.66260000001,45719,63689.42639999996,942.5558360362191
h3_r8,88b2c50b51fffff,E23_N419,train,6009,8404.6726,6541,9091.7896,942.208868893329
h3_r8,88b2c50b53fffff,E23_N419,train,69164,99042.56399999995,68959,96608.24330000002,942.1181377103784
h3_r8,88b2c50b55fffff,E23_N419,train,117630,156792.8621000001,109414,151376.05430000005,942.2836706546368
h3_r8,88b2c50b57fffff,E23_N419,train,18462,26024.43730000001,17375,24501.0748,942.1929396115012
h3_r8,88b2c50b59fffff,E23_N419,train,18168,25885.67779999999,15456,21363.3172,942.2247837355826
h3_r8,88b2c50b5bfffff,E23_N419,train,7739,10856.618100000002,6943,9743.4726,942.1340570261236
h3_r8,88b2c50b5dfffff,E23_N419,train,31824,45847.90620000002,30148,42167.318900000006,942.2995954616928
h3_r8,88b2c50b61fffff,E23_N419,train,19468,27177.985899999992,15059,20757.90520000001,942.5987412141404
h3_r8,88b2c50b63fffff,E23_N419,train,216836,285594.23519999976,216862,300688.4907000001,942.5080152497394
h3_r8,88b2c50b65fffff,E23_N419,train,50853,71532.13909999997,37451,52511.62179999997,942.6735023317742
h3_r8,88b2c50b67fffff,E23_N419,train,384462,514152.600599999,403803,560903.3265000007,942.5827765260474
h3_r8,88b2c50b69fffff,E23_N419,train,3949,5602.3067,2270,3104.9908,942.6146914481068
h3_r8,88b2c50b6bfffff,E23_N419,train,12517,17088.541,10157,14015.387100000004,942.523969962087
h3_r8,88b2c50b6dfffff,E23_N419,train,26737,37444.292699999976,21727,30290.68900000001,942.6894625367712
h3_r8,88b2c51801fffff,E23_N420,test,30356,45527.97890000001,45944,63706.76979999999,942.564487058262
h3_r8,88b2c51803fffff,E23_N420,test,46467,70297.15159999995,53238,75662.22830000003,942.4738146914752
h3_r8,88b2c51805fffff,E23_N420,test,191,285.5742,691,955.2877,942.6393979705754
h3_r8,88b2c51807fffff,E23_N420,test,10,15.494,0,0.0,942.5487257637432
h3_r8,88b2c51809fffff,E23_N420,test,3545,5528.067000000003,10770,15248.831099999998,942.580233884044
h3_r8,88b2c5180bfffff,E23_N420,test,41378,65051.84129999997,29251,42418.5122,942.4895660543116
h3_r8,88b2c5180dfffff,E23_N420,test,18264,29440.70729999999,11081,15759.3722,942.655154731474
h3_r8,88b2c51811fffff,E24_N420,train,21856,31778.828099999984,21261,30432.867100000003,942.3082163260552
h3_r8,88b2c51815fffff,E23_N420,test,42637,62641.806400000016,36302,50883.59529999999,942.3831376370508
h3_r8,88b2c51819fffff,E24_N420,train,955,1634.9427000000005,1733,2569.8151,942.3239622875116
h3_r8,88b2c5181dfffff,E24_N420,train,19074,30621.460100000008,17331,25436.077899999997,942.3988935308298
h3_r8,88b2c51821fffff,E23_N420,test,4214,6199.212600000002,4213,5865.6463,942.698517610086
h3_r8,88b2c51823fffff,E23_N420,test,0,0.0,67,88.49139999999998,942.6078410342452
h3_r8,88b2c51825fffff,E23_N420,test,20,29.564999999999998,7,9.8016,942.7733983787476
h3_r8,88b2c51827fffff,E23_N420,test,20,29.815400000000004,50,66.961,942.6827219687984
h3_r8,88b2c51829fffff,E23_N420,test,13,18.8882,0,0.0,942.7142987819389
h3_r8,88b2c5182dfffff,E23_N420,test,8435,12409.819,9145,12518.442600000004,942.789189485542
h3_r8,88b2c51831fffff,E23_N420,test,19094,28341.5981,30822,42724.05599999999,942.4422685735044
h3_r8,88b2c51833fffff,E23_N420,test,425,682.2941999999999,357,504.62250000000006,942.3515824734932
h3_r8,88b2c51835fffff,E23_N420,test,43941,62052.744299999984,44996,61551.70489999999,942.5171597683802
h3_r8,88b2c51837fffff,E23_N420,test,2,3.0764,0,0.0,942.4264738204656
h3_r8,88b2c51839fffff,E23_N420,test,85746,126440.76280000008,79175,110925.38089999996,942.4580488625796
h3_r8,88b2c5183bfffff,E23_N420,test,914,1530.1379999999997,66,92.07039999999998,942.3673672834412
h3_r8,88b2c5183dfffff,E23_N420,test,14,20.3965,6,9.1432,942.5329499992658
h3_r8,88b2c51841fffff,E23_N420,test,23,33.77580000000001,72,105.31519999999998,942.6866248244188
h3_r8,88b2c51843fffff,E23_N420,test,2628,4013.258000000001,2750,3853.2957000000006,942.5959662413808
h3_r8,88b2c51845fffff,E23_N420,test,5014,7775.2522,4668,6604.176300000003,942.7615554331568
h3_r8,88b2c51847fffff,E23_N420,test,4666,7695.234900000002,4135,5963.0850999999975,942.6708970153704
h3_r8,88b2c51849fffff,E23_N420,test,3981,6355.706700000005,3684,5186.551599999999,942.7023381566396
h3_r8,88b2c5184bfffff,E23_N420,test,7689,11633.6884,6487,9309.5868,942.6116841244512
h3_r8,88b2c5184dfffff,E23_N420,test,3568,5837.928399999999,3951,5673.749500000001,942.7772786891436
h3_r8,88b2c51851fffff,E24_N420,train,288,434.7597999999999,289,410.4046,942.4303619285928
h3_r8,88b2c51855fffff,E24_N420,train,394,609.1539999999999,562,809.3805000000002,942.505302950216
h3_r8,88b2c51857fffff,E24_N420,train,5091,8891.861,2608,3940.6832,942.4146349624498
h3_r8,88b2c5185dfffff,E24_N420,train,4499,6954.447799999996,4036,5675.946,942.5210253791302
h3_r8,88b2c51861fffff,E23_N420,test,3869,5670.820300000001,6129,8475.1625,942.82072826894
h3_r8,88b2c51863fffff,E23_N420,test,9385,13781.6689,6132,8910.309000000003,942.730065474927
h3_r8,88b2c51865fffff,E23_N420,test,2925,4331.103200000002,192,270.69880000000006,942.8956287383336
h3_r8,88b2c51867fffff,E23_N420,test,23421,34441.951300000015,26956,37293.151300000005,942.804966119118
h3_r8,88b2c5186dfffff,E23_N420,test,15733,23074.319400000008,17574,24631.4145,942.9113863399834
h3_r8,88b2c518a5fffff,E23_N420,test,3056,4552.735000000001,2809,3789.439300000001,942.1385652868194
h3_r8,88b2c518a7fffff,E24_N420,train,3772,5602.3777,2303,3145.151899999999,942.0478562374484
h3_r8,88b2c518adfffff,E23_N420,test,66543,95156.38459999992,59302,79391.665,942.1543880120736
h3_r8,88b2c518e1fffff,E24_N420,train,8637,12481.5096,6633,9003.118799999998,942.1859901300048
h3_r8,88b2c518e5fffff,E23_N420,test,4879,6783.079000000001,4098,5533.036100000001,942.2608917094768
h3_r8,88b2c518e7fffff,E24_N420,train,37713,54459.18519999998,33889,45608.7401,942.1701962943188
h3_r8,88b2c518edfffff,E24_N420,train,2249,3365.763300000001,984,1439.19,942.2766810354078
h3_r8,88b2c51907fffff,E23_N420,test,1,1.5063,0,0.0,943.072820243542
h3_r8,88b2c51911fffff,E23_N420,test,6543,9621.961000000005,6747,9395.2509,942.8324535007124
h3_r8,88b2c51913fffff,E23_N420,test,25094,36852.13450000001,22631,32132.654,942.7417727329304
h3_r8,88b2c51915fffff,E23_N420,test,38683,54163.62329999997,34352,47106.480400000015,942.9073040875372
h3_r8,88b2c51917fffff,E23_N420,test,34450,50895.33860000001,29976,42400.5255,942.8166234967066
h3_r8,88b2c51919fffff,E23_N420,test,4,7.1797,0,0.0,942.8482690309174
h3_r8,88b2c5191bfffff,E23_N420,test,8034,11802.282400000004,7294,9859.9753,942.7575927925064
h3_r8,88b2c5191dfffff,E23_N420,test,2,3.3781,0,0.0,942.9231295634528
h3_r8,88b2c51923fffff,E23_N420,test,2615,4366.300700000001,825,1243.5238000000002,943.1317950550584
h3_r8,88b2c51925fffff,E23_N420,test,5391,7923.495599999999,3568,5096.749499999999,943.297280208324
h3_r8,88b2c51927fffff,E23_N420,test,2242,3134.8637000000003,3448,4776.227300000002,943.2066050915164
h3_r8,88b2c5192bfffff,E23_N420,test,1,1.5063,0,0.0,943.1476503770682
h3_r8,88b2c51931fffff,E23_N420,test,4973,7315.629499999999,2746,3808.825899999999,942.9662946450408
h3_r8,88b2c51933fffff,E23_N420,test,29543,43903.2168,26224,37167.20239999999,942.875609702838
h3_r8,88b2c51935fffff,E23_N420,test,7691,10948.7653,8318,11554.0305,943.0411150133004
h3_r8,88b2c51937fffff,E23_N420,test,60278,83522.93250000002,51450,71325.26070000003,942.9504302577698
h3_r8,88b2c51939fffff,E23_N420,test,10266,14635.355,8445,11661.3496,942.9821445460548
h3_r8,88b2c5193bfffff,E23_N420,test,22274,31575.255999999987,19619,26829.283300000003,942.891464134038
h3_r8,88b2c5193dfffff,E23_N420,test,4668,6896.3272,4608,6560.643000000001,943.0569748716662
h3_r8,88b2c51981fffff,E23_N420,test,387034,525888.0290999967,326995,449908.0094999998,942.453854230349
h3_r8,88b2c51983fffff,E23_N420,test,50204,71446.6904000001,53538,75714.4031,942.363150247722
h3_r8,88b2c51985fffff,E23_N420,test,206583,276215.28219999926,220241,301144.7502,942.5286955382908
h3_r8,88b2c51987fffff,E23_N420,test,6872,9475.192099999998,6414,8871.3759,942.4379917061306
h3_r8,88b2c51989fffff,E23_N420,test,4037,5620.945200000002,3634,5026.811199999998,942.469702303235
h3_r8,88b2c5198bfffff,E23_N420,test,9420,13321.091099999994,8657,11826.9867,942.3790028214572
h3_r8,88b2c5198dfffff,E23_N420,test,10168,13782.821299999996,10979,14946.049599999997,942.5445535604376
h3_r8,88b2c51991fffff,E23_N420,test,1,1.4737,0,0.0,942.1975899134997
h3_r8,88b2c51995fffff,E23_N420,test,49780,70829.45380000005,45516,63893.5761,942.2724416155834
h3_r8,88b2c51997fffff,E23_N420,test,35400,51305.45119999999,31369,44794.07379999999,942.181728350406
h3_r8,88b2c51999fffff,E23_N420,test,5649,8160.795799999997,3639,5086.4167,942.2134370317216
h3_r8,88b2c5199bfffff,E23_N420,test,5385,8086.030899999998,2979,4153.330799999999,942.12272811844
h3_r8,88b2c5199dfffff,E23_N420,test,3033,4356.000899999998,2682,3671.5321,942.2882986876648
h3_r8,88b2c519a1fffff,E23_N420,test,48330,65926.21649999995,51599,71693.10609999999,942.5876442900626
h3_r8,88b2c519a3fffff,E23_N420,test,21281,29924.7453,13579,18724.43870000001,942.4969361143884
h3_r8,88b2c519a5fffff,E23_N420,test,37731,49889.96650000002,31904,44334.3708,942.6624554016744
h3_r8,88b2c519a7fffff,E23_N420,test,29,44.9164,1,1.4758,942.5717473898547
h3_r8,88b2c519a9fffff,E23_N420,test,829906,1083281.7443000055,939227,1272196.6560999986,942.6035267261324
h3_r8,88b2c519abfffff,E23_N420,test,33705,47656.06159999999,30556,42703.13250000001,942.5128230535192
h3_r8,88b2c519adfffff,E23_N420,test,162326,214604.55320000037,70575,98090.87309999998,942.6783477976568
h3_r8,88b2c519b1fffff,E23_N420,test,27206,38814.314,19611,27456.2792,942.3314017487572
h3_r8,88b2c519b3fffff,E23_N419,train,25387,37401.24110000001,21201,30117.385599999998,942.2406841384364
h3_r8,88b2c519b5fffff,E23_N420,test,49318,69733.50070000003,42095,58772.07659999998,942.4062232906
h3_r8,88b2c519b7fffff,E23_N419,train,27,44.2306,122,176.18329999999992,942.3155058267876
h3_r8,88b2c519b9fffff,E23_N420,test,34971,50692.5383,26465,37415.2689,942.3472832227126
h3_r8,88b2c519bbfffff,E23_N420,test,35986,52046.08699999997,44411,62699.63529999999,942.256570098456
h3_r8,88b2c519bdfffff,E23_N420,test,45926,65156.140799999965,48069,66916.69739999999,942.4221147241768
h3_r8,88b2c519c1fffff,E23_N420,test,58173,82362.13040000004,57599,80327.41849999999,942.5762262248318
h3_r8,88b2c519c3fffff,E23_N420,test,74,107.8017,107,151.85960000000003,942.4855359198992
h3_r8,88b2c519c5fffff,E23_N420,test,30190,43358.932,37043,52221.31150000002,942.651087271748
h3_r8,88b2c519c7fffff,E23_N420,test,130867,180910.70879999985,132135,182048.8289,942.560397125082
h3_r8,88b2c519c9fffff,E23_N420,test,13086,19439.64519999999,10799,15157.2342,942.5920408635866
h3_r8,88b2c519cbfffff,E23_N420,test,80185,112791.57539999996,79209,109068.56590000005,942.5013550732984
h3_r8,88b2c519cdfffff,E23_N420,test,32582,48184.267,35620,50257.824400000034,942.6669118556892
h3_r8,88b2c519d1fffff,E23_N420,test,6243,8867.296099999998,4888,6756.406900000001,942.31996948272
h3_r8,88b2c519d3fffff,E23_N420,test,29316,41857.57120000001,29488,40876.98589999999,942.229269706586
h3_r8,88b2c519d5fffff,E23_N420,test,7454,10521.365299999996,7051,9636.724700000006,942.3948409440344
h3_r8,88b2c519d7fffff,E23_N420,test,6090,8622.3662,6666,9116.474500000006,942.3041413112078
h3_r8,88b2c519d9fffff,E23_N420,test,3461,4913.995299999999,3362,4585.75,942.3357832056936
h3_r8,88b2c519dbfffff,E23_N420,test,9754,13728.294999999996,9039,12318.8967,942.2450879332029
h3_r8,88b2c519ddfffff,E23_N420,test,3929,5580.201100000001,4396,5972.438300000002,942.4106646107977
h3_r8,88b2c519e1fffff,E23_N420,test,7678,11918.7732,28156,39031.90410000001,942.7100892026792
h3_r8,88b2c519e3fffff,E23_N420,test,31252,41372.29229999999,40178,53946.84140000001,942.6193947063292
h3_r8,88b2c519e5fffff,E23_N420,test,84819,120491.79240000006,82043,114611.63949999998,942.7849200635684
h3_r8,88b2c519e7fffff,E23_N420,test,19829,26891.703899999982,43161,60114.17369999999,942.6942257340996
h3_r8,88b2c519e9fffff,E23_N420,test,30900,43282.97839999999,9728,13503.141599999995,942.7259382033952
h3_r8,88b2c519ebfffff,E23_N420,test,13621,19368.2026,9332,12763.5086,942.635248222854
h3_r8,88b2c519edfffff,E23_N420,test,75405,110866.63150000002,78979,109975.8902,942.8007790165138
h3_r8,88b2c51a27fffff,E23_N420,test,6370,10262.5577,6830,9865.727499999995,942.7929874643452
h3_r8,88b2c51a37fffff,E24_N420,train,2,2.9324,19,26.8736,942.5367333351168
h3_r8,88b2c51b01fffff,E23_N420,test,1,1.715,2,2.8182,943.1990615127723
h3_r8,88b2c51b03fffff,E23_N420,test,3587,5338.018700000001,3602,4873.103999999999,943.1084222533972
h3_r8,88b2c51b05fffff,E23_N420,test,4442,6633.552600000001,4697,6381.276000000003,943.2739711601172
h3_r8,88b2c51b07fffff,E23_N420,test,3,4.4134,4,5.5344,943.1833320962032
h3_r8,88b2c51b0bfffff,E23_N420,test,5320,7866.477699999998,2858,3857.606099999999,943.1241417441051
h3_r8,88b2c51b13fffff,E23_N420,test,3584,5449.257100000001,3137,4413.021000000001,942.85220912582
h3_r8,88b2c51b15fffff,E23_N420,test,11792,17910.25869999999,12181,17039.9213,943.0177782298996
h3_r8,88b2c51b17fffff,E23_N420,test,9406,14093.770799999997,9374,12909.4065,942.9271294540958
h3_r8,88b2c51b1dfffff,E23_N420,test,261,389.6366,3490,4748.9952,943.0335022923535
h3_r8,88b2c51b2bfffff,E23_N420,test,5,7.3786,16,21.5362,943.258231809188
h3_r8,88b2c51b31fffff,E23_N420,test,2,3.7514,0,0.0,943.076939776016
h3_r8,88b2c51b33fffff,E23_N420,test,504,834.2151000000002,294,435.4016,942.9862866265466
h3_r8,88b2c51b39fffff,E23_N420,test,29,48.19340000000001,26,39.7733,943.0926882616476
h3_r8,88b2c51b3bfffff,E23_N420,test,11930,18082.2958,11662,16064.203700000002,943.0020396727488
h3_r8,88b2c54003fffff,E22_N419,train,1315,2379.4743,1016,1537.5673000000004,944.3415397075588
h3_r8,88b2c5400bfffff,E22_N419,train,904,1753.5908,597,907.127,944.357773303811
h3_r8,88b2c54013fffff,E22_N419,train,95,189.0408,0,0.0,944.085569410934
h3_r8,88b2c54015fffff,E22_N419,train,3447,6423.652800000004,2482,3774.712500000002,944.2508053292404
h3_r8,88b2c54019fffff,E22_N419,train,696,1325.7735000000002,488,764.8266,944.192536848248
h3_r8,88b2c5401bfffff,E22_N419,train,2739,5370.315999999999,2696,4087.4650000000015,944.1018019600306
h3_r8,88b2c5401dfffff,E22_N419,train,172,328.8967999999999,150,220.5057,944.2670434159228
h3_r8,88b2c54039fffff,E21_N419,train,1212,2236.1116,847,1279.4531000000009,944.3252915935592
h3_r8,88b2c54057fffff,E22_N419,train,644,1192.2568999999994,478,738.0074000000001,944.2832669924828
h3_r8,88b2c54081fffff,E22_N419,train,400,604.7407000000001,341,515.5678999999999,943.7970625425224
h3_r8,88b2c54083fffff,E22_N419,train,3641,5862.649799999997,5599,8096.1658,943.706299884594
h3_r8,88b2c54087fffff,E22_N419,train,4369,7156.903800000002,2098,3152.1951000000017,943.7807876145234
h3_r8,88b2c54089fffff,E22_N419,train,23913,36619.5695,12368,18428.7184,943.8133229887462
h3_r8,88b2c5408bfffff,E22_N419,train,54607,82184.33030000012,50704,74981.47859999996,943.7225647845772
h3_r8,88b2c5408dfffff,E22_N419,train,1,1.7516,0,0.0,943.8878205168294
h3_r8,88b2c54091fffff,E22_N419,train,1,1.7285,87,132.1491,943.54103433789
h3_r8,88b2c54095fffff,E22_N419,train,5,9.1965,0,0.0,943.6155325463624
h3_r8,88b2c54097fffff,E22_N419,train,7720,11198.685499999992,6732,9690.147600000002,943.5247605475596
h3_r8,88b2c54099fffff,E22_N419,train,24379,36239.5425,21782,32096.186199999986,943.5572936613462
h3_r8,88b2c5409bfffff,E22_N419,train,51443,78011.81000000003,43397,63800.699600000014,943.4665258860332
h3_r8,88b2c5409dfffff,E22_N419,train,31843,48558.61660000004,34366,50460.19150000002,943.6318018974852
h3_r8,88b2c540b9fffff,E22_N419,train,38830,59474.94599999997,30426,45260.8228,943.6900205030106
h3_r8,88b2c540bbfffff,E22_N419,train,36422,54178.81189999998,31656,46916.7793,943.5992487221956
h3_r8,88b2c540c1fffff,E22_N419,train,58353,91589.44390000009,46107,67576.6496,943.920318001532
h3_r8,88b2c540c3fffff,E22_N419,train,29384,45231.786499999966,27370,39711.45369999998,943.829568950925
h3_r8,88b2c540c5fffff,E22_N419,train,571,1129.5964,897,1320.9525000000006,943.9948253147886
h3_r8,88b2c540c7fffff,E22_N419,train,15761,24378.2784,15085,22291.1402,943.9040765055688
h3_r8,88b2c540c9fffff,E22_N419,train,28172,45281.88500000002,16393,24726.3115,943.9365450023906
h3_r8,88b2c540cbfffff,E22_N419,train,31100,47640.57129999999,25935,37523.29019999999,943.8458004229468
h3_r8,88b2c540cdfffff,E22_N419,train,7923,13048.5887,4154,6307.427399999998,944.0110623398796
h3_r8,88b2c540d1fffff,E22_N419,train,39825,60120.355,37043,54955.05649999997,943.6642971677938
h3_r8,88b2c540d3fffff,E22_N419,train,16929,25535.9267,19237,28220.087,943.5735385109438
h3_r8,88b2c540d5fffff,E22_N419,train,19604,30023.164700000005,23469,34458.1844,943.7388152053464
h3_r8,88b2c540d7fffff,E22_N419,train,58191,87480.17949999993,43392,64463.45999999999,943.648056772072
h3_r8,88b2c540d9fffff,E22_N419,train,30584,45658.67000000002,24265,35297.9281,943.6805230798782
h3_r8,88b2c540dbfffff,E22_N419,train,27798,41484.33910000003,23180,33951.3951,943.5897688819095
h3_r8,88b2c540ddfffff,E22_N419,train,36812,56527.58489999998,31725,46720.093900000014,943.7550511411392
h3_r8,88b2c54205fffff,E22_N419,train,2199,3068.1229,1985,2743.913200000001,944.620123895118
h3_r8,88b2c54209fffff,E22_N419,train,463,819.5936000000002,296,487.7148,944.5616954840953
h3_r8,88b2c5420dfffff,E22_N419,train,264,433.5446999999999,97,147.5359,944.6362613190432
h3_r8,88b2c54219fffff,E22_N419,train,2871,4660.7228,860,1198.7597000000003,944.3057269791024
h3_r8,88b2c54229fffff,E22_N419,train,4,5.2476,22,29.873200000000008,944.6946694437648
h3_r8,88b2c5422bfffff,E22_N419,train,2748,3799.862399999999,2670,3689.3694,944.6039719363908
h3_r8,88b2c54247fffff,E22_N419,train,1,1.9188,48,66.66479999999999,944.6523842065362
h3_r8,88b2c5424bfffff,E22_N419,train,1568,2472.622600000001,709,987.5788000000002,944.5939067224972
h3_r8,88b2c54251fffff,E22_N419,train,987,1651.6064999999994,2205,3256.0327,944.4125329942908
h3_r8,88b2c54253fffff,E22_N419,train,21537,34729.44079999997,19046,27544.719200000003,944.321838926815
h3_r8,88b2c54255fffff,E22_N419,train,16,27.0373,43,62.4602,944.487119374564
h3_r8,88b2c54259fffff,E22_N419,train,21761,34654.065200000005,20355,29057.9516,944.4286258841748
h3_r8,88b2c5425bfffff,E22_N419,train,502,791.9826999999998,1706,2553.0775000000003,944.3379363476996
h3_r8,88b2c5425dfffff,E22_N419,train,1465,2324.8071000000004,795,1100.4488,944.5032222618464
h3_r8,88b2c54261fffff,E21_N419,train,185,285.522,91,126.93970000000002,944.801505026815
h3_r8,88b2c54263fffff,E22_N419,train,1157,1604.8084999999992,1024,1450.9878000000006,944.7108168721315
h3_r8,88b2c54265fffff,E21_N419,train,3,5.1715,6,8.360299999999999,944.8760500011848
h3_r8,88b2c54267fffff,E21_N419,train,1,1.2505,0,0.0,944.785362132825
h3_r8,88b2c54269fffff,E22_N419,train,2840,4767.707600000001,2537,3788.4962,944.8176333746524
h3_r8,88b2c5426bfffff,E22_N419,train,58,95.4505,99,142.72310000000007,944.7269497591188
h3_r8,88b2c5426dfffff,E21_N419,train,84,126.62979999999996,112,155.47759999999997,944.892188351252
h3_r8,88b2c54281fffff,E22_N419,train,40032,57513.03520000004,50932,74021.12090000001,943.9105813907228
h3_r8,88b2c54283fffff,E22_N419,train,10569,16211.919599999996,7392,11030.0042,943.8198500141734
h3_r8,88b2c54285fffff,E22_N419,train,32797,46655.54779999998,16891,24371.26080000001,943.985139030905
h3_r8,88b2c54287fffff,E22_N419,train,22547,34608.71999999999,22160,32699.366799999996,943.8944078910864
h3_r8,88b2c54289fffff,E22_N419,train,32191,46002.81920000001,26037,37691.0734,943.92674038955
h3_r8,88b2c5428bfffff,E22_N419,train,24301,34733.98000000001,21184,31111.457100000003,943.8360135005788
h3_r8,88b2c5428dfffff,E22_N419,train,5081,7044.865699999999,3815,5754.4527,944.0013080406934
h3_r8,88b2c54291fffff,E22_N419,train,25628,39356.42789999999,21675,32046.434399999995,943.6545455709564
h3_r8,88b2c54293fffff,E22_N419,train,16664,25486.44079999999,10840,16110.495099999998,943.5638045512025
h3_r8,88b2c54295fffff,E22_N419,train,74294,104986.29349999993,61766,89432.55879999997,943.7291139201844
h3_r8,88b2c54297fffff,E22_N419,train,424052,574772.0374999964,367241,515565.6461999998,943.6383731228998
h3_r8,88b2c54299fffff,E22_N419,train,29923,45117.96219999999,23101,33964.9923,943.6707035308935
h3_r8,88b2c5429bfffff,E22_N419,train,23730,36140.725400000025,18362,27022.779500000004,943.5799669852712
h3_r8,88b2c5429dfffff,E22_N419,train,150287,210846.42759999985,169174,242038.74910000004,943.745281889278
h3_r8,88b2c542a1fffff,E22_N419,train,4,7.3622,1,1.4677,944.0434928942703
h3_r8,88b2c542a3fffff,E22_N419,train,73417,114218.20220000012,65745,97693.73079999996,943.9527575094252
h3_r8,88b2c542a7fffff,E22_N419,train,59819,93204.9455000002,47654,70466.74599999998,944.027284865966
h3_r8,88b2c542a9fffff,E22_N419,train,7798,11023.785799999998,6114,8686.5818,944.0596864176914
h3_r8,88b2c542abfffff,E22_N419,train,2869,4283.5535,2168,3069.795000000001,943.9689555190272
h3_r8,88b2c542b1fffff,E22_N419,train,75904,116724.68840000009,75593,110923.46839999995,943.7874795561074
h3_r8,88b2c542b3fffff,E22_N419,train,19612,29098.482599999992,16189,23768.5793,943.6967345143204
h3_r8,88b2c542b5fffff,E22_N419,train,17725,27933.568599999995,15132,22894.8558,943.8620174058595
h3_r8,88b2c542b7fffff,E22_N419,train,24608,38321.7406,24126,35460.70649999999,943.771272592945
h3_r8,88b2c542b9fffff,E22_N419,train,7381,11322.9577,4554,6787.523199999999,943.8036720318488
h3_r8,88b2c542bbfffff,E22_N419,train,208173,290348.2529000006,215511,319760.1253,943.7129314591876
h3_r8,88b2c542bdfffff,E22_N419,train,15207,23014.67160000001,12262,18106.880900000007,943.87821989652
h3_r8,88b2c542c1fffff,E22_N419,train,79,120.7514,118,166.42179999999996,944.0336025463184
h3_r8,88b2c542c3fffff,E22_N419,train,4469,6659.048899999998,3775,5703.442500000002,943.9428848888492
h3_r8,88b2c542c9fffff,E22_N419,train,37596,55816.18269999995,44186,64746.33639999997,944.049728039652
h3_r8,88b2c542cbfffff,E22_N419,train,38035,55249.94090000002,36095,52156.1582,943.9590148836724
h3_r8,88b2c542d1fffff,E22_N419,train,201064,275841.95530000096,229485,330994.08610000013,943.777574356296
h3_r8,88b2c542d3fffff,E22_N419,train,33696,47670.73360000001,27176,39808.35950000002,943.6868470038172
h3_r8,88b2c542d5fffff,E22_N419,train,66318,95911.59900000005,54939,82098.2691,943.852162493684
h3_r8,88b2c542d7fffff,E22_N419,train,127646,191378.45460000023,147677,211483.90839999987,943.7614353687968
h3_r8,88b2c542d9fffff,E22_N419,train,171999,229585.0383999998,173053,245853.3048000001,943.7936988461296
h3_r8,88b2c542dbfffff,E22_N419,train,35332,50565.619199999965,38131,55193.194199999976,943.7029759873984
h3_r8,88b2c542ddfffff,E22_N419,train,20192,29239.2254,19074,27634.86720000001,943.8682969861547
h3_r8,88b2c542e1fffff,E22_N419,train,713,1094.3755999999998,582,880.7181,944.1665871026926
h3_r8,88b2c542e3fffff,E22_N419,train,144,220.3093999999999,102,156.31590000000003,944.075865438732
h3_r8,88b2c54303fffff,E21_N419,train,126,187.1039,998,1377.6837999999998,944.976546654827
h3_r8,88b2c5430bfffff,E21_N419,train,687,936.5288000000004,86,122.54629999999996,944.9927486660308
h3_r8,88b2c5431dfffff,E21_N419,train,4829,6842.824999999998,3319,4669.712099999998,944.9020523182116
h3_r8,88b2c54351fffff,E21_N419,train,5450,7909.984599999998,6772,9498.6065,944.934421770624
h3_r8,88b2c54353fffff,E21_N419,train,8492,11893.794799999998,5337,7407.437400000004,944.8437296602642
h3_r8,88b2c54357fffff,E21_N419,train,1960,2787.380100000001,2899,4047.0714,944.9182443196768
h3_r8,88b2c54359fffff,E21_N419,train,857,1261.0628,2267,3219.479800000001,944.9505846785614
h3_r8,88b2c5435bfffff,E21_N419,train,15149,22113.016000000003,12349,17300.7131,944.8598971033352
h3_r8,88b2c54401fffff,E22_N418,train,11271,16976.093100000002,8582,13051.034099999995,942.6399169641664
h3_r8,88b2c54403fffff,E22_N418,train,3827,5704.062900000001,2763,4144.742000000001,942.5491205623256
h3_r8,88b2c54405fffff,E22_N418,train,88365,127608.89019999986,81848,123569.89519999994,942.7144774511688
h3_r8,88b2c54407fffff,E22_N418,train,30609,47240.4311,27902,43456.1304,942.6236812162095
h3_r8,88b2c54409fffff,E22_N419,train,6803,10505.6203,5455,8313.8841,942.6561382802902
h3_r8,88b2c5440bfffff,E22_N418,train,16442,24671.3366,8470,12816.439299999998,942.5653462872724
h3_r8,88b2c5440dfffff,E22_N418,train,2292,3512.6622000000007,2564,3725.841199999999,942.7307087915252
h3_r8,88b2c54411fffff,E23_N418,validation,11754,17390.4496,6865,10180.8268,942.3837486061966
h3_r8,88b2c54413fffff,E23_N418,validation,41609,64810.4483,31280,47072.38570000002,942.2929429400248
h3_r8,88b2c54415fffff,E22_N418,train,288164,419233.9084,269237,393409.50430000015,942.4583195972956
h3_r8,88b2c54417fffff,E22_N418,train,11241,17132.89590000001,7056,10912.629599999991,942.3675140828708
h3_r8,88b2c54419fffff,E23_N418,validation,19397,27951.16340000001,13483,19844.680600000007,942.3999687100296
h3_r8,88b2c5441bfffff,E23_N418,validation,27184,41981.05710000002,27059,40601.5239,942.309167440515
h3_r8,88b2c5441dfffff,E22_N418,train,133442,191199.9479,139011,202513.3525,942.4745497249532
h3_r8,88b2c54421fffff,E22_N418,train,7430,11857.8743,4914,7606.070800000002,942.7727719506364
h3_r8,88b2c54423fffff,E22_N418,train,3605,5826.034599999998,3394,5190.254499999999,942.6819714761224
h3_r8,88b2c54427fffff,E22_N418,train,1819,2937.7555,586,877.5150000000001,942.7565017159212
h3_r8,88b2c54429fffff,E22_N418,train,6233,9816.9553,2011,3077.2840999999994,942.789027750492
h3_r8,88b2c5442bfffff,E22_N418,train,8438,13119.981500000002,5098,7847.059399999997,942.6982316809008
h3_r8,88b2c5442dfffff,E22_N418,train,550,941.7075999999998,913,1328.9733,942.8635678455466
h3_r8,88b2c54431fffff,E22_N418,train,9888,14678.731900000002,5912,9097.126399999996,942.5166258362588
h3_r8,88b2c54433fffff,E22_N418,train,7481,11881.6349,6035,9443.040900000004,942.4258160793106
h3_r8,88b2c54435fffff,E22_N418,train,37141,62901.393600000025,19141,30284.395700000005,942.591166434926
h3_r8,88b2c54437fffff,E22_N418,train,141973,207398.66580000005,138960,207956.3229999999,942.5003568374086
h3_r8,88b2c54439fffff,E22_N418,train,16100,24162.592499999995,10184,15478.634899999994,942.5328804103192
h3_r8,88b2c5443bfffff,E22_N418,train,8237,13244.075599999998,10253,15719.014100000002,942.4420750486316
h3_r8,88b2c5443dfffff,E22_N418,train,69936,102886.7675999999,70081,104621.71620000004,942.607431038632
h3_r8,88b2c54441fffff,E22_N419,train,22117,33051.364,19130,28353.210000000003,942.7631281565992
h3_r8,88b2c54443fffff,E22_N419,train,1127,1692.7647,540,786.5306,942.6723451632424
h3_r8,88b2c54445fffff,E22_N419,train,5137,8938.125100000001,2894,4326.0656,942.8377085182584
h3_r8,88b2c54447fffff,E22_N419,train,9317,15023.361799999995,8045,12011.086299999994,942.7469256949262
h3_r8,88b2c54449fffff,E22_N419,train,19762,29628.199600000004,18026,26715.096200000007,942.7793161812588
h3_r8,88b2c5444bfffff,E22_N419,train,4230,6412.595600000001,4642,6810.074099999999,942.688537607086
h3_r8,88b2c5444dfffff,E22_N419,train,3,5.0374,55,88.78349999999999,942.8539065560908
h3_r8,88b2c54451fffff,E23_N419,train,117941,165953.75889999984,121023,176143.74419999996,942.5069667039206
h3_r8,88b2c54453fffff,E23_N418,validation,18341,28262.165,17560,26323.883100000006,942.4161743946024
h3_r8,88b2c54455fffff,E22_N419,train,9295,14245.745899999996,8769,13289.494699999996,942.5815575828892
h3_r8,88b2c54457fffff,E22_N418,train,16300,23257.39190000001,7928,11747.734800000004,942.490765427181
h3_r8,88b2c54459fffff,E23_N419,train,11303,15850.639700000003,11679,16941.9139,942.5231535527856
h3_r8,88b2c5445bfffff,E23_N419,train,28860,42337.67570000001,20688,30557.784000000007,942.43236565392
h3_r8,88b2c5445dfffff,E22_N419,train,46395,68709.76339999998,37611,56120.5561,942.5977544468478
h3_r8,88b2c54461fffff,E22_N419,train,13338,21632.4491,7851,11622.135199999995,942.8960561818676
h3_r8,88b2c54463fffff,E22_N418,train,9421,14206.5577,4908,7524.8272000000015,942.805269111821
h3_r8,88b2c54465fffff,E22_N419,train,522,906.3576,317,468.1466999999999,942.9706061256584
h3_r8,88b2c54467fffff,E22_N418,train,10122,15663.973399999995,6645,10072.492599999998,942.8798192355316
h3_r8,88b2c54469fffff,E22_N419,train,994,1744.7713,867,1269.3503999999998,942.9122786825756
h3_r8,88b2c5446bfffff,E22_N419,train,3,6.0166,12,17.804000000000002,942.8214960359036
h3_r8,88b2c5446dfffff,E22_N419,train,1163,2021.4257000000005,694,1027.0774999999996,942.9868386499002
h3_r8,88b2c54481fffff,E23_N418,validation,2,3.1974,1,1.2865,942.0042467191232
h3_r8,88b2c54483fffff,E23_N418,validation,392,719.1386000000005,115,177.21349999999998,941.9134186056908
h3_r8,88b2c54485fffff,E23_N418,validation,0,0.0,24,35.10350000000001,942.07880824944
h3_r8,88b2c5448bfffff,E23_N418,validation,0,0.0,2,3.3074,941.9296750312204
h3_r8,88b2c54491fffff,E23_N418,validation,11810,21814.400600000004,10671,16016.582699999995,941.7480140799308
h3_r8,88b2c54493fffff,E23_N418,validation,13926,24468.5001,8775,13217.3512,941.6571768932045
h3_r8,88b2c54495fffff,E23_N418,validation,933,1802.9309,696,1030.7235,941.8225860086386
h3_r8,88b2c54497fffff,E23_N418,validation,5083,9229.0159,4401,6624.128500000002,941.7317489358828
h3_r8,88b2c54499fffff,E23_N418,validation,9746,17212.624499999994,6981,10476.680499999997,941.7642648371984
h3_r8,88b2c5449bfffff,E23_N418,validation,12712,22134.07090000001,7162,10954.224799999998,941.6734320078976
h3_r8,88b2c5449dfffff,E23_N418,validation,408,774.8817999999997,298,455.31,941.8388467964252
h3_r8,88b2c544a5fffff,E22_N418,train,9993,16184.459200000008,7499,11882.076300000002,942.211604261538
h3_r8,88b2c544a7fffff,E22_N418,train,6237,9865.3089,5047,7675.0713,942.1207721800891
h3_r8,88b2c544a9fffff,E23_N418,validation,23,39.3815,32,46.86860000000001,942.1533596150692
h3_r8,88b2c544adfffff,E22_N418,train,9473,14498.351300000002,4722,7030.760899999998,942.2279008139158
h3_r8,88b2c544b9fffff,E23_N418,validation,67,125.4105,12,19.4746,941.8971477893648
h3_r8,88b2c544bbfffff,E23_N418,validation,66,121.8492,8,12.0854,941.8063108349452
h3_r8,88b2c544c1fffff,E23_N418,validation,15952,26047.335200000005,13229,19753.5669,942.1275512897992
h3_r8,88b2c544c3fffff,E23_N418,validation,574,1017.6928,410,615.9308,942.0367364279228
h3_r8,88b2c544c5fffff,E23_N418,validation,1887,3141.3736000000004,2069,3138.3147000000004,942.2021327379624
h3_r8,88b2c544c7fffff,E23_N418,validation,5,7.7956,18,26.2086,942.11131801171
h3_r8,88b2c544c9fffff,E23_N418,validation,13028,20783.49269999999,9043,13533.0238,942.1437701575342
h3_r8,88b2c544cbfffff,E23_N418,validation,20595,34023.592,18825,28400.952699999994,942.0529596803244
h3_r8,88b2c544cdfffff,E23_N418,validation,23692,37429.87420000002,20309,30429.2573,942.2183616315016
h3_r8,88b2c544d1fffff,E23_N418,validation,4979,8220.489700000002,3978,6049.5782999999965,941.8713251955342
h3_r8,88b2c544d3fffff,E23_N418,validation,0,0.0,1,1.4339,941.7805012075696
h3_r8,88b2c544d7fffff,E23_N418,validation,1461,2599.344,1201,1806.4253000000003,941.8550931924256
h3_r8,88b2c544d9fffff,E23_N418,validation,12526,20086.5605,5963,9363.841300000006,941.8875428030732
h3_r8,88b2c544dbfffff,E23_N418,validation,4059,6506.874500000001,2342,3550.3537999999994,941.7967231887742
h3_r8,88b2c544ddfffff,E23_N418,validation,4111,6885.938400000001,4620,6836.2244,941.9621446894016
h3_r8,88b2c544e1fffff,E22_N418,train,8867,13332.040599999998,3497,5227.800600000002,942.2604506968636
h3_r8,88b2c544e5fffff,E22_N418,train,35856,54575.482,16804,25097.0568,942.3350017854827
h3_r8,88b2c544e7fffff,E22_N418,train,1051,1641.8178,566,895.8076000000001,942.244182958966
h3_r8,88b2c544e9fffff,E23_N418,validation,7933,11812.3916,5351,8301.440700000001,942.276704024931
h3_r8,88b2c544ebfffff,E23_N418,validation,1,2.2595,0,0.0,942.1858894384932
h3_r8,88b2c544edfffff,E22_N418,train,29548,43755.486200000014,14463,22318.506900000004,942.3512651415076
h3_r8,88b2c54541fffff,E22_N419,train,0,0.0,1,1.7839,943.2849763847188
h3_r8,88b2c54561fffff,E22_N418,train,9983,14953.558300000004,8861,13189.787800000002,943.4176911950926
h3_r8,88b2c54569fffff,E22_N418,train,10079,14784.48429999999,9377,13788.02,943.4339838894666
h3_r8,88b2c5456dfffff,E22_N418,train,20315,30817.147000000004,19020,28275.82659999999,943.5084722823811
h3_r8,88b2c54581fffff,E22_N418,train,1906,3167.9659,1189,1946.3281,942.5259637838462
h3_r8,88b2c54583fffff,E22_N418,train,8,11.9786,14,22.2624,942.4351366569754
h3_r8,88b2c54589fffff,E22_N418,train,3961,5858.392299999999,2872,4515.2967,942.5422860761756
h3_r8,88b2c5458bfffff,E22_N418,train,13945,20415.598800000003,8009,12407.260399999994,942.4514633266954
h3_r8,88b2c54591fffff,E22_N418,train,605,919.5846,432,691.5613999999999,942.2698042494012
h3_r8,88b2c54593fffff,E22_N418,train,379,646.1032000000002,272,458.2022,942.1789679435316
h3_r8,88b2c54595fffff,E22_N418,train,132098,189758.70729999975,115079,170837.17089999988,942.344305008417
h3_r8,88b2c54597fffff,E22_N418,train,1,1.2207,0,0.0,942.2534688476007
h3_r8,88b2c54599fffff,E22_N418,train,16350,25088.251700000004,10045,16317.789400000003,942.2861252462026
h3_r8,88b2c5459bfffff,E22_N418,train,1342,2276.5336,975,1672.6108000000002,942.1952933031134
h3_r8,88b2c5459dfffff,E22_N418,train,78629,108106.3960000001,79652,118601.10289999994,942.360636044992
h3_r8,88b2c545a3fffff,E22_N418,train,494,844.0880000000003,438,721.3122,942.567746115732
h3_r8,88b2c545b1fffff,E22_N418,train,180,311.9523999999999,72,122.0648,942.4024400875204
h3_r8,88b2c545b3fffff,E22_N418,train,1928,3589.6659999999983,1196,1953.8764,942.3115997146816
h3_r8,88b2c545b5fffff,E22_N418,train,1,1.5063,0,0.0,942.4769104116132
h3_r8,88b2c545b9fffff,E22_N418,train,117,242.8406,100,171.7718,942.4187955778908
h3_r8,88b2c545bbfffff,E22_N418,train,2514,4669.414199999998,2543,4191.6137,942.3279595642234
h3_r8,88b2c545bdfffff,E22_N418,train,98,173.71629999999996,59,98.5412,942.4932759508956
h3_r8,88b2c545c1fffff,E22_N418,train,3070,5293.5723,2710,4197.999699999999,942.6494077782844
h3_r8,88b2c545c3fffff,E22_N418,train,8154,13222.378900000002,4865,7548.661699999998,942.5585939531449
h3_r8,88b2c545c7fffff,E22_N418,train,1932,3175.4237,1749,2737.856100000001,942.6331042911042
h3_r8,88b2c545c9fffff,E22_N418,train,21266,36666.67879999999,31321,48153.31120000003,942.6656968403258
h3_r8,88b2c545cbfffff,E22_N418,train,41953,72008.91089999997,33136,51240.9604,942.5748874029376
h3_r8,88b2c545d1fffff,E22_N418,train,84417,120402.7964,81755,118901.34039999994,942.3932548912708
h3_r8,88b2c545d3fffff,E22_N418,train,14065,20088.09250000001,11140,17890.956399999992,942.3024318318348
h3_r8,88b2c545d5fffff,E22_N418,train,14114,22600.3869,16434,25813.15189999999,942.4677755791928
h3_r8,88b2c545d7fffff,E22_N418,train,9721,15008.809899999998,9576,15048.894800000002,942.3769526749384
h3_r8,88b2c545d9fffff,E22_N418,train,4364,7215.622399999999,5633,8985.917899999993,942.4095426938728
h3_r8,88b2c545dbfffff,E22_N418,train,28033,41835.96390000003,21687,33748.38829999999,942.3187240159024
h3_r8,88b2c545ddfffff,E22_N418,train,1768,2898.3523999999984,2190,3472.9065,942.4840734176104
h3_r8,88b2c54601fffff,E23_N419,train,334080,470580.12079999817,327708,473742.1664000001,942.7531629955628
h3_r8,88b2c54603fffff,E23_N419,train,164258,235079.4889999999,162394,232610.14810000017,942.6623975549592
h3_r8,88b2c54605fffff,E22_N419,train,5469,8429.225299999998,4663,6808.9129,942.8277935854276
h3_r8,88b2c54607fffff,E23_N419,train,12808,18788.0531,14131,20406.4927,942.7370283138588
h3_r8,88b2c54609fffff,E23_N419,train,252857,355847.8428999988,271947,389380.2043000001,942.7692832323957
h3_r8,88b2c5460bfffff,E23_N419,train,5533,7923.650099999999,11135,16424.218999999997,942.6785222321632
h3_r8,88b2c5460dfffff,E23_N419,train,44448,62549.518700000015,32289,47032.64529999999,942.8439238257124
h3_r8,88b2c54611fffff,E23_N419,train,21191,32214.199799999995,19144,27661.445099999997,942.4969864184386
h3_r8,88b2c54613fffff,E23_N419,train,31677,48449.39369999999,25572,37885.403900000005,942.4062116234564
h3_r8,88b2c54615fffff,E23_N419,train,17143,24570.0054,11999,17424.535900000003,942.5716275071608
h3_r8,88b2c54617fffff,E23_N419,train,11656,16850.1222,7800,11515.615399999995,942.4808528720168
h3_r8,88b2c54619fffff,E23_N419,train,26984,42251.4623,24488,35755.2539,942.5131055279636
h3_r8,88b2c5461bfffff,E23_N419,train,29621,46004.88229999999,25645,37735.1776,942.4223351645632
h3_r8,88b2c5461dfffff,E23_N419,train,11160,16590.83330000001,9269,13298.723000000002,942.5877566244452
h3_r8,88b2c54621fffff,E22_N419,train,7316,12097.240299999992,7268,11220.199799999997,942.886259296676
h3_r8,88b2c54623fffff,E22_N419,train,8149,12167.644000000006,8325,12499.8031,942.7954897608142
h3_r8,88b2c54625fffff,E22_N419,train,13428,21691.351599999995,10518,15855.650500000003,942.9608595090684
h3_r8,88b2c54627fffff,E22_N419,train,3563,6114.8896,2607,3803.770499999999,942.8700901486444
h3_r8,88b2c54629fffff,E22_N419,train,28671,44533.213,20184,30112.317299999995,942.9024139922112
h3_r8,88b2c5462bfffff,E22_N419,train,14770,22207.572999999997,11260,16628.3696,942.8116488963132
h3_r8,88b2c5462dfffff,E22_N419,train,13985,23239.4141,11786,17832.5871,942.9770242136436
h3_r8,88b2c54631fffff,E23_N419,train,658444,957993.6934999896,602015,867967.9410999997,942.6301048748428
h3_r8,88b2c54633fffff,E23_N419,train,19414,27502.23019999999,15064,22299.03630000001,942.5393259724368
h3_r8,88b2c54635fffff,E22_N419,train,21438,32249.09830000001,14310,21174.639099999997,942.704715617816
h3_r8,88b2c54637fffff,E23_N419,train,135800,193000.03980000017,159119,234170.5986000001,942.6139368767036
h3_r8,88b2c54639fffff,E23_N419,train,18371,26562.23620000001,13040,18972.909,942.6462584342808
h3_r8,88b2c5463bfffff,E23_N419,train,9781,14056.189300000004,5510,8131.544100000002,942.5554839585092
h3_r8,88b2c5463dfffff,E22_N419,train,7661,11902.950899999996,5806,8626.8106,942.7208791859448
h3_r8,88b2c54641fffff,E23_N419,train,17525,25180.9587,7903,11631.212100000002,942.8761409532162
h3_r8,88b2c54643fffff,E23_N419,train,234451,332074.2385000002,240610,343049.86620000016,942.7853890208644
h3_r8,88b2c54645fffff,E22_N419,train,29637,45414.435500000014,27445,40163.54319999999,942.9507913633716
h3_r8,88b2c54647fffff,E23_N419,train,10206,14529.211299999995,7469,10807.923800000004,942.8600396150724
h3_r8,88b2c54649fffff,E23_N419,train,11619,17205.228100000004,8368,12164.591800000002,942.8922278319952
h3_r8,88b2c5464bfffff,E23_N419,train,198249,277491.0408000005,211793,300399.1575,942.8014803597472
h3_r8,88b2c5464dfffff,E23_N419,train,26170,38828.254100000006,20742,29703.2391,942.966888244031
h3_r8,88b2c54651fffff,E23_N419,train,28557,44063.80979999997,26655,39278.48569999997,942.6199715354014
h3_r8,88b2c54653fffff,E23_N419,train,18995,29523.096300000005,17264,25099.5149,942.5292102050736
h3_r8,88b2c54655fffff,E23_N419,train,4237,6288.471400000002,1667,2409.8577000000005,942.6946324682796
h3_r8,88b2c54657fffff,E23_N419,train,29255,42517.10659999999,18380,26665.586899999995,942.6038712984882
h3_r8,88b2c54659fffff,E23_N419,train,22385,33983.8348,18151,26354.091799999995,942.6360573278508
h3_r8,88b2c5465bfffff,E23_N419,train,28892,43096.84940000001,24726,35723.2343,942.5453004418524
h3_r8,88b2c5465dfffff,E23_N419,train,11726,17088.028599999998,6941,10057.1734,942.7107282573124
h3_r8,88b2c54661fffff,E22_N419,train,25120,38112.902499999975,24079,35467.532300000006,943.0093102621032
h3_r8,88b2c54663fffff,E22_N419,train,13083,19051.130099999995,10454,15390.678999999998,942.9185542387422
h3_r8,88b2c54665fffff,E22_N419,train,23329,38372.25680000002,16538,25084.11900000001,943.083930305671
h3_r8,88b2c54667fffff,E22_N419,train,80319,116051.1302,80873,122657.2608,942.9931744642672
h3_r8,88b2c54669fffff,E22_N419,train,23193,34483.04620000002,15233,21858.533500000005,943.0254315987696
h3_r8,88b2c5466bfffff,E22_N419,train,31363,47614.41549999998,27278,39978.0691,942.9346800291678
h3_r8,88b2c5466dfffff,E22_N419,train,35824,54693.7936,30756,45216.02409999998,943.1000616439268
h3_r8,88b2c54681fffff,E23_N419,train,35347,55458.57590000001,17716,26673.402999999984,942.1177086292882
h3_r8,88b2c54683fffff,E23_N419,train,9015,13549.7342,5943,8763.1215,942.0269111959497
h3_r8,88b2c54685fffff,E23_N419,train,50067,77898.94809999997,48320,71643.12010000001,942.1923403002438
h3_r8,88b2c54687fffff,E23_N418,validation,34904,55388.80709999997,25945,38409.03620000001,942.1015430052648
h3_r8,88b2c54689fffff,E23_N419,train,6008,9468.742400000005,2787,3994.8341,942.1338598373112
h3_r8,88b2c5468bfffff,E23_N419,train,43449,68036.5468,34134,50732.44540000001,942.0430668108748
h3_r8,88b2c5468dfffff,E23_N419,train,56345,84504.10589999998,47628,70302.48520000004,942.208501520974
h3_r8,88b2c54691fffff,E23_N418,validation,6182,9626.726000000008,5323,8089.301100000002,941.8614671661636
h3_r8,88b2c54693fffff,E23_N418,validation,19240,28544.333499999982,11941,17712.5933,941.7706605744316
h3_r8,88b2c54695fffff,E23_N418,validation,22846,35219.57079999998,16928,25005.6214,941.9361092410982
h3_r8,88b2c54697fffff,E23_N418,validation,34803,51715.3041,17432,25276.972999999994,941.8453027665964
h3_r8,88b2c54699fffff,E23_N419,train,30392,44560.89829999999,16212,24255.75570000001,941.8776171649806
h3_r8,88b2c5469bfffff,E23_N418,validation,19692,28222.2065,7723,11521.468999999996,941.78681496426
h3_r8,88b2c5469dfffff,E23_N419,train,61485,93461.16120000005,41285,60729.98130000002,941.9522692473838
h3_r8,88b2c546a1fffff,E23_N418,validation,106,160.88479999999998,255,397.9548999999999,942.2507761752933
h3_r8,88b2c546a3fffff,E23_N418,validation,2313,3718.4983000000007,1799,2700.9708000000014,942.1599746161957
h3_r8,88b2c546a5fffff,E23_N418,validation,12845,19345.233199999995,8626,13040.992100000003,942.3253775268676
h3_r8,88b2c546a7fffff,E23_N418,validation,11980,19558.870499999997,10196,15390.177100000004,942.234576109855
h3_r8,88b2c546a9fffff,E23_N419,train,15716,24214.34790000002,14632,21693.200100000005,942.266961825313
h3_r8,88b2c546abfffff,E23_N418,validation,4152,6624.5457000000015,1503,2302.4692999999997,942.176164666831
h3_r8,88b2c546adfffff,E23_N419,train,21242,32489.2959,15102,22551.8509,942.3415731915738
h3_r8,88b2c546b1fffff,E23_N418,validation,3003,4726.3615,5038,7484.663199999997,941.9945567509858
h3_r8,88b2c546b3fffff,E23_N418,validation,9129,14922.178599999996,9663,14350.940499999995,941.9037460155088
h3_r8,88b2c546b5fffff,E23_N418,validation,21402,34283.274200000014,18064,26903.8309,942.0691685307538
h3_r8,88b2c546b7fffff,E23_N418,validation,32167,53352.95350000001,30424,46450.8616,941.978357920947
h3_r8,88b2c546bbfffff,E23_N418,validation,5,7.4456,6,8.148800000000001,941.9199348265538
h3_r8,88b2c546bdfffff,E23_N418,validation,14786,20820.863900000008,14947,20476.60850000001,942.0853629712363
h3_r8,88b2c546c1fffff,E23_N419,train,12576,20058.322,7898,11740.856999999998,942.2407807057024
h3_r8,88b2c546c3fffff,E23_N419,train,94849,136152.45299999995,114646,166922.7524,942.1499966330592
h3_r8,88b2c546c5fffff,E23_N419,train,19041,30181.259899999997,29706,44404.807300000015,942.3154322567862
h3_r8,88b2c546c7fffff,E23_N419,train,14051,21589.30190000001,9666,14289.316199999992,942.2246483230848
h3_r8,88b2c546c9fffff,E23_N419,train,11132,16277.049200000003,8423,12167.827099999997,942.2568986671396
h3_r8,88b2c546cbfffff,E23_N419,train,13333,20116.355000000003,9101,13388.301399999997,942.166119012807
h3_r8,88b2c546cdfffff,E23_N419,train,8140,12383.797899999996,6457,9488.1737,942.3315602210932
h3_r8,88b2c546d1fffff,E23_N419,train,28924,45165.165000000015,26289,38546.1391,941.9845460480428
h3_r8,88b2c546d3fffff,E23_N419,train,8201,12934.5452,3725,5625.127500000001,941.8937527628732
h3_r8,88b2c546d5fffff,E23_N419,train,40941,62795.67459999999,29991,43948.972400000006,942.0592080114292
h3_r8,88b2c546d7fffff,E23_N419,train,40236,61968.96509999998,29879,44442.73610000001,941.9684148512316
h3_r8,88b2c546d9fffff,E23_N419,train,15417,22465.9053,8339,11988.1721,942.0006628353148
h3_r8,88b2c546dbfffff,E23_N419,train,50570,71157.13720000004,66561,95013.24649999996,941.9098739537876
h3_r8,88b2c546ddfffff,E23_N419,train,33306,48198.367300000005,28728,41950.78979999998,942.07533480227
h3_r8,88b2c546e1fffff,E23_N419,train,6663,9753.893500000004,1309,1956.8057,942.3739212580258
h3_r8,88b2c546e3fffff,E23_N419,train,27527,41457.21930000003,14389,21297.830400000003,942.2831330554328
h3_r8,88b2c546e5fffff,E23_N419,train,19541,28323.3142,13718,20377.639,942.4485424867016
h3_r8,88b2c546e7fffff,E23_N419,train,29495,44543.4598,19243,28683.3818,942.3577544373112
h3_r8,88b2c546e9fffff,E23_N419,train,90864,128899.54890000004,104090,150760.00170000002,942.3900736561628
h3_r8,88b2c546ebfffff,E23_N419,train,221824,317713.03960000025,217880,314899.29580000014,942.299289867864
h3_r8,88b2c546edfffff,E23_N419,train,14156,20797.662900000003,11394,17067.971,942.4647048966726
h3_r8,88b2c54701fffff,E22_N419,train,2025,3526.761800000002,1397,2120.8296,943.275363103894
h3_r8,88b2c54705fffff,E22_N419,train,2,6.918,0,0.0,943.349922297115
h3_r8,88b2c54707fffff,E22_N419,train,978,1695.1081000000008,765,1108.3140999999998,943.2591583392932
h3_r8,88b2c54709fffff,E22_N419,train,1159,1898.6632000000004,1629,2433.0855000000006,943.2915534014464
h3_r8,88b2c5470bfffff,E22_N419,train,1465,2418.090200000001,1207,1774.5930000000003,943.2007936926092
h3_r8,88b2c5470dfffff,E22_N419,train,5120,8709.449800000002,4738,6906.2678000000005,943.3661226098776
h3_r8,88b2c54711fffff,E22_N419,train,1362,2360.2921,658,986.6344,943.0192603519536
h3_r8,88b2c54713fffff,E22_N419,train,30,51.264700000000005,35,56.4337,942.9284867410316
h3_r8,88b2c54717fffff,E22_N419,train,349,611.2685,126,188.5109,943.00305672572
h3_r8,88b2c54719fffff,E22_N419,train,10854,18029.6428,8348,12463.226400000003,943.0354495239444
h3_r8,88b2c5471bfffff,E22_N419,train,3805,6385.7400000000025,3328,4981.022299999998,942.9446803490864
h3_r8,88b2c5471dfffff,E22_N419,train,1,3.459,0,0.0,943.110029338044
h3_r8,88b2c54721fffff,E22_N419,train,64,111.90640000000003,53,83.98259999999999,943.408246464678
h3_r8,88b2c54725fffff,E22_N419,train,4570,6684.557500000001,1736,2562.8649000000005,943.4827751822304
h3_r8,88b2c54727fffff,E22_N419,train,11129,16978.522399999998,10610,15782.265900000004,943.392007194343
h3_r8,88b2c54729fffff,E22_N419,train,1511,2654.7259,1202,1777.6582,943.4244712663932
h3_r8,88b2c5472bfffff,E22_N419,train,4880,8542.952100000002,3831,5700.173700000002,943.3337075136368
h3_r8,88b2c5472dfffff,E22_N419,train,1168,2063.9277,449,709.3629999999998,943.4990100059076
h3_r8,88b2c54733fffff,E22_N419,train,418,719.0073999999997,95,139.70719999999994,943.061388407019
h3_r8,88b2c54741fffff,E22_N419,train,28211,45997.08329999999,26154,38597.7553,943.3984798266902
h3_r8,88b2c54743fffff,E22_N419,train,4353,7279.749000000002,4985,7555.072900000001,943.3077292320086
h3_r8,88b2c54745fffff,E22_N419,train,24304,38515.27179999998,23485,35144.60380000001,943.4730588417152
h3_r8,88b2c54747fffff,E22_N419,train,1324,2151.4939,1891,2693.02,943.3823084542528
h3_r8,88b2c54749fffff,E22_N419,train,13364,20955.3933,11049,16369.178000000004,943.4146367236972
h3_r8,88b2c5474bfffff,E22_N419,train,18987,28946.35360000001,15480,22483.993100000003,943.3238905933686
h3_r8,88b2c5474dfffff,E22_N419,train,27514,43183.34349999998,25032,37686.50749999997,943.4892257487518
h3_r8,88b2c54751fffff,E22_N419,train,6601,10129.987199999996,6464,9707.061300000005,943.1423843395896
h3_r8,88b2c54753fffff,E22_N419,train,37054,62549.2124,33810,51303.90209999999,943.051624240412
h3_r8,88b2c54755fffff,E22_N419,train,8301,13569.049300000002,4771,7362.392400000001,943.2169739751844
h3_r8,88b2c54757fffff,E22_N419,train,2387,4110.8208,1905,2877.0026000000003,943.126214068965
h3_r8,88b2c54759fffff,E22_N419,train,18301,28367.364100000003,14493,21157.47050000001,943.1585401507328
h3_r8,88b2c5475bfffff,E22_N419,train,20853,33762.09640000002,17255,25832.196000000004,943.067784501356
h3_r8,88b2c5475dfffff,E22_N419,train,40634,63504.58470000001,42743,65277.4771,943.2331397936796
h3_r8,88b2c54761fffff,E22_N419,train,12297,19831.730899999995,10070,15125.7026,943.5314362323844
h3_r8,88b2c54763fffff,E22_N419,train,6,11.2674,0,0.0,943.4406815982657
h3_r8,88b2c54765fffff,E22_N419,train,33558,50469.809500000025,34972,51247.1664,943.605984776572
h3_r8,88b2c54767fffff,E22_N419,train,10784,16977.070000000007,9243,13781.24129999999,943.5152303572396
h3_r8,88b2c54769fffff,E22_N419,train,43153,66416.85039999997,36645,54741.76229999999,943.5476276315748
h3_r8,88b2c5476bfffff,E22_N419,train,7928,12787.560500000003,7780,11264.536899999996,943.4568774567452
h3_r8,88b2c5476dfffff,E22_N419,train,82851,120107.23839999984,135581,208124.64740000005,943.6221861914964
h3_r8,88b2c55011fffff,E22_N420,validation,173,345.3303999999999,201,320.6906,945.0367785300476
h3_r8,88b2c55017fffff,E22_N420,validation,137,260.5478,109,176.2783000000001,945.020771199488
h3_r8,88b2c55019fffff,E22_N420,validation,392,748.0006999999998,401,619.9799000000002,945.0527712905314
h3_r8,88b2c5501bfffff,E22_N420,validation,31,61.4171,31,52.9504,944.96213364898
h3_r8,88b2c5501dfffff,E22_N420,validation,361,693.9098000000002,374,581.7953,945.127415867406
h3_r8,88b2c55031fffff,E22_N420,validation,17,33.6518,28,45.8982,945.1700101449968
h3_r8,88b2c55033fffff,E22_N420,validation,3895,7192.54,3911,6119.185999999996,945.0793639394104
h3_r8,88b2c55035fffff,E21_N420,train,130,238.4239,126,196.4028,945.2446141804684
h3_r8,88b2c55037fffff,E21_N420,train,3,7.313400000000001,3,4.4534,945.1539682822768
h3_r8,88b2c55081fffff,E22_N420,validation,25,43.89190000000001,33,46.56,944.6581547140376
h3_r8,88b2c55083fffff,E22_N420,validation,431,736.1256,124,188.49260000000007,944.5674884566106
h3_r8,88b2c55087fffff,E22_N420,validation,356,612.1073999999999,301,435.65,944.6421145312488
h3_r8,88b2c5508bfffff,E22_N420,validation,30,53.17209999999999,69,102.1766,944.5835186550394
h3_r8,88b2c55091fffff,E22_N420,validation,8741,13580.215299999998,7184,10598.7956,944.4021807576064
h3_r8,88b2c55093fffff,E22_N420,validation,32270,49821.5903,29184,43308.1024,944.3115045752492
h3_r8,88b2c55095fffff,E22_N420,validation,247,433.2839000000002,102,166.51319999999998,944.4768173653864
h3_r8,88b2c55097fffff,E22_N420,validation,42245,65387.46630000005,36855,54767.74030000002,944.3861414521234
h3_r8,88b2c55099fffff,E22_N420,validation,157,288.5386,54,86.0634,944.4182055281708
h3_r8,88b2c5509bfffff,E22_N420,validation,30,44.9495,75,113.44410000000003,944.3275338980602
h3_r8,88b2c5509dfffff,E22_N420,validation,1636,2848.0475,1237,1861.3804,944.4928521186812
h3_r8,88b2c550abfffff,E22_N420,validation,19224,37369.29909999999,12289,17922.774899999997,944.7167303401512
h3_r8,88b2c550b1fffff,E22_N420,validation,1,2.353,10,15.0519,944.5353844352068
h3_r8,88b2c550b3fffff,E22_N419,train,19009,30931.943500000027,17952,26104.35119999999,944.44470424694
h3_r8,88b2c550b5fffff,E22_N420,validation,0,0.0,6,8.1472,944.6099905343726
h3_r8,88b2c550b7fffff,E22_N419,train,8,13.273,97,137.43960000000007,944.51931061683
h3_r8,88b2c550b9fffff,E22_N420,validation,4,6.495100000000001,36,50.66679999999999,944.5514437155216
h3_r8,88b2c550bdfffff,E22_N420,validation,0,0.0,6,9.4457,944.626059803064
h3_r8,88b2c550c9fffff,E22_N420,validation,776,1418.3473000000004,793,1128.0923999999998,944.7968356701311
h3_r8,88b2c550cbfffff,E22_N420,validation,4634,8726.5929,4211,6290.126799999999,944.7061879737304
h3_r8,88b2c550cdfffff,E22_N420,validation,8,14.3621,13,18.8317,944.871491117694
h3_r8,88b2c550d1fffff,E22_N420,validation,5005,8693.830899999999,3302,4884.675200000003,944.5248780087568
h3_r8,88b2c550d3fffff,E22_N420,validation,32964,56293.56200000002,20016,31206.0151,944.4342157600912
h3_r8,88b2c550d5fffff,E22_N420,validation,14902,27588.758,13102,19803.549899999995,944.5995343084214
h3_r8,88b2c550d7fffff,E22_N420,validation,4364,7617.298499999999,6142,9143.4714,944.5088723354856
h3_r8,88b2c550d9fffff,E22_N420,validation,5919,10844.353999999994,7370,10917.9148,944.5408691384946
h3_r8,88b2c550dbfffff,E22_N420,validation,17,29.3623,83,125.98340000000005,944.4502114570932
h3_r8,88b2c550ddfffff,E22_N420,validation,3140,5959.961700000002,3633,5579.6896,944.6155354192016
h3_r8,88b2c550edfffff,E22_N420,validation,2554,4772.2546,2743,4366.7037,945.0047493022868
h3_r8,88b2c55111fffff,E21_N420,train,1675,3117.5829000000003,1684,2565.624099999999,945.559004471288
h3_r8,88b2c55113fffff,E21_N420,train,1472,2713.858,1445,2211.1695999999997,945.4683644521284
h3_r8,88b2c55117fffff,E21_N420,train,1006,1871.5399000000004,824,1257.0982,945.5429272396724
h3_r8,88b2c55181fffff,E21_N420,train,296,513.1813999999998,279,434.2532999999999,945.1803193558007
h3_r8,88b2c55183fffff,E21_N420,train,135,215.11859999999996,62,89.94009999999997,945.08965515421
h3_r8,88b2c5518dfffff,E21_N420,train,1559,2976.3703000000005,1518,2430.6626999999994,945.2709786761552
h3_r8,88b2c55191fffff,E22_N420,validation,1,1.8964,0,0.0,944.9244214035572
h3_r8,88b2c55195fffff,E21_N420,train,406,655.5713000000004,481,703.3989000000004,944.9989860809292
h3_r8,88b2c55197fffff,E21_N419,train,1190,2001.1336,1002,1491.9992999999995,944.9083121513248
h3_r8,88b2c551c1fffff,E21_N420,train,319,589.1924,317,507.7798000000001,945.3031460745842
h3_r8,88b2c551c5fffff,E21_N420,train,1,1.7798,0,0.0,945.3777195105212
h3_r8,88b2c551c9fffff,E21_N420,train,537,1027.8137000000002,539,880.8427999999998,945.3192079124856
h3_r8,88b2c551cdfffff,E21_N420,train,260,566.4254000000002,249,397.375,945.3937913371484
h3_r8,88b2c551e1fffff,E21_N420,train,3773,7004.3991,3756,5820.240200000001,945.4361862309744
h3_r8,88b2c551ebfffff,E21_N420,train,1737,3281.9594,1879,2946.1495999999997,945.3616331050872
h3_r8,88b2c551edfffff,E21_N420,train,2708,5064.189,2886,4476.612,945.5268354309374
h3_r8,88b2c55281fffff,E22_N420,validation,4594,6744.119500000001,2533,3721.8343,944.7700285706668
h3_r8,88b2c55283fffff,E22_N420,validation,47408,72765.44720000002,39739,58770.82699999999,944.6793943471276
h3_r8,88b2c55287fffff,E22_N420,validation,14531,22880.41229999999,9033,13266.401700000004,944.754090256989
h3_r8,88b2c5528bfffff,E22_N420,validation,8971,13957.703900000004,5001,7402.424199999999,944.6953226951882
h3_r8,88b2c55291fffff,E22_N420,validation,46444,71682.6403999999,32141,47546.76209999999,944.5140488144824
h3_r8,88b2c55293fffff,E22_N420,validation,281015,402589.5342000009,271840,396158.50629999983,944.423404583591
h3_r8,88b2c55295fffff,E22_N420,validation,69880,108268.09169999982,64412,96261.8577,944.5887552511996
h3_r8,88b2c55297fffff,E22_N420,validation,44962,73202.60509999999,52086,79126.23859999997,944.4981112937676
h3_r8,88b2c55299fffff,E22_N420,validation,51683,77963.13490000006,46442,68006.98270000001,944.529971786309
h3_r8,88b2c5529bfffff,E22_N420,validation,17757,25706.294900000004,16540,24187.4468,944.4393321403768
h3_r8,88b2c5529dfffff,E22_N420,validation,65688,99627.5694,43948,65167.8014,944.6046881893416
h3_r8,88b2c552a7fffff,E22_N420,validation,8,14.4419,5,7.9795,944.887478495657
h3_r8,88b2c552abfffff,E22_N420,validation,356,575.8264999999999,245,347.5726,944.8287759132218
h3_r8,88b2c552b1fffff,E22_N420,validation,14144,23021.02759999999,13222,19378.945600000003,944.6474939854816
h3_r8,88b2c552b3fffff,E22_N420,validation,17903,29654.677799999998,15257,22918.265400000008,944.556845725805
h3_r8,88b2c552b7fffff,E22_N420,validation,4224,7009.836399999999,3016,4520.3631,944.6315219765528
h3_r8,88b2c552b9fffff,E22_N420,validation,63999,103951.77880000004,55371,83532.09779999997,944.6634514434264
h3_r8,88b2c552bbfffff,E22_N420,validation,14806,23835.4116,14010,21192.9381,944.5728077626554
h3_r8,88b2c552bdfffff,E22_N420,validation,13400,21789.0907,11904,18077.695699999997,944.7381373875542
h3_r8,88b2c552c3fffff,E22_N420,validation,4,4.0011,4,5.3284,944.8018615080508
h3_r8,88b2c552cbfffff,E22_N420,validation,33,38.847,18,26.456900000000005,944.8177561305928
h3_r8,88b2c552d1fffff,E22_N420,validation,3,4.4916,0,0.0,944.6365103975404
h3_r8,88b2c552d3fffff,E22_N420,validation,1348,1970.763,720,1085.4842999999996,944.54588020785
h3_r8,88b2c552d5fffff,E22_N420,validation,7,9.6796,4,5.5885,944.71123648301
h3_r8,88b2c552d7fffff,E22_N420,validation,3867,5995.2401,13140,19008.2797,944.6206065710868
h3_r8,88b2c552d9fffff,E22_N420,validation,2299,3431.475500000001,2114,3087.177,944.6523996688776
h3_r8,88b2c552dbfffff,E22_N420,validation,2780,4129.494099999999,2431,3497.8379999999997,944.561774076894
h3_r8,88b2c55401fffff,E22_N419,train,35960,53622.27830000001,16521,24148.9626,943.500710004242
h3_r8,88b2c55403fffff,E22_N419,train,68894,101550.18409999988,59245,85925.917,943.4100085587124
h3_r8,88b2c55405fffff,E22_N419,train,101952,145162.89469999992,50070,72819.64900000002,943.57540917187
h3_r8,88b2c55407fffff,E22_N419,train,310801,436914.42580000137,376420,535005.6966,943.4847079415922
h3_r8,88b2c55409fffff,E22_N420,validation,47482,72352.30740000005,38417,55764.8979,943.5166975717292
h3_r8,88b2c5540bfffff,E23_N420,test,4312,7012.041700000003,6826,9916.176900000002,943.4260006420664
h3_r8,88b2c5540dfffff,E22_N420,validation,11,17.427500000000002,184,269.40309999999994,943.591406718595
h3_r8,88b2c55411fffff,E23_N419,train,1452152,1988699.8907999245,1572567,2182309.715799993,943.2445926212822
h3_r8,88b2c55413fffff,E23_N419,train,1796923,2396166.095400008,2000780,2768245.2781,943.1538815484382
h3_r8,88b2c55415fffff,E23_N419,train,222915,314144.38590000063,255476,362762.3250999999,943.319302394928
h3_r8,88b2c55417fffff,E23_N419,train,1314547,1785148.7845999636,1485992,2045603.4627,943.2285915209212
h3_r8,88b2c55419fffff,E23_N419,train,759248,1079792.9409000005,852915,1226064.2617,943.2605792368412
h3_r8,88b2c5541bfffff,E23_N419,train,373563,515389.0535000025,379699,533461.8793000003,943.1698726676404
h3_r8,88b2c5541dfffff,E23_N419,train,64102,99917.82940000005,65788,96365.51960000004,943.3352989881532
h3_r8,88b2c55421fffff,E22_N419,train,59051,85307.27439999995,42504,61583.15800000004,943.6340761170724
h3_r8,88b2c55423fffff,E22_N419,train,23165,33357.83730000001,18285,26489.090100000005,943.5433705908944
h3_r8,88b2c55425fffff,E22_N419,train,161327,225523.2809,169778,243544.84950000013,943.7087448968668
h3_r8,88b2c55427fffff,E22_N419,train,31050,44382.11269999998,25266,36617.76000000001,943.6180395934498
h3_r8,88b2c55429fffff,E22_N419,train,48952,70572.49300000002,54631,79399.9969,943.6500981415156
h3_r8,88b2c5542bfffff,E22_N419,train,213547,304601.2318000002,265662,379543.0957000004,943.5593971273048
h3_r8,88b2c5542dfffff,E22_N419,train,30566,44773.3767,29447,42604.171699999984,943.724776909803
h3_r8,88b2c55431fffff,E22_N419,train,1251588,1841483.769600012,1368947,1930024.226199996,943.377980922698
h3_r8,88b2c55433fffff,E22_N419,train,35814,51129.5557,28513,40954.7995,943.2872657568078
h3_r8,88b2c55435fffff,E22_N419,train,500519,875854.0390000003,508735,720020.0089000001,943.45266034035
h3_r8,88b2c55437fffff,E22_N419,train,13010,20395.591700000008,14067,20344.353699999992,943.3619453771972
h3_r8,88b2c55439fffff,E22_N419,train,31455,44127.0995,16926,24316.6611,943.3940019840376
h3_r8,88b2c5543bfffff,E22_N419,train,880861,1193638.1775000037,972851,1353518.6857000014,943.303291316668
h3_r8,88b2c5543dfffff,E22_N419,train,48340,66686.20169999999,41699,59106.126400000016,943.4686913873884
h3_r8,88b2c55441fffff,E22_N420,validation,14172,22199.6004,9847,14333.3507,943.623358312936
h3_r8,88b2c55443fffff,E22_N420,validation,14395,22641.04570000001,5969,8874.730699999996,943.5326706453344
h3_r8,88b2c55445fffff,E22_N420,validation,5870,9193.2019,6462,9610.7598,943.6980772145909
h3_r8,88b2c55447fffff,E22_N420,validation,39659,60485.21309999997,35506,51638.943900000006,943.6073897651512
h3_r8,88b2c55449fffff,E22_N420,validation,16095,24242.0755,11808,17960.183700000005,943.6393123572344
h3_r8,88b2c5544bfffff,E23_N420,test,194412,279359.6132000001,214984,309542.4332,943.5486292192944
h3_r8,88b2c5544dfffff,E22_N420,validation,34228,56003.813,28273,41941.1589,943.7140412290464
h3_r8,88b2c55451fffff,E23_N420,test,447832,629617.8348999997,516518,724130.7018000003,943.3672487158328
h3_r8,88b2c55453fffff,E23_N420,test,142649,203674.9873000003,150602,213146.9197,943.276551368821
h3_r8,88b2c55455fffff,E23_N420,test,58130,90616.4921,33203,49445.434400000006,943.4419782356126
h3_r8,88b2c55457fffff,E23_N420,test,47929,68593.44309999999,32992,48510.28759999999,943.3512810962276
h3_r8,88b2c55459fffff,E23_N420,test,11,17.802699999999998,1,1.619,943.3832018433604
h3_r8,88b2c5545bfffff,E23_N420,test,98026,141980.95950000006,107205,156186.7743,943.2925090161152
h3_r8,88b2c5545dfffff,E23_N420,test,9578,14791.557400000003,8308,12285.633000000003,943.4579413365572
h3_r8,88b2c55461fffff,E22_N420,validation,30367,45109.5831,33908,48753.78339999998,943.756797416776
h3_r8,88b2c55463fffff,E22_N420,validation,55149,80657.55780000001,46396,67413.93999999996,943.6661056691082
h3_r8,88b2c55465fffff,E22_N420,validation,34407,52269.659900000006,24459,35916.712700000004,943.8314859367674
h3_r8,88b2c55467fffff,E22_N420,validation,29160,45754.68169999998,22906,33860.1275,943.7407944136066
h3_r8,88b2c55469fffff,E22_N420,validation,28803,46360.77520000001,24401,36557.49279999999,943.7727859121514
h3_r8,88b2c5546bfffff,E22_N420,validation,5244,8174.1772999999985,3964,5919.616800000003,943.6820986948442
h3_r8,88b2c5546dfffff,E22_N420,validation,20827,32538.404200000008,18578,27147.1242,943.8474844107404
h3_r8,88b2c55481fffff,E23_N419,train,16298,23156.107699999997,16084,22800.739500000007,942.8657011709874
h3_r8,88b2c55483fffff,E23_N419,train,27775,39879.3755,18926,27112.614100000003,942.7749669221812
h3_r8,88b2c55485fffff,E23_N419,train,85420,120160.40770000013,68268,98519.41409999998,942.940401724656
h3_r8,88b2c55487fffff,E23_N419,train,134101,189196.36530000044,161326,235686.30360000016,942.849667655246
h3_r8,88b2c55489fffff,E23_N419,train,28664,39634.14570000001,16076,22959.650399999995,942.881720227888
h3_r8,88b2c5548bfffff,E23_N419,train,335011,467335.569799999,360843,508424.29880000016,942.790990454203
h3_r8,88b2c5548dfffff,E23_N419,train,46368,67162.9697,39804,57358.06969999999,942.95643076516
h3_r8,88b2c55491fffff,E23_N419,train,4161,5715.792900000001,2992,4193.703300000001,942.6095169734326
h3_r8,88b2c55493fffff,E23_N419,train,18103,25851.562900000004,17026,23935.517399999997,942.5187732881168
h3_r8,88b2c55495fffff,E23_N419,train,135285,185891.9430999996,153906,215436.0122,942.6842280325365
h3_r8,88b2c55497fffff,E23_N419,train,112195,153131.95610000007,121479,171586.66079999993,942.5934845067096
h3_r8,88b2c55499fffff,E23_N419,train,18092,25155.7245,11479,16253.510000000002,942.6255349891144
h3_r8,88b2c5549bfffff,E23_N419,train,31414,45563.67160000001,26072,36607.6155,942.5347957679768
h3_r8,88b2c5549dfffff,E23_N419,train,21124,30112.70250000001,13280,18712.024700000005,942.7002560315304
h3_r8,88b2c554a1fffff,E23_N419,train,13987,19219.94030000001,12235,17724.248899999995,942.9990386181162
h3_r8,88b2c554a3fffff,E23_N419,train,262033,369605.9714000006,284069,399763.2073000001,942.9083002574624
h3_r8,88b2c554a5fffff,E22_N419,train,110321,151393.85840000026,116261,164744.72800000003,943.0737088400638
h3_r8,88b2c554a7fffff,E23_N419,train,18914,28212.2592,13709,19873.4782,942.9829706638702
h3_r8,88b2c554a9fffff,E23_N419,train,238759,329838.5987999994,267976,374582.0341000001,943.0150921117748
h3_r8,88b2c554abfffff,E23_N419,train,265543,371653.15370000055,287085,412286.0990000003,942.9243582224008
h3_r8,88b2c554adfffff,E23_N419,train,11031,15660.397400000002,10715,15350.74870000001,943.0897723240778
h3_r8,88b2c554b1fffff,E23_N419,train,17394,27415.109699999997,16408,23911.07250000001,942.742876494769
h3_r8,88b2c554b3fffff,E23_N419,train,21931,33735.827399999995,17801,25944.7762,942.6521286760108
h3_r8,88b2c554b5fffff,E23_N419,train,321639,448862.8225000001,348515,493252.1826000004,942.8175572466572
h3_r8,88b2c554b7fffff,E23_N419,train,22118,34540.52879999999,19363,28344.595100000013,942.726809599495
h3_r8,88b2c554b9fffff,E23_N419,train,11594,16800.80839999999,10324,14855.123199999993,942.7589289348108
h3_r8,88b2c554bbfffff,E23_N419,train,17613,26610.31,13610,19820.6126,942.6681855775532
h3_r8,88b2c554bdfffff,E23_N419,train,13054,20156.571300000003,18904,27733.402299999987,942.8336196779856
h3_r8,88b2c554c1fffff,E23_N419,train,344622,482174.4747000001,363261,511760.4595000004,942.988445450086
h3_r8,88b2c554c3fffff,E23_N419,train,502680,686379.5690000091,556455,780391.9656000001,942.8977248176816
h3_r8,88b2c554c5fffff,E23_N419,train,60041,87585.48739999998,41805,60119.21099999999,943.063165784697
h3_r8,88b2c554c7fffff,E23_N419,train,262542,366779.6100999985,298060,417374.0062,942.9724453419911
h3_r8,88b2c554c9fffff,E23_N419,train,274751,381385.8984000013,314107,435425.38170000026,943.0044310883968
h3_r8,88b2c554cbfffff,E23_N419,train,35877,49485.6703,28206,39099.63730000001,942.9137149497984
h3_r8,88b2c554cdfffff,E23_N419,train,465166,637555.7433999936,505756,697126.0449000001,943.079161402653
h3_r8,88b2c554d1fffff,E23_N419,train,13108,17866.1854,13341,18326.631,942.7322686744736
h3_r8,88b2c554d3fffff,E23_N419,train,209628,295229.78850000026,264208,373417.5996000007,942.6415385573636
h3_r8,88b2c554d5fffff,E23_N419,train,24405,33065.18779999996,28255,39573.15580000002,942.806999528897
h3_r8,88b2c554d7fffff,E23_N419,train,30106,40575.7162,21709,30310.725200000008,942.716269580298
h3_r8,88b2c554d9fffff,E23_N419,train,214334,287521.7375999996,233934,324607.41770000005,942.748253310332
h3_r8,88b2c554dbfffff,E23_N419,train,373641,503207.34060000005,404391,556759.0486000001,942.6575276723016
h3_r8,88b2c554ddfffff,E23_N419,train,70496,95662.64969999988,58128,80917.45960000005,942.8229941416648
h3_r8,88b2c554e1fffff,E23_N419,train,235066,332547.5237999993,262568,379493.7416000004,943.1218558800174
h3_r8,88b2c554e3fffff,E23_N419,train,71219,100384.74810000008,49219,70872.218,943.0311311375116
h3_r8,88b2c554e5fffff,E23_N419,train,52703,69668.35719999985,36139,50950.8982,943.1965458916384
h3_r8,88b2c554e7fffff,E23_N419,train,4467,5844.5803,1822,2575.823900000001,943.1058213379
h3_r8,88b2c554e9fffff,E23_N419,train,336606,464011.2928999993,357467,505769.1651000001,943.1378759529908
h3_r8,88b2c554ebfffff,E23_N419,train,143230,208779.4076000001,144121,204704.66630000007,943.0471556968404
h3_r8,88b2c554edfffff,E23_N419,train,294947,402702.976200001,330984,462125.1500000001,943.2125759451884
h3_r8,88b2c55501fffff,E22_N419,train,8361,12272.501300000002,9208,13922.235700000005,944.0233897984144
h3_r8,88b2c55503fffff,E22_N419,train,344506,476933.894,316403,450068.2584000003,943.9326899403824
h3_r8,88b2c55505fffff,E22_N419,train,65788,93861.88370000003,64035,92022.03549999995,944.0980174485594
h3_r8,88b2c55507fffff,E22_N419,train,20160,28221.96299999998,21960,31559.8519,944.00731783628
h3_r8,88b2c55509fffff,E22_N419,train,50087,72584.2296,59010,86560.06379999997,944.0394472503104
h3_r8,88b2c5550bfffff,E22_N419,train,30301,42995.494800000015,20958,30561.885100000007,943.948751913791
h3_r8,88b2c5550dfffff,E22_N419,train,62484,89189.83160000008,55083,79387.30579999999,944.1140848892974
h3_r8,88b2c55511fffff,E22_N419,train,85089,117196.95120000013,92518,132066.8878,943.7673469683504
h3_r8,88b2c55513fffff,E22_N419,train,311515,492729.8316000016,303178,426310.7897,943.6766373805584
h3_r8,88b2c55515fffff,E22_N419,train,26940,36221.34860000001,19627,28034.228500000016,943.8419853268424
h3_r8,88b2c55517fffff,E22_N419,train,213,289.72449999999986,2795,4009.082099999999,943.751275966817
h3_r8,88b2c55519fffff,E22_N419,train,87642,120150.67849999997,99762,142712.11590000003,943.783403466572
h3_r8,88b2c5551bfffff,E22_N419,train,25114,33396.6117,19509,27764.2929,943.6926983890588
h3_r8,88b2c5551dfffff,E22_N419,train,351800,471640.1208000009,332792,476971.68200000026,943.85805181443
h3_r8,88b2c55521fffff,E22_N419,train,33772,48437.07260000001,26345,37658.670300000005,944.1565429058392
h3_r8,88b2c55523fffff,E22_N419,train,70587,100405.89250000005,48160,68845.43899999998,944.0658390214668
h3_r8,88b2c55525fffff,E22_N419,train,3585,5632.569299999998,3427,5130.068000000003,944.2311400688486
h3_r8,88b2c55527fffff,E22_N419,train,4274,6282.992199999999,4460,6927.977500000001,944.1404364379124
h3_r8,88b2c55529fffff,E22_N419,train,71024,103929.97759999998,69932,99893.99049999996,944.1726348570664
h3_r8,88b2c5552bfffff,E22_N419,train,26151,37956.56379999999,19286,28018.058799999984,944.0819354903068
h3_r8,88b2c5552dfffff,E22_N419,train,47051,69596.13510000009,46985,67610.3083,944.2472420181148
h3_r8,88b2c55531fffff,E22_N419,train,46893,64972.83170000004,36951,53585.34279999999,943.9005224707652
h3_r8,88b2c55533fffff,E22_N419,train,189476,259473.85079999876,201464,285928.71830000007,943.8098088402768
h3_r8,88b2c55535fffff,E22_N419,train,103883,147667.2788,106000,152664.34369999988,943.9751303765806
h3_r8,88b2c55537fffff,E22_N419,train,36466,50732.01790000001,27492,39331.55199999998,943.884416980436
h3_r8,88b2c55539fffff,E22_N419,train,178795,250448.57210000025,192673,275701.3145,943.9166134593544
h3_r8,88b2c5553bfffff,E22_N419,train,19687,27786.0218,20343,29803.905599999984,943.8259043366998
h3_r8,88b2c5553dfffff,E22_N419,train,39835,55397.32080000001,45216,64581.87649999996,943.9912313592504
h3_r8,88b2c55541fffff,E22_N420,validation,82387,129166.77739999996,78165,115842.7883,944.1461762166
h3_r8,88b2c55543fffff,E22_N420,validation,44029,66723.21180000003,34059,50147.8419,944.0554901849246
h3_r8,88b2c55545fffff,E22_N420,validation,35423,54639.7652,32972,49200.768700000015,944.2208235939032
h3_r8,88b2c55547fffff,E22_N419,train,46843,68535.78730000003,29376,43701.674,944.130137812288
h3_r8,88b2c55549fffff,E22_N420,validation,15678,25348.060800000003,24043,35538.7998,944.1622000961796
h3_r8,88b2c5554bfffff,E22_N420,validation,28840,44783.254700000005,25414,37586.82890000001,944.0715186021988
h3_r8,88b2c5554dfffff,E22_N420,validation,46952,73462.3247,42988,63663.94919999998,944.2368574581342
h3_r8,88b2c55551fffff,E22_N419,train,43428,63396.5874,38647,55781.02039999999,943.8901412748382
h3_r8,88b2c55553fffff,E22_N419,train,13614,19698.0363,10347,14928.200500000004,943.799445461249
h3_r8,88b2c55555fffff,E22_N419,train,43597,63033.57850000001,39263,57423.17319999999,943.9647993761464
h3_r8,88b2c55557fffff,E22_N419,train,41288,58007.5375,32623,47585.2875,943.8741037994624
h3_r8,88b2c55559fffff,E22_N420,validation,50368,75885.9272,46719,68429.28110000002,943.9061642418964
h3_r8,88b2c5555bfffff,E22_N419,train,16350,25142.033,12847,18779.0508,943.8154729512752
h3_r8,88b2c5555dfffff,E22_N420,validation,20976,32856.42939999999,18114,26724.782399999996,943.9808323272736
h3_r8,88b2c55561fffff,E22_N419,train,63642,93001.79829999997,52704,76730.89460000007,944.2794023465832
h3_r8,88b2c55563fffff,E22_N419,train,6551,9422.427499999996,5454,7932.0351,944.1887122903718
h3_r8,88b2c55565fffff,E22_N419,train,48802,72970.01419999996,43937,63524.1836,944.3540192453656
h3_r8,88b2c55567fffff,E22_N419,train,28705,41711.77350000001,21568,31182.293099999995,944.2633294456172
h3_r8,88b2c55569fffff,E22_N420,validation,39025,62060.7181,25352,37754.38260000001,944.2954607283464
h3_r8,88b2c5556bfffff,E22_N419,train,33873,50290.81510000002,40727,59343.54739999998,944.2047752022628
h3_r8,88b2c5556dfffff,E22_N420,validation,19768,29127.99830000001,20863,30357.9252,944.3700876138172
h3_r8,88b2c55581fffff,E22_N419,train,6873,10077.8597,5287,7704.521500000001,943.3883913067402
h3_r8,88b2c55583fffff,E22_N419,train,237509,334635.36990000104,209078,295593.2570000002,943.2976583852432
h3_r8,88b2c55585fffff,E22_N419,train,663,1046.4342000000006,611,933.3471000000002,943.4630205532884
h3_r8,88b2c55587fffff,E22_N419,train,5370,7587.3647,4536,6480.695300000001,943.3722878415138
h3_r8,88b2c55589fffff,E22_N419,train,22304,32294.198900000003,17337,25248.9952,943.4044802884456
h3_r8,88b2c5558bfffff,E22_N419,train,24891,36036.1873,18323,27444.2951,943.3137518526056
h3_r8,88b2c5558dfffff,E22_N419,train,26998,40070.23720000001,21018,30237.980800000005,943.4791195318104
h3_r8,88b2c55591fffff,E22_N419,train,47887,71912.01360000003,46953,72134.1956,943.1322809339616
h3_r8,88b2c55593fffff,E22_N419,train,20240,30490.5816,17277,25565.23419999999,943.0415384767692
h3_r8,88b2c55595fffff,E22_N419,train,6921,10782.6788,4968,7421.831999999998,943.2069207883906
h3_r8,88b2c55597fffff,E22_N419,train,18855,28813.244300000013,17358,25433.03650000001,943.1161785208388
h3_r8,88b2c55599fffff,E22_N419,train,12892,19051.145199999988,8354,12113.415500000005,943.14836887992
h3_r8,88b2c5559bfffff,E22_N419,train,12513,18445.5798,9939,14339.0856,943.057630890049
h3_r8,88b2c5559dfffff,E22_N419,train,15340,23581.460099999997,13766,20655.497499999998,943.2230187305832
h3_r8,88b2c555a1fffff,E22_N419,train,48402,79636.52450000003,45462,67496.07350000001,943.5215161246596
h3_r8,88b2c555a3fffff,E22_N419,train,14600,22990.790600000008,10887,15957.163399999998,943.4307791462052
h3_r8,88b2c555a5fffff,E22_N419,train,29255,44245.142600000014,24134,35224.6876,943.5961149399518
h3_r8,88b2c555a7fffff,E22_N419,train,14182,22189.46640000002,11119,16268.411799999994,943.505378177506
h3_r8,88b2c555a9fffff,E22_N419,train,33079,51236.419400000006,25777,38719.9708,943.5376395901548
h3_r8,88b2c555abfffff,E22_N419,train,11801,17915.19000000001,9928,14480.815299999997,943.446907089965
h3_r8,88b2c555adfffff,E22_N419,train,548,811.0603000000002,405,597.9938999999999,943.612248407735
h3_r8,88b2c555b1fffff,E22_N419,train,20111,30047.1398,14292,20643.648500000003,943.265428031562
h3_r8,88b2c555b3fffff,E22_N419,train,7529,12209.456100000009,5731,8406.5852,943.1746814967482
h3_r8,88b2c555b5fffff,E22_N419,train,11376,18027.3049,12646,18462.403100000003,943.3400374830236
h3_r8,88b2c555b7fffff,E22_N419,train,6942,10683.6342,6088,8727.474900000001,943.2492911489098
h3_r8,88b2c555b9fffff,E22_N419,train,18996,28444.068,15388,22162.13600000001,943.2815504441388
h3_r8,88b2c555bbfffff,E22_N419,train,1,2.102,28,42.29000000000001,943.1908083751914
h3_r8,88b2c555bdfffff,E22_N419,train,10662,16093.052900000006,10213,14860.349799999996,943.3561698987032
h3_r8,88b2c555c1fffff,E22_N419,train,364852,514375.4204000038,400547,572781.4763999997,943.5112740387558
h3_r8,88b2c555c3fffff,E22_N419,train,18662,27704.09380000001,16930,24548.638000000006,943.420554790413
h3_r8,88b2c555c5fffff,E22_N419,train,8786,14292.848899999995,23640,33699.00859999999,943.5859230647328
h3_r8,88b2c555c7fffff,E22_N419,train,36859,55335.3875,38531,55907.8667,943.4952040300705
h3_r8,88b2c555c9fffff,E22_N419,train,58687,88638.11739999997,55386,82423.40299999996,943.5273295602528
h3_r8,88b2c555cbfffff,E22_N419,train,446651,658900.692799996,470150,678776.9060000002,943.4366148088592
h3_r8,88b2c555cdfffff,E22_N419,train,559873,754958.6055999943,501904,713626.4795999986,943.6019885751884
h3_r8,88b2c555d1fffff,E22_N419,train,18818,27468.660400000004,15652,23049.3832,943.2551711970592
h3_r8,88b2c555d3fffff,E22_N419,train,9516,14083.855100000008,7554,10839.744900000002,943.1644423549296
h3_r8,88b2c555d5fffff,E22_N419,train,21270,31136.1478,14910,22033.309799999995,943.3298308415688
h3_r8,88b2c555d7fffff,E22_N419,train,189576,262568.99529999966,193816,273216.3388,943.239102200372
h3_r8,88b2c555d9fffff,E22_N419,train,13626,20392.0396,14630,21189.309800000006,943.2712257154052
h3_r8,88b2c555dbfffff,E22_N419,train,32753,48521.0921,20779,29882.5536,943.1805013593404
h3_r8,88b2c555ddfffff,E22_N419,train,9795,14143.870400000002,7518,11005.8592,943.345895349863
h3_r8,88b2c555e1fffff,E22_N419,train,41484,58938.04499999999,41979,60297.46759999998,943.6444718775456
h3_r8,88b2c555e3fffff,E22_N419,train,18467,28255.03520000001,15895,23543.1679,943.553748567996
h3_r8,88b2c555e5fffff,E22_N419,train,70054,95756.8327,54108,77328.2601,943.7190904769814
h3_r8,88b2c555e7fffff,E22_N419,train,31970,45992.272099999966,36491,52710.05469999999,943.628367388912
h3_r8,88b2c555e9fffff,E22_N419,train,45387,73241.12029999997,37753,53580.09490000001,943.6605618759058
h3_r8,88b2c555ebfffff,E22_N419,train,28371,40213.21579999997,26514,38360.8106,943.5698430607443
h3_r8,88b2c555edfffff,E22_N419,train,25020,36597.259299999976,28171,40389.1041,943.7351904701208
h3_r8,88b2c55601fffff,E23_N420,test,310533,435640.668699998,296137,418263.1487,943.6123184957542
h3_r8,88b2c55603fffff,E23_N420,test,39349,59806.175700000014,42109,61507.32110000002,943.5216487596044
h3_r8,88b2c55605fffff,E23_N420,test,26060,37793.727300000006,21256,30863.038900000003,943.6870874509914
h3_r8,88b2c55607fffff,E23_N420,test,33170,46862.4097,26502,38639.60479999999,943.5964179345756
h3_r8,88b2c55609fffff,E23_N420,test,4559,7099.530800000003,3053,4435.294599999999,943.6282045503611
h3_r8,88b2c5560bfffff,E23_N420,test,33506,50832.279900000016,28949,41629.90319999999,943.537539361685
h3_r8,88b2c5560dfffff,E23_N420,test,16041,24323.9547,16190,23355.647799999988,943.7029834635904
h3_r8,88b2c55611fffff,E23_N420,test,9468,14964.189600000002,8087,11855.128500000008,943.356194703956
h3_r8,88b2c55613fffff,E23_N420,test,60606,88932.54979999998,66000,92408.70989999996,943.2655152545776
h3_r8,88b2c55615fffff,E23_N420,test,222003,308684.0946000001,205471,295892.1818000002,943.430974264571
h3_r8,88b2c55617fffff,E23_N420,test,23968,36166.07799999999,13059,18906.8397,943.3402950185118
h3_r8,88b2c55619fffff,E23_N420,test,18605,30014.014800000008,15030,21653.087099999997,943.3720798906288
h3_r8,88b2c5561bfffff,E23_N420,test,58960,82770.70959999994,48471,64965.61930000004,943.281404976442
h3_r8,88b2c5561dfffff,E23_N420,test,3401,5481.787600000001,9691,14076.447599999998,943.4468694088864
h3_r8,88b2c55621fffff,E22_N420,validation,31870,48200.39939999998,21816,31848.041,943.7459257347508
h3_r8,88b2c55623fffff,E22_N420,validation,193465,274005.10189999937,199525,285191.01660000003,943.6552518977552
h3_r8,88b2c55625fffff,E22_N420,validation,10658,16527.141000000007,8260,12363.317199999996,943.8206643461016
h3_r8,88b2c55627fffff,E22_N420,validation,20309,31177.054400000008,16472,24464.936100000014,943.729990736174
h3_r8,88b2c55629fffff,E22_N420,validation,43972,67225.1073,42266,62133.43699999999,943.7618462215178
h3_r8,88b2c5562bfffff,E23_N420,test,20041,29962.30130000001,12431,18277.7422,943.6711769278628
h3_r8,88b2c5562dfffff,E22_N420,validation,148998,210304.22089999967,167773,239957.8595,943.8365947964484
h3_r8,88b2c55631fffff,E23_N420,test,20950,30803.4395,14109,20551.551499999998,943.4898240460898
h3_r8,88b2c55633fffff,E23_N420,test,184394,261712.48780000076,195689,279333.6997000002,943.3991404789268
h3_r8,88b2c55635fffff,E23_N420,test,8733,12853.709699999998,7082,10358.127299999998,943.5645732957636
h3_r8,88b2c55637fffff,E23_N420,test,7076,9931.524399999997,4627,6557.262100000002,943.4738899415825
h3_r8,88b2c55639fffff,E23_N420,test,11528,15982.634699999997,12693,18601.754099999987,943.505743653688
h3_r8,88b2c5563bfffff,E23_N420,test,132842,185024.3643999996,141270,203692.64990000008,943.4150646188064
h3_r8,88b2c5563dfffff,E23_N420,test,39230,56371.34039999998,25742,37421.3884,943.5805028679896
h3_r8,88b2c55643fffff,E23_N420,test,948,1472.8483000000003,530,777.3059000000001,943.6440760924016
h3_r8,88b2c55653fffff,E23_N420,test,1109,1813.8926000000004,1114,1673.5534999999998,943.3879505788792
h3_r8,88b2c55655fffff,E23_N420,test,21304,34239.108399999976,13517,19373.6733,943.5534154584748
h3_r8,88b2c55657fffff,E23_N420,test,21366,35156.4227,20680,30001.592000000008,943.462750053266
h3_r8,88b2c5565dfffff,E23_N420,test,16573,25947.972399999995,5656,8077.981099999999,943.5692770480528
h3_r8,88b2c55661fffff,E22_N420,validation,19136,28687.6162,22681,32945.16550000002,943.8684121449478
h3_r8,88b2c55663fffff,E23_N420,test,20026,30664.97240000001,18366,26776.630300000004,943.7777521936224
h3_r8,88b2c55665fffff,E22_N420,validation,77037,111365.8973,69358,102141.20270000002,943.9431704496384
h3_r8,88b2c55667fffff,E22_N420,validation,29653,46691.3138,22281,33006.7589,943.8525107297464
h3_r8,88b2c55669fffff,E22_N420,validation,9319,13227.530399999998,5732,8092.032299999999,943.8842990408302
h3_r8,88b2c5566bfffff,E23_N420,test,90,142.2196,69,97.6211,943.7936436480376
h3_r8,88b2c5566dfffff,E22_N420,validation,12144,17217.90039999999,14349,21397.264000000003,943.959067301592
h3_r8,88b2c55681fffff,E23_N420,test,991154,1332303.687799998,1067852,1466059.306999998,942.9775307808886
h3_r8,88b2c55683fffff,E23_N420,test,43110,57121.1189,54842,76261.44069999999,942.8868279590388
h3_r8,88b2c55685fffff,E23_N420,test,17770,28017.94669999997,21053,31038.239799999992,943.0523011677432
h3_r8,88b2c55687fffff,E23_N420,test,788597,1041346.5604000058,854907,1169452.9744999988,942.9615985309938
h3_r8,88b2c55689fffff,E23_N420,test,6747,9289.152500000002,7203,10269.7398,942.9934485568664
h3_r8,88b2c5568bfffff,E23_N420,test,1401876,1863962.9765000092,1567470,2157667.9609999927,942.9027502440148
h3_r8,88b2c5568dfffff,E23_N420,test,34,56.8054,314,435.0586000000001,943.0682289085815
h3_r8,88b2c55691fffff,E23_N420,test,156551,213743.9356999996,178083,245899.30500000005,942.7213395675644
h3_r8,88b2c55693fffff,E23_N419,train,196206,260877.72920000076,214901,297589.94960000017,942.6306272234652
h3_r8,88b2c55695fffff,E23_N419,train,25006,35658.55280000002,14668,20537.443399999996,942.796120457002
h3_r8,88b2c55697fffff,E23_N419,train,40827,54404.55550000002,32854,44890.4493,942.7054082815883
h3_r8,88b2c55699fffff,E23_N420,test,11515,15254.275100000004,13703,18657.277899999997,942.7372563898098
h3_r8,88b2c5569bfffff,E23_N420,test,64445,87875.42060000001,55375,77002.73220000001,942.646548543591
h3_r8,88b2c5569dfffff,E23_N420,test,17261,23456.964900000006,11737,16312.779000000008,942.8120472438168
h3_r8,88b2c556a1fffff,E23_N420,test,9,13.175300000000002,0,0.0,943.1111092095962
h3_r8,88b2c556a3fffff,E23_N419,train,511609,693195.8998999986,553049,758258.9308999998,943.0204022546532
h3_r8,88b2c556a5fffff,E23_N419,train,315487,444444.5597999976,346944,486564.28270000033,943.185849307105
h3_r8,88b2c556a7fffff,E23_N419,train,502196,681678.9286999934,562904,785207.0213000005,943.0951425447128
h3_r8,88b2c556abfffff,E23_N420,test,563999,742167.1859000059,642496,878223.6420999991,943.0363589466432
h3_r8,88b2c556adfffff,E23_N420,test,6785,10673.094000000008,5419,7915.5024,943.2018114681124
h3_r8,88b2c556b1fffff,E23_N419,train,299334,402631.2211999993,371438,509689.8534,942.8549399820622
h3_r8,88b2c556b3fffff,E23_N419,train,23990,33522.209,16551,22916.73359999999,942.7642234879896
h3_r8,88b2c556b5fffff,E23_N419,train,78042,106697.71350000014,60849,83162.8968,942.9296906125384
h3_r8,88b2c556b7fffff,E23_N419,train,26410,35475.16129999999,20790,28683.437199999986,942.83897429466
h3_r8,88b2c556b9fffff,E23_N419,train,26354,35893.13649999998,17310,23907.454100000006,942.8708912061992
h3_r8,88b2c556bbfffff,E23_N419,train,85679,119003.98310000004,67530,93173.02170000004,942.7801792027312
h3_r8,88b2c556bdfffff,E23_N419,train,73186,97500.44999999992,46748,64276.400400000006,942.945651806891
h3_r8,88b2c556c1fffff,E23_N420,test,3,4.3873,76,103.5035,943.1000409502304
h3_r8,88b2c556c3fffff,E23_N420,test,1167,1676.7541999999994,12954,18237.2527,943.0093518530484
h3_r8,88b2c556c5fffff,E23_N420,test,2648,4172.036199999999,2215,3065.0724000000005,943.1748310713448
h3_r8,88b2c556c7fffff,E23_N420,test,0,0.0,15,22.2184,943.0841421682272
h3_r8,88b2c556c9fffff,E23_N420,test,11,16.3859,149,213.5583,943.1159252462094
h3_r8,88b2c556cbfffff,E23_N420,test,5103,7007.8506,7036,9695.1723,943.0252406754298
h3_r8,88b2c556cdfffff,E23_N420,test,9594,13064.5373,8981,12384.018400000004,943.1907253257232
h3_r8,88b2c556d1fffff,E23_N420,test,25440,34729.9595,23514,32667.7013,942.8438574161846
h3_r8,88b2c556d3fffff,E23_N420,test,640970,837964.8008000006,654560,893762.4593999988,942.7531587472768
h3_r8,88b2c556d5fffff,E23_N420,test,22990,33609.36399999998,16748,23594.576099999995,942.918658057868
h3_r8,88b2c556d7fffff,E23_N420,test,499795,650125.1099000014,539668,726775.6653999994,942.8279595655622
h3_r8,88b2c556d9fffff,E23_N420,test,88706,128140.6106,124037,171529.584,942.8597407960332
h3_r8,88b2c556dbfffff,E23_N420,test,31459,43521.689599999976,9381,12853.641200000002,942.7690466399654
h3_r8,88b2c556ddfffff,E23_N420,test,73701,104372.44760000004,54873,76331.53520000001,942.9345513957088
h3_r8,88b2c556e1fffff,E23_N420,test,27599,43283.61440000001,18659,27197.605499999994,943.2336923346156
h3_r8,88b2c556e3fffff,E23_N420,test,731,1200.1562,306,456.03440000000006,943.1429991049226
h3_r8,88b2c556e5fffff,E23_N420,test,13888,20847.760099999992,8649,12928.1698,943.3084521740676
h3_r8,88b2c556e7fffff,E23_N420,test,4918,7917.418699999999,6251,9047.327,943.2177591447252
h3_r8,88b2c556e9fffff,E23_N420,test,15436,24407.34659999999,13863,20009.99430000001,943.249611039064
h3_r8,88b2c556ebfffff,E23_N420,test,8905,14211.196499999996,5582,8039.863700000001,943.1589223318732
h3_r8,88b2c556edfffff,E23_N420,test,7020,10964.744700000008,5823,8437.213099999999,943.324380842736
h3_r8,88b2c55707fffff,E22_N420,validation,9935,17030.991099999996,7907,12325.2501,944.1195167328696
h3_r8,88b2c5570dfffff,E22_N420,validation,2,2.7522,0,0.0,944.2261503565824
h3_r8,88b2c55711fffff,E22_N420,validation,10575,17547.166300000004,9355,13788.4055,943.8794378234306
h3_r8,88b2c55713fffff,E22_N420,validation,3666,5819.188799999999,3010,4385.3780000000015,943.788759904448
h3_r8,88b2c55715fffff,E22_N420,validation,62123,100754.58919999991,54975,84204.26839999999,943.9541460559705
h3_r8,88b2c55717fffff,E22_N420,validation,19945,32659.207,19310,29702.66919999999,943.8634683728452
h3_r8,88b2c55719fffff,E22_N420,validation,13492,22564.935099999995,12062,17739.806900000003,943.8953927579568
h3_r8,88b2c5571bfffff,E22_N420,validation,5362,8442.377100000003,4584,6732.784599999998,943.8047193808015
h3_r8,88b2c5571dfffff,E22_N420,validation,3546,6072.0236,3379,5046.3529,943.9701109621674
h3_r8,88b2c55721fffff,E22_N420,validation,8903,15986.1847,7488,11698.601699999996,944.2688816036098
h3_r8,88b2c55723fffff,E22_N420,validation,47116,80898.64959999999,34158,51657.11100000001,944.17820945353
h3_r8,88b2c55725fffff,E22_N420,validation,22567,38764.086700000014,21260,32298.38599999999,944.3435486874076
h3_r8,88b2c55727fffff,E22_N420,validation,19130,32538.8677,12688,19665.49089999999,944.252876794024
h3_r8,88b2c55729fffff,E22_N420,validation,1,2.1682,0,0.0,944.2848718800232
h3_r8,88b2c5572bfffff,E22_N420,validation,12753,22322.732499999987,12267,19268.9644,944.194204282714
h3_r8,88b2c5572dfffff,E22_N420,validation,2534,4367.224699999999,1856,2839.8419,944.3595489420112
h3_r8,88b2c55731fffff,E22_N420,validation,14918,23625.2408,9562,13991.0497,944.0128546787892
h3_r8,88b2c55733fffff,E22_N420,validation,44138,65918.90170000003,42625,62131.52059999999,943.9221726945252
h3_r8,88b2c55735fffff,E22_N420,validation,16838,27603.783800000005,15563,23161.49100000001,944.087532502308
h3_r8,88b2c55737fffff,E22_N420,validation,14839,21991.514500000005,10799,15842.805,943.9968507591402
h3_r8,88b2c55739fffff,E22_N420,validation,46659,78759.11199999995,39285,60306.89720000002,944.0288440791192
h3_r8,88b2c5573bfffff,E22_N420,validation,8066,12446.8275,7068,10622.245400000003,943.9381666317348
h3_r8,88b2c5573dfffff,E22_N420,validation,32202,55333.86450000001,39086,58563.1373,944.1035318779176
h3_r8,88b2c55741fffff,E22_N420,validation,53423,80207.66780000004,47342,70502.71630000003,944.2580383026508
h3_r8,88b2c55743fffff,E22_N420,validation,108,163.10500000000002,525,766.1085,944.1673841319862
h3_r8,88b2c55745fffff,E22_N420,validation,14031,21369.58760000001,15989,23952.55369999999,944.3327555082506
h3_r8,88b2c55747fffff,E22_N420,validation,1424,2242.9057,680,998.3042999999994,944.2421015978324
h3_r8,88b2c55749fffff,E22_N420,validation,4723,6848.8458,2374,3630.9944,944.27396047028
h3_r8,88b2c5574bfffff,E22_N420,validation,68702,98312.09159999993,68486,96976.087,944.183310873399
h3_r8,88b2c5574dfffff,E22_N420,validation,146147,205662.11660000007,161152,233954.79359999995,944.348687641672
h3_r8,88b2c55751fffff,E22_N420,validation,10350,15431.7344,8515,12588.992800000004,944.0019972122972
h3_r8,88b2c55753fffff,E22_N420,validation,16662,24975.374400000004,11535,17173.683500000006,943.9113331749104
h3_r8,88b2c55757fffff,E22_N420,validation,8675,14897.484199999995,3776,5591.219500000002,943.9860613496276
h3_r8,88b2c55759fffff,E22_N420,validation,122139,175030.8485999998,136950,196749.79420000003,944.0179185514572
h3_r8,88b2c5575bfffff,E22_N420,validation,13006,19452.508100000006,12235,18025.255300000004,943.9272590732436
h3_r8,88b2c5575dfffff,E22_N420,validation,10609,16675.5666,10482,15268.010199999995,944.0926564479014
h3_r8,88b2c55769fffff,E22_N420,validation,4380,6509.1303,5010,7290.0872,944.4074624839704
h3_r8,88b2c5576bfffff,E22_N420,validation,35583,52156.97070000001,21068,30356.84270000001,944.3168088358944
h3_r8,88b2c5576dfffff,E22_N420,validation,2699,4416.1713,6452,9854.5858,944.4821592250956
h3_r8,88b2c57041fffff,E23_N418,validation,0,0.0,1,1.5129,940.9693937267292
h3_r8,88b2c57045fffff,E23_N418,validation,6028,9488.191999999995,3253,4953.733699999999,941.0440467803272
h3_r8,88b2c57049fffff,E23_N418,validation,9039,14189.2434,5235,7941.133000000002,940.9855730114504
h3_r8,88b2c5704bfffff,E23_N418,validation,1369,2177.0092,387,586.2865,940.8947305885376
h3_r8,88b2c5704dfffff,E23_N418,validation,8807,13849.419799999996,5608,8291.3724,941.060236081248
h3_r8,88b2c57065fffff,E23_N418,validation,844,1378.2553999999996,515,784.326,941.1770989017097
h3_r8,88b2c57069fffff,E23_N418,validation,4811,7926.886800000002,3263,5008.394700000001,941.1186897411826
h3_r8,88b2c5706dfffff,E23_N418,validation,1710,2984.9536000000003,876,1312.7873,941.1933226047548
h3_r8,88b2c57141fffff,E23_N418,validation,31455,55257.04270000003,18352,27517.380400000005,941.4917529614175
h3_r8,88b2c57143fffff,E23_N418,validation,753,1186.3404999999998,410,616.3202999999997,941.4009067695588
h3_r8,88b2c57145fffff,E23_N418,validation,13929,23510.839299999985,7237,10892.104700000004,941.5663352477133
h3_r8,88b2c57147fffff,E23_N418,validation,1108,2010.2942000000005,3190,4669.2776,941.4754891537012
h3_r8,88b2c57149fffff,E23_N418,validation,8036,13646.581399999995,5369,8024.767599999998,941.5080023984192
h3_r8,88b2c5714bfffff,E23_N418,validation,13473,20827.697,4937,7542.300299999999,941.417160549492
h3_r8,88b2c5714dfffff,E23_N418,validation,18882,31552.88360000001,13244,19867.561900000008,941.58259471145
h3_r8,88b2c57159fffff,E23_N418,validation,666,1043.2755000000004,17,28.146999999999995,941.2517116355012
h3_r8,88b2c5715dfffff,E23_N418,validation,10985,17831.554299999996,5940,9023.343700000005,941.326314262813
h3_r8,88b2c57161fffff,E23_N418,validation,488,858.8225,720,1042.6839,941.624623525364
h3_r8,88b2c57169fffff,E23_N418,validation,14985,26846.50300000001,9848,14733.701899999996,941.6409073979012
h3_r8,88b2c5716bfffff,E23_N418,validation,3575,6392.0277,2081,3120.3177000000005,941.550061408314
h3_r8,88b2c57215fffff,E24_N418,train,0,0.0,29,43.3254,940.777658232546
h3_r8,88b2c57221fffff,E23_N418,validation,3264,5118.885499999999,2564,3776.444499999999,941.0925716076744
h3_r8,88b2c57223fffff,E23_N418,validation,2601,4490.559400000002,2498,3881.5013000000017,941.0017379426864
h3_r8,88b2c57225fffff,E23_N418,validation,11516,17758.927200000006,7919,11517.336799999995,941.1672446127632
h3_r8,88b2c57229fffff,E23_N418,validation,2550,3885.6265,1909,2781.7682,941.108717823692
h3_r8,88b2c5722bfffff,E23_N418,validation,9,14.8584,79,120.06110000000002,941.0178885119384
h3_r8,88b2c5722dfffff,E23_N418,validation,9391,14649.3638,7403,10966.192899999993,941.1834008398582
h3_r8,88b2c57231fffff,E23_N418,validation,13687,21845.66170000002,7273,10934.090299999994,940.836216633732
h3_r8,88b2c57233fffff,E23_N418,validation,28,50.320600000000006,0,0.0,940.7453740804922
h3_r8,88b2c57235fffff,E23_N418,validation,8375,13666.757799999998,7606,11477.7611,940.9108998607262
h3_r8,88b2c57237fffff,E23_N418,validation,4990,8559.929199999995,3501,5441.168600000002,940.8200573712238
h3_r8,88b2c57239fffff,E23_N418,validation,5269,8202.2076,4366,6542.845900000001,940.8523615418816
h3_r8,88b2c5723dfffff,E23_N418,validation,3111,4848.1442000000025,1659,2571.5175999999988,940.9270547797204
h3_r8,88b2c57261fffff,E23_N418,validation,6317,9228.214999999998,4854,6865.973500000002,941.2156701872592
h3_r8,88b2c57265fffff,E23_N418,validation,1623,2539.7522000000004,4354,6566.094700000003,941.2903631293448
h3_r8,88b2c57267fffff,E23_N418,validation,20,33.0021,31,47.7048,941.1995427000802
h3_r8,88b2c5726dfffff,E23_N418,validation,3297,4886.9323,2487,3496.864199999998,941.3064862484462
h3_r8,88b2c57301fffff,E23_N418,validation,11156,16815.2017,9451,14132.192099999998,941.482031941996
h3_r8,88b2c57303fffff,E23_N418,validation,300367,419517.2935,339625,488021.5113000001,941.3912030546344
h3_r8,88b2c57305fffff,E23_N418,validation,10629,16056.520399999998,5079,7365.427000000001,941.5566644449718
h3_r8,88b2c57307fffff,E23_N418,validation,7424,12330.7333,4508,6997.239100000001,941.4658356569709
h3_r8,88b2c57309fffff,E23_N418,validation,205492,280829.54280000087,209822,296655.39910000016,941.498213847226
h3_r8,88b2c5730bfffff,E23_N418,validation,26168,41742.03379999997,18763,28736.923400000007,941.4073893215392
h3_r8,88b2c5730dfffff,E23_N418,validation,10644,16482.69780000001,3556,5512.137700000003,941.572856365994
h3_r8,88b2c57311fffff,E23_N418,validation,11343,17324.126800000005,7086,10711.4019,941.2257269193652
h3_r8,88b2c57313fffff,E23_N418,validation,11439,18105.272900000004,8537,12913.828300000005,941.134889061097
h3_r8,88b2c57315fffff,E23_N418,validation,591694,835693.9297999884,576213,823807.5927999999,941.3003697201492
h3_r8,88b2c57317fffff,E23_N418,validation,5372,9001.760599999994,3508,5484.8641000000025,941.209531943954
h3_r8,88b2c57319fffff,E23_N418,validation,25509,39264.47289999999,20296,30431.340499999995,941.2419075251092
h3_r8,88b2c5731bfffff,E23_N418,validation,12801,19783.825900000003,9380,14196.338600000008,941.1510740175144
h3_r8,88b2c5731dfffff,E23_N418,validation,31446,48916.96559999999,21906,33665.46769999999,941.316560343781
h3_r8,88b2c57321fffff,E23_N418,validation,0,0.0,45,64.9124,941.6150705044856
h3_r8,88b2c57323fffff,E23_N418,validation,8346,13929.981900000002,6756,10264.959099999998,941.5242374600492
h3_r8,88b2c57327fffff,E23_N418,validation,7314,12734.014899999998,8621,13102.322399999995,941.5988397981272
h3_r8,88b2c57329fffff,E23_N418,validation,5866,9245.7943,2362,3527.398999999999,941.6312868268578
h3_r8,88b2c5732bfffff,E23_N418,validation,8987,15290.459900000003,5077,7751.043600000002,941.540458143747
h3_r8,88b2c5732dfffff,E23_N418,validation,271,420.0821,33,45.834900000000005,941.7058990834048
h3_r8,88b2c57331fffff,E23_N418,validation,12147,21008.3574,8971,13542.6851,941.3587874009972
h3_r8,88b2c57333fffff,E23_N418,validation,4519,7624.702799999997,2720,4105.0627,941.2679453655146
h3_r8,88b2c57335fffff,E23_N418,validation,21848,35624.1898,17559,26251.424800000004,941.4333999577212
h3_r8,88b2c57337fffff,E23_N418,validation,6559,11008.902000000002,3174,4919.985699999998,941.3425580139738
h3_r8,88b2c57339fffff,E23_N418,validation,6287,10523.2637,3957,6437.074599999999,941.375002412824
h3_r8,88b2c5733bfffff,E23_N418,validation,17877,30056.69860000001,14656,23001.876199999995,941.2841647253372
h3_r8,88b2c5733dfffff,E23_N418,validation,12180,20307.149399999995,6519,9886.248700000002,941.4496249954682
h3_r8,88b2c57341fffff,E23_N418,validation,357270,491118.12370000087,345450,492014.54970000015,941.6051970547996
h3_r8,88b2c57343fffff,E23_N418,validation,6838,9490.5816,3724,5431.2207,941.5143813714384
h3_r8,88b2c57345fffff,E23_N418,validation,46859,70174.29719999999,33318,48849.6139,941.6798494809772
h3_r8,88b2c57347fffff,E23_N418,validation,7890,11807.1249,5332,8207.912000000002,941.5890339022736
h3_r8,88b2c57349fffff,E23_N418,validation,10164,13899.8102,10110,13934.584200000005,941.621345817868
h3_r8,88b2c5734bfffff,E23_N418,validation,32272,48236.6204,27020,39847.9356,941.5305345109082
h3_r8,88b2c5734dfffff,E23_N418,validation,205611,275816.72739999986,199735,284735.46210000006,941.6960082569858
h3_r8,88b2c57351fffff,E23_N418,validation,35818,52687.717,31662,46138.17230000001,941.348898474127
h3_r8,88b2c57353fffff,E23_N418,validation,20479,30781.2182,13167,19366.835000000006,941.2580737660172
h3_r8,88b2c57355fffff,E23_N418,validation,21728,31424.5564,13484,20261.984499999995,941.4235612123156
h3_r8,88b2c57357fffff,E23_N418,validation,59178,89087.77310000006,36199,54367.54530000002,941.332736595068
h3_r8,88b2c57359fffff,E23_N418,validation,30276,44797.1855,24119,35043.65280000001,941.3650459774072
h3_r8,88b2c5735bfffff,E23_N418,validation,30798,45390.64070000001,14051,20762.1933,941.2742256335914
h3_r8,88b2c5735dfffff,E23_N418,validation,24957,37388.324000000015,27285,39579.30350000001,941.4397187270806
h3_r8,88b2c57361fffff,E23_N418,validation,22130,34374.79720000001,16610,23772.0555,941.7383086115004
h3_r8,88b2c57363fffff,E23_N418,validation,17890,27851.3427,12198,17660.266900000006,941.6474887677468
h3_r8,88b2c57365fffff,E23_N418,validation,7400,11739.268499999998,5364,7952.4349,941.8129307760393
h3_r8,88b2c57367fffff,E23_N418,validation,3656,5642.0138,2104,3112.7385000000004,941.7221110430546
h3_r8,88b2c57369fffff,E23_N418,validation,41289,65050.38120000001,52984,77148.13739999999,941.7544917909544
h3_r8,88b2c5736bfffff,E23_N418,validation,27192,42733.9716,15807,23957.471300000005,941.663676321099
h3_r8,88b2c5736dfffff,E23_N418,validation,17023,27197.346699999995,11973,17734.049100000004,941.8291239707032
h3_r8,88b2c57a41fffff,E22_N418,train,4806,7732.493300000001,4012,6381.258399999998,942.0136159266694
h3_r8,88b2c57a43fffff,E23_N418,validation,3063,5021.325599999998,2774,4572.9053,941.9227705149096
h3_r8,88b2c57a45fffff,E22_N418,train,1277,2225.5816,969,1632.7009,942.0881271455436
h3_r8,88b2c57a4dfffff,E22_N418,train,1915,3240.2227,1429,2179.807700000001,942.1044568609796
h3_r8,88b2c57a55fffff,E23_N418,validation,9204,14478.117900000008,7532,12192.3983,941.8319206313464
h3_r8,88b2c57a57fffff,E23_N418,validation,15,23.9363,22,38.1302,941.7410662902984
h3_r8,88b2c57a69fffff,E22_N418,train,4711,7985.899999999999,3733,6266.097900000002,942.1626281871576
h3_r8,88b2c57a6dfffff,E22_N418,train,2715,3735.4956,1478,2419.3514000000005,942.2371190431296
h3_r8,88b2c57b01fffff,E22_N418,train,6377,10226.101199999996,5484,9318.4258,942.411304174224
h3_r8,88b2c57b05fffff,E22_N418,train,2365,3763.7108,1856,3171.0633999999995,942.4857240661512
h3_r8,88b2c57b07fffff,E22_N418,train,579,955.0432999999996,236,391.8016,942.3948666016804
h3_r8,88b2c57b09fffff,E22_N418,train,189,313.5218999999999,37,60.0041,942.4277273424668
h3_r8,88b2c57b0bfffff,E22_N418,train,365,605.8259999999998,242,395.9539000000001,942.336874065688
h3_r8,88b2c57b31fffff,E22_N418,train,134,215.66499999999996,68,113.6668,942.2875483469688
h3_r8,88b2c57b37fffff,E22_N418,train,514,855.7827999999997,316,539.5592000000004,942.2710776544408
h3_r8,88b2c57b39fffff,E22_N418,train,4,6.6688,0,0.0,942.3040046518436
h3_r8,88b2c57b3dfffff,E22_N418,train,0,0.0,2,2.9911000000000003,942.3784146342076
h3_r8,88b2c57b41fffff,E22_N418,train,287,484.6834,59,100.8516,942.5349805280566
h3_r8,88b2c57b43fffff,E22_N418,train,37,65.58290000000001,10,17.8679,942.4441361073405
h3_r8,88b2c57b49fffff,E22_N418,train,490,859.3610999999996,383,578.5355000000001,942.5513705284684
h3_r8,88b2c57b4bfffff,E22_N418,train,12,20.6609,19,31.4848,942.4605304617436
h3_r8,88b2c57b57fffff,E22_N418,train,455,775.9126,276,441.6832,942.2624337533488
h3_r8,88b2c5cd33fffff,E22_N420,validation,3052,4623.587399999999,2003,2849.3215000000005,944.6682743792188
h3_r8,88b2c5cd81fffff,E22_N420,validation,0,0.0,1,1.7663,944.2468724707142
h3_r8,88b2c5cd85fffff,E22_N420,validation,6197,9188.1562,5628,8130.676499999998,944.3216397352516
h3_r8,88b2c5cd87fffff,E22_N420,validation,1704,2482.1612999999998,1570,2174.9468000000006,944.231003877474
h3_r8,88b2c5cd8dfffff,E22_N420,validation,6776,9922.650500000002,5209,7545.950099999998,944.3375037367224
h3_r8,88b2c5cd91fffff,E22_N420,validation,21989,31634.40480000001,20718,29097.236200000003,943.9908174314768
h3_r8,88b2c5cd95fffff,E22_N420,validation,16742,23985.8868,15223,21479.6984,944.0655954063404
h3_r8,88b2c5cd97fffff,E22_N420,validation,16584,24149.3261,14712,20922.1535,943.9749496317236
h3_r8,88b2c5cd99fffff,E23_N420,test,796,1159.4422999999997,610,857.6825000000001,944.0066707035294
h3_r8,88b2c5cd9dfffff,E22_N420,validation,39,57.093900000000005,92,132.43559999999994,944.0814586292254
h3_r8,88b2c5cda1fffff,E22_N420,validation,3783,5683.0049,2329,3346.1525000000006,944.3805082797772
h3_r8,88b2c5cda3fffff,E22_N420,validation,10073,15123.182600000002,6298,9059.9331,944.2898680991492
h3_r8,88b2c5cda5fffff,E22_N420,validation,33243,47967.68819999999,28389,41274.1753,944.455245147401
h3_r8,88b2c5cda7fffff,E22_N420,validation,32780,48461.75539999997,27875,40138.6932,944.3646052301046
h3_r8,88b2c5cda9fffff,E22_N420,validation,6741,10021.8484,4775,6755.291599999998,944.3963967833552
h3_r8,88b2c5cdabfffff,E22_N420,validation,3,4.247199999999999,43,60.86229999999999,944.3057611870464
h3_r8,88b2c5cdb1fffff,E22_N420,validation,17835,25907.48849999999,14325,20988.7337,944.1244754688814
h3_r8,88b2c5cdb3fffff,E22_N420,validation,45375,69316.14890000007,36744,54308.83340000002,944.0338253658264
h3_r8,88b2c5cdb5fffff,E22_N420,validation,280,412.0886,4278,5820.477099999999,944.1992230765754
h3_r8,88b2c5cdb7fffff,E22_N420,validation,311508,451118.5810000025,316031,441677.052,944.1085732249776
h3_r8,88b2c5cdb9fffff,E22_N420,validation,4070,5834.740099999999,3252,4591.9665,944.1403631783324
h3_r8,88b2c5cdbbfffff,E22_N420,validation,16781,24205.2508,16749,24450.928099999997,944.0497176519712
h3_r8,88b2c5cdbdfffff,E22_N420,validation,297,435.4974999999999,110,158.9389,944.2151207461138
h3_r8,88b2c5cdd7fffff,E22_N420,validation,1068,1548.9788,831,1181.9773999999995,944.0973073181232
h3_r8,88b2c5cde1fffff,E22_N420,validation,21465,33100.85390000002,20356,30160.988800000006,944.5028968801488
h3_r8,88b2c5cde3fffff,E22_N420,validation,1,1.6992,0,0.0,944.4122707388016
h3_r8,88b2c5cde5fffff,E22_N420,validation,11667,17443.956300000005,10765,15814.783100000006,944.5776533901226
h3_r8,88b2c5cde7fffff,E22_N420,validation,3653,5417.203299999997,3689,5196.492100000001,944.4870275200228
h3_r8,88b2c5cde9fffff,E22_N420,validation,3662,5309.261000000001,2906,4164.815600000002,944.5187516844016
h3_r8,88b2c5cdebfffff,E22_N420,validation,4611,6926.266199999998,5667,8230.5397,944.4281301448354
h3_r8,88b2c5cdedfffff,E22_N420,validation,1432,2104.5388,1326,1884.9514000000004,944.5935181448584
zona777,0,E22_N419,train,51429,73245.21290000006,23707,34090.71610000001,2039.5593764827356
zona777,1,E22_N420,validation,28839,47012.61059999999,24460,36010.57679999999,1221.423961211869
zona777,2,E23_N420,test,7569,11382.854700000002,12163,17955.014,1395.3666029460728
zona777,3,E22_N420,validation,25082,39383.74810000002,12792,19031.4093,1326.1028390348074
zona777,4,E23_N420,test,43907,70746.9321,43540,64047.67050000003,1254.698532614624
zona777,5,E22_N420,validation,42784,67321.8008,33375,48347.371900000006,1614.4126840420067
zona777,6,E22_N420,validation,35427,55692.29759999999,27926,40984.64149999999,1228.9497054945678
zona777,7,E23_N420,test,30713,43913.85419999997,11011,17500.360600000007,1102.4888370633123
zona777,8,E23_N420,test,447474,626657.4414999995,507067,708973.5931000003,882.0741334855556
zona777,9,E23_N420,test,12478,18671.33989999999,12292,18144.369700000003,912.2299047335982
zona777,10,E22_N420,validation,40418,65492.74970000007,34511,51492.0785,1331.7756765686208
zona777,11,E22_N420,validation,138762,195867.20419999975,160785,232515.70660000003,1694.1165404376225
zona777,12,E22_N420,validation,20633,31047.979400000007,20695,30697.6435,1131.6166477992665
zona777,13,E22_N420,validation,28050,44979.86009999998,21641,31902.711599999995,1112.8707595951855
zona777,14,E22_N420,validation,7795,11985.7244,7280,10556.921900000005,771.090860683471
zona777,15,E23_N420,test,31484,47410.04559999998,19370,28386.112100000013,786.718655901961
zona777,16,E22_N420,validation,19046,29397.64339999997,14398,21718.297400000007,1196.57120454486
zona777,17,E22_N420,validation,19115,27759.729100000008,13380,19762.8396,1358.7617633699556
zona777,18,E22_N420,validation,16229,23159.6381,14789,21783.42579999999,982.7171309310944
zona777,19,E22_N420,validation,50214,78127.68980000008,40285,59287.470700000005,1642.226269904524
zona777,20,E23_N420,test,34506,50057.21619999998,27310,40232.752300000015,1118.9931938842635
zona777,21,E22_N420,validation,13520,21064.07760000001,14333,21221.586000000003,1264.705059511587
zona777,22,E22_N420,validation,12408,19807.97980000001,6942,10682.072599999998,1069.0886025065556
zona777,23,E22_N420,validation,318213,447363.2200000007,353863,504926.8860000001,1608.3956007603556
zona777,24,E22_N420,validation,5215,7566.293399999998,3151,4565.8768,846.4509941125871
zona777,25,E23_N420,test,22188,33429.1787,13450,19829.1185,1133.9253871329129
zona777,26,E22_N420,validation,13309,19915.722800000007,7035,10615.481000000002,933.0695059910068
zona777,27,E23_N420,test,29120,42398.37610000001,22448,33080.2801,1223.2744609446963
zona777,28,E22_N420,validation,4274,6914.313599999999,4029,6074.629299999999,1108.929649518279
zona777,30,E23_N420,test,22815,35753.33119999998,6343,9065.0477,1249.5794231062755
zona777,31,E23_N420,test,8160,12670.747900000002,5346,7708.900600000001,1030.5613923192725
zona777,32,E23_N420,test,21491,34909.78890000001,17963,25903.02700000001,1716.316542571236
zona777,33,E23_N420,test,36849,55001.20399999999,29994,43291.587399999975,1240.157105200924
zona777,34,E23_N420,test,42348,67542.46970000002,67061,96702.69400000002,2156.2653269292787
zona777,35,E23_N420,test,106448,148538.45609999946,104527,142379.40450000006,2932.308122280985
zona777,36,E22_N420,validation,88241,125680.12630000005,51706,74957.03689999998,1639.184344355017
zona777,37,E23_N420,test,324864,455226.7270999979,297092,419786.21,1235.984392109909
zona777,38,E23_N420,test,34450,51967.62990000002,29470,43008.16890000001,1108.8076279349625
zona777,39,E23_N420,test,20473,31190.419500000007,16334,23858.058399999984,1623.7751498027935
zona777,40,E23_N420,test,228869,316424.3678999999,209263,301407.45820000017,1393.920300879341
zona777,41,E23_N420,test,126636,173056.94099999944,129263,185660.7026,1208.0236686374992
zona777,42,E23_N420,test,22578,35511.9581,17570,25333.7477,922.8705220885458
zona777,43,E23_N420,test,22333,31885.813599999987,10745,15763.563699999995,1297.5269616963342
zona777,44,E23_N420,test,41613,61400.99160000001,31710,46582.1959,1099.7936959322542
zona777,45,E23_N420,test,10925,17309.1881,10770,15795.966699999994,791.0016609765589
zona777,46,E23_N420,test,16874,26783.383999999987,11656,16644.3997,1944.4568313099444
zona777,47,E23_N420,test,10438,16959.349200000004,6888,9936.902099999998,1251.6991748725995
zona777,48,E23_N420,test,91957,132067.5565000001,99971,145513.03119999997,1267.6637846566737
zona777,49,E23_N420,test,10906,17101.812200000008,13638,20142.5419,1150.514354285784
zona777,50,E23_N420,test,17243,26787.97820000001,13058,19132.9034,1936.947679955454
zona777,51,E23_N420,test,9015,14556.1709,6662,9841.808600000004,837.3434639656916
zona777,52,E23_N420,test,5455,8724.298799999999,7152,10401.0488,1139.9591957483208
zona777,53,E23_N420,test,129955,185888.5207000005,140469,198626.41599999997,1099.1617231322452
zona777,54,E23_N420,test,8242,12768.815700000005,8371,12091.436700000007,1960.4562177890912
zona777,55,E23_N419,train,346804,488691.5594999971,383954,540653.6698000001,1133.0509644150152
zona777,56,E22_N420,validation,25250,44134.71359999998,28934,43776.27849999999,3526.986878424883
zona777,57,E22_N420,validation,10913,19356.349600000005,7913,12503.389999999996,1442.7581635329989
zona777,58,E22_N420,validation,36846,63315.96829999997,40136,60957.25769999999,1843.3310960526576
zona777,59,E22_N420,validation,20400,34374.0968,13399,19990.553800000005,2734.583563870983
zona777,60,E22_N420,validation,24978,43712.9173,18733,29178.60710000001,1692.4173210232984
zona777,61,E22_N420,validation,7487,13506.2177,7347,11968.9091,1640.7158516258933
zona777,62,E22_N420,validation,43669,73054.75600000001,46040,70158.98540000002,1081.6343634482473
zona777,63,E22_N420,validation,8491,14413.546399999996,10485,15387.291900000002,1343.119827517483
zona777,64,E22_N420,validation,34642,56216.0595,28387,42734.42549999999,1357.370528238942
zona777,65,E22_N420,validation,12397,19848.9362,13011,19446.294,1371.338331449777
zona777,66,E22_N420,validation,12087,19905.62620000001,10990,16484.680800000006,1480.113253634423
zona777,67,E22_N420,validation,56205,91163.45960000006,50748,77350.86890000004,1432.5133332228288
zona777,68,E22_N420,validation,52576,86830.04349999997,54001,82067.99019999999,1558.444228055887
zona777,69,E22_N420,validation,41677,63616.39400000007,53876,80375.41040000002,1879.089184311917
zona777,70,E22_N420,validation,43847,64593.80730000001,27653,39957.4845,2413.0024188207462
zona777,71,E22_N419,train,328939,531247.4849000014,336455,472191.78079999983,1927.7390340507263
zona777,72,E22_N419,train,75200,105415.72639999984,61943,89156.47450000003,2100.700551859918
zona777,73,E22_N419,train,45745,70095.59400000008,73429,106845.2342,1285.8529009753838
zona777,74,E22_N419,train,2516,3931.0831,4881,6999.4849,803.2682689130306
zona777,75,E22_N419,train,20787,31835.190599999994,20370,30106.7803,1126.6313644109175
zona777,76,E22_N419,train,43698,58339.72410000004,23033,32807.190099999985,1230.080920831184
zona777,77,E22_N419,train,453938,664829.6340999958,454957,655849.892,1360.3254144389066
zona777,78,E22_N419,train,639466,1127178.9452999963,743638,1058663.0166000023,1115.667749135173
zona777,79,E22_N419,train,352414,495626.4404000034,403761,577867.8611999996,1040.524386418983
zona777,80,E22_N419,train,55263,87275.82019999996,57958,86376.0239,765.9126556767151
zona777,81,E22_N419,train,24149,34117.84280000003,27579,40084.6328,976.0664026523008
zona777,82,E22_N419,train,20296,31766.110199999992,29781,43462.3316,1044.5442777574062
zona777,83,E22_N419,train,11363,17196.3539,12126,17490.0027,968.629666587338
zona777,84,E22_N419,train,912682,1317339.5434000134,958805,1339710.815400001,1827.4223469030112
zona777,85,E22_N419,train,33268,48936.7341,19616,28798.043600000005,1240.5744335623458
zona777,86,E22_N419,train,36699,54717.448500000006,30581,44061.6345,1555.7842180766163
zona777,87,E22_N419,train,12847,18889.1921,9832,14274.3651,1046.0982067827135
zona777,88,E22_N419,train,22942,33987.774199999985,17094,25094.651300000016,931.8351843161508
zona777,89,E22_N419,train,18260,26327.7382,19201,28450.1738,1566.74832618027
zona777,90,E22_N419,train,22763,32114.215,15164,22547.8839,1523.902014454652
zona777,91,E22_N420,validation,16061,24206.27069999999,15883,23189.069700000007,842.6795327796135
zona777,92,E22_N420,validation,18373,27290.1201,19720,28526.0406,1102.1775419106707
zona777,93,E22_N420,validation,7871,12133.677600000005,4376,6482.446000000001,1186.8267654674128
zona777,94,E22_N420,validation,11944,18991.9194,15918,23284.5398,836.0059696654789
zona777,95,E22_N420,validation,7628,12251.255000000005,11332,16377.630399999993,825.8672250658274
zona777,96,E22_N420,validation,39935,58982.93470000001,36458,52364.3711,1262.7478484604508
zona777,97,E22_N420,validation,19002,28108.703,11171,16633.12119999999,1087.6327991766157
zona777,98,E22_N420,validation,1533,2243.6258,941,1352.0078,1319.5989614534774
zona777,99,E22_N420,validation,31428,46901.72970000003,42414,61400.5148,1243.1816226281226
zona777,100,E22_N420,validation,46155,69185.13410000002,22255,33160.034100000004,1212.0302322171628
zona777,101,E22_N420,validation,19140,30653.8862,20712,30535.5658,1261.861893653404
zona777,102,E22_N420,validation,35019,51147.77380000001,25364,37545.334400000014,995.7420015744864
zona777,103,E22_N419,train,49747,68921.20699999997,22110,31867.883199999986,1032.5360896373168
zona777,104,E22_N419,train,54667,78159.27969999996,37087,54669.2465,1160.4327031600403
zona777,105,E22_N419,train,18721,29218.694599999988,20110,29125.0802,1152.5237889247364
zona777,106,E22_N419,train,21950,34146.496200000016,17745,26062.6068,1508.2011581889235
zona777,107,E22_N419,train,15566,22025.1088,9789,14215.0749,773.9590860884637
zona777,108,E22_N419,train,33001,47287.58249999999,28507,41196.223000000005,1300.0117932761204
zona777,109,E22_N419,train,132699,183408.4087000001,144989,206959.3044,863.9758934988058
zona777,110,E22_N419,train,211851,301350.8966000004,279857,398444.3212000001,1246.3119159514315
zona777,111,E22_N419,train,44978,64573.40190000005,36958,54156.28090000002,1076.2260205354542
zona777,112,E22_N419,train,57978,84105.72039999986,37526,54831.91470000002,1094.171451613307
zona777,113,E22_N419,train,21296,30337.066700000007,9013,13597.9744,611.8918318906799
zona777,114,E22_N419,train,34283,42383.752700000005,21608,31109.254499999992,751.1669234210858
zona777,115,E22_N419,train,743,1115.3053,318,446.4895,936.8246451063314
zona777,116,E22_N419,train,86267,118411.1874,102454,147472.35790000003,946.0736308165942
zona777,117,E22_N419,train,300122,404519.1113000001,286188,409162.0524,1553.6733861510877
zona777,118,E22_N419,train,54555,72325.33859999997,38309,54566.94029999998,812.147410649748
zona777,119,E22_N419,train,87079,121370.0852000002,98541,141267.57670000003,821.8460538201034
zona777,120,E22_N419,train,11062,14450.929600000003,8750,12503.8657,1004.1125270568882
zona777,121,E22_N419,train,13011,17245.287800000002,11571,16435.94829999999,904.6831838373328
zona777,122,E22_N419,train,3177,4501.433899999998,6265,9209.2856,642.5979980221018
zona777,123,E22_N419,train,568201,761679.1303999946,466512,661354.9053999988,1262.7705581138143
zona777,124,E22_N419,train,17707,23626.740900000008,11368,16296.016999999996,584.6998911256087
zona777,125,E22_N419,train,18515,28410.201200000007,14709,21735.4925,1394.925569443032
zona777,126,E22_N419,train,24845,35809.78180000004,26635,38515.70310000001,1157.442850857624
zona777,127,E22_N419,train,48264,68295.01210000002,25209,36929.63119999997,770.651433875144
zona777,128,E22_N419,train,13831,19630.203699999995,9319,13891.188899999996,690.3447323423461
zona777,129,E22_N419,train,1761,2418.9820000000004,1375,1986.7821,856.685248285532
zona777,130,E22_N419,train,311986,432338.57989999984,316197,449573.10970000026,1526.625957319804
zona777,131,E22_N419,train,3010,4267.283500000002,2454,3911.316799999999,823.9884311994538
zona777,132,E22_N419,train,62977,90395.60200000004,44347,63975.31740000003,1373.3952995822765
zona777,133,E22_N419,train,26371,36263.34810000002,17832,27138.81890000001,1047.2720417330274
zona777,134,E22_N419,train,27189,39226.53889999996,51828,74352.56049999993,1849.7119829461444
zona777,135,E22_N420,validation,87500,136045.9172999999,76048,112893.2921,2968.532046507462
zona777,136,E22_N420,validation,36575,54962.6738,32733,48181.171300000045,1477.4787622839212
zona777,137,E22_N420,validation,54581,85851.73430000003,45688,68328.9763,1570.9437420070171
zona777,138,E22_N420,validation,37865,59489.45710000002,34017,50547.0491,1351.251703094691
zona777,139,E22_N420,validation,19090,31219.272000000008,16512,24442.5987,1077.7188475626754
zona777,140,E22_N420,validation,3956,5939.483100000001,440,708.8811000000002,963.9428448127584
zona777,141,E22_N420,validation,21955,34283.678499999995,20053,30048.1254,714.4951538424939
zona777,142,E22_N420,validation,9767,14778.520099999998,14644,21621.2931,839.2757045907201
zona777,143,E22_N420,validation,48858,73332.68009999994,36093,52954.34989999999,1186.795545621775
zona777,144,E22_N420,validation,46765,74320.16810000005,35795,53145.3341,530.4760120436549
zona777,145,E22_N420,validation,23273,37303.5787,26099,38266.3655,1362.613720960915
zona777,146,E22_N419,train,9656,14697.147100000002,24848,35908.3827,584.5446749645052
zona777,147,E22_N419,train,37632,54360.66730000002,24967,36464.082,959.58029448241
zona777,148,E22_N419,train,16993,23226.0113,15872,23017.233499999995,879.511032751936
zona777,149,E22_N419,train,27199,41128.26639999999,20983,30781.479100000008,2511.585392211564
zona777,150,E22_N419,train,205858,286331.9759000004,179793,251256.1403000001,1868.3229616632448
zona777,151,E22_N419,train,93257,140172.01570000037,84227,124183.3442,3345.2446583397686
zona777,152,E22_N419,train,43099,65494.63629999995,30949,45555.86849999999,1417.3133694017306
zona777,153,E22_N419,train,38926,63653.2769,43891,64779.08410000002,1471.37081610132
zona777,154,E22_N419,train,11596,17890.3992,12239,17928.011900000005,1465.8954211450182
zona777,155,E22_N419,train,19545,30807.5293,13438,20429.439200000004,1007.3658216254552
zona777,156,E22_N419,train,27854,44818.48029999998,33730,51649.3432,1760.1511148726568
zona777,157,E22_N419,train,29103,45191.63910000001,16794,25533.2527,6932.062418764806
zona777,158,E22_N419,train,44534,60760.29299999996,43187,61992.05949999999,1794.708999387687
zona777,159,E22_N419,train,37646,57877.08920000002,35246,51912.36719999998,1531.745410787058
zona777,160,E22_N419,train,41791,63249.52279999993,46833,67861.07800000001,1040.6320938561112
zona777,161,E22_N419,train,136698,188430.87929999977,148024,211214.703,1153.31751535926
zona777,162,E22_N419,train,111192,170914.29150000008,129693,184502.9809999999,1428.105403731577
zona777,163,E22_N419,train,19199,28787.28179999999,22309,33047.86000000001,1172.2510793870315
zona777,164,E22_N419,train,30610,46435.25180000002,23671,35101.539500000006,1471.1532306419683
zona777,165,E22_N419,train,72128,109861.45430000008,50640,74246.77390000001,1474.7128724383656
zona777,166,E22_N419,train,37535,58653.852200000016,45329,67349.51549999998,1147.418482771085
zona777,167,E22_N419,train,20871,32828.8566,30675,44832.943399999975,1504.575243846106
zona777,168,E22_N419,train,80670,118073.14700000022,77045,116616.18320000006,1314.882815087214
zona777,169,E22_N419,train,37574,58517.65490000001,30446,46063.11370000001,1834.122005596757
zona777,170,E22_N419,train,44157,70873.77619999998,39667,58556.39500000002,2741.93626824941
zona777,171,E22_N419,train,32399,49933.00170000001,36119,53038.3692,1028.3329562298022
zona777,172,E22_N419,train,73513,111630.46740000004,26607,38877.55169999998,1251.127746299724
zona777,173,E23_N419,train,8696,13451.9124,11765,17413.056599999993,1526.7454706756398
zona777,174,E23_N420,test,33704,53525.2007,48405,71144.47769999999,2899.323155265301
zona777,175,E23_N420,test,1294538,1700188.6573999578,1433908,1956355.670799995,1381.5530462969327
zona777,176,E23_N420,test,253907,376716.099099998,165552,234598.956,1560.536579668522
zona777,177,E23_N419,train,34564,47049.516100000015,27187,38234.5907,936.7870244886726
zona777,178,E23_N419,train,544806,737144.1261999953,588700,806398.7420999997,1291.2667511422187
zona777,179,E23_N420,test,913286,1197756.0029999954,1024332,1401679.117299998,1304.699029690586
zona777,180,E23_N420,test,121106,157769.9567000003,127914,178879.29990000004,1386.1377253223327
zona777,181,E23_N419,train,512456,708934.2790999972,592204,827194.9367000001,980.61104805395
zona777,182,E23_N419,train,103912,143000.55540000033,95247,130524.37149999998,1301.8633642182683
zona777,183,E23_N419,train,298832,400719.0583999993,338775,464239.4106,1669.5064805857835
zona777,184,E23_N419,train,93767,132525.66800000003,84142,116404.22780000008,1724.85040150024
zona777,185,E23_N419,train,37657,53926.34240000003,20676,29149.369,1648.332164819003
zona777,186,E23_N419,train,111126,145828.86949999997,72584,100047.1947,1549.3989092713457
zona777,187,E23_N419,train,36903,49508.08149999991,25061,35142.50710000001,2018.440814693284
zona777,188,E23_N420,test,45779,66036.34099999996,54076,75590.48150000004,1935.1161564710785
zona777,189,E23_N420,test,127976,178011.59269999995,66323,93601.6361,1685.4890012653775
zona777,190,E23_N420,test,31297,46106.27550000001,33092,44998.16640000002,1965.364043700276
zona777,191,E23_N420,test,37293,55502.99739999997,20410,28600.70659999999,1997.8066031453784
zona777,192,E23_N420,test,51162,70767.38939999988,37423,51182.44500000002,1508.755086983554
zona777,193,E23_N420,test,65476,96952.3596000001,38756,53648.63490000003,1988.4197757707443
zona777,194,E23_N420,test,38846,57475.24990000003,33546,47264.8112,1973.821585185011
zona777,195,E23_N420,test,131080,194106.27689999988,113718,158210.7647000001,1586.316506634641
zona777,196,E23_N420,test,14993,21762.0315,60782,84787.51040000003,1219.4574400587007
zona777,197,E23_N420,test,21919,31770.71380000001,41271,58071.54770000002,1393.484668880934
zona777,198,E23_N420,test,21840,32961.74189999998,22003,31249.46000000001,1621.733118861448
zona777,199,E23_N420,test,131894,185304.3663999998,16866,24644.49189999999,1870.608290716249
zona777,200,E23_N420,test,15292,22115.587799999998,19760,27228.322000000007,7548.145075770502
zona777,201,E23_N420,test,49108,68358.08849999997,17645,24814.172700000006,1403.1248508746503
zona777,202,E23_N420,test,67947,99856.52459999986,69981,97475.9743,3336.2692966302857
zona777,203,E24_N420,train,4402,7530.772800000001,7348,10833.903300000004,2259.223213358025
zona777,204,E23_N420,test,114479,166388.87580000007,49543,71392.2037,3280.8393101450056
zona777,206,E23_N420,test,1258925,1671285.2168000033,1472045,2024960.4612999929,2068.8192218359327
zona777,207,E23_N420,test,142960,193331.19770000057,105873,148538.35580000002,1873.0881936224175
zona777,208,E23_N420,test,121417,168196.9503000003,147545,204736.3971,2314.8962610088056
zona777,209,E23_N420,test,6048,9925.861400000002,41409,57406.27559999997,1489.8394770073355
zona777,210,E23_N420,test,141211,194249.1986999998,125405,174040.87540000002,1531.361170086544
zona777,211,E23_N420,test,31277,44561.1716,76791,104812.4368,1440.2157522327034
zona777,212,E24_N420,train,7204,12194.1953,65057,89862.07760000003,2443.443959127704
zona777,213,E23_N420,test,836462,1090315.737300006,900095,1220851.120699998,1705.099138565245
zona777,214,E23_N420,test,506719,658932.8260000017,564185,760633.9176999994,1742.5848028307082
zona777,215,E23_N420,test,589600,769756.4142000001,589839,803034.6651999992,1348.770281254314
zona777,216,E23_N420,test,167461,217893.0856000001,102081,139047.99850000005,1089.8219350297004
zona777,217,E23_N420,test,219392,292842.3296999993,246347,336963.1236,1424.6604881496169
zona777,218,E23_N420,test,36994,52629.387,93518,127087.77840000002,1607.214622032072
zona777,219,E23_N420,test,58401,77242.02530000001,38134,52740.06949999998,1959.594531212002
zona777,220,E23_N420,test,32725,46267.80850000004,25176,34441.34869999998,3614.500457076181
zona777,221,E23_N420,test,150662,204885.55099999948,186770,257458.73269999996,1660.7766826783773
zona777,222,E23_N420,test,375222,513626.4317999972,347113,478437.1520999999,1303.2196224032668
zona777,223,E23_N420,test,31552,44831.40440000001,19889,28069.6559,980.3689757324756
zona777,224,E23_N420,test,186081,250764.91310000035,229180,316608.1601000001,1522.5657927719876
zona777,225,E23_N420,test,29856,43379.34999999997,43771,60930.9208,1404.587133895373
zona777,226,E23_N420,test,47737,67630.15420000003,34756,48782.1511,1090.9144929084578
zona777,227,E23_N420,test,77422,109563.90720000005,72018,100067.31559999996,1382.3460190612825
zona777,228,E23_N420,test,68040,98072.65399999982,70172,99035.2136,1453.6686302970047
zona777,229,E23_N420,test,85052,124002.3455999998,57423,81807.47400000003,1920.5141970161349
zona777,230,E23_N420,test,40508,57883.15150000004,27366,38563.83069999999,3317.203586820513
zona777,231,E23_N419,train,544268,740809.0620000092,591723,828120.3966999998,1749.2919214176943
zona777,232,E23_N419,train,555817,744222.4532000034,588555,812715.3674999997,1429.5482564931735
zona777,233,E23_N419,train,61328,86824.68039999994,48071,67053.77500000002,1394.3470981824794
zona777,234,E23_N419,train,24566,34487.72730000001,20073,27812.4365,1960.5191719689171
zona777,235,E23_N419,train,47288,62782.69790000001,30116,41372.4821,1194.0048842967371
zona777,236,E23_N419,train,245145,323726.6844999994,231319,323674.9243,1385.0928643948864
zona777,237,E23_N419,train,21686,29390.150799999985,21346,29909.40400000001,1374.2149127206649
zona777,238,E23_N419,train,207870,291789.81670000055,262183,370486.5243000007,1537.9109198581427
zona777,239,E23_N419,train,114505,160835.2664000001,128822,180393.60130000007,1147.942667174153
zona777,240,E23_N419,train,467928,617760.4556999976,410070,567059.5509000005,1466.1148190667154
zona777,241,E23_N419,train,21493,29907.579599999997,36351,50986.26720000001,1557.5542144244537
zona777,242,E23_N419,train,130331,175467.22170000005,136114,190033.70940000005,1186.1287273261696
zona777,243,E23_N419,train,16504,23993.051899999995,12375,17764.4231,1200.0438044238836
zona777,244,E23_N419,train,2125,3194.9616,3115,4411.5175,765.023587329255
zona777,245,E23_N419,train,52868,76358.38680000002,59261,82753.66830000002,1309.6226616613567
zona777,246,E23_N419,train,131374,182133.6899999997,175914,244048.8003000001,1216.4942137112375
zona777,247,E23_N419,train,33752,45716.3334,28223,39420.4326,1108.2069628484314
zona777,248,E23_N419,train,25204,35288.85330000002,12148,17117.066200000005,1641.8603028237703
zona777,249,E23_N419,train,29991,40055.68780000002,26979,37593.8282,795.2499417565996
zona777,250,E23_N419,train,13996,20217.46120000001,12018,16894.734600000007,1241.39486990124
zona777,251,E23_N419,train,31790,46634.9227,51880,72386.36209999998,2327.0850321650505
zona777,252,E23_N419,train,18102,26185.23359999999,15761,22095.2415,1043.2628703275695
zona777,253,E23_N419,train,33433,48134.0897,25863,37031.71069999999,1641.7707666162169
zona777,254,E23_N419,train,13127,19121.442199999998,10383,14525.760899999996,3096.730366217904
zona777,255,E23_N419,train,14070,19690.9137,15556,21692.603400000004,1597.0801487978897
zona777,256,E23_N419,train,237817,322982.7898999996,273527,378216.60399999993,1266.742276007717
zona777,257,E23_N419,train,407492,551123.9918999956,456523,639540.0624000004,1208.6548082927477
zona777,258,E23_N419,train,24882,37048.21360000002,28420,40306.49880000001,1355.1976180072525
zona777,259,E23_N419,train,31576,46830.18549999999,27774,39914.4494,1306.4607145037735
zona777,260,E23_N419,train,12394,18137.7302,32826,45862.2508,1460.8579662665725
zona777,261,E23_N419,train,43878,66481.00610000003,52180,74332.6966,937.1792811221676
zona777,262,E22_N419,train,5147,7486.713899999998,3989,5867.382700000004,701.8576879221946
zona777,263,E22_N419,train,9003,15333.161299999994,7966,11630.891500000002,715.2259549847804
zona777,264,E23_N419,train,17609,25953.737,29412,42757.87410000002,1100.5547797966865
zona777,265,E23_N419,train,54171,86414.74200000006,35400,52246.73150000001,798.0019508022815
zona777,266,E23_N419,train,604210,864583.3403,698883,993943.7938000018,793.5525362677872
zona777,267,E23_N419,train,49358,72931.14660000004,63468,92204.49779999998,539.7576771471649
zona777,268,E23_N419,train,36259,51264.39469999996,38625,55353.88219999999,800.5775020048022
zona777,269,E22_N419,train,57488,83249.41150000009,50380,72493.5294,671.7807032205164
zona777,270,E22_N419,train,45973,67244.4575999999,28603,41389.1445,667.8687824280933
zona777,271,E23_N419,train,22720,34629.062900000004,26224,37890.4086,849.0578496661619
zona777,272,E22_N419,train,293132,405834.1122000016,328259,464330.2091000002,645.8891314268112
zona777,273,E22_N419,train,25971,37996.5667,17651,25831.772300000004,632.0190568743274
zona777,274,E23_N419,train,777276,1084309.2545999803,878836,1231005.4917,804.2436027100775
zona777,275,E23_N419,train,112711,165755.13350000005,112968,162253.98119999998,1047.4558807089925
zona777,276,E23_N419,train,810893,1084847.8444000022,888599,1226471.6214,766.7629118766636
zona777,277,E22_N419,train,107369,146770.4244999994,84029,121095.44459999996,834.1606648219749
zona777,278,E22_N419,train,29285,39309.04500000003,45001,63348.30819999998,737.3075637277216
zona777,279,E23_N419,train,83199,117788.21789999989,68430,96642.48709999998,721.409232861537
zona777,280,E22_N419,train,381754,524368.7389000008,420320,591415.4095999999,1083.826147923246
zona777,281,E22_N419,train,530493,710534.8593000004,590246,817507.7997000003,1267.4184631630778
zona777,282,E23_N419,train,842097,1144602.039099974,1002430,1390307.1016,1405.0902387518436
zona777,283,E23_N419,train,56531,80311.69009999999,64004,91939.68549999998,1065.3147487733513
zona777,284,E23_N419,train,965722,1306036.4002999645,1040754,1437238.8567000008,1187.3796705100683
zona777,285,E23_N419,train,1093206,1433573.3001000124,1180092,1615533.2650000006,745.2470617890358
zona777,286,E23_N419,train,1031666,1413123.895299985,1152073,1600621.5788000005,872.3333608335815
zona777,287,E23_N419,train,24049,38239.93900000003,42776,61013.23,680.8163414206356
zona777,288,E23_N419,train,51011,74161.24519999999,38122,54959.95159999998,1009.9115443594056
zona777,289,E23_N419,train,93954,136189.90759999992,73491,103507.9846,1105.0707536432892
zona777,290,E23_N419,train,29378,44338.65769999997,35237,50278.03479999999,836.795926612569
zona777,291,E23_N419,train,44772,66610.37319999999,37658,53050.2273,735.0500521976501
zona777,292,E23_N419,train,92972,131169.79500000007,58573,83237.32239999998,1347.6663553908584
zona777,293,E22_N419,train,38610,57735.06390000001,41373,59328.9208,961.6675637215376
zona777,294,E23_N419,train,52630,69136.63859999987,21575,30826.744800000008,1855.9498601788653
zona777,295,E23_N419,train,226827,319736.73659999954,249007,359892.7895000004,2041.807991212234
zona777,296,E23_N419,train,110920,157031.6965,95925,137999.64720000006,1211.5803196430206
zona777,297,E23_N419,train,33542,50857.5293,55667,78217.58129999996,1253.7867045570165
zona777,298,E23_N419,train,253782,353444.863999998,284420,399850.37830000033,1073.28996638261
zona777,299,E23_N419,train,361348,502881.0463999983,381828,538325.6320000004,1715.6202095551416
zona777,300,E23_N419,train,21139,31507.72059999999,23166,33105.25520000001,764.3061146531254
zona777,301,E22_N419,train,39945,58944.35659999996,17614,25489.0557,1075.720402893901
zona777,302,E22_N419,train,5615,8538.4332,6117,8805.331300000002,649.8684146450832
zona777,303,E23_N419,train,460780,640464.5177000033,509133,719409.6095000007,884.4585698936135
zona777,304,E23_N419,train,178493,249315.0683,194965,282657.4480000002,961.7925451677291
zona777,305,E23_N419,train,46121,65176.65180000004,40174,59670.3953,1499.6618288023164
zona777,306,E23_N419,train,466964,630781.2270999927,546889,760995.9466000003,659.8309475732967
zona777,307,E23_N419,train,257218,354595.58780000114,176390,263045.4829999999,654.0255242111161
zona777,308,E23_N419,train,53927,72933.19309999996,53048,74869.6838,834.4378724610433
zona777,309,E23_N419,train,223311,306553.61609999934,276421,384284.11130000016,596.6612629573792
zona777,310,E23_N419,train,41496,60319.02560000006,33842,49680.70690000001,1251.9831050317734
zona777,311,E23_N419,train,9272,13718.498799999996,8354,12089.292199999996,1267.3918035825482
zona777,312,E23_N419,train,13726,21598.793399999995,16037,23456.7488,916.0897618569434
zona777,313,E23_N419,train,17813,27177.894299999985,12117,17626.3505,1371.5752835748715
zona777,314,E23_N419,train,14383,21725.558300000004,12499,18179.6254,1137.597442965838
zona777,315,E23_N419,train,11570,17996.251000000004,13159,18794.8844,1182.9031899956751
zona777,316,E23_N419,train,37169,56960.49049999998,35766,51147.47809999999,1339.0985544034047
zona777,317,E23_N419,train,7270,10968.803,12538,17902.519199999995,1335.1996501348913
zona777,318,E23_N419,train,7185,10492.0102,5191,7717.433300000001,1051.558192158176
zona777,319,E23_N419,train,35442,51517.4333,19963,29590.742,1323.961392038036
zona777,320,E23_N419,train,19271,29650.2712,12409,18049.6761,1214.7739250872985
zona777,321,E23_N419,train,22481,35605.852900000005,21023,30730.585700000003,852.6452129725367
zona777,322,E23_N419,train,22442,34334.257199999985,15097,22143.2126,781.8087896043435
zona777,323,E23_N419,train,13159,19725.62500000001,8703,12665.603999999998,774.34820553381
zona777,324,E23_N419,train,1225,1871.6847,3161,4287.4359,958.6248762402683
zona777,325,E23_N419,train,8817,13704.490999999996,6318,9427.702600000002,906.6782828183495
zona777,326,E23_N419,train,18857,28808.9258,10473,15410.142599999994,1050.2541398182511
zona777,327,E23_N419,train,11691,17836.318900000006,7884,11280.214999999998,1256.9641687590629
zona777,328,E23_N419,train,30915,47719.50320000001,20563,30605.0644,1130.6644798664493
zona777,329,E23_N419,train,37971,55939.26569999999,32838,47719.34060000001,1475.2814977706876
zona777,330,E23_N419,train,8404,12735.2766,6162,9039.6583,1168.6641964111477
zona777,331,E23_N419,train,6663,11193.250899999995,4932,7361.338399999998,776.3114021699876
zona777,332,E23_N419,train,9552,14498.6945,5258,7787.2142,935.6302095670252
zona777,333,E23_N419,train,15619,26001.838399999982,17129,25332.5726,1124.712718168099
zona777,334,E23_N419,train,9499,15035.682800000002,9814,14582.166399999996,1317.3589406012325
zona777,335,E23_N419,train,13047,19538.3338,11570,17355.291600000008,1766.3355003962645
zona777,336,E23_N419,train,27365,44025.19070000001,16964,25172.250199999995,1102.9534327498404
zona777,337,E23_N419,train,88155,125235.64449999998,101862,147971.53780000005,937.6559752034956
zona777,338,E23_N418,validation,30739,44151.52710000001,25141,35964.99079999999,2853.843383465195
zona777,339,E23_N418,validation,25327,41084.39150000002,19000,28873.28,2483.0036060251296
zona777,340,E23_N418,validation,15849,24881.664599999996,11321,17304.759,666.2839378230274
zona777,341,E23_N418,validation,21960,34838.6124,16925,25423.097,978.9968188483036
zona777,342,E23_N418,validation,39883,63867.5845,36997,55042.25109999998,1759.610929416609
zona777,343,E23_N418,validation,34265,56728.11539999999,36103,54522.87029999998,1967.794878782763
zona777,344,E23_N418,validation,12753,21794.966,18270,27054.0737,3688.4315102978144
zona777,345,E23_N418,validation,8095,14324.576100000002,1679,2606.6456000000003,4127.672261891363
zona777,346,E23_N418,validation,26232,41572.951700000005,16639,24911.5525,1427.1175773702562
zona777,347,E23_N418,validation,10723,20083.394599999992,12069,17977.183500000003,1730.849803240097
zona777,348,E23_N419,train,15860,25460.7286,16665,24088.20400000001,1027.2078827866353
zona777,349,E23_N419,train,20097,28641.8288,11510,16854.90959999999,1805.962817360647
zona777,350,E23_N419,train,40323,61703.284999999945,37098,54276.651,988.7121625813888
zona777,351,E23_N419,train,10930,16624.010399999996,11019,16467.5506,862.5511102725868
zona777,352,E23_N419,train,23118,34170.39420000002,15136,22602.4297,1093.1876968918368
zona777,353,E23_N419,train,250016,355547.0028999995,265388,380581.3557000001,1460.3974587135017
zona777,354,E23_N419,train,20530,29820.441599999984,14230,21064.7262,1014.5117244634894
zona777,355,E23_N419,train,3603,5502.5767,3252,4858.326999999998,776.2179083768278
zona777,356,E23_N419,train,109117,159145.94019999992,116751,173197.75989999992,1740.473188124597
zona777,357,E23_N419,train,3626,5896.820500000001,6003,8665.315099999996,845.3185673000407
zona777,358,E23_N419,train,285667,403042.0861000012,303319,427986.0301,1217.6715000849215
zona777,359,E23_N419,train,300712,418672.79909999954,325257,458907.2875,1014.2205686513336
zona777,360,E23_N419,train,14596,21325.12679999999,18752,27589.54350000001,1074.1515092618065
zona777,361,E23_N419,train,32290,46678.82340000001,19285,28202.20070000001,1072.6223967351834
zona777,362,E23_N419,train,3287,5650.0295,3759,5368.7871000000005,1228.4458699842216
zona777,363,E23_N419,train,186768,260036.06370000067,197503,279244.7074000001,1265.379669693939
zona777,364,E23_N419,train,194841,269910.4553999999,210933,299761.8407,1544.6262821629643
zona777,365,E23_N419,train,28333,44042.47069999999,28726,42256.21250000001,1256.406785953208
zona777,366,E23_N419,train,52530,79461.33779999998,44448,64990.4439,1324.69491736521
zona777,367,E23_N419,train,254732,356819.24539999873,267938,382690.1177000002,2408.879319605534
zona777,368,E23_N419,train,1611,2534.779700000001,1768,2536.444,1183.0772158596665
zona777,369,E23_N419,train,21466,33954.011499999986,21729,32053.3054,746.5440156087279
zona777,370,E23_N419,train,22032,34300.51710000001,20441,29437.539500000006,956.7816554966266
zona777,371,E23_N419,train,90695,124380.77299999996,52818,79031.84340000001,1387.2101419357932
zona777,372,E23_N419,train,297773,421831.20379999926,313528,451521.3641000001,1468.7747910966864
zona777,373,E23_N419,train,11949,17735.180099999994,16018,23309.5582,1540.8303629260045
zona777,374,E22_N419,train,25083,36795.70239999998,22993,33457.1065,1641.4327079280629
zona777,375,E23_N419,train,182462,261249.67929999984,176028,253118.8811000001,1778.8493080437183
zona777,376,E23_N419,train,23242,33589.77720000001,18784,27220.2007,1734.1684640599417
zona777,377,E22_N419,train,16084,25440.894399999997,14676,21490.50739999999,1694.0685944017025
zona777,378,E22_N419,train,6858,10069.335600000002,6148,9229.558400000004,973.5644763624296
zona777,379,E22_N419,train,29728,48074.35070000002,42514,63981.03790000001,1211.9787468645957
zona777,380,E23_N419,train,631174,913477.2303999916,553049,794455.0468000001,1352.529053464823
zona777,381,E23_N419,train,20211,29265.9544,38252,56772.01949999997,1515.190488766937
zona777,382,E22_N419,train,1610,3145.3291000000004,6465,9395.127599999993,450.19814421923365
zona777,383,E22_N419,train,21016,31400.892100000023,20682,31176.5909,1337.353795159608
zona777,384,E22_N419,train,18458,26716.6503,6723,10074.058700000003,844.1162852793932
zona777,386,E23_N419,train,32728,45764.533700000015,30370,44596.2435,1523.0579448193312
zona777,387,E22_N419,train,17867,26807.679800000005,14894,22110.776399999988,1433.839656965807
zona777,388,E22_N419,train,16579,25459.264,19765,29225.971699999995,2940.0465848706663
zona777,389,E22_N419,train,27252,40726.40070000001,23714,35695.7262,931.881618990912
zona777,390,E23_N419,train,24251,35999.671600000016,10896,16276.101100000003,970.028456216678
zona777,391,E22_N418,train,87663,126249.36329999992,82266,124263.59179999992,1363.3575247377155
zona777,392,E22_N419,train,5877,9271.634800000002,3853,5886.383600000001,1057.9639234140632
zona777,393,E23_N418,validation,7211,12128.4358,13335,19895.294600000005,1094.2471392210573
zona777,394,E22_N418,train,14230,22236.554,10139,15659.3365,802.7377114700503
zona777,395,E23_N418,validation,129721,185675.69749999983,124085,179805.98900000006,713.9265780256246
zona777,396,E22_N418,train,6367,9162.488500000003,8670,13109.5348,813.8323221523315
zona777,397,E23_N418,validation,24884,36615.78729999999,12352,18443.1061,813.6942684639362
zona777,398,E22_N418,train,14118,20566.432199999992,11544,17614.29919999999,1032.950500314415
zona777,399,E23_N419,train,121628,170261.05460000018,117602,171222.68890000004,1320.6777783385478
zona777,400,E22_N419,train,43812,65728.73769999998,54485,80969.6222,1025.719629978761
zona777,401,E23_N419,train,110869,151681.5945000003,117319,166460.89969999998,1687.0045285931556
zona777,402,E22_N419,train,5612,8565.8421,3160,4590.7672,830.3929682321614
zona777,403,E22_N419,train,24890,35801.26909999999,20309,29106.9977,1349.4997358238325
zona777,404,E22_N419,train,58912,87380.05400000008,53412,81543.01619999998,1270.9236358553171
zona777,405,E22_N419,train,23720,37329.9694,27993,40828.04889999998,1195.5062603494152
zona777,406,E22_N419,train,19547,29860.619699999992,11709,17275.7487,1191.3556222752668
zona777,407,E22_N419,train,22081,32687.753200000003,17771,25617.16739999999,1113.5516547290608
zona777,408,E22_N419,train,7245,10300.929399999995,4081,5889.965699999998,839.9788510836661
zona777,409,E22_N419,train,20933,32429.6563,20444,29810.41639999999,1121.8877682136372
zona777,410,E22_N419,train,29760,45344.7611,23520,34669.26420000001,1099.4095121074934
zona777,411,E22_N419,train,90147,129250.90180000014,89683,135422.09689999992,1238.6283381183748
zona777,412,E22_N419,train,43368,68235.35369999999,36564,54973.1224,2558.513676363975
zona777,413,E23_N419,train,1969,3031.662699999998,4611,6645.7197,665.2695844359696
zona777,414,E23_N419,train,11211,15598.649800000005,8441,12006.093599999997,1555.043951806496
zona777,415,E23_N419,train,6373,10703.343699999998,6890,9829.2999,834.1728841159493
zona777,416,E22_N419,train,28759,45502.66010000004,24608,36590.441900000005,1473.579294075258
zona777,417,E22_N419,train,35420,53147.2584,25915,38092.22800000002,1402.111989638768
zona777,418,E22_N419,train,19006,29406.969599999986,16817,24610.991200000004,1460.577818574384
zona777,419,E22_N419,train,25614,42485.21280000002,25571,37973.85130000001,1013.0589598361404
zona777,420,E22_N419,train,6813,10706.957599999994,3545,5530.244600000001,971.7196821365504
zona777,421,E22_N419,train,34843,58936.19000000002,32434,48757.7866,1365.14665532019
zona777,422,E22_N419,train,23294,36922.00050000001,10204,15737.059600000004,975.4529703781008
zona777,423,E22_N419,train,5898,10471.958799999997,6625,9997.3031,1011.0795621207216
zona777,424,E22_N419,train,15003,25199.242800000004,17052,25795.6197,937.5939394645392
zona777,425,E22_N419,train,7108,11665.272700000003,8001,11915.257199999996,992.6785134657983
zona777,426,E22_N419,train,161561,220190.08649999957,150172,207756.55580000003,802.5024573467672
zona777,427,E22_N418,train,5404,8507.290599999998,1095,1778.5427999999995,998.96581817884
zona777,428,E22_N418,train,12058,18759.3596,14213,21590.489600000004,1495.2350111184642
zona777,429,E22_N418,train,14201,22835.475100000003,17356,26973.383799999992,1004.6927767681192
zona777,430,E22_N418,train,270068,391393.5351999996,265249,386239.24850000016,1386.2955568835025
zona777,431,E22_N418,train,14329,22934.88709999999,13743,21294.187200000004,1103.2991836325964
zona777,432,E23_N418,validation,31244,48876.14319999999,12954,19931.8179,3861.941030274844
zona777,433,E22_N418,train,49104,83999.56850000002,34247,53555.69900000001,846.9941552290693
zona777,434,E22_N418,train,192950,276885.4007000007,190763,284273.3326999998,1835.4921670556068
zona777,435,E22_N418,train,19424,32105.59880000001,12246,19400.280700000007,1019.2654759929864
zona777,436,E22_N418,train,6723,11447.8949,10651,16698.652100000003,996.5926971888402
zona777,437,E22_N418,train,111377,158483.18469999993,105709,156869.95029999997,1840.9664995688945
zona777,438,E22_N418,train,11101,16134.256599999995,6983,11034.541000000005,1160.4574913503602
zona777,439,E22_N419,train,27681,47570.42110000002,18535,27686.9595,7793.591071492992
zona777,440,E23_N419,train,148661,203657.73989999943,162161,226890.25820000013,1480.3417068106355
zona777,441,E23_N419,train,50759,74209.5409,47831,67292.99139999998,1277.8226087521762
zona777,442,E23_N419,train,67732,100323.87089999997,63634,90766.16290000004,1070.6668172400678
zona777,443,E23_N419,train,111248,139356.46509999974,65174,93836.7533,1424.8444881113246
zona777,444,E23_N419,train,28039,39944.45629999998,25187,36138.575499999984,1450.463607522659
zona777,445,E23_N419,train,37066,54270.488099999966,36259,51383.11060000001,1558.7293650468928
zona777,446,E23_N419,train,67156,96654.97280000008,53905,76553.26729999999,1598.4177817814052
zona777,447,E23_N419,train,181695,254044.1109000008,192838,274541.3435000001,2297.654694438912
zona777,448,E23_N419,train,320977,434432.2120000023,342472,478656.3771000005,1277.5864562272327
zona777,449,E23_N419,train,32469,47489.83069999997,35946,51171.74439999999,1182.8223495218554
zona777,450,E23_N419,train,118920,168210.83000000042,120852,171915.46180000002,1595.7924979636446
zona777,451,E23_N419,train,75793,101337.92879999997,51514,74784.29689999997,1744.3988189352676
zona777,452,E23_N419,train,433780,554874.0693000081,484509,654308.3304000004,1043.2717301729135
zona777,453,E23_N419,train,14964,21456.7225,17378,25274.1679,1315.6127346102148
zona777,454,E23_N419,train,50040,72766.29340000005,34635,50159.5676,1492.276729866513
zona777,455,E23_N419,train,73751,108654.19300000012,45141,65552.0909,1827.9452692128837
zona777,456,E23_N419,train,57080,84889.24879999997,38202,55063.1596,2358.5448795456905
zona777,457,E23_N419,train,60094,86262.50980000007,41856,60385.1831,1512.9083986429614
zona777,458,E23_N419,train,173067,241529.30390000017,219496,311108.3329999999,875.9414068181068
zona777,459,E23_N419,train,55658,80626.29039999993,71028,101180.75060000004,1540.1230423235102
zona777,460,E23_N419,train,119750,170686.6725000003,117607,168716.87370000003,1025.5794164254912
zona777,461,E23_N419,train,210876,290258.5280000005,210259,295197.05120000005,2094.1758008291945
zona777,462,E23_N419,train,52567,80422.24889999992,44942,64550.8032,2928.9398787012324
zona777,463,E23_N419,train,35062,54204.57439999998,25924,37919.7268,1651.1226290088962
zona777,464,E23_N419,train,10627,14606.8717,3454,5227.4119,958.4471782256732
zona777,465,E23_N419,train,278408,389290.1453000016,309209,438482.2931999998,1873.4574547368684
zona777,466,E23_N419,train,32806,48999.48989999999,21548,31235.86899999999,1439.1661231504404
zona777,467,E23_N419,train,314218,439928.937400001,340956,485933.2381000007,1657.6025136504322
zona777,468,E23_N419,train,470875,625229.8010000014,412018,588572.2777000003,1918.7614140103103
zona777,469,E23_N419,train,30330,43560.71539999997,32307,46452.41300000002,1125.6761438600952
zona777,470,E23_N419,train,415445,601446.4288000007,506043,727207.7818999997,1828.408110784134
zona777,471,E23_N419,train,55673,83068.2302000001,32205,47463.27930000002,1826.3311948345508
zona777,472,E23_N419,train,41339,62106.99290000004,28957,41918.3935,1530.2835546818096
zona777,473,E23_N419,train,24551,36012.8581,12109,17080.8406,1191.8032910672482
zona777,474,E23_N419,train,34249,53555.65999999999,26629,38716.7958,1554.7191982393852
zona777,475,E23_N419,train,68320,99569.618,82454,119516.8989,1432.4092309437692
zona777,476,E23_N419,train,336122,451314.1145,340852,481895.02810000017,1422.8667102722102
zona777,477,E23_N419,train,54180,78368.56250000004,44354,63812.31640000001,1951.9833098584784
zona777,478,E23_N419,train,15,20.0112,12976,18781.629600000004,1498.1124475030228
zona777,479,E23_N419,train,116219,164705.53460000007,133767,189641.62280000007,1212.443972747773
zona777,480,E23_N419,train,11327,15682.894499999997,5951,8476.651200000002,1279.498180533934
zona777,481,E23_N419,train,30376,46039.35940000002,44827,63518.72319999998,1375.679368275334
zona777,482,E23_N419,train,23615,33874.8818,15320,22591.2976,829.7208090396598
zona777,483,E23_N419,train,61741,94599.24409999992,56066,81974.17730000001,2003.887518803589
zona777,484,E23_N419,train,35180,51141.597299999965,22072,32231.764300000003,1391.932687221968
zona777,485,E23_N419,train,38294,58741.66099999999,37798,54672.60810000003,1616.811654244957
zona777,486,E23_N419,train,25077,39655.94669999997,18498,28186.8206,1600.534726906044
zona777,487,E23_N419,train,38848,56798.0483,34773,50959.51270000001,1710.4284148848965
zona777,488,E23_N418,validation,38094,58795.1824,29954,44508.73179999999,1367.0382420099922
zona777,489,E23_N419,train,146588,199066.96410000004,152603,218376.30370000005,1544.2765156644164
zona777,490,E23_N419,train,33508,48615.669100000014,32400,47213.549300000006,1287.2378845470955
zona777,491,E23_N418,validation,25963,37931.8782,12637,19095.3871,1353.4031446707086
zona777,492,E23_N418,validation,58731,91643.96800000008,39978,59610.02250000001,1251.0337875997648
zona777,493,E23_N418,validation,60708,92037.42380000002,47668,71824.18779999999,2003.1357645235255
zona777,494,E23_N419,train,23806,36003.8586,15522,22485.848000000005,2003.2623232823096
zona777,495,E23_N418,validation,44782,67473.10980000011,37658,55603.071500000005,1489.9863131449092
zona777,496,E23_N418,validation,47216,70668.76879999998,32008,47166.1485,1113.6214873231947
zona777,497,E23_N418,validation,215690,291265.6543000011,214213,303399.93130000005,2061.827509487979
zona777,498,E23_N418,validation,20079,31480.4674,9823,15154.022499999995,1228.0587947702734
zona777,499,E23_N418,validation,33866,52970.08500000004,26278,38971.96189999998,3694.034237286076
zona777,500,E23_N418,validation,9017,15781.198700000004,9803,14996.9565,3310.006138101162
zona777,501,E23_N418,validation,293903,407335.2326999999,320427,458452.2251000001,1369.6710826447234
zona777,502,E23_N418,validation,4138,7004.898700000001,3219,4911.2036,705.3218002600479
zona777,503,E23_N418,validation,9628,16017.062300000009,5031,7896.273400000002,886.9154245816171
zona777,504,E23_N418,validation,25161,39218.906200000005,18172,27919.00880000001,1507.2845177612037
zona777,505,E23_N418,validation,517563,722006.535199993,519741,734952.4201999996,1125.393449814408
zona777,506,E23_N418,validation,60725,94564.43570000007,30589,50266.46210000001,788.3733555655926
zona777,507,E23_N418,validation,14126,22062.3807,10007,15250.230200000002,1555.2703933086595
zona777,508,E23_N418,validation,4341,7536.314299999999,4178,6381.702299999998,789.858320036903
zona777,509,E23_N418,validation,9668,16723.320300000007,7397,11119.609200000006,653.9129808014259
zona777,510,E23_N418,validation,3246,5789.914399999999,3663,6020.7467000000015,706.1040404427331
zona777,511,E23_N418,validation,2393,5017.8429,1271,2050.3762,802.4881515074521
zona777,512,E23_N418,validation,616,1070.9809,2708,4145.5862000000025,896.0051231514663
zona777,513,E23_N418,validation,7253,11911.8186,4143,6340.533999999999,981.498402078636
zona777,514,E23_N418,validation,5550,9283.693500000005,2854,4430.7657,733.8915770519525
zona777,515,E23_N418,validation,2558,4420.047100000002,2204,3290.2454000000007,724.0635589299491
zona777,516,E23_N418,validation,1919,3091.4792,519,854.6296,952.7561756037176
zona777,517,E23_N418,validation,4645,7707.741900000002,932,1498.6845000000003,1615.1655777720734
zona777,518,E23_N418,validation,24770,38506.26009999999,13844,20800.29179999999,4171.456086668419
zona777,519,E23_N418,validation,30396,49249.94069999999,14462,22039.4161,2213.0356466958765
zona777,520,E23_N418,validation,1143,2238.713100000001,6688,10117.952900000002,1430.3612000686117
zona777,521,E23_N418,validation,11128,18053.0771,6150,9340.671300000004,4493.001061737363
zona777,522,E22_N420,validation,64300,122226.33349999998,52175,79336.96899999997,11740.268145009875
zona777,528,E22_N419,train,40075,65679.48500000004,32611,47311.80059999999,11131.589630511471
zona777,534,E22_N418,train,10079,16241.564399999996,7941,13465.0689,4291.485786833568
zona777,536,E23_N420,test,15451,24935.71910000001,40246,57883.08719999999,2641.591480145231
zona777,537,E22_N420,validation,16722,24502.546299999995,6424,9027.560199999998,1337.7709064917872
zona777,538,E24_N420,train,6076,9376.530099999998,6593,9275.8213,3145.1006760448217
zona777,541,E24_N420,train,87505,126113.95759999997,82365,110628.55749999997,3257.0602209382923
zona777,542,E23_N420,test,15617,23388.261799999997,10276,14085.782300000004,2228.39146251604
zona777,547,E23_N419,train,8141,11955.340499999997,6110,8603.1884,3912.044079374522
zona777,548,E23_N419,train,1224,1885.5402000000008,2435,3459.6401000000005,4077.7936762021855
zona777,549,E22_N419,train,8126,14321.209700000009,8188,12090.138300000008,3982.0714744996512
zona777,550,E22_N419,train,60342,92013.49250000004,54602,80484.50009999998,2693.8894635375477
zona777,551,E22_N418,train,17837,26052.902900000005,11298,16404.056999999997,2545.51558971958
zona777,552,E22_N419,train,11784,22314.74040000001,9763,14796.840999999991,5614.469511762261
zona777,553,E22_N419,train,962,1698.0338999999997,2630,3876.351299999999,3324.625080586411
zona777,554,E22_N420,validation,16954,26994.042,26851,40321.60339999999,472.66715238185134
zona777,555,E22_N420,validation,9848,16436.474000000006,1784,2840.4558000000006,766.4374371055164
zona777,556,E22_N420,validation,45554,74558.73320000012,36209,53969.07570000001,6187.774187792908
zona777,557,E22_N420,validation,355743,516805.5965000025,364204,510800.8225000002,5470.4914679937065
zona777,558,E23_N418,validation,8457,13191.133700000004,6087,9209.886100000002,3756.226423980668
zona777,559,E23_N418,validation,21960,34691.48729999999,2866,4409.734,4823.46220732131
zona777,560,E22_N418,train,120169,166375.73089999982,100914,148040.0282999999,2656.3459603423253
zona777,561,E22_N418,train,1966,3335.4891999999995,1687,2765.352899999999,8975.620526239276
zona777,562,E22_N418,train,13587,23197.3693,24896,40120.28950000003,3999.4263751646495
zona777,563,E22_N418,train,1967,4166.745500000001,7323,10521.243799999997,5670.003683372401
zona777,593,E22_N419,train,79698,113502.02190000017,74729,108837.3944,1553.8318028699723
zona777,594,E22_N419,train,24588,35771.067299999995,45363,67277.17740000002,1539.140180150047
zona777,595,E22_N419,train,56946,88852.01950000013,37497,55875.6998,1019.6658347976628
zona777,596,E22_N419,train,125,184.0685,11595,17025.644399999997,1352.8005293337628
zona777,599,E23_N418,validation,1987,3417.812000000002,1635,2422.5166000000004,665.9343422390521
zona777,600,E23_N418,validation,5783,9442.997500000003,2332,3495.527,1088.4253547787666
zona777,601,E23_N418,validation,11158,18760.0336,10134,14984.249200000004,1086.9415121432394
zona777,602,E23_N418,validation,5527,9610.1837,4759,7230.373599999999,674.18771856901
zona777,603,E23_N418,validation,25380,37824.24379999997,44804,67625.0777,644.8885201857775
zona777,604,E23_N418,validation,10846,18024.9913,11532,17266.4667,893.2407448734739
zona777,605,E23_N418,validation,29636,49509.05160000001,8546,12855.452400000006,998.1318614240736
zona777,607,E23_N418,validation,28738,50821.8745,10826,16123.7131,944.5700619192794
zona777,608,E23_N418,validation,18054,31580.673899999994,12342,18764.3241,944.6147071506712
zona777,609,E23_N418,validation,13071,20203.95240000001,6663,9728.2393,663.9694977868348
zona777,610,E23_N418,validation,52170,76939.594,27777,40876.57440000001,1502.5516429878771
zona777,611,E23_N418,validation,78524,124246.3330999999,84828,123744.5234,1379.1432823714567
zona777,612,E23_N418,validation,20260,31789.5887,11925,17202.263699999996,1488.0871275467798
zona777,613,E23_N418,validation,28098,43308.82029999994,18564,27960.342799999995,1413.7817318656598
zona777,614,E23_N419,train,24670,37977.69070000002,12965,19203.11530000001,981.8401989145204
zona777,615,E23_N419,train,8999,13569.692700000003,7637,11288.3656,1051.3467271678385
zona777,616,E23_N419,train,9528,14985.180799999996,26131,36618.3112,1301.2184758078074
zona777,617,E23_N419,train,4694,6827.323600000001,5947,8531.467900000001,906.3585840025336
zona777,618,E23_N419,train,12590,18504.0436,16233,23577.29700000001,1030.9414712758737
zona777,619,E23_N419,train,65764,89408.35680000001,77992,110906.12289999996,1265.3852046762477
zona777,620,E23_N419,train,159233,220364.8131000004,155241,220414.4364000001,1078.059219662624
zona777,621,E23_N419,train,47787,71958.91250000008,39253,57123.51690000003,1502.5519150627078
zona777,622,E23_N418,validation,219193,291957.72389999987,219059,311186.9927,1365.196890188381
zona777,624,E23_N418,validation,26461,42213.85179999999,24609,37012.525399999984,2207.501050865103
zona777,625,E23_N419,train,23615,35246.69310000001,8984,14434.4571,3253.130371522042
zona777,626,E23_N419,train,56865,82174.40469999993,29928,44255.68410000001,1977.0072240932493
zona777,627,E23_N420,test,23356,38363.1457,18185,26081.2031,2693.6520411511883
zona777,628,E22_N420,validation,17848,28117.819200000005,59928,88136.0068,1327.278721831215
zona777,629,E22_N420,validation,90733,138092.16939999975,77322,115221.1725,1228.9021190940985
zona777,630,E22_N420,validation,57577,93852.14929999996,34179,51786.10240000002,1338.8097762187244
zona777,631,E22_N419,train,251569,345721.6541000019,278152,403693.4301,1228.5877108291024
zona777,632,E22_N419,train,169540,226220.96259999997,173897,246928.0819000001,1013.1413584995898
zona777,633,E22_N419,train,15685,24482.4241,9988,14760.863400000006,1231.712702942721
zona777,634,E22_N419,train,13053,21044.6817,12766,18789.758100000006,1098.4488301532692
zona777,635,E22_N418,train,2739,4506.596399999999,4918,7289.7918999999965,765.899518144317
zona777,636,E24_N420,train,7273,13041.208700000005,3755,5740.414499999998,1164.5257810670882
zona777,637,E23_N420,test,35936,58238.2855,46313,66905.84549999998,1264.916742041707
zona777,638,E23_N420,test,2177,3575.7387000000003,1245,1830.0210000000004,2048.888040497899
zona777,639,E23_N420,test,45132,67678.51969999996,47256,64948.37950000003,3161.668365737307
zona777,640,E23_N420,test,7327,11150.144399999996,6583,9263.965500000006,2409.067965321243
zona777,641,E23_N420,test,11629,18659.222100000003,11825,16923.429099999994,1221.90340562677
zona777,642,E23_N420,test,110802,166344.42590000044,107511,151104.4439,2079.627804535441
zona777,643,E23_N420,test,11254,17024.8716,8943,12814.2372,3319.7626051194966
zona777,644,E23_N420,test,21460,33257.6901,100315,137155.72009999998,2046.9819004264427
zona777,645,E23_N420,test,70782,100311.2044999998,68019,93017.4379,2823.47145315283
zona777,646,E23_N419,train,23082,37805.18490000001,20080,30166.84890000001,2374.30212861544
zona777,647,E23_N419,train,8435,13260.4075,7775,10784.407999999996,2334.831990493461
zona777,648,E23_N419,train,34655,52737.76079999999,31657,45950.61059999998,1531.7747264425852
zona777,649,E23_N419,train,30241,45727.478899999966,26235,38007.53139999999,1330.7863874597824
zona777,650,E23_N419,train,14671,23184.6118,9855,14391.645599999998,1385.255362093798
zona777,651,E23_N419,train,18765,28033.76209999999,23694,34024.424600000006,1047.4872713551158
zona777,652,E23_N419,train,29447,42381.123,21897,31300.41149999999,1873.916523356922
zona777,653,E23_N419,train,24198,35799.578099999984,8876,12668.999600000005,1411.6035291999578
zona777,654,E23_N419,train,23829,37959.3518,17503,26111.603499999997,1525.342215351644
zona777,655,E23_N419,train,74488,114631.49659999998,59091,87291.23609999998,1481.1721848584712
zona777,656,E23_N419,train,24304,36486.74999999997,5721,9151.509499999996,850.9338434134261
zona777,657,E23_N419,train,38203,57351.06400000007,20755,30422.6939,1256.049916851276
zona777,658,E23_N418,validation,231598,318794.6235999979,265827,372545.2231000002,1299.8545116192545
zona777,659,E23_N418,validation,22883,37407.530800000015,19349,28948.7008,1373.7938299271043
zona777,660,E23_N418,validation,18302,27146.54760000002,17608,25840.610799999995,805.4988094558939
zona777,661,E22_N418,train,27721,39685.623000000014,5770,9454.7306,1357.0833197605098
zona777,662,E23_N419,train,56171,85863.61209999994,36335,54109.62810000001,1063.5630826709094
zona777,663,E22_N419,train,34453,51085.18120000001,38831,58341.4515,1059.0251793842765
zona777,664,E22_N418,train,1266,2757.6479,1777,2696.186500000001,849.2550535295159
zona777,665,E22_N418,train,34938,53598.25780000002,16056,24496.172,2135.4320571012795
zona777,666,E22_N418,train,19280,28970.860599999996,4375,6713.6928000000025,1321.3797250229982
zona777,667,E22_N418,train,6722,10481.501800000004,1896,3087.969299999999,1290.4916339513147
zona777,668,E22_N418,train,18231,29093.0271,19708,30154.1608,931.126185308094
zona777,669,E22_N418,train,16188,29789.456600000016,15727,24764.907099999997,814.9212774392217
zona777,670,E22_N418,train,1283,2091.928,748,1170.2484999999997,701.7594306813553
zona777,671,E22_N418,train,408,924.6969000000004,418,689.8480999999998,1250.550853598863
zona777,672,E22_N418,train,8431,13641.2224,4983,7729.990100000004,797.8365844991058
zona777,673,E22_N418,train,13034,22482.2934,12368,18786.43890000001,885.9471829198883
zona777,674,E22_N418,train,1590,2802.7594,1642,2535.0844000000016,679.2487178404117
zona777,675,E22_N418,train,4618,7701.578900000003,3055,4972.660699999999,1277.4920910461806
zona777,676,E22_N418,train,5580,8913.4169,4642,7175.583199999996,951.507817352598
zona777,677,E22_N418,train,21229,32232.77679999999,14970,23259.120299999988,1141.241701410152
zona777,678,E22_N418,train,7631,13103.3419,11389,18339.0161,1808.3451958909864
zona777,679,E22_N418,train,5834,8321.236400000002,3867,6194.571100000002,1574.1239563831475
zona777,680,E22_N418,train,11534,19175.154400000003,10439,17117.154799999997,1503.2117577390743
zona777,681,E22_N418,train,13915,28002.525599999983,16462,26698.7345,2258.1153250411157
zona777,682,E22_N419,train,10253,14789.3296,16852,24039.2888,1483.121782113623
zona777,683,E22_N419,train,105251,152558.9100999999,80714,116572.6971,1173.0193164490047
zona777,684,E22_N419,train,57585,81321.34860000004,34080,49752.518900000025,1671.2519131297013
zona777,685,E22_N419,train,28201,39582.6339,37817,54171.5805,1221.49537861906
zona777,686,E22_N419,train,74460,103754.62719999996,58459,83289.0906,1486.2247630527709
zona777,687,E22_N419,train,12482,17459.161299999996,11525,16993.82070000001,902.2081269107877
zona777,688,E22_N419,train,28871,38650.23049999997,27628,39574.6218,1063.6786713120528
zona777,689,E22_N419,train,17812,24321.047000000013,14815,21431.038299999997,877.2641882539028
zona777,690,E22_N419,train,2719,4187.802199999999,4233,6115.037899999998,1060.3378364781383
zona777,691,E22_N419,train,12826,20203.559700000005,6309,9517.117,960.9471500217916
zona777,692,E22_N419,train,13378,20652.67750000001,10653,15746.789799999997,1112.9672297314391
zona777,693,E22_N419,train,43099,71103.12320000007,33882,50318.9967,1437.7768791291164
zona777,694,E22_N419,train,23319,36566.3813,22411,33129.813899999994,1186.9461084716022
zona777,695,E22_N419,train,43108,60629.226200000056,33791,49223.6842,1754.357887712773
zona777,696,E22_N419,train,30034,46298.00660000001,23189,34287.76720000001,1260.6926676901055
zona777,697,E22_N419,train,11796,19467.499500000005,12658,18497.9198,715.5026633327943
zona777,698,E22_N419,train,8140,13081.018200000004,10594,15274.4091,810.7195162540302
zona777,699,E22_N419,train,11761,17753.3513,9553,14496.500299999998,1610.8464289916446
zona777,700,E22_N419,train,20880,34671.128199999985,11130,16592.153100000003,2311.3659755486296
zona777,701,E22_N419,train,41672,62797.2314,29357,43663.24999999999,1787.0780390305445
zona777,702,E22_N419,train,64279,94076.43759999996,62507,91540.54609999996,1634.7079965485027
zona777,703,E22_N419,train,40905,58343.83469999999,20475,29633.573799999987,1486.4473542387714
zona777,704,E22_N419,train,272565,374179.2421999982,274817,392947.647,1943.1522383289996
zona777,705,E22_N419,train,42732,63057.69080000006,28783,41551.8467,1651.5974001893774
zona777,706,E22_N420,validation,26701,43262.70960000005,27016,38824.18229999999,1691.490426827222
zona777,707,E22_N419,train,51333,76813.80880000004,60282,86090.06040000002,925.0561434160918
zona777,708,E22_N419,train,24613,35851.578,11744,17114.139399999993,604.078088687209
zona777,709,E22_N419,train,41604,62193.949299999935,42368,61471.9239,1077.3541010841727
zona777,710,E22_N419,train,19442,28711.779899999998,22356,31911.9206,898.0273965308443
zona777,711,E22_N419,train,18595,27233.56180000001,31607,45534.28170000001,832.8179342886433
zona777,712,E22_N419,train,15699,24303.7227,15061,21917.7353,582.2513524578535
zona777,713,E22_N419,train,16181,23207.687000000005,12502,18269.08070000001,815.9882209043717
zona777,714,E22_N419,train,1198,1581.0085,204,310.3081000000001,606.4126542303711
zona777,715,E22_N419,train,1066,1474.3264,1179,1756.7909999999993,583.6032398566604
zona777,716,E22_N419,train,28470,40787.44300000001,31156,45089.4138,770.0452270524693
zona777,717,E22_N419,train,31844,45389.75339999998,29909,41867.1053,573.7937284078216
zona777,718,E22_N420,validation,13951,24490.895199999984,5759,9135.695499999998,917.7036220266018
zona777,719,E22_N420,validation,28900,48132.97209999996,23680,34787.4879,1338.4116453966126
zona777,720,E22_N420,validation,13924,21477.9223,18599,27313.090999999997,589.8030642420053
zona777,721,E22_N420,validation,5885,9158.033000000005,7714,11253.572199999997,786.8338567392202
zona777,722,E22_N420,validation,24914,41467.335199999965,14945,22617.5836,1153.6403204202652
zona777,723,E22_N420,validation,23948,40412.57110000001,32024,47732.19490000001,1267.6272156935884
zona777,724,E22_N420,validation,34068,52405.02889999999,21441,33349.53149999999,1236.8218811980332
zona777,725,E22_N419,train,90556,132993.49719999975,91921,132806.77659999992,1269.0997374420986
zona777,726,E22_N420,validation,40698,59390.71379999999,30031,43978.98679999998,1589.2108409777284
zona777,727,E23_N420,test,191576,274079.95270000014,210071,302116.37079999986,1263.6067123617977
zona777,728,E23_N420,test,188354,266695.6419000008,192421,274346.1946000001,1405.657813717262
zona777,729,E23_N420,test,17187,28986.93259999999,18257,26241.90790000001,844.3230628157035
zona777,730,E22_N420,validation,36706,52608.37900000003,36508,51409.1013,2370.7882136516278
zona777,731,E23_N420,test,181,363.15529999999984,9981,14125.200700000005,1175.7861387726734
zona777,732,E22_N420,validation,35008,50991.2171,41904,61452.84389999999,1006.5163822667672
zona777,733,E22_N419,train,6112,8483.965000000002,5703,7916.985999999998,3460.240366861224
zona777,734,E21_N419,train,37803,54314.70100000003,34119,47772.30859999999,4512.196407299489
zona777,735,E22_N419,train,19531,28407.08309999998,3541,5289.0025000000005,1540.3317806560665
zona777,736,E22_N419,train,58576,88060.04949999995,41531,61786.7022,1308.1383620329434
zona777,737,E22_N419,train,15080,23006.51440000001,28546,42130.85279999999,1682.2607868011692
zona777,738,E22_N419,train,23880,36587.40359999998,17729,26160.83480000001,1550.8066557616694
zona777,739,E22_N419,train,50021,74249.2865,44316,65164.57130000002,1053.0752375789452
zona777,740,E22_N419,train,80630,126039.90610000015,17006,25825.64299999999,979.2327521257102
zona777,741,E22_N419,train,67522,106069.60640000008,43328,63778.73819999999,969.7092355629428
zona777,742,E23_N419,train,4830,7495.954600000002,441,668.1340000000002,1064.190100871143
zona777,743,E23_N419,train,34714,54609.95790000001,21452,32556.645200000006,870.7943436117494
zona777,744,E23_N419,train,19836,30911.4428,9765,14370.050100000002,871.4389436324127
zona777,745,E23_N418,validation,17596,26637.68780000001,32053,45785.55229999999,1291.5049247135755
zona777,746,E23_N418,validation,62057,90986.50510000004,30919,45628.126,1797.0753643922508
zona777,747,E23_N418,validation,20755,30858.640199999983,16369,23864.115100000006,1173.4351536931936
zona777,748,E23_N418,validation,39117,60773.95469999997,21274,32584.492,1176.8072731871507
zona777,749,E23_N418,validation,45416,66965.7275,24232,36161.12270000001,1264.7226914248895
zona777,750,E23_N418,validation,20007,33017.34709999999,18976,29374.309,1175.0194832048728
zona777,751,E23_N418,validation,1675,2604.988599999999,510,810.3560999999999,2174.867960046162
zona777,752,E23_N418,validation,14157,25725.849799999996,13565,20252.05520000001,1511.0859935716726
zona777,753,E23_N419,train,17197,24534.32380000001,20753,28823.49490000001,1085.0575864985583
zona777,754,E23_N419,train,22322,31180.04920000001,24705,34323.3115,1288.9568121591583
zona777,755,E23_N420,test,38554,50345.42769999996,18418,25639.594799999995,1203.2811490786262
zona777,756,E23_N420,test,31097,42909.422300000006,8923,12489.3972,1021.7727297439124
zona777,757,E23_N419,train,53087,74214.43709999998,59487,82336.91590000002,737.6158429714851
zona777,758,E23_N419,train,107907,144695.8871000001,98880,136822.5121,1229.036450621672
zona777,759,E23_N419,train,8873,13120.430000000008,12430,17365.911300000007,987.4018830507994
zona777,760,E23_N419,train,64821,90907.569,17386,24886.0099,1452.451015854429
zona777,761,E23_N419,train,35253,54056.81389999997,25235,36314.06479999999,1716.8794721888844
zona777,762,E23_N419,train,33916,50414.24070000001,55924,78554.99320000003,823.4579713670537
zona777,763,E23_N419,train,12825,19576.9782,22717,32496.479400000007,1197.3517024145694
zona777,764,E23_N419,train,4052,5718.894500000002,3308,4638.7838,1865.3017633139389
zona777,765,E23_N419,train,171768,257325.65180000095,129616,188062.6203,2790.1608609883115
zona777,766,E23_N419,train,13348,23986.9169,86035,120179.76569999996,1732.8734600348398
zona777,767,E23_N419,train,55751,81602.78859999997,70685,98727.61749999996,1679.775876770727
zona777,768,E23_N419,train,11083,13789.952800000005,11006,15289.890199999998,929.0906029697508
zona777,769,E23_N419,train,46637,66690.2726,32057,45498.07429999999,984.9258157273288
zona777,770,E23_N419,train,3972,6218.5072,4139,5914.018100000001,1130.5144984601066
zona777,771,E22_N420,validation,85508,127755.02179999989,68552,100890.64379999996,1157.9481844631955
zona777,772,E22_N420,validation,26193,37380.12549999999,30627,44026.11540000002,1171.0280693657696
zona777,773,E22_N420,validation,366143,512798.1826000024,365361,527639.1725999999,1333.670596885495
zona777,774,E22_N420,validation,113149,162548.88359999936,101825,147503.08579999997,1633.087236403895
zona777,775,E23_N420,test,16591,23414.45829999999,20724,28953.6122,641.036687541753
zona777,776,E23_N419,train,25948,40247.54999999999,16133,24505.0744,1290.2565514640885
zona777,777,E22_N420,validation,37916,57552.05860000008,30525,45431.00950000001,1300.1092406669632
zona777,778,E22_N420,validation,53407,82723.29909999995,5649,8955.2081,1143.9828475566464
zona777,779,E22_N420,validation,45909,68202.57979999992,43844,63312.13089999999,1171.0280693657696
zona777,780,E23_N418,validation,85061,116516.07099999992,50787,76257.51039999998,1420.965231811511
zona777,781,E23_N418,validation,33459,50266.71910000003,38123,54290.18250000001,1203.7641947660595
zona777,782,E23_N418,validation,36747,53946.76139999995,27046,39427.48339999998,968.4684755165364
zona777,783,E23_N418,validation,17797,27187.71020000001,7032,10434.0361,1483.1633226601407
zona777,784,E23_N418,validation,49391,68238.51819999993,38772,57568.8193,1078.024329959415
zona777,785,E23_N418,validation,27357,45341.23979999998,15783,24463.7506,1347.6361835226417
zona777,786,E23_N418,validation,13154,24139.7021,5951,8949.511100000002,832.9489487206447
zona777,787,E23_N418,validation,601,1286.9634000000003,10064,14971.539300000002,1221.360718438984
zona777,788,E23_N418,validation,36918,58738.763900000034,16738,25556.3422,1858.6307933395728
zona777,789,E23_N418,validation,4674,8131.689399999999,8138,12226.890400000008,891.522727170377
zona777,790,E23_N418,validation,10649,17906.143700000004,5176,7887.7495,712.7336408085539
zona777,791,E22_N418,train,77592,103826.33530000012,75379,111300.0554,1187.7156268418184
zona777,792,E22_N418,train,34969,54639.66459999999,28149,42509.281100000015,1687.2408779887485
zona777,793,E22_N418,train,9668,17030.4849,14979,22707.530699999992,1089.6814645745908
zona777,794,E22_N418,train,25934,39028.53669999998,13370,20873.14669999999,937.9525350435288
zona777,795,E22_N418,train,19862,30886.484900000007,18110,27709.857600000007,1022.422187127173
zona777,796,E22_N418,train,15265,22032.524900000008,8741,13007.954199999996,793.3051541429013
zona777,797,E23_N418,validation,114421,160871.6772999998,118686,172698.7558999999,821.9552967362106
zona777,798,E23_N418,validation,24223,38031.07400000003,10937,16669.5371,741.7535643307492
zona777,799,E23_N418,validation,16138,26462.4219,11698,17681.1897,986.6185697345064
zona777,800,E22_N418,train,5451,8977.2304,6707,10640.9851,772.6692657154053
zona777,801,E22_N418,train,23897,33765.23309999998,15883,23859.012499999997,771.8537633009837
zona777,802,E23_N418,validation,690,1261.5697000000002,2828,4191.281300000001,699.2921519009396
zona777,803,E23_N419,train,51723,82523.73869999993,47049,69334.79419999999,1016.289981466718
zona777,804,E22_N419,train,11634,19153.5663,7843,11688.4859,875.3753672447056
zona777,805,E22_N419,train,8604,13748.190799999998,6628,10045.826900000004,820.9549541754532
zona777,806,E22_N419,train,66142,99059.6611,51721,76990.69669999997,1671.0933607075713
zona777,807,E22_N418,train,30120,45497.6096,32380,48063.70789999997,2021.387453611591
zona777,808,E22_N419,train,30278,45896.35290000002,33725,49705.6673,2282.761291194824
zona777,809,E22_N419,train,59722,89968.80750000011,56807,83571.26730000004,1129.815529022133
zona777,810,E22_N419,train,27933,42760.86819999998,22967,34005.416800000006,1027.5454049982363
zona777,811,E22_N419,train,33755,50543.03279999999,37718,55398.00090000003,1051.678044386208
zona777,812,E22_N419,train,22785,34058.694,15364,22547.1972,1057.5361094113323
zona777,813,E22_N419,train,12725,19586.0145,6549,9531.8739,824.5769803223666
zona777,814,E22_N419,train,19269,31939.57110000001,39471,58250.5656,856.7417944004992
zona777,815,E22_N419,train,2223,3750.8802,24760,35711.82900000002,1072.5427649498452
zona777,816,E22_N419,train,23647,36931.45430000001,59626,88089.15050000003,1058.0635201837867
zona777,818,E22_N419,train,35191,50442.99399999996,44646,63077.3677,891.1763787660748
zona777,819,E22_N419,train,651023,887635.2936999893,632406,914666.0982999998,1179.690520633012
zona777,820,E22_N419,train,13213,20778.0177,10274,15343.407700000009,956.79726039432
zona777,821,E22_N419,train,39169,56388.15870000003,37949,54567.10289999999,1114.502057492733
zona777,822,E22_N419,train,24217,35039.452999999994,6541,9988.056199999995,699.9422182936687
zona777,823,E22_N419,train,31349,45360.561000000016,33848,49456.035,581.354846969014
zona777,824,E22_N419,train,38839,55074.70910000002,24312,35590.821099999994,816.4582448434085
zona777,825,E22_N419,train,30839,45475.9841,28986,42345.51699999999,612.9277966376394
zona777,826,E22_N419,train,32102,46658.4038,22726,32975.72619999999,1236.985823554045
zona777,827,E22_N419,train,152643,212591.5517,163874,233677.8719,1058.7262477104086
zona777,828,E22_N419,train,1590,3341.8881,36587,51995.5555,1221.2986935038352
zona777,829,E22_N420,validation,25368,37495.7136,28052,41221.8028,1558.550870349456
zona777,830,E22_N420,validation,3441,5524.8462,3849,5538.680299999999,2312.8873838679865
zona777,831,E22_N420,validation,42380,63468.52480000006,27064,39075.57069999999,4583.70342801325
zona777,832,E22_N420,validation,1578,2402.000899999999,941,1402.0634999999995,979.9610874712234
zona777,833,E23_N420,test,14138,21811.7456,14352,20752.854700000007,792.7287623716984
zona777,834,E22_N420,validation,15719,26889.125300000003,7449,11021.838300000005,2045.995992349752
zona777,835,E22_N420,validation,9573,17395.3544,15645,24065.3439,1681.3705997487996
zona777,836,E22_N420,validation,12884,22335.603000000006,6088,9468.954199999998,1006.8270753112738
zona777,837,E22_N420,validation,54299,92842.50820000008,34246,52565.798900000016,3224.385206099483
zona777,838,E23_N420,test,19463,27849.38800000001,24027,35591.9155,746.2266256175935
zona777,839,E23_N420,test,6543,10271.501000000002,6736,9853.9752,849.0130973272026
zona777,840,E23_N420,test,2806,4705.601000000001,2262,3330.2398000000007,3356.301242986694
zona777,841,E22_N419,train,5304,7736.817199999999,11439,16577.134299999998,585.5354003534303
zona777,842,E22_N420,validation,3848,5406.163400000001,997,1480.9404999999997,602.1645766502479
zona777,843,E22_N419,train,12106,18074.9193,8626,13138.965599999996,574.6858499750379
zona777,844,E22_N419,train,18397,27246.097899999997,30545,44505.77089999999,939.1254412964336
zona777,845,E22_N420,validation,5666,8667.1039,11071,16254.0584,513.2290362091735
zona777,846,E22_N420,validation,11310,17220.7172,6608,9896.357999999997,503.78431640344206
zona777,848,E22_N420,validation,37,42.84810000000001,23,33.053200000000004,1066.0
zona777,849,E22_N419,train,0,0.0,5,8.2788,866.0
zona777,852,E22_N418,train,1230,2031.764,620,1045.0950999999998,2564.0
