origin,cached_area_km2,area_epsg5070_km2,cached_over_projected
36047000700,1.8833197000013976e-11,0.17677489813867986,1.0653773357142221e-10
36047000900,1.7415378500005248e-11,0.16346828249954545,1.0653674360378548e-10
36047001100,1.7952724000005547e-11,0.16850818342709306,1.0653918186574596e-10
36047001300,3.1235922499988887e-11,0.2931684234826631,1.065459988116219e-10
36047002000,1.6410890999991284e-11,0.15413916525628563,1.0646801526857281e-10
36047002100,6.054813800000779e-11,0.5682339508911859,1.065549460834706e-10
36047002200,3.620162600000365e-11,0.3400464532781201,1.0646082513436702e-10
36047002901,1.1640739500005172e-11,0.10925973802139516,1.0654189467052988e-10
36047003400,3.244986914999421e-10,3.048122653292675,1.0645854134163819e-10
36047003700,1.7732270499994e-11,0.16644839338778059,1.0653314303059999e-10
36047003900,1.6716387500013487e-11,0.1569230163624399,1.0652603988572459e-10
36005014100,1.8911615500003688e-11,0.17716581575561105,1.0674528502773388e-10
36005033000,2.2015587499979215e-11,0.20612809189170506,1.0680537183425584e-10
36005021100,1.6193721999998883e-11,0.15166692111202545,1.0677161427993745e-10
36005004600,1.4446389499994223e-11,0.1353378198971156,1.0674318169877741e-10
36005005902,7.509277999993787e-12,0.07034718133436262,1.0674596846036979e-10
36005028100,1.3799238999999908e-11,0.12915734883327412,1.0684052533327382e-10
36005022701,1.2514107000013451e-11,0.11719323615611177,1.0678181958678531e-10
36005031600,1.8922720499994902e-11,0.17716928038194546,1.0680587774133801e-10
36005019500,2.3469633499996645e-11,0.21984400877997262,1.0675584761323132e-10
36005028600,2.1359143999987868e-11,0.20001887317258,1.0678564308058471e-10
36005016400,1.757017550000344e-11,0.16457858073439124,1.0675857952839838e-10
36005036800,1.811037650000268e-11,0.16953000653130915,1.0682696751184292e-10
36005006000,3.5925955999990847e-11,0.33648857738719334,1.0676723792216959e-10
36005037600,1.3328170000002478e-11,0.1247654457976802,1.0682581154413101e-10
36005023301,1.271940399997376e-11,0.11911097472368455,1.0678616331937865e-10
36005004001,1.3146014500014524e-11,0.12314500832445378,1.067523132190493e-10
36005006900,2.0065188500002937e-11,0.18797795922542485,1.0674224032797688e-10
36005003100,1.651047699997061e-11,0.15470352712156601,1.0672333919702217e-10
36005039000,1.9406486499986676e-11,0.1816467899177934,1.068363856513475e-10
36005042800,1.8080291999998053e-11,0.1691999100684315,1.068575745264027e-10
36005038800,1.5881780000002987e-11,0.1486586866687877,1.0683385112494416e-10
36005005600,1.4539316500000047e-11,0.13618846494546852,1.0675879565733972e-10
36005014500,1.9419559499999183e-11,0.18190343617148275,1.0675751876227402e-10
36091060602,1.1846058179000165e-08,107.08199299274943,1.1062605250354526e-10
36091062507,2.178960050000085e-09,19.79908630352195,1.1005356593715548e-10
36091062509,9.840911224999827e-10,8.932476737732676,1.1017001794619548e-10
36091060601,7.121422931000101e-09,64.36026908800527,1.1064936539128471e-10
36047017700,2.705225304999802e-10,2.5403718298906233,1.0648934432233397e-10
36047017800,1.745219899999496e-11,0.1640189284691042,1.0640356672786327e-10
36047017900,1.6861726500011547e-11,0.15828906117625122,1.0652490055036971e-10
36047018000,1.8738860500016604e-11,0.17610783999682397,1.0640560068395905e-10
36047018200,1.7607356500016896e-11,0.16546349688983764,1.0641233160773539e-10
36047018300,1.4628559999996334e-11,0.13731073901652835,1.0653616829078071e-10
36047018501,1.1836415999996247e-11,0.11109681818377184,1.0654144910268203e-10
36047018600,1.2030950499992103e-11,0.11305465804650361,1.0641711458755927e-10
36047018700,9.13770100000298e-12,0.0857667202570663,1.0654133646028195e-10
36047019000,2.266150750001048e-11,0.21293256733263188,1.0642574681687786e-10
36047019100,2.7040380499983503e-11,0.2537995595684658,1.0654226723624003e-10
36047019200,2.020073249999098e-11,0.18978988849714393,1.0643734848021144e-10
36047019600,2.004144949999303e-11,0.18830749273567107,1.064293789314342e-10
36047019700,1.8090858499981928e-11,0.16981799305339906,1.065308697547337e-10
36047019800,1.4336833500005727e-11,0.13471554879816483,1.0642300482690111e-10
36047019900,2.0123950999980245e-11,0.18891363204539016,1.0652461011995722e-10
36047020000,1.4352294500005516e-11,0.1348581851468053,1.064250900631782e-10
36047020300,1.5002830999994613e-11,0.1408474516891177,1.0651829919585104e-10
36047020400,1.4346754500005284e-11,0.13480084205907475,1.0642926469048318e-10
36047020600,1.819368299999905e-11,0.1709422247300905,1.0643176680732918e-10
36047020700,1.4687053499977018e-11,0.13789348873645402,1.06510130641827e-10
36005026300,1.6958743499984255e-11,0.15877435735488066,1.0681034256734122e-10
36005029700,2.4865315500017827e-11,0.23272901527115442,1.0684235255774641e-10
36005020601,1.6180332500002253e-11,0.15154996697660766,1.0676566166787586e-10
36005042000,1.6081339999996832e-11,0.1504966921462124,1.0685510605358217e-10
36005015800,1.731177399999261e-11,0.1621758113251935,1.0674695479265521e-10
36005007400,1.997738699999496e-11,0.18716214834371078,1.0673839329578448e-10
36005028800,3.59030459999881e-11,0.3361904089666957,1.0679378424369264e-10
36005022902,9.780784000012234e-12,0.09160013203249666,1.067769639954486e-10
36005013300,1.720386800000851e-11,0.16116976848767392,1.0674376566672454e-10
36005017100,1.8641118999997557e-11,0.17458861398952014,1.0677167642281936e-10
36005045101,1.880796349998896e-11,0.1760018667244608,1.0686229555413586e-10
36005008300,2.2832894000020803e-11,0.21393259191717828,1.0672938515539658e-10
36005040400,2.300241999999356e-11,0.21528918847838074,1.0684428773488295e-10
36005046000,3.0749602499993115e-11,0.28781436911423564,1.0683831594171857e-10
36005025200,2.0364986000008382e-11,0.19071499197776307,1.0678230268537512e-10
36005023501,7.282968500020307e-12,0.06819879007521232,1.0679028897709713e-10
36005036501,1.0232224500016164e-11,0.09582571612855707,1.0677952551159545e-10
36005021601,1.7514842499990894e-11,0.164047151372098,1.067671236805756e-10
36005040304,7.1945014999900905e-12,0.06735476772839989,1.0681502947201992e-10
36005022800,1.838916600000765e-11,0.172195396082206,1.067924370708998e-10
36005003800,6.7669849999950215e-12,0.06339704419783257,1.0673975554567531e-10
36005020400,1.4337350000008158e-11,0.13427959247897941,1.067723675304762e-10
36005003300,1.6262637000007358e-11,0.15238504681872497,1.0672068775457446e-10
36005037100,2.1162066000010157e-11,0.1981792393024222,1.0678245649998066e-10
36005013100,2.4655489499987598e-11,0.23096761079974926,1.0674868833173367e-10
36047020800,1.5252913999976207e-11,0.14330927471495983,1.064335440278659e-10
36047021000,1.5967712500035593e-11,0.15002190963473153,1.064358701933155e-10
36047021400,1.7878475999991628e-11,0.16796413351480435,1.0644222445511452e-10
36047021800,1.6799538499975564e-11,0.15782122318474007,1.0644663728344448e-10
36047021900,1.5660931999996206e-11,0.14704318915668602,1.0650566061450325e-10
36059413500,2.1306773850002222e-10,2.000608362546331,1.0650147349620904e-10
36059413600,1.993950115000244e-10,1.8725629048092143,1.0648241027734111e-10
36059413700,1.9769760350002044e-10,1.856940654553233,1.0646414736801866e-10
36059413803,2.3991109849996466e-10,2.2539559230307167,1.064400133332577e-10
36059413804,2.3430059800004064e-10,2.2012758671564825,1.0643854388986715e-10
36059413900,1.9435251849996846e-10,1.8246126787996644,1.0651713690152848e-10
36059414002,1.4565456250000363e-10,1.3675333427039853,1.0650896614484364e-10
36059414201,1.0143427850001864e-10,0.9525500844103486,1.0648708153000574e-10
36065025300,2.346040327000057e-09,21.235006243558324,1.1047985105781319e-10
36059408800,2.3672986800003166e-10,2.2205369281920366,1.0660929120092471e-10
36059416600,2.506173594999643e-10,2.3561565763732166,1.0636702246916648e-10
36059405800,1.1007452750002676e-10,1.0328955411992815,1.0656888630985924e-10
36059412500,1.6546229449998687e-10,1.5536586587417875,1.0649848573172732e-10
36059519602,1.0338344299998952e-10,0.9691803544064471,1.0667100558729793e-10
36065025400,3.001416282500016e-09,27.16756255482429,1.1047793766714042e-10
36067015800,1.1325269204000117e-08,102.74617846984302,1.1022569766255775e-10
36067016001,8.843615885500023e-09,80.18194039484374,1.1029436107371542e-10
36067016002,1.973734684000037e-09,17.878218951901534,1.10398842821539e-10
36067016100,1.6730988319999783e-09,15.162450731772957,1.1034488168156057e-10
36059302400,1.8757232999993728e-10,1.7585559888142563,1.0666270007496998e-10
36059302501,2.3244590000006082e-10,2.1792165528468472,1.0666489280122352e-10
36059302502,1.539300178500071e-09,14.42976243671022,1.0667536525646429e-10
36059302900,2.0670196249999457e-10,1.9386380498500124,1.0662225602968361e-10
36059303000,1.29736514500031e-10,1.2169789354285956,1.0660539038363913e-10
36081019400,3.258629250003252e-11,0.3058954062347115,1.0652756411460875e-10
36081020500,6.263963500000542e-11,0.5876268033345875,1.0659764776648417e-10
36081095400,1.45575762000103e-10,1.3684490553048956,1.0638011070691133e-10
36081127700,1.1395551850000368e-10,1.0691192577698583,1.0658821985651116e-10
36081042400,5.502264699998001e-11,0.5164386344053649,1.0654246861940124e-10
36059303101,1.633085739999985e-10,1.5313596364682571,1.0664286174907526e-10
36059303102,1.582415789999716e-10,1.4838978398303628,1.06639132932535e-10
36059414202,8.487509399997789e-11,0.797008604137081,1.0649206741233606e-10
36059414301,9.914547249998844e-11,0.9311342542753935,1.0647817116033736e-10
36059414400,2.9481290400000947e-10,2.7688038140807754,1.0647663171393218e-10
36059414501,1.7270599349998534e-10,1.622387239751753,1.0645177012512233e-10
36059414502,1.9932044099995392e-10,1.8724456515303503,1.0644925305952099e-10
36059414600,1.5992438549998688e-10,1.5012976963145008,1.0652409971225651e-10
36059414700,1.6096956299998416e-10,1.5111028342816122,1.065245589831152e-10
36055990000,2.0010392752250202e-07,1799.1333921441963,1.1122239651392351e-10
36055980100,4.2160671399999567e-10,3.80480032370706,1.1080915636309121e-10
36055012401,1.3453788669999812e-09,12.195915652219353,1.103138874820896e-10
36055012402,1.0085349707499988e-08,91.37401963064018,1.103743684284422e-10
36081062200,4.6585634499994237e-11,0.43727204703265243,1.0653695980826221e-10
36081079702,3.043791049998043e-11,0.28545182379109474,1.0663063943937571e-10
36081990100,1.3903554936999829e-08,130.80016922320377,1.0629615404605576e-10
36081030600,1.4412841350000347e-10,1.3533881647283086,1.0649451299800387e-10
36065025500,9.001015476000154e-09,81.56296845628385,1.1035664403048942e-10
36027120000,8.769093999999895e-09,80.73589356290692,1.0861456550508463e-10
36027140500,8.588375204999982e-10,7.944113085235842,1.0810993137750649e-10
36075020102,3.464495813000037e-08,310.98000335154654,1.1140574235198032e-10
36075021202,4.470557904999951e-09,40.28692727913137,1.1096795429508222e-10
36075021003,2.8494011194999347e-09,25.689017393880228,1.1091903889553728e-10
36075020503,1.024376683899994e-08,92.23093304057943,1.1106649907241993e-10
36075020303,1.0049634951499846e-08,90.23807596682433,1.1136801005370011e-10
36075021001,6.766940733999917e-09,60.90933722894435,1.1109857768710445e-10
36075020501,1.1412029371500112e-08,102.53884823679782,1.1129469042938508e-10
36075020903,3.087951325500006e-09,27.86413348459368,1.1082172453729312e-10
36075020101,2.6825817415999737e-08,240.72089380223244,1.1143950569591543e-10
36075020904,6.833169718499963e-09,61.61717158652694,1.1089716620478709e-10
36075021203,6.946546850500147e-09,62.66615287036375,1.1085006071571576e-10
36075020905,2.112082172999939e-09,19.056398229181887,1.108332302672819e-10
36075021201,1.9244266200000715e-09,17.335059840982076,1.1101355505277839e-10
36075020201,1.3026441169500293e-08,116.78955899238574,1.1153772033979142e-10
36075021002,4.519557149500033e-09,40.712553680364884,1.110113893857696e-10
36075020304,6.236333716499888e-09,55.99041360173505,1.113821691130825e-10
36075021503,5.865546412499933e-09,52.76311168028004,1.1116756054954493e-10
36075021504,6.290348985000055e-09,56.52917860824574,1.1127614339831395e-10
36075020707,3.0505124865000427e-09,27.51346187994032,1.1087345168744936e-10
36067016801,1.1162619216499785e-08,101.38561362578776,1.1010062293158066e-10
36067010100,1.4548141154999487e-09,13.139725974185977,1.1071875611089951e-10
36067005300,7.682981649999306e-11,0.6956171652838535,1.1044841952490044e-10
36067000300,5.98879805000158e-11,0.5417961394984578,1.1053600447477213e-10
36067002300,6.326933599999196e-11,0.5726214302647976,1.1049068836060552e-10
36067015000,1.6897716405000103e-09,15.296632670677006,1.1046690319884786e-10
36067015400,1.5239242284999796e-09,13.78739835503762,1.105302239956801e-10
36067011402,1.2538511015499989e-08,113.24335728318322,1.107218234809608e-10
36067016802,8.878432343499712e-09,80.60039342116919,1.1015370976052639e-10
36067011011,3.3659477699995077e-10,3.043000414209742,1.1061279368486823e-10
36067010400,6.434340143000095e-09,58.14880806759143,1.1065300144279656e-10
36067001400,4.593507549997015e-11,0.4156815658296812,1.1050544281001701e-10
36067000100,6.697462484999165e-10,6.060503020776349,1.1051000984636455e-10
36067005602,1.0927352149997939e-10,0.9895784336361501,1.1042431583564327e-10
36067000600,6.819186799998787e-11,0.6170294295847918,1.1051639472994859e-10
36067011300,6.4933072725000515e-09,58.619114881591116,1.1077115861637182e-10
36067016200,4.2917884199994344e-10,3.889243167068584,1.1035022074061413e-10
36067012700,1.0076306020000002e-09,9.118275885662102,1.105067026524646e-10
36067004302,1.3227786099997222e-10,1.197479536157474,1.1046356702213998e-10
36067013701,8.314633234999155e-10,7.521000427616443,1.105522239364402e-10
36067015601,3.6997679879998916e-09,33.46552325672092,1.105546134634803e-10
36067012900,1.985374709999836e-10,1.7966904271402893,1.1050176925358627e-10
36067013000,2.6397112450005407e-10,2.3891620473550623,1.1048690681834874e-10
36067013100,4.0313639999994536e-10,3.6493628584099405,1.1046761192050807e-10
36045062200,5.254600525000084e-10,4.685867770669724,1.1213719170417553e-10
36045061400,2.754337944999836e-10,2.4551343626133324,1.1218685164212441e-10
36059303301,7.264870250000684e-11,0.6812310605732198,1.0664326203634463e-10
36059303302,1.0032409749999938e-10,0.9407580699826106,1.0664176125733773e-10
36059303400,1.5707317649999266e-10,1.4728527714222215,1.0664553820156721e-10
36059303500,1.4418740699999672e-10,1.3522968708974148,1.0662407796914497e-10
36059303600,1.8348302650000718e-10,1.720895179961378,1.066206870915433e-10
36059303700,1.8457117049998798e-10,1.7310012870557456,1.0662682453224774e-10
36059303800,2.646505570000012e-10,2.4819884925987377,1.0662843836270241e-10
36059414800,2.5494853350002e-10,2.393353155348888,1.0652357464682442e-10
36059414900,2.4111180649998067e-10,2.2632807369570713,1.0653199250224253e-10
36059415000,2.4301131400003747e-10,2.2817555186534326,1.0650190698057321e-10
36059415101,1.2520247699999146e-10,1.1757935582581815,1.0648338402658558e-10
36059415102,6.145282739999603e-10,5.77250701649842,1.0645777861223472e-10
36059415201,1.7285663300000987e-10,1.6230983894503253,1.0649793883323925e-10
36059415202,2.6487476950005673e-10,2.487931766164221,1.0646384000652416e-10
36059415300,2.0707375949999268e-10,1.944238094953176,1.0650637904766481e-10
36067016502,3.233886249000046e-09,29.299444123835872,1.1037363833019597e-10
36067016600,5.85895985250001e-09,53.0935948531564,1.1035153804718681e-10
36081015802,2.965841300000701e-11,0.27840405577464833,1.0653010394364998e-10
36081018102,1.029475050002383e-11,0.09655591387207617,1.0661957499219586e-10
36037951300,2.0495907962500082e-08,185.93364842481662,1.1023237663616181e-10
36037951100,1.913083362649976e-08,173.31189331182009,1.103838476455846e-10
36037940100,2.641907873000148e-09,23.907032162052126,1.105075634270353e-10
36037950100,1.7146357070999997e-08,155.1019888469421,1.1054891815681604e-10
36067001900,1.8522230149998478e-10,1.6761443998313874,1.1050497887808312e-10
36067002000,1.0332856200001307e-10,0.9351603713260898,1.104928792625051e-10
36067013200,3.222354724999994e-10,2.917155534965188,1.1046221863649955e-10
36083051902,2.8088645650000473e-09,25.51726806358263,1.1007700973321523e-10
36083052003,3.544524744500004e-09,32.223703215187626,1.0999743638494672e-10
36083052101,1.3092642341000071e-08,119.04066062956358,1.0998462434396581e-10
36059303900,2.4939587849997107e-10,2.338400538052633,1.066523354068599e-10
36059304001,7.791934800000712e-11,0.7307300914481792,1.0663218733141891e-10
36059304002,1.3848916850001058e-10,1.2986902591738383,1.0663756621083033e-10
36059304100,1.8543214450003132e-10,1.7387997875363295,1.066437584299262e-10
36059304202,2.2236421099995283e-10,2.0851502961536346,1.0664181445823652e-10
36059404400,1.2389483200001938e-10,1.1624290243821922,1.0658270690192634e-10
36059415401,3.0139461699995285e-10,2.8304382258805276,1.0648337569924929e-10
36059415402,3.1146722300002783e-10,2.9255512990741903,1.0646445444268698e-10
36089490400,1.8847438013499697e-08,165.4138728280257,1.1394109630148518e-10
36089490600,1.7018649644000128e-08,149.55468513780258,1.1379549646551571e-10
36089490900,3.292716016500007e-09,29.005019092582128,1.1352228405676523e-10
36059415500,1.1352639150001596e-10,1.0655415394101637,1.065433747077182e-10
36059415600,3.5944965399997803e-10,3.3745593251162247,1.065175092121393e-10
36059415700,5.050701305000175e-10,4.743531553742893,1.0647554986779647e-10
36013036600,2.4637469820999887e-08,226.05503592844642,1.089888120377837e-10
36059416000,1.9267237900005974e-10,1.8090742226289391,1.0650330240186002e-10
36059416100,3.3164308800001373e-10,3.1145308832393614,1.064825170894046e-10
36063021200,2.2860695599999142e-10,2.068047345599662,1.1054241890854936e-10
36063021700,8.996480514999751e-10,8.139110713467744,1.1053394936762958e-10
36063022000,3.4337689500004155e-10,3.1064070119630496,1.1053828222691572e-10
36067003500,1.1554869000000391e-10,1.0458982133240184,1.1047794950597838e-10
36067003602,1.8328753699999727e-10,1.6588968469149825,1.1048760345819782e-10
36067003800,8.268680849999752e-11,0.7485953644941663,1.1045594512313052e-10
36067004200,9.798085749997751e-11,0.8870193751761934,1.1046078613617098e-10
36067004500,1.0193251399997731e-10,0.9227674725655239,1.1046392187685103e-10
36067004600,4.2358374100001655e-10,3.834605893707975,1.1046343555019702e-10
36067003601,1.2233025250002116e-10,1.1072358840725969,1.1048255774557291e-10
36067004800,1.2984990950000852e-10,1.1757335814247212,1.1044160986084962e-10
36067004900,9.614312699998004e-11,0.8705541390354667,1.1043899820693762e-10
36059407000,1.4047167500002595e-10,1.3184334891979954,1.0654437721046893e-10
36059407101,1.0992158200000904e-10,1.0317243613199307,1.0654161723910589e-10
36059407102,1.2560916999999495e-10,1.1789743647409638,1.0654105276291817e-10
36059407201,5.572827900000101e-11,0.522975528861469,1.0656001270522711e-10
36059407301,8.277980420000005e-10,7.7654797443946375,1.0659972973305747e-10
36059407302,1.7171117100003188e-10,1.6112068342875945,1.0657301554704184e-10
36059407401,1.1509989800001127e-10,1.0801716543808444,1.0655704353396188e-10
36083052102,1.1855197619499982e-08,107.78481804668586,1.0998949420098318e-10
36083052103,1.7040030235499788e-08,155.18024366906843,1.0980798736106329e-10
36083052201,9.267343966499966e-09,84.36988802520683,1.0984184266940358e-10
36037950200,1.7071664623000082e-08,154.42712958440814,1.105483516331818e-10
36083052303,5.850970945000182e-10,5.328648252034014,1.0980216122854028e-10
36083052402,3.2085280050000083e-09,29.24291609956951,1.0971983758648618e-10
36059404500,1.119001175000108e-10,1.0498272612726474,1.0658907577267567e-10
36059404700,1.6496829750002204e-10,1.5476849878985655,1.0659035836744446e-10
36059404800,3.159359810000264e-10,2.964594819369832,1.0656970016131351e-10
36059404902,6.751708100001709e-11,0.6336294085518611,1.0655610375522993e-10
36059405000,1.9110061750006594e-10,1.7934824776367195,1.0655282105230275e-10
36059405100,1.7850188299993438e-10,1.6755056279533354,1.0653612857032185e-10
36059405200,9.65486794999864e-11,0.9061272670750086,1.0655090405969889e-10
36059405301,1.0160175699999288e-10,0.9533955129652492,1.0656831883337825e-10
36059405302,1.1066501450000503e-10,1.0384347428114125,1.065690600840217e-10
36059416201,1.445117886999976e-09,13.580873378831043,1.0640831754256166e-10
36059416500,1.533515040000239e-10,1.4415571449163949,1.063790669282956e-10
36059416701,9.97550630000391e-11,0.9377395945328689,1.0637821371905669e-10
36059416900,7.615396926500031e-09,71.57285811199829,1.0640062626230943e-10
36059517000,1.1038446305001454e-09,10.33209921413048,1.0683643348976898e-10
36059517101,3.467792959999213e-10,3.2467670295184745,1.0680756976004892e-10
36033950502,1.3131601433499849e-08,115.45309535722527,1.1373970869182114e-10
36043011502,2.150381181264998e-07,1925.194488805014,1.1169682823057317e-10
36109000500,5.822462644999921e-10,5.318742510951297,1.0947066215391071e-10
36109000800,1.4942587450000548e-10,1.3655872964375968,1.0942242571369277e-10
36107020102,1.4255580207000012e-08,130.71852559752259,1.090555461962018e-10
36107020101,1.9383236718000056e-08,177.4213254645428,1.0924975713741776e-10
36019103512,7.911864258899973e-08,695.1570345273919,1.1381405734143103e-10
36019104200,4.7580662539999795e-08,417.54096688188883,1.1395447707879426e-10
36019103800,8.189532963099993e-08,722.8080203757427,1.1330163379818014e-10
36055014602,5.7807511874999575e-09,52.30279346867291,1.1052471204931674e-10
36059407501,1.6383741150000378e-10,1.537824737696246,1.0653841590911205e-10
36059407502,1.409009820000132e-10,1.3225220192691598,1.0653961139934489e-10
36059407600,2.1490427949997528e-10,2.0155622128395954,1.0662249874054273e-10
36059414001,1.5120992050002201e-10,1.4194483979627157,1.0652724024138411e-10
36059302800,2.3553114649998125e-10,2.208937432482487,1.0662644538341789e-10
36059416702,1.2758247800001048e-10,1.199495025699131,1.0636349069113351e-10
36059410100,2.150569010000084e-10,2.0190454660899504,1.0651414473418668e-10
36059520402,1.4045662849998363e-10,1.3176478810868564,1.0659648189479011e-10
36059406300,1.5142480999999667e-10,1.4206626195722118,1.0658745286449046e-10
36059404600,1.0942555799996168e-10,1.0267209130081947,1.0657770443124139e-10
36059517801,2.7641939724999287e-09,25.872681731377366,1.0683832473182026e-10
36059407802,5.505957449998208e-11,0.5165074449937196,1.065997693424372e-10
36059407700,6.342687710000456e-10,5.949580328529846,1.0660731278113102e-10
36059407801,2.1569940250004838e-10,2.0232885988252542,1.0660832202844718e-10
36059407900,2.0653602099997512e-10,1.9381875106166317,1.0656142394306626e-10
36059408000,2.0454042599999726e-10,1.9192516564340352,1.0657301001372216e-10
36063022100,1.9301284499997704e-10,1.7459700574160568,1.1054762604899756e-10
36059517901,5.822936954999557e-10,5.448230594014491,1.0687757895924458e-10
36067010301,9.827737605000188e-10,8.878994693532198,1.1068525147513705e-10
36067010321,3.8214368499998114e-10,3.451500109861909,1.107181436581992e-10
36067010322,5.228132560000186e-10,4.721639249561195,1.1072706498036801e-10
36059518300,4.5941364950004603e-10,4.303476528695584,1.0675407346517997e-10
36083052503,2.648567214999634e-10,2.417083180314273,1.0957699911077378e-10
36083052602,1.9824397349998104e-10,1.809749552183434,1.0954221442453342e-10
36083052603,1.6490658271000107e-08,150.43946550808246,1.0961657046112102e-10
36059405400,1.7539341650003268e-10,1.6461508680316685,1.0654759530622711e-10
36059405500,1.331079964999895e-10,1.2492082693145912,1.065538867854457e-10
36059405600,1.126843464999876e-10,1.0576435426388227,1.0654283977268933e-10
36059405700,1.61295970500005e-10,1.514088608827364,1.0653007331250316e-10
36111955300,2.7159319745500274e-08,249.72238563375893,1.0875805017068809e-10
36093033500,2.9224581400001357e-10,2.6554328340036153,1.1005581096148173e-10
36059405900,1.9439150549998655e-10,1.8246907151521174,1.065339478552566e-10
36059406001,1.4127480799999248e-10,1.3258869851907633,1.0655116882353772e-10
36059406002,9.591138850001912e-11,0.9002092000611841,1.0654344400557154e-10
36059406100,9.898176599998916e-11,0.9288614966894182,1.0656245990685683e-10
36059517102,1.676287885000165e-10,1.5690995063298654,1.0683120339009054e-10
36059517301,2.627223430000116e-10,2.4596004653587378,1.0681504850085195e-10
36037951200,1.870410326000037e-09,16.948423969946575,1.103589530989254e-10
36037951400,2.3741717207000014e-08,215.36753427966912,1.1023814376854874e-10
36037950700,2.9797604699992166e-10,2.6995266725045153,1.1038084936700074e-10
36067011900,8.792425258500086e-09,79.4958791375307,1.1060227717324665e-10
36059517302,2.6053289200003243e-10,2.4393759726683557,1.0680309018336513e-10
36059517400,5.4244708000002e-10,5.079973289745468,1.0678148270878e-10
36059517500,3.386977595000392e-10,3.1727496026907773,1.0675212415527308e-10
36037951000,3.5040649700005456e-10,3.1747629642739446,1.1037249109405279e-10
36027110003,6.161942488500029e-09,57.087476783549285,1.0793860292448056e-10
36059408100,2.4070646999997966e-10,2.2588956328170524,1.0655935869856739e-10
36027170000,1.4128507228500037e-08,130.242075982962,1.084788239274403e-10
36027180001,1.043802871850006e-08,96.51488948716131,1.081494137740121e-10
36059408200,2.2646961199999227e-10,2.1248814012971033,1.0657988340513835e-10
36059408300,2.3446274850003843e-10,2.200044111286683,1.0657183976321013e-10
36059408400,1.55323354500023e-10,1.457890163217114,1.0653981926681792e-10
36059408500,2.2692665349999347e-10,2.1297754102100286,1.0654956969271e-10
36059408600,1.5613327899998048e-10,1.4645524399967946,1.0660818604782919e-10
36059408700,1.457246595000936e-10,1.3668640900280045,1.0661239882094493e-10
36059409000,2.503497865000051e-10,2.348685437085428,1.065914500711826e-10
36059517902,3.0651023029999893e-09,28.67482935506192,1.068917364789448e-10
36059302600,5.0770834000007496e-11,0.47627421124051594,1.0660000647057603e-10
36059414100,1.8987930299997135e-10,1.7828959450859188,1.0650049629835293e-10
36059517701,3.9829031874999615e-09,37.306510294274815,1.0676161227846582e-10
36059520900,1.8522603299999048e-10,1.738452255268419,1.0654651713250036e-10
36027210101,3.8467056400001056e-10,3.566568949949608,1.0785451491283957e-10
36109002100,9.647187692999942e-09,88.05701454306934,1.0955615226179886e-10
36109000300,4.3727846500000734e-10,3.996052259059035,1.0942761421818216e-10
36109001100,1.98038018249989e-09,18.108273647663534,1.0936327896477385e-10
36109001800,1.80917627940002e-08,165.63585339836985,1.0922612721104412e-10
36109000700,1.8525262799999904e-10,1.692827742047739,1.0943383275129171e-10
36109001400,5.842883898500072e-09,53.396030740503186,1.0942543513946989e-10
36109002200,8.721119272500082e-09,79.52167497420774,1.0966971301005307e-10
36109001700,1.3127771327499988e-08,119.98896243697996,1.0940815772446482e-10
36059518000,4.5211527700001036e-10,4.232643313094446,1.0681629505640369e-10
36059518100,2.9097931900004166e-10,2.724883125600505,1.0678598148532192e-10
36059518203,7.305539324999742e-10,6.843592232436548,1.0675006746272381e-10
36059518204,6.58148569999982e-10,6.167094535890821,1.0671939049575703e-10
36059518400,3.324633925000478e-10,3.114570225991158,1.0674454848557704e-10
36059518501,7.213348759999453e-10,6.761358453088683,1.0668490378149222e-10
36059518502,1.266746699999972e-10,1.1874204858077886,1.066805495728178e-10
36063022200,4.01634330999993e-10,3.6338736172208246,1.1052512368527602e-10
36059404901,1.2146936049998166e-10,1.1399876457106428,1.065532253415434e-10
36059416300,6.370219975001388e-10,5.9886668541370955,1.0637125307113564e-10
36059410600,1.7519967399995888e-10,1.6450183597410961,1.0650317241901966e-10
36109001000,3.433542447499972e-09,31.39461687292221,1.0936723519825448e-10
36109001500,5.246794656000022e-09,47.90278145916974,1.0953006268481848e-10
36109000100,5.6593051500043145e-11,0.5172375246930161,1.0941404828203735e-10
36109000600,1.4412112505000175e-09,13.16424066767246,1.0947925420713497e-10
36089490800,9.2004943750001e-09,81.1283795895867,1.1340660840933445e-10
36059518600,2.8546798450001747e-10,2.6755067481428507,1.0669679106515779e-10
36059518700,3.944361759999615e-10,3.6962156713918946,1.0671351757226535e-10
36059518800,1.889652060000477e-10,1.7710291147182882,1.0669796697842868e-10
36059520600,2.0514933449999214e-10,1.9249769153732836,1.0657236087436946e-10
36059520700,1.7832889749998386e-10,1.6733275415798081,1.0657142314864516e-10
36059520800,1.7070828849999342e-10,1.6019642897671151,1.065618563350186e-10
36059521000,2.9478657350002166e-10,2.766767947400304,1.0654546355324358e-10
36059521100,1.6674088249996075e-10,1.5651789809336247,1.0653151143168323e-10
36063022300,1.4068373950001987e-10,1.2726543671981008,1.1054355615008949e-10
36059521301,1.7720595899993975e-10,1.6638186825128394,1.0650557110724851e-10
36059521302,2.6502187150001805e-10,2.488876445274073,1.06482534319149e-10
36059521500,1.4755889599997502e-10,1.3849260244817363,1.065464099825795e-10
36059521602,1.1324532249994488e-10,1.0630706486833963,1.0652661950567276e-10
36059521700,2.137219070000292e-10,2.006832023164597,1.0649715797489049e-10
36063022500,1.5179027549995994e-10,1.372958329559225,1.1055708846508892e-10
36063022401,1.9394077350002562e-10,1.754488624988505,1.1053977252277499e-10
36059406201,2.2225955299997543e-10,2.0862055550937986,1.0653770548031272e-10
36059406202,3.2995300299998986e-10,3.0977315352510644,1.0651439585556206e-10
36059406400,5.056525574999725e-10,4.743603408956393,1.0659671855055386e-10
36059406501,4.911681179999871e-10,4.608397887349909,1.0658110041848766e-10
36059406600,3.001544505000012e-10,2.815611090580812,1.066036611036663e-10
36059406900,1.1914862050001008e-10,1.1179805995301064,1.0657485518987442e-10
36059517600,4.54303313499944e-10,4.254609219294738,1.0677909299864e-10
36059517705,1.568621908999854e-09,14.698319274111954,1.0672117537701448e-10
36059517802,2.560131840000526e-10,2.3964105966673612,1.0683193621163454e-10
36027070201,1.2021047369999826e-09,11.100801433116278,1.0828990539492257e-10
36027190204,9.942647660000035e-10,9.208198588878597,1.0797603422680833e-10
36027050102,1.072086486000007e-09,9.929572981698461,1.0796904237231618e-10
36027210201,4.071189515000458e-10,3.775522751357507,1.0783114771422428e-10
36027040001,8.216799854499996e-09,75.94872693710782,1.0818877663748367e-10
36027050205,5.1736485214999504e-09,47.9514913233395,1.078933809714855e-10
36027060100,1.0600566379999382e-09,9.825448553057015,1.0788887980794731e-10
36027010000,1.22631085849997e-08,113.15778712134104,1.0837176032657618e-10
36027140801,1.1116050890000171e-09,10.291445582017849,1.0801253139231623e-10
36027140700,1.1708979240000006e-09,10.835909457987349,1.0805718971164992e-10
36027020005,3.8193367295003054e-09,35.373140790756096,1.0797279077062887e-10
36027080103,3.814267835499884e-09,35.26476325176526,1.0816088026080686e-10
36027140400,1.1070053674999762e-09,10.24085788478989,1.0809693679512364e-10
36027190203,8.732267070000112e-10,8.084479343748228,1.0801273277731634e-10
36027130003,3.634867731500049e-09,33.58151847491181,1.0824012422831914e-10
36055980200,3.2767097849990567e-10,2.960159739633147,1.1069368119320276e-10
36055013511,5.168431930000027e-10,4.66457564971135,1.1080176029131089e-10
36063022602,1.716954499000001e-09,15.525898559708802,1.10586481832083e-10
36027210301,4.629199544999722e-10,4.292909628887203,1.0783361275181773e-10
36027220300,2.1117625750002687e-10,1.9521008831316469,1.0817896724745524e-10
36027221100,9.207711000002968e-11,0.8512588560077007,1.0816581742463156e-10
36063022601,9.996116150000487e-10,9.036817258778717,1.1061545081361327e-10
36081012500,1.7391096499986077e-11,0.16304934523640702,1.0666155374479142e-10
36081065703,2.8609719500007223e-11,0.26845026372207237,1.0657363156710094e-10
36081008500,2.911840149996889e-11,0.2730420099070708,1.0664440065424097e-10
36081026901,1.2177832499999166e-11,0.11421317512461322,1.066237103268729e-10
36081074900,3.826572099998615e-11,0.35906454760884804,1.065705908723449e-10
36081099802,1.195711440000036e-10,1.1240268976196652,1.0637747571096172e-10
36081035700,6.597010799998235e-11,0.61852547137469,1.0665705949564526e-10
36081006502,1.6357238999984178e-11,0.1533653984562671,1.0665534184784533e-10
36081029400,1.1337453100003892e-10,1.0645035806048644,1.0650460277044636e-10
36059409100,2.0836449649995169e-10,1.9551199351604143,1.0657376703739443e-10
36059409200,2.1641968149999964e-10,2.0305409620627275,1.0658227809408456e-10
36023970202,1.403209946349992e-08,127.78871111306238,1.098070349194216e-10
36023970201,1.4221602816500145e-08,129.36551870275142,1.0993348891660782e-10
36081061301,7.594825199999874e-11,0.7127026747529803,1.0656372522570099e-10
36081072300,5.0096172000001086e-11,0.4700539960257111,1.0657535607305192e-10
36081086900,6.544017599996573e-11,0.6135814807164444,1.0665278867862006e-10
36059409300,1.552564645000031e-10,1.4569004960014345,1.0656627884067261e-10
36059409400,1.4827801799999668e-10,1.3913815583601379,1.0656891138815653e-10
36059409500,1.5521744649999175e-10,1.456610178459611,1.0656073175606717e-10
36059409600,2.300413990000036e-10,2.158975824756105,1.0655116947684714e-10
36059409700,1.8415591899999004e-10,1.7284450605370407,1.0654427103559278e-10
36059409800,1.7585413700002422e-10,1.6507148381080756,1.0653211138610404e-10
36059518900,4.5119808199999345e-10,4.230355309427323,1.0665725429599283e-10
36059519100,2.2954040099994435e-10,2.1526848756343258,1.0662982009027509e-10
36059519200,2.2018608949999612e-10,2.0649056200554163,1.0663251984082785e-10
36059519300,3.8016124700001935e-10,3.564452488544891,1.0665347573624464e-10
36059519400,1.3647189299998038e-10,1.279433315849241,1.0666588974150272e-10
36059519500,2.1185680800000522e-10,1.985877168132296,1.0668172805433637e-10
36059519601,1.6600045700000775e-10,1.5561238011580434,1.066756108199571e-10
36059521801,1.7494147099998924e-10,1.642064890216582,1.0653748950013488e-10
36059521802,2.172561415000068e-10,2.039839872065964,1.0650646870627558e-10
36059522000,3.2584021900000557e-10,3.0591388367990424,1.0651370741347308e-10
36027070401,1.0906117144999814e-09,10.075312063024672,1.0824594887759466e-10
36027070102,2.244932943999929e-09,20.71842633250213,1.0835441398742624e-10
36001014303,8.247979515000065e-10,7.520485522100613,1.0967349768524318e-10
36001001803,1.9606159499995294e-10,1.7856246194398024,1.0980000660019049e-10
36001000302,5.660005540000438e-10,5.153264715346988,1.0983339402581669e-10
36001014617,1.5450758689999819e-09,14.05797607612733,1.0990741915002725e-10
36001001804,6.893563350000054e-10,6.279884973438064,1.0977212766089913e-10
36001014616,9.053324359999783e-10,8.236058803573238,1.0992301750045753e-10
36001013509,6.065919319999466e-10,5.517234228405627,1.0994493017477706e-10
36001014304,4.338018168499981e-09,39.572725212745986,1.0962141589133588e-10
36001013603,7.47321263999995e-10,6.80150485747164,1.0987587006999518e-10
36027220700,2.335069880000337e-10,2.1589786735816054,1.0815622722787751e-10
36027220901,1.4491253449999684e-10,1.339883048208427,1.081531217920557e-10
36027221001,3.9625831699997964e-10,3.6646911182084496,1.081287083189968e-10
36067011202,4.1900732400001134e-10,3.784855414621265,1.1070629604009317e-10
36027220801,2.0218986449999966e-10,1.8695356439242377,1.08149777810919e-10
36067011231,2.887332339999864e-10,2.6088996241962246,1.1067241963704992e-10
36059410000,1.6282255099999332e-10,1.5285587552998534,1.0652030903977443e-10
36059410200,1.3652081050003166e-10,1.281836873149324,1.065040438137935e-10
36059410300,1.3276801099998632e-10,1.2465448379978383,1.0650881296274443e-10
36059410400,1.5277703650004535e-10,1.4345552610138756,1.0649783988946497e-10
36059410500,2.1684995250000104e-10,2.036165544819061,1.0649917589056881e-10
36059410700,1.5052288550001602e-10,1.4136793194933313,1.0647597614568209e-10
36059409900,1.8466377950000354e-10,1.7335876915479482,1.0652116440392715e-10
36059410800,1.3587310899997872e-10,1.2760917980802087,1.0647596764150538e-10
36081015801,3.1491794499978666e-11,0.2956079506974263,1.0653229869386205e-10
36059519702,6.718326629999801e-10,6.296901565117531,1.0669257825494378e-10
36059519703,1.65274855999969e-10,1.5491200122920463,1.0668951061798737e-10
36059519704,1.5686068600001723e-10,1.470400473104259,1.0667888705779476e-10
36059519801,8.846159200001123e-11,0.829386988266571,1.0665900629198084e-10
36059519802,2.326593714999885e-10,2.1813094840604585,1.0666041348103357e-10
36059519900,2.2874388750000191e-10,2.1448480024620293,1.0664806421594037e-10
36059520001,4.793942539999892e-10,4.496065895412282,1.0662527310579586e-10
36059521601,1.4552263750007878e-10,1.366083277719927,1.0652545117378538e-10
36059415802,2.737511435000281e-10,2.5698664701084915,1.0652348932684865e-10
36047101800,3.020951250000391e-11,0.2837652719598654,1.0645951243912827e-10
36047102000,1.6717475999993168e-11,0.15704087173440637,1.0645302598845996e-10
36047102600,1.446708999997593e-11,0.1359191036203116,1.0643897446814815e-10
36081018501,1.0503182000001227e-11,0.09851894526000436,1.0661078407083996e-10
36047107800,5.393771850000989e-11,0.5065289737364032,1.06484961960101e-10
36067016700,8.071855860500006e-09,73.23740144055571,1.1021494075061708e-10
36067016901,7.524957705500267e-09,68.37137627814134,1.1006005897684456e-10
36067016902,1.3336145493999764e-08,121.15130688856841,1.1007842867321257e-10
36067012600,6.176327860000113e-10,5.591544981605851,1.1045834166259924e-10
36047109800,9.097070949998808e-11,0.8543833733263253,1.0647528069959585e-10
36047112200,1.7281967000002555e-11,0.16228314797610932,1.0649267786293335e-10
36047112400,1.894022150000949e-11,0.177848703955605,1.0649625821696958e-10
36047112600,1.7944282000019818e-11,0.16849959212750254,1.0649451297449727e-10
36047112800,1.961456599998589e-11,0.18419238631109006,1.0648955905733284e-10
36047113000,2.0641251000000725e-11,0.19383245113877473,1.0649017168555837e-10
36047113200,2.08922929999916e-11,0.19619230211838026,1.0648885187852794e-10
36027030000,1.089097479800008e-08,100.43734538512479,1.084355102799549e-10
36027070101,4.175034012000035e-09,38.51754870816428,1.0839303517555063e-10
36027300000,3.4186715700001087e-10,3.1655065232607726,1.0799761570159558e-10
36027610000,3.5712246299990755e-10,3.307647032042328,1.0796873413043711e-10
36001013708,4.928985350000117e-10,4.485529655950158,1.098863618806244e-10
36001013804,1.639917670499984e-09,14.91678393266781,1.0993775051662164e-10
36001013604,7.998433039999731e-10,7.277358487180845,1.0990846546984139e-10
36001013803,6.65094940999999e-10,6.048189706017198,1.0996595234741266e-10
36001013511,1.0779977125000475e-09,9.798866224984948,1.1001249407318073e-10
36001000202,1.5828668200001844e-10,1.4414914605351536,1.098075752327069e-10
36001013512,1.171792583999932e-09,10.653170207444889,1.0999473031802622e-10
36001013709,4.490099060000077e-10,4.08744729182513,1.0985093481156927e-10
36001000301,7.24242185e-11,0.6594974670810335,1.0981728075553188e-10
36001013510,2.916459265000217e-10,2.652491817154018,1.099516781216472e-10
36001000201,6.761780949999526e-11,0.615868930333483,1.0979253241981425e-10
36111952901,8.725181279000052e-09,80.45228790053088,1.084516240207816e-10
36111952902,6.773837074500051e-09,62.46443281118022,1.084431054545273e-10
36111955001,1.2519311650500086e-08,115.47651165267982,1.0841435605670683e-10
36111955002,4.811425292499896e-09,44.41564678641349,1.0832725943713345e-10
36111954402,7.462254760499998e-09,69.04622180545164,1.0807622148429858e-10
36111954401,5.3612758845e-09,49.62201979210656,1.0804227451766937e-10
36019100102,7.1517629864997985e-09,62.71685317162401,1.1403255464570384e-10
36019102800,1.7806851930499922e-08,157.2681809139953,1.1322603101919193e-10
36019101901,9.127099949999902e-09,80.54082530185475,1.1332265240383272e-10
36019100101,1.0228686581999929e-08,89.68456160579169,1.1405181002010246e-10
36019103200,4.083484300000396e-10,3.597344767167525,1.135138432454348e-10
36019103900,1.1802388354500097e-08,104.02725999329549,1.134547651765581e-10
36019101902,3.677084947000128e-09,32.44943020400905,1.133173964498715e-10
36019103100,1.2767605399997666e-10,1.1246203139226087,1.1352814138191243e-10
36019103000,6.826171900001605e-11,0.6013080654225664,1.1352204123862108e-10
36019100902,4.476313144999509e-10,3.941746471009801,1.1356167064323551e-10
36067005000,1.3225590849997695e-10,1.197542407468863,1.1043943636160183e-10
36067005100,8.856201850001608e-11,0.8019438499069635,1.1043418876557316e-10
36093021802,3.7113153949992437e-10,3.374119690008964,1.099935905056582e-10
36093031902,4.937027610000052e-10,4.4879035845044175,1.100074348086787e-10
36093031901,6.391912075000257e-10,5.810746874950033,1.1000155767506602e-10
36093021801,2.2851543000001126e-10,2.0771448422849654,1.1001420091081979e-10
36089491100,3.0454253199997907e-10,2.684056312150739,1.134635404709332e-10
36089492900,3.427469894199994e-08,303.41131370928406,1.1296447229664124e-10
36089492000,1.493296027049995e-08,131.8438263763888,1.132624915471523e-10
36089491800,5.3472359056500144e-08,472.7490082964235,1.1310940502908863e-10
36019100901,1.5686966199996448e-10,1.3815001319048825,1.1355023309600748e-10
36059410900,2.3986445050000675e-10,2.252667610545901,1.0648017904509184e-10
36059411000,5.147569699999908e-10,4.836703391387004,1.0642723531830549e-10
36059411100,9.544284800001163e-11,0.8968765263068035,1.0641693165170714e-10
36059411200,1.8601257199999783e-10,1.7477097854159858,1.0643218545333232e-10
36059411301,2.7169866450001497e-10,2.55214445080118,1.0645896803165752e-10
36059411302,2.750220370000105e-10,2.5835076712162297,1.0645295930959604e-10
36059520002,2.793722965000132e-10,2.620366540953015,1.0661573185803494e-10
36059520100,1.1511732490000456e-09,10.795188567734577,1.0663762302779533e-10
36059520200,1.4875417499997207e-10,1.3955012204117334,1.065955176707643e-10
36059520300,2.3882398549999674e-10,2.2407411471134373,1.0658258576973697e-10
36047114201,3.205322699999236e-11,0.30091545300880884,1.0651904606259635e-10
36047114600,1.7053638499989074e-11,0.1601025227148656,1.0651698805746322e-10
36047115200,1.7694751499995517e-11,0.16613592860998921,1.0650767505886496e-10
36047115600,1.7025326000020403e-11,0.15986236172637877,1.0649990289247095e-10
36047116000,1.612592700000765e-11,0.1514148501524623,1.0650162110103577e-10
36047116400,1.9337255999987208e-11,0.18156482692895656,1.0650331524592904e-10
36047117000,1.6382815500003696e-11,0.1538083706607731,1.0651445971127452e-10
36047117201,1.3757719000000252e-11,0.12915674056043425,1.0651955864094311e-10
36047117202,1.617265799999845e-11,0.15182382904185102,1.0652252747189226e-10
36059520401,1.6163841399999418e-10,1.5162254554396208,1.0660579099242734e-10
36059520501,1.6150972700000248e-10,1.5152508507669908,1.0658943165631576e-10
36059520502,2.384396485000507e-10,2.237329160341284,1.0657334321950146e-10
36047117400,2.2674328499984263e-11,0.21285898794538555,1.0652276757889099e-10
36047117800,1.497657200000741e-11,0.14059755449911554,1.0652085701890088e-10
36047118000,8.007052649998014e-11,0.751603511110208,1.0653293301105849e-10
36047118201,1.3464023499999458e-11,0.12638644746738256,1.0653059540639603e-10
36047118202,1.3244652999984623e-11,0.12432557937662261,1.06532003039071e-10
36047118400,2.1831778000006184e-11,0.2049450129083351,1.0652505123298995e-10
36047118600,1.4010578999992615e-11,0.13152931180605604,1.0652058318872404e-10
36047118800,1.8574177999989668e-11,0.1743780090240744,1.065167454539829e-10
36047119200,2.4012793499997745e-11,0.22544317512812515,1.0651373006235676e-10
36047119400,1.9473849500003794e-11,0.18284179284428487,1.0650655518669343e-10
36047119600,3.264056350002865e-11,0.30645014666683446,1.0651182208607235e-10
36047120000,1.6032664499983203e-11,0.15052703361401362,1.0651020029461744e-10
36047120200,1.6301773499984168e-11,0.15305028679263186,1.0651253154508278e-10
36047121000,1.6902813000003544e-11,0.15870784850649533,1.0650269132286659e-10
36081067100,2.4420019500016123e-11,0.22910583982245697,1.0658837644182333e-10
36081053100,4.513892500000457e-11,0.4234974014912417,1.0658607311652673e-10
36081006201,4.2909013999981017e-11,0.4029111102791275,1.0649747029873325e-10
36081006501,1.1849421999992806e-11,0.11109800957780679,1.0665737437621814e-10
36081018101,1.0250962999961239e-11,0.0961449135464942,1.0661992009597087e-10
36067010500,4.980825785000297e-10,4.501398246154988,1.1065063592751046e-10
36067010600,5.876158264999233e-10,5.3121620141142385,1.1061707548426564e-10
36067010700,2.591980314999697e-10,2.3428415385382686,1.1063404299280391e-10
36067010800,3.1163363799999393e-10,2.816980914234917,1.1062681909743525e-10
36067010900,2.7502596400006835e-10,2.4864013710501665,1.106120545147171e-10
36059404300,6.915990200001464e-11,0.6488616820981865,1.0658650974176231e-10
36059413001,1.3741044300000036e-10,1.2907011686374448,1.0646185681001632e-10
36059412301,1.325028310000403e-10,1.2444123629111028,1.0647823418442357e-10
36059408900,2.1502394949998407e-10,2.01719754593577,1.0659538523294966e-10
36059521400,3.43589131499974e-10,3.226687001103397,1.0648356391012837e-10
36059301400,3.565404914999489e-10,3.340455348980581,1.0673409887330351e-10
36059521200,1.4854222700001555e-10,1.3945135104014896,1.0651903039451318e-10
36059302700,1.0905526850001723e-10,1.0229002755622223,1.0661378347960321e-10
36059519000,2.505571954999705e-10,2.349742477227809,1.0663176834406727e-10
36059300100,1.8076962290000942e-09,16.93607973067755,1.0673640285984735e-10
36059300300,1.7407855549998447e-10,1.6312619786523839,1.0671403966871957e-10
36047122000,1.1611872349998108e-10,1.090390732396072,1.0649276452012458e-10
36047013000,1.8780141500018498e-11,0.17643241861985604,1.0644382504602216e-10
36047017000,2.224415500002688e-11,0.209044992393904,1.0640845659728679e-10
36047020100,1.8682109500001603e-11,0.17537875749199439,1.0652435772248184e-10
36047022200,1.8755278000009328e-11,0.17618446960209883,1.0645250425515316e-10
36047121400,1.846188200001436e-11,0.1733534111056125,1.06498521617015e-10
36047023800,1.8082481999962388e-11,0.16988350151543657,1.064404832644641e-10
36047024700,1.9145557500003167e-11,0.17974109222989146,1.0651742048788556e-10
36047027300,1.5946412500018402e-11,0.14970367423287698,1.0651984716963181e-10
36047028000,2.0721684500012583e-11,0.19476335255274171,1.0639416619407992e-10
36047032600,3.5010912000001945e-11,0.3291863573179712,1.0635590212562738e-10
36047034700,1.488722899998499e-11,0.13977729156357468,1.0650677827173276e-10
36047041000,1.5200638499979094e-11,0.14287081465751075,1.063942872896609e-10
36047048600,1.8675816000014798e-11,0.17543617375745738,1.0645362128014909e-10
36047052500,1.3228989499992811e-11,0.12414155643953237,1.0656374770390823e-10
36067000200,1.2105794100000617e-10,1.0953002839212933,1.1052488781122714e-10
36067001600,6.285891499998372e-11,0.5688934796294568,1.1049329487995935e-10
36067001701,9.016334399999743e-11,0.8160002227279536,1.1049426395813253e-10
36067001702,1.1032306199997297e-10,0.9983973425810951,1.105001558946076e-10
36067001800,9.91295220000264e-11,0.8970778011870927,1.1050270318677983e-10
36059411400,2.2989408350000502e-10,2.1598344463854158,1.064406042253579e-10
36059411500,5.036688764999455e-10,4.731993023376196,1.064390572876598e-10
36059411600,1.27825306499998e-09,12.013747468589896,1.063991954502115e-10
36059411700,2.4764499499994805e-10,2.326205289252653,1.0645878768486066e-10
36059411800,1.8976208300000087e-10,1.7819694900552385,1.0649008530113415e-10
36059411901,9.172359849996852e-11,0.8614485480110701,1.064760033686769e-10
36059411902,8.720707350005348e-11,0.8190600476931523,1.0647213686672727e-10
36047052800,1.8690549499992044e-11,0.1755953599824725,1.0644102157288035e-10
36047053800,1.7500938000000817e-11,0.16444980798049894,1.0642115193029682e-10
36047054200,2.0129945999975893e-11,0.18916860464621443,1.0641272127382436e-10
36047059300,2.00367064999908e-11,0.18797789089188674,1.0659076131200277e-10
36047064600,1.7626418000024814e-11,0.16563438226874952,1.064176275395837e-10
36047075200,1.843382800001245e-11,0.1731954686151505,1.0643366219339948e-10
36047081800,1.6814657499992983e-11,0.15791983887805328,1.0647590334091825e-10
36047102200,1.7335137500006297e-11,0.16284799615110754,1.064498053996374e-10
36047113400,1.633908999997894e-11,0.1534200646671367,1.0649904258239339e-10
36047115800,1.650560249997978e-11,0.15498105663887385,1.0650077408131237e-10
36047116600,1.697669350000353e-11,0.15939105057900677,1.0650970326334942e-10
36085029106,4.5835884000031325e-11,0.4308350890218788,1.0638846548941067e-10
36085004001,3.1996928500010876e-11,0.3006594637568115,1.0642248908516513e-10
36085005902,4.7907222000000153e-11,0.45010368817351587,1.0643596855294335e-10
36085007001,5.036489949999077e-11,0.4734570070959366,1.0637692281484247e-10
36067011232,1.0792469539999975e-09,9.749885875759087,1.1069329095259504e-10
36059301101,1.7557496399995876e-10,1.644413095739216,1.067705945999124e-10
36059518201,3.217327685499881e-09,30.120659729824837,1.0681464862850104e-10
36059416202,1.22557177499993e-10,1.1518441253972358,1.0640083566665479e-10
36113070604,2.287257891500028e-09,20.59478132834465,1.1106007172564971e-10
36113070802,1.1591734064999663e-09,10.451638105683838,1.1090829923297684e-10
36113070801,6.25765133000014e-10,5.640281637737923,1.1094572455622655e-10
36059300400,1.9942963149997552e-10,1.8688807510098011,1.0671073121825397e-10
36059300500,4.4427218450005346e-10,4.1641221280585015,1.0669047901032453e-10
36059300600,2.9584858450001365e-10,2.7729507291557653,1.0669089118294063e-10
36059300700,7.954817950000279e-11,0.7456212610731852,1.0668711268440463e-10
36059300800,1.4671630650000769e-10,1.3754434300618874,1.06668368391862e-10
36059301000,2.955167808000255e-09,27.673586511999282,1.0678658534985673e-10
36113070603,2.7676887355000652e-09,24.932048511359575,1.1100927925112318e-10
36113075002,1.4799965108999818e-08,132.49924187730753,1.1169848898233231e-10
36113075001,1.0368689642499994e-08,92.9593096724769,1.1154008865848886e-10
36113072002,6.880061968999923e-09,61.872696980450165,1.1119705952326285e-10
36113072001,2.541491355000005e-09,22.871655230217286,1.1111969507315191e-10
36059412000,1.9302385649998495e-10,1.812674911258287,1.0648564466862701e-10
36059412100,1.8252133250002432e-10,1.7143858528439955,1.0646455825404741e-10
36059412200,2.68088355000017e-10,2.5185625026904037,1.0644498785066364e-10
36059412302,1.1931624799994402e-10,1.120608502706376,1.0647451604354595e-10
36059412400,1.8834743199998575e-10,1.7687128295955425,1.0648841849756684e-10
36059412600,1.7914035500002083e-10,1.6818148296614355,1.0651609906191837e-10
36059412700,1.3582877299999992e-10,1.275426005022729,1.0649678810459831e-10
36045061900,3.8225546000002567e-10,3.408752735383904,1.1213939222757231e-10
36045061600,1.3251231145000217e-08,118.12526548409022,1.1217948243921591e-10
36045060700,3.3926768726500254e-08,301.08861116701104,1.1268034548035891e-10
36045061500,6.918431684999521e-10,6.1678954201351885,1.1216843369967325e-10
36045062500,3.8712036338500135e-08,346.5244757874303,1.117151573508112e-10
36045062400,3.0099184973999893e-08,268.8227253244751,1.1196666850865938e-10
36045061000,6.617151459999881e-09,58.98951702849443,1.121750404703859e-10
36045061700,1.7599203489999884e-08,157.27069219550705,1.1190389795017804e-10
36045060500,2.5614068016000114e-08,227.8408096162534,1.1242089623514439e-10
36065026200,9.265124881999996e-09,83.69531307201574,1.1070064191082968e-10
36045062100,1.9768767399999858e-10,1.762551013055531,1.1215997297989708e-10
36045061200,3.1823090849998165e-10,2.8372074418463114,1.1216342654624262e-10
36045061300,3.3607540850004777e-10,2.9959027275617323,1.1217834457982172e-10
36081099703,6.151255899999191e-11,0.5766044750825307,1.0668068261382724e-10
36081099704,7.210573550002957e-11,0.6759147519267293,1.0667874209652697e-10
36081099705,5.312475009999156e-10,4.979017334192521,1.0669725878471388e-10
36081099801,4.858914349999574e-11,0.4567093775620077,1.0638963394921481e-10
36121970300,1.575665990349981e-08,143.13429333427345,1.1008305233115567e-10
36121971000,1.3376105229500074e-08,122.01417657959475,1.0962746792602663e-10
36121970100,1.762278145500004e-08,160.0748003990802,1.1009091631577822e-10
36121970600,1.0437534778999952e-08,94.91662033498444,1.0996530156850599e-10
36121970700,1.0919385571000006e-08,99.44384804340582,1.09804535784193e-10
36121970800,2.0422414686499788e-08,186.02747701441686,1.097817108217679e-10
36121970500,1.0098064830500113e-08,91.85634118885656,1.0993323596177753e-10
36059301102,1.999017894999955e-10,1.872108556678586,1.0677895188655759e-10
36059301200,4.78457760000014e-10,4.481994494974593,1.0675108158577206e-10
36059301300,1.8168701350001915e-10,1.7018638186354977,1.0675766856932785e-10
36059301500,3.989328585000104e-10,3.737994208104808,1.0672377652031527e-10
36059301600,4.4555515749995435e-10,4.175015134887251,1.0671941133262188e-10
36059301700,1.4263875450001975e-10,1.3367458044365903,1.0670596760177522e-10
36081075702,3.75939954999876e-11,0.35270389954613174,1.0658797804153711e-10
36081079701,1.1869695000005567e-11,0.11131259778686534,1.0663388723289834e-10
36081044302,2.963525500000156e-11,0.2779717614113719,1.0661246613516322e-10
36059301800,5.052139544999632e-10,4.735465468280494,1.0668728510091166e-10
36059412800,1.5954797000001084e-10,1.4978172378846426,1.0652031901124292e-10
36059412900,2.1425962849998757e-10,2.0114851809964898,1.0651812428160338e-10
36059413002,1.9531768850001092e-10,1.8349705836458332,1.0644186355943736e-10
36059413100,1.635372780000021e-10,1.535981826447196,1.0647084176658009e-10
36059413200,2.7932668549997306e-10,2.624257949518053,1.0644025506382542e-10
36059413300,2.3546464249998706e-10,2.2119202800086684,1.0645258991841438e-10
36059413400,4.86567184500004e-10,4.5717352886994735,1.0642943079025433e-10
36081129103,4.888343800000168e-11,0.45853638650772505,1.0660754399951667e-10
36081129104,7.550726749999749e-11,0.7082586159676774,1.0660974084562834e-10
36081071303,1.4991643500017697e-11,0.14064724612856527,1.065903806343558e-10
36081071304,1.6508522999993764e-11,0.15487131574078994,1.0659509749128939e-10
36081071305,1.4389364999984983e-11,0.13500007564743008,1.065878291621454e-10
36081071701,2.026083700000556e-11,0.19006560692606805,1.0659917555671523e-10
36081071702,2.4196750500004707e-11,0.22698108612358386,1.0660249676852087e-10
36081075701,2.1064762999996487e-11,0.1976456734323535,1.0657841699330769e-10
36081093401,1.1664414950004103e-10,1.096680110266092,1.0636114251378114e-10
36081093402,9.093446799997712e-11,0.8550115559297036,1.0635466546542615e-10
36081038301,7.575593999997697e-11,0.7103485581847597,1.0664615156475486e-10
36029006702,8.724756799997967e-11,0.7915202928386369,1.102278346990737e-10
36029009106,1.3463284439999015e-09,12.186901686095172,1.1047339829909476e-10
36029009109,4.4807952150003264e-10,4.059760867080038,1.1037091498010117e-10
36055015101,5.991852607000019e-09,54.00150499819172,1.1095714105006261e-10
36055015102,6.8232857520001e-09,61.484662770976605,1.1097541150084965e-10
36055015200,9.526542123000185e-09,85.9456446870031,1.1084380316994482e-10
36071014201,6.917393524999456e-10,6.431897589922695,1.0754825350200572e-10
36071014202,3.393076470500051e-09,31.564881904278597,1.0749530065690257e-10
36077591000,1.5626758899996194e-10,1.4276496059142985,1.0945794286819049e-10
36077591500,2.639587854949993e-08,241.02840120674392,1.0951356112949804e-10
36077590500,1.338401620399992e-08,122.11894334315986,1.095981985889791e-10
36077590800,9.401872402e-09,85.89389417534605,1.0945914715202889e-10
36077590900,3.111438335000259e-10,2.842976238854168,1.0944299472071183e-10
36121971100,2.3681379295999883e-08,216.00749502579774,1.096322111099507e-10
36121970400,2.363637361649994e-08,215.00970387080318,1.0993165978547071e-10
36121970900,1.3457281409500091e-08,122.5849921719974,1.0977919214301825e-10
36059301900,1.6331876350001892e-10,1.5306989630996193,1.0669554722197194e-10
36101962302,1.276586095000042e-09,11.716137416603676,1.0895963828410817e-10
36101962301,9.767568014500143e-09,89.70032595142847,1.0889110949038414e-10
36045990001,1.529712085669987e-07,1366.0516131144439,1.1198054824461689e-10
36063023404,2.656000113499929e-09,24.015669462595223,1.1059446490287062e-10
36063023405,3.5389683199996435e-10,3.199503164721834,1.1060993341156212e-10
36119011300,1.131520586000016e-09,10.566928567462583,1.0708131305857081e-10
36071011802,4.468718432500008e-09,41.52641048709504,1.0761147857671756e-10
36071011801,5.291854227999969e-09,49.14635342871836,1.0767541961531793e-10
36071010101,3.385529321999888e-09,31.358856441610584,1.0796086675876271e-10
36071010902,7.74350717499993e-09,71.74785262562803,1.0792667503799245e-10
36071011701,8.507690904000125e-09,79.04616066650998,1.0762940074842415e-10
36071014502,6.897953895500008e-09,64.22053642078431,1.0741040607794669e-10
36071014501,8.115313805000056e-09,75.49291069265385,1.0749769389657075e-10
36071011601,7.322312206000086e-09,67.98354420262156,1.0770712665665532e-10
36071010901,3.472061000999908e-09,32.14975558390357,1.0799649757643153e-10
36033950501,4.838843155000798e-10,4.251045730025959,1.1382712542523623e-10
36045980000,3.6050654197999945e-08,320.59025496031404,1.124508734754357e-10
36075020703,9.486444060999982e-09,85.46299858355218,1.1100059930293272e-10
36075020901,3.7016605700001305e-10,3.3407090494690705,1.1080463803300754e-10
36075021601,3.9003641099997256e-10,3.5066481348511775,1.1122770121232187e-10
36013036902,7.265050538500259e-09,66.69292561367011,1.0893285114802543e-10
36013036402,2.0907324610000012e-08,191.52620588937626,1.0916169154458104e-10
36013036901,1.8479389390500123e-08,169.48834689772463,1.0903044208491368e-10
36013036401,1.3625243051499771e-08,124.96358714709568,1.0903370623845316e-10
36013037600,1.2398461061499945e-08,113.2348478053099,1.0949333444433302e-10
36075021401,8.446722125000042e-09,76.01505978945363,1.111190617805966e-10
36075020600,2.8615362220499942e-08,258.1527252931615,1.1084664005775641e-10
36047051601,1.2340805500005563e-11,0.11592700151798378,1.0645324504568619e-10
36029015003,1.0186207014500361e-08,92.78992148268333,1.0977708410283907e-10
36029015101,1.0156778537999863e-08,92.51978698882141,1.097795279103598e-10
36029015301,6.105758075499931e-09,55.61771806239407,1.097808088539386e-10
36119010200,3.7056672050005525e-10,3.4628809741257003,1.0701110528166941e-10
36119010300,4.3808500850003125e-10,4.09389219363519,1.0700941494774235e-10
36119010400,3.95753502000046e-10,3.6969329827808664,1.070491415027915e-10
36119010500,4.844872655000013e-10,4.5261027987778135,1.0704292125906369e-10
36029015302,5.226901848999921e-09,47.61038760453851,1.0978490434515305e-10
36029015600,6.9409625679999915e-09,63.288104435527096,1.0967246736029033e-10
36029015700,1.2218533983999957e-08,111.44176349599545,1.0964052973227598e-10
36029015900,1.0452294134998886e-09,9.542637709835631,1.0953254700454224e-10
36029940100,5.26358896999996e-10,4.76232507894465,1.1052561265234739e-10
36029013202,1.7880138464998732e-09,16.270150829097467,1.0989534548765196e-10
36029940000,7.341207918000002e-09,66.98557076773747,1.0959386975225681e-10
36081059502,2.463955349998599e-11,0.2311971335020082,1.06573784574072e-10
36081059501,1.7567808500003734e-11,0.16485038844737343,1.0656819595916241e-10
36081084901,2.1746721499991195e-11,0.20393615134033116,1.0663495097394477e-10
36081048302,1.430194150000958e-11,0.13414545379627368,1.0661517848923823e-10
36081066403,3.856317700001387e-11,0.3621837547696732,1.064740659738803e-10
36081019903,6.824759050004429e-11,0.6402096809199647,1.0660193454427974e-10
36081089201,1.8908570749997663e-10,1.7757663700343893,1.0648118507634246e-10
36081053902,1.7639821000013154e-11,0.16552710007749885,1.0656757106089752e-10
36117020202,4.218345364999891e-09,38.111554599774365,1.1068415889350431e-10
36117020201,5.498452864e-09,49.67813171070876,1.1068155493485955e-10
36039080404,1.930705247750022e-08,177.25819718010433,1.0892050570661715e-10
36039081001,1.866593881500033e-09,17.124725413560228,1.0899993059287066e-10
36039080403,6.147719620000021e-09,56.39082090678772,1.0901986389171407e-10
36039081002,5.171622864999876e-10,4.742526782129435,1.0904783678791947e-10
36039080302,1.2923867303500166e-08,118.3392165630135,1.0921035037120125e-10
36039080301,1.2822463207500033e-08,117.42201337853457,1.0919982410933564e-10
36075990000,8.07225324325012e-08,724.2236355334097,1.1146078154857089e-10
36099950802,2.7412847618999683e-08,249.32739298113728,1.0994719549758252e-10
36099950801,2.2382427800000818e-10,2.037050856823222,1.0987662740490527e-10
36075020301,1.0358373015000902e-09,9.297646138598338,1.1140855288091736e-10
36029006601,4.3215321999987826e-11,0.3920134325657722,1.102393908217345e-10
36029006701,6.152716050000763e-11,0.5581769265524542,1.1022877796118588e-10
36047061003,8.527688499990945e-12,0.08017378646301349,1.0636504618532664e-10
36047061004,2.3877266000019815e-11,0.22449358448137247,1.0636057175166648e-10
36029006100,1.4494417950006186e-10,1.3147340332379989,1.1024600857337313e-10
36029006302,1.158376495000038e-10,1.0505556029109173,1.1026322564844418e-10
36029006501,5.305589350002768e-11,0.4812455741061324,1.102470263722922e-10
36079010901,1.254908403000003e-09,11.661516892606178,1.0761107792037417e-10
36079011202,8.544817934999855e-10,7.941022548558834,1.0760349668759724e-10
36079010902,2.5910670055e-09,24.074374540163017,1.0762759386240134e-10
36079011502,1.6427834769999954e-09,15.253645727285221,1.0769776002214594e-10
36079011501,1.2554769429999915e-09,11.65779527216436,1.0769420063480857e-10
36079010202,3.71020602000009e-09,34.403832214063584,1.0784281230401517e-10
36079011801,3.9156324850001445e-10,3.6364036022995623,1.0767870988038856e-10
36079010201,4.2880373709998695e-09,39.7822536520628,1.0778769369134333e-10
36079011201,5.474276909999551e-10,5.087458205978514,1.0760337851162035e-10
36079011802,2.0473666234999004e-09,19.006320575679318,1.0772030364044957e-10
36115080200,2.0860912499999532e-10,1.8803006775787379,1.1094455662730557e-10
36115092000,1.3716709140499977e-08,124.25355922462704,1.1039288714219244e-10
36115094000,1.8079268620000217e-08,163.71470113506112,1.1043155254020351e-10
36115080100,3.43560263499963e-10,3.0971006288086946,1.1092964184121911e-10
36115090000,1.5026914540499964e-08,135.76577479900854,1.1068264120870101e-10
36115091000,1.0751353590000116e-08,97.25519127183391,1.1054786330067932e-10
36115089000,1.268343602600006e-08,114.63514640069799,1.106417745711784e-10
36119010600,3.6648387149998413e-10,3.423568117204172,1.0704734328442983e-10
36119010702,3.457966539999541e-10,3.230922846786189,1.0702720875675486e-10
36007012400,2.5649638818499976e-08,235.70568752369257,1.0882061900148988e-10
36115085000,1.2499230214500028e-08,112.57115565625479,1.1103404012896028e-10
36115086000,1.620407221800022e-08,146.12117763136214,1.1089475516601862e-10
36115087000,1.6588246856999893e-08,149.6907375500029,1.1081678885748514e-10
36115093000,1.044415545349988e-08,94.60843666439263,1.1039348943634646e-10
36029013400,6.160645039999454e-10,5.605337099804956,1.0990677153411204e-10
36029013501,3.771340670999982e-09,34.310692341705206,1.0991735851438522e-10
36029013502,3.022898365500189e-09,27.500574603292726,1.0992128015893342e-10
36029013600,3.7980348650000646e-10,3.4535390948445746,1.0997515188606817e-10
36029013701,1.771558892500036e-09,16.10332395365367,1.1001200109981569e-10
36029013702,2.0210413710000014e-09,18.369133889690616,1.1002377048023362e-10
36029013900,2.3917555899999847e-10,2.1748612770308138,1.0997278839160177e-10
36029014000,4.960554780000571e-10,4.509901892173655,1.0999252087077469e-10
36029014101,4.9283498945001094e-09,44.769742848657636,1.1008215774569453e-10
36029014102,4.915962693999889e-09,44.65857658092885,1.1007880390212029e-10
36029014204,2.618327357999862e-09,23.75489691745957,1.1022263607784476e-10
36029014501,2.7576379550000337e-10,2.50127792575724,1.1024916210241542e-10
36029014502,2.3584416999996805e-10,2.139764210067955,1.1021970032505501e-10
36029014601,1.236216387500069e-09,11.20447901139521,1.1033233997250643e-10
36029014801,6.82726366499993e-10,6.182477259469293,1.1042925640434925e-10
36029014903,8.678130094500085e-09,78.72308213519125,1.1023615766970507e-10
36029015001,7.852923659499864e-09,71.33578378448591,1.1008393323643156e-10
36029015002,1.0146612397499711e-08,92.30086425528737,1.0992976587343789e-10
36047069601,5.37171344999444e-11,0.5046986369157699,1.0643407881624486e-10
36047069602,9.163834750000344e-11,0.8610340413035175,1.0642825150242881e-10
36047079801,1.3809155499996351e-11,0.12967945715810283,1.064868391850259e-10
36047079802,1.132634549999666e-11,0.10636682458194714,1.0648381715363342e-10
36047105801,4.455144499997113e-11,0.41844212201300024,1.0646979033957533e-10
36047990100,1.8924408690001133e-09,17.793819536970773,1.0635383061338405e-10
36113070602,5.8873505534999485e-09,52.95995746363373,1.1116607405779441e-10
36005022703,4.127996000000009e-12,0.03865984643649612,1.0677735119255544e-10
36005022901,1.3015988499999057e-11,0.12189457637607974,1.0678070252970894e-10
36005023000,1.7019976500001046e-11,0.15938450633126186,1.0678563990797849e-10
36005023200,1.523847750000154e-11,0.1427062921735894,1.0678209956898956e-10
36005023302,6.682345000002548e-12,0.06257820312982086,1.0678390662863505e-10
36005023502,1.0277253499989358e-11,0.0962389232143462,1.0678894938485079e-10
36005023600,9.831027000005528e-12,0.09206886962287823,1.0677905615952748e-10
36005023900,1.9062885000004024e-11,0.17848955149241866,1.0680112555951893e-10
36005024000,2.5602234499980295e-11,0.23978074738057906,1.0677352030830285e-10
36005024300,1.6064700500014385e-11,0.15043158394614756,1.0679074220055629e-10
36005024600,1.6278434499995543e-11,0.1524350214888157,1.0678933450466898e-10
36005024700,1.592975200001008e-11,0.14916093339582237,1.0679573824962557e-10
36005024800,2.9679449499995014e-11,0.27791044450304675,1.0679501287930054e-10
36005024900,1.8553929499981763e-11,0.17372839854211888,1.0679848347006739e-10
36005025000,1.9404969499993542e-11,0.18171220714918654,1.0678957569461459e-10
36005025300,1.3292420500011086e-11,0.12445649854086382,1.06803747942874e-10
36005025400,1.8145224500029768e-11,0.169923779055565,1.0678449244055647e-10
36005025500,1.8011099999997763e-11,0.1686364859935031,1.0680428908303783e-10
36005025600,2.0211102000011823e-11,0.18928155066807564,1.0677798194634423e-10
36005025700,1.914643200003348e-11,0.17926900229751638,1.0680280335502674e-10
36005026100,1.8663515000001344e-11,0.17473044806251245,1.0681318114244285e-10
36005026400,4.554058349998752e-11,0.426514364651697,1.0677385634403468e-10
36005026500,2.1590706500042817e-11,0.20213646862686818,1.0681252446285667e-10
36005026601,1.8179615000000526e-11,0.17024844967611696,1.0678285197066804e-10
36005026602,3.239681249999402e-11,0.3033965208204962,1.0678043509655642e-10
36005026900,4.3918371499974166e-11,0.41116534813268446,1.0681437942042129e-10
36005027300,2.1721936000017678e-11,0.2033417987205885,1.0682474600249671e-10
36005027600,2.4965954349998353e-10,2.33777100426115,1.0679384039109003e-10
36005027700,1.8804430000008444e-11,0.17601873870468024,1.068319778813893e-10
36021001600,1.1854706241499947e-08,108.87552874151879,1.088831106358545e-10
36021001700,1.2033808463499973e-08,110.68076663733282,1.0872538047130717e-10
36021001900,5.4087925514999836e-09,49.708817409098735,1.0880951978772995e-10
36005027900,2.952289549999361e-11,0.2763320232663169,1.0683848781268726e-10
36005028300,2.4298764499988808e-11,0.22744059336461134,1.0683565383174725e-10
36005028400,1.2010100299997272e-10,1.1246895812075992,1.0678591231459453e-10
36005028500,2.8170429999985276e-11,0.2636573227844462,1.0684486098273892e-10
36005028900,2.1488930000015507e-11,0.20114358607937413,1.0683378187130297e-10
36005029500,2.526476299998293e-11,0.23646756841783753,1.0684240197937066e-10
36005029600,7.724675650000012e-11,0.7233143710086497,1.0679555058788728e-10
36005030000,4.4392480499997766e-11,0.4156975882088949,1.0679032488802848e-10
36005030100,1.5598625999997135e-11,0.14600046448449946,1.0683956421010705e-10
36005030701,4.239323299996445e-11,0.3967346542406813,1.0685538192044692e-10
36005031000,6.829606300003016e-11,0.6394490742124618,1.0680453808482374e-10
36005031800,1.9050522499988328e-11,0.17836603734712253,1.0680577302344637e-10
36005031900,4.486214849999488e-11,0.41970940002535734,1.0688859600781986e-10
36005032300,5.99762570000038e-11,0.5611824224016596,1.0687479615510215e-10
36005032400,2.8565644500008382e-11,0.26745569538807357,1.0680514564687108e-10
36005033400,3.3185865400002336e-10,3.107311878595717,1.0679927441013735e-10
36063024102,1.1036657640499891e-08,99.43495421445456,1.1099374186562983e-10
36005034000,1.6913744500003008e-11,0.15834446618490838,1.0681613893757303e-10
36005034200,1.6750890500000107e-11,0.15681988649404918,1.0681611162010215e-10
36005034300,1.2985661000001728e-11,0.12149568128457033,1.0688166741981862e-10
36005034400,1.6771489999999885e-11,0.15701285346678137,1.068160321253455e-10
36005037800,1.4085909499997084e-11,0.13184849552397895,1.0683405558795561e-10
36005037900,2.043217750001145e-11,0.19133142868090305,1.067894471957748e-10
36005038000,2.2817545499969443e-11,0.2135846892938675,1.0683137248932284e-10
36005038100,1.6179460000012716e-11,0.1515071589236075,1.0679006929415577e-10
36005038500,2.0178567000004622e-11,0.18894393483060698,1.0679658501922922e-10
36005038600,4.3726460499993075e-11,0.40929411730755166,1.0683383574539908e-10
36005038700,1.938392550000527e-11,0.18149809361483005,1.0679960937298477e-10
36005038900,1.8192274499970488e-11,0.17034431435689792,1.0679707490474167e-10
36005039100,2.1969701499983125e-11,0.2057245796534275,1.0679181620880807e-10
36005039200,1.027078200001692e-11,0.09613287502024942,1.0683943445833159e-10
36005039300,1.9405986000048458e-11,0.18171954622921968,1.0679085658495918e-10
36005039400,1.5516027000010258e-11,0.14522028780594862,1.0684476139273069e-10
36005039700,5.6100066999988696e-11,0.5252537847193017,1.0680564068656612e-10
36005039902,1.2965955499982963e-11,0.12140015046912289,1.0680345493707395e-10
36005040100,1.8203734999998908e-11,0.17043085527947344,1.0681009005175925e-10
36005040600,2.3861847000040104e-11,0.22332693721957805,1.0684715107420658e-10
36005040701,6.220858499993161e-12,0.05823613150379926,1.0682128670561367e-10
36005040702,1.9458209000008185e-11,0.18216356874904757,1.0681723647396385e-10
36005034500,2.9350200000025856e-11,0.2746274921938181,1.0687276705462532e-10
36005035000,2.046892049999916e-11,0.1916273021968705,1.0681630574212321e-10
36071012602,2.878328035000041e-10,2.670848650361517,1.0776829434383862e-10
36081018300,2.2925805499976067e-11,0.21502107686042055,1.0662120120837361e-10
36081070900,2.3398081499974298e-11,0.21953513373718603,1.0658012274238093e-10
36081006900,2.2482330499992088e-11,0.21077973031293773,1.0666267798432663e-10
36081015900,1.8095099999974838e-11,0.1696877595359224,1.0663762695354674e-10
36081011600,1.4588317000016582e-11,0.13693827646262866,1.0653206230471163e-10
36081055100,1.652993599998952e-11,0.15513464049874914,1.065521919981682e-10
36081048100,1.4825199000023445e-11,0.1390518049086598,1.0661637229205192e-10
36081046100,1.2028627500002928e-11,0.11282264830837378,1.066153620780603e-10
36081058500,1.823855149999093e-11,0.17116293307315567,1.065566660521978e-10
36081023600,1.878460299999857e-11,0.17627969753635647,1.0656135256939826e-10
36081074700,3.150155450001479e-11,0.2955085608228793,1.0660115704362305e-10
36081012100,1.4709032499993677e-11,0.13789992950711366,1.0666453965978932e-10
36081014400,2.3421960499999705e-11,0.21982669352954756,1.0654739023698907e-10
36081032700,1.608711000002886e-11,0.15085165737347564,1.0664191749780184e-10
36081053800,2.0113610499981872e-11,0.18875392849263625,1.0655995698000295e-10
36081050600,2.196487549999416e-11,0.20612911335351816,1.0655882200552466e-10
36081061000,2.5234174999983843e-11,0.23686276812512053,1.065349999906027e-10
36081129102,1.0573285650000275e-10,0.9918691217386247,1.065996049102386e-10
36081027500,1.894057600000124e-11,0.1776256395948593,1.0663199323702478e-10
36081026100,2.362826950001299e-11,0.2216032577945653,1.0662419738394505e-10
36055008600,5.497170450000969e-10,4.961772332778798,1.1079046117624518e-10
36055008702,2.8413974249998677e-10,2.567674010232535,1.1066036473775515e-10
36081002000,1.559651000002494e-11,0.14639655457592426,1.0653604550465201e-10
36081120100,1.736988349999702e-11,0.1628928543330465,1.066337966212011e-10
36081107201,1.4746117550004594e-10,1.3859324304342013,1.0639853160362772e-10
36081058700,1.540144350001168e-11,0.14453194477408945,1.0656082656387759e-10
36081010100,1.842879099999549e-11,0.17275886257030623,1.0667349116457443e-10
36081056200,1.7117438999991434e-11,0.16059352684631267,1.0658859878189704e-10
36081024600,3.234243299999933e-11,0.3035374948387488,1.0655168982395706e-10
36081016400,2.107327849999664e-11,0.19782240600558354,1.0652624707942258e-10
36081020200,1.6312274500003966e-11,0.1531184852580751,1.0653367209393614e-10
36081050202,1.628884249999635e-11,0.1528524544297618,1.0656578960909874e-10
36081059600,2.072846549999046e-11,0.19455084009769136,1.0654523768482269e-10
36081063000,2.0289426999981967e-11,0.19047771639351593,1.065186384220671e-10
36081022002,3.2629081500001465e-11,0.30617402343548344,1.0657037828970823e-10
36081085500,1.3918066999997389e-11,0.13050978930473228,1.0664385464219518e-10
36081011100,1.6079723999976138e-11,0.15073710516221547,1.0667396048684875e-10
36081067900,2.7031862999982738e-11,0.2536111106536709,1.0658784991836264e-10
36081012000,1.5396960000002294e-11,0.1445229146283514,1.0653646198318391e-10
36081005700,2.3841044000003823e-11,0.22356657995875928,1.0663957020947279e-10
36081033700,1.608607599999146e-11,0.15084131424925873,1.066423750021822e-10
36119002107,6.132527399999577e-11,0.5732583386825736,1.0697668025367005e-10
36119002201,1.0898794199999411e-10,1.019020480307711,1.0695363253845821e-10
36119002202,1.338638524999766e-10,1.2517666325678154,1.0693994313091296e-10
36119002204,2.0764199350000142e-10,1.9419643696782833,1.0692368858157813e-10
36055009200,1.1511705899997525e-10,1.0399893730301928,1.1069061087091819e-10
36055011707,1.2453542235000603e-09,11.267331250273939,1.1052787885949323e-10
36055011800,4.4646409349991336e-10,4.037953945255158,1.1056691075551664e-10
36055003600,8.241706250001924e-11,0.7449442674668802,1.1063520601382902e-10
36055003700,9.668482099998424e-11,0.8738810854219038,1.1063841821602704e-10
36055003900,5.824295900000342e-11,0.5260831039536068,1.107105675173701e-10
36055004000,3.941857300000322e-11,0.3561203245165025,1.106889168808914e-10
36055004100,5.6344069500011725e-11,0.5090550697491536,1.1068364278893503e-10
36055004602,7.184403649996232e-11,0.6488522778916194,1.1072479661073602e-10
36055004701,2.562963994999252e-10,2.3138310176259593,1.107671206529554e-10
36055004900,4.324026850005428e-11,0.3905589694408135,1.1071380222547172e-10
36055005000,4.4689684499957935e-11,0.40367491725326365,1.1070711255492708e-10
36055005100,4.766410199998766e-11,0.43050892506407895,1.1071571162640382e-10
36055005200,4.952578050000747e-11,0.44736080249784277,1.1070657112442544e-10
36055009301,1.2132063900004267e-10,1.0961023810543917,1.1068367435105717e-10
36055009302,5.0873098500007816e-11,0.4597097598737931,1.1066351628900443e-10
36055009601,6.203160500000493e-11,0.5605476589720666,1.106624994452008e-10
36055009602,8.550182200002009e-11,0.7726020555754655,1.1066734987694908e-10
36029015504,1.1988956730000623e-09,10.925429239004679,1.0973442294787892e-10
36029014603,1.184640481499986e-09,10.733236878923833,1.1037122303954628e-10
36059407402,1.5715530250000454e-10,1.4748784519036753,1.0655474849277166e-10
36055005500,7.583321949998467e-11,0.6850805586791984,1.106924120663815e-10
36055005600,7.617093599998364e-11,0.688143488651023,1.1069048426121499e-10
36055005700,4.3590013000016494e-11,0.39381884637451653,1.1068544179971257e-10
36055005800,9.008041849999972e-11,0.8138145246853113,1.1068912604482248e-10
36055005900,1.0157683749995372e-10,0.9177861282671981,1.106759345902658e-10
36055006000,9.993564150000524e-11,0.9028954135176619,1.1068351882601556e-10
36055006200,7.856653199995493e-11,0.7100817256324045,1.1064435143712922e-10
36055006300,7.971891199997069e-11,0.7204652424934791,1.1064921289480835e-10
36055006400,7.251944000001614e-11,0.6554158740891493,1.1064645039426081e-10
36055006500,5.256302400002605e-11,0.4750522815589249,1.1064681939330123e-10
36119007200,1.235674719000266e-09,11.558527649881297,1.0690589289830146e-10
36119007300,1.8522896599996492e-10,1.7317846137534367,1.0695843150985341e-10
36119007401,1.3148401600003985e-10,1.2293055214031017,1.0695796424144174e-10
36119007402,2.7962238049997926e-10,2.6146962154615645,1.0694258814713523e-10
36119007500,7.137005615001213e-10,6.6729212674005405,1.0695474034539986e-10
36119007600,4.3571029989999174e-09,40.741063939385256,1.0694622520124746e-10
36119007700,4.756329350000082e-10,4.445191449412849,1.0699942632680826e-10
36119007800,1.376777939999645e-10,1.2865493397995467,1.0701322502051547e-10
36119008000,9.155607650002802e-11,0.8554298626973466,1.0702931998578217e-10
36119008100,8.269541800001187e-11,0.7725402663786385,1.0704350517242952e-10
36067015702,9.426096231999856e-09,85.44913885352707,1.1031236076185191e-10
36067015701,9.569645888000093e-09,86.83842513694628,1.1020059234041302e-10
36067004401,1.0976127250002528e-10,0.9937499494886134,1.1045160058273085e-10
36067015602,3.550996107000123e-09,32.14935290567356,1.1045311292637123e-10
36027080104,4.21678421349986e-09,38.99681861122373,1.0813149286711869e-10
36119005002,3.3601347199998976e-10,3.141079323381633,1.0697388935668245e-10
36119005100,1.0512963250000028e-10,0.982949333597081,1.0695325680244448e-10
36119005300,1.292103629999969e-10,1.2087936774413974,1.0689199109106114e-10
36119008200,2.418691755000197e-10,2.2594371153897543,1.0704842097731811e-10
36119008301,1.0663555649997275e-10,0.996268731104289,1.0703493261479285e-10
36021000402,4.784935096499856e-09,43.7322141568844,1.094144256985123e-10
36119008401,3.8821604149998877e-10,3.6286085471832625,1.0698757842075433e-10
36119008404,1.2299966599999376e-10,1.149846975101046,1.0697046534316866e-10
36119008700,2.509673680000644e-10,2.3434103253821563,1.070949313834475e-10
36119008901,1.1858860899996031e-10,1.1073295849326752,1.070942297700557e-10
36115084001,8.618470569499953e-09,77.50503847243155,1.1119884254448222e-10
36115080301,1.3107868539999491e-09,11.812810855446443,1.1096316279334944e-10
36115084002,7.535593422499971e-09,67.84102100193599,1.1107724074914685e-10
36115081001,1.984296907400014e-08,178.3329679904988,1.1126921341351384e-10
36115081002,1.2099010356499648e-08,108.82670506837114,1.111768508372863e-10
36115080302,9.64305046349994e-09,86.86110604744974,1.1101689700142912e-10
36115088002,7.336865963000136e-09,66.2208969069247,1.1079381744575741e-10
36115088001,5.292842174999209e-10,4.772647831116266,1.1089949148335288e-10
36119005400,9.902046900000759e-11,0.9265006378599578,1.0687576991714355e-10
36119005500,3.8649069049997484e-10,3.6169547481207163,1.0685527395685174e-10
36119005702,5.488127950000551e-11,0.5135489809818439,1.0686668951241829e-10
36119005901,4.7980867499991475e-11,0.44892700511630396,1.068789958126066e-10
36119005902,9.569289994999799e-10,8.955124690137016,1.0685825520150726e-10
36119006000,9.806744000003132e-11,0.917446184925078,1.0689176282098754e-10
36119006100,9.179940549998724e-11,0.8589504503452087,1.0687392440750619e-10
36119006200,7.545740000001215e-11,0.7059731512341217,1.0688423471643927e-10
36015011101,6.696258074999441e-10,6.1561350681704985,1.0877373548253642e-10
36015011102,1.1559664880000251e-09,10.627151404989643,1.0877482064076716e-10
36015010702,6.5121082280002635e-09,59.77585138046878,1.0894212424597998e-10
36015010302,7.319372037999981e-09,67.23828501503708,1.0885720890060011e-10
36015010301,5.391737247000112e-09,49.48416196874838,1.0895884728542543e-10
36015010701,9.73237990999956e-10,8.93035498159956,1.0898088519496171e-10
36103123600,3.604208889999484e-10,3.384560309291627,1.0648972275969956e-10
36103146001,2.373693409999899e-10,2.225461476917503,1.0666072788137914e-10
36103190402,4.708304749999946e-09,44.09046459034006,1.0678736987116042e-10
36103158709,1.4106686290000267e-09,13.210117059574898,1.0678698929299435e-10
36085024402,4.1311121449996536e-10,3.888562817157324,1.0623750571219116e-10
36085027705,5.6541092500013416e-11,0.5315298444076554,1.0637425742861839e-10
36085012806,2.0198286000010167e-10,1.8996353404690334,1.0632717537789683e-10
36057070400,1.5927687099998752e-10,1.4439717139307122,1.1030470296846153e-10
36057070500,2.62790102999989e-10,2.382202264848726,1.1031393382403514e-10
36119000602,4.328190499998634e-11,0.40474481878117446,1.0693627933353911e-10
36119006302,3.359199049997149e-11,0.31427946908672194,1.0688573007198937e-10
36119000502,2.0250607999975388e-11,0.1893908584046494,1.0692494965468857e-10
36119000601,2.8122654499997948e-11,0.2629836437951561,1.0693689574817558e-10
36119000501,2.8365370500017663e-11,0.2652693351630882,1.0693045422147482e-10
36119000204,2.0081470000004025e-11,0.1878511425701348,1.0690097342637427e-10
36119000205,1.905022449999972e-11,0.17821438241183155,1.0689498929428149e-10
36119014813,4.1631461449996236e-10,3.871177022785084,1.0754212789795092e-10
36119001305,2.1011290499991863e-11,0.19656587353827426,1.0689185320818497e-10
36119001304,1.8514585499990623e-11,0.1732163533238977,1.0688705277942292e-10
36119005704,1.3039089100001386e-10,1.220334945877252,1.0684844471636501e-10
36119001702,1.4384331799998682e-10,1.3450281652414628,1.0694446534074155e-10
36119006301,4.416175650000975e-11,0.413159789926201,1.0688783753108686e-10
36119004001,2.7683491000020502e-11,0.25899619313178746,1.0688763670720848e-10
36119012803,1.3345685469999944e-09,12.42447795713115,1.0741445649505182e-10
36119007902,4.375639649999426e-11,0.40883096456748397,1.070280881153061e-10
36119004002,3.3173872499973604e-11,0.31035067705612346,1.0689157444297916e-10
36119005703,1.2086021550000743e-10,1.1310296068373915,1.0685857803312441e-10
36119011601,3.1592126499993254e-11,0.2948114586373589,1.0716044296926067e-10
36103145803,6.575239754999955e-10,6.159988844088741,1.067410984243859e-10
36057070700,2.0687343850001203e-10,1.875439600053629,1.1030663877103607e-10
36057070800,2.5849626600000444e-10,2.344023565294379,1.1027886827901437e-10
36057070900,1.5797476099998095e-10,1.4325876685182484,1.1027231664179906e-10
36057072200,1.0112537511000148e-08,91.66843968400855,1.1031645728736308e-10
36103145804,6.119190525000101e-10,5.733950246175004,1.067185842619071e-10
36103145808,2.4762350149997794e-10,2.3203085941024053,1.0672007254956073e-10
36103145901,3.9559660750000175e-10,3.7096539496301584,1.0663976016939304e-10
36103145903,2.9338985499999187e-10,2.7519300134773443,1.0661239695891243e-10
36103158206,3.5728847149996576e-10,3.3412417853608956,1.0693283948062866e-10
36103158207,1.3638336069999642e-09,12.751230437634748,1.0695701984764261e-10
36103158205,4.1184671050002826e-10,3.851316325180263,1.069366096488456e-10
36103158304,1.6810508729997784e-09,15.716641171139097,1.0695993213147467e-10
36085017702,6.244445899995585e-11,0.5869405583391615,1.0638974954576668e-10
36085017701,3.1258360400002064e-10,2.9378796527917066,1.0639768844955561e-10
36085020805,1.2065257349999754e-10,1.1349063849681678,1.0631059539186718e-10
36085018704,5.732768799997333e-11,0.5387965302642214,1.0639951220892293e-10
36057072300,1.1912488646500166e-08,108.00390565348448,1.1029683208605187e-10
36057072600,1.2297139165499971e-08,111.6344886428703,1.1015537684630534e-10
36057072400,4.963998720499929e-09,44.96236411808171,1.1040341890082347e-10
36057072500,1.4689391414999985e-08,133.2207429520059,1.1026354522202285e-10
36103158315,3.8440254050002254e-10,3.5969989534763367,1.068675708477799e-10
36103158317,6.160685895000256e-10,5.759402086142566,1.0696745604588367e-10
36103158319,3.0697966949996367e-10,2.872525695941736,1.0686751033547245e-10
36103158401,2.2344524895000206e-09,20.900111545557706,1.0691103177269649e-10
36103158402,1.5236380005000358e-09,14.245183264584288,1.0695811855843467e-10
36103111506,5.414962109999721e-10,5.071475030435966,1.0677292262117728e-10
36103111601,2.1742592299999555e-10,2.034919638633114,1.0684742476909005e-10
36103111602,2.041176619999856e-10,1.9103137572973625,1.0685033347022707e-10
36103111701,2.8706562850004935e-10,2.687357826068575,1.0682076860602044e-10
36103111703,2.9441303400003655e-10,2.755880074859772,1.0683085838378407e-10
36103111704,2.2723284549997279e-10,2.127249773539364,1.0682001160676956e-10
36103111802,2.5006393149997364e-10,2.3412489636800133,1.0680791978095276e-10
36103146102,9.230946650003001e-11,0.8656194821227104,1.0663977464285421e-10
36103146103,2.2703107900003079e-10,2.129265447780887,1.0662413145183084e-10
36103146105,2.4327934750013013e-10,2.2808656681982433,1.0666097126724137e-10
36103146201,1.5454448449999255e-10,1.4487784032255662,1.0667227241648142e-10
36103146202,1.8174007550001647e-10,1.7037686970404289,1.0666945332175213e-10
36103146203,1.9391022000002464e-10,1.8176340284742016,1.066827628457204e-10
36103146204,2.2767128499997047e-10,2.134754212558397,1.0664988206165323e-10
36103146206,1.6211010100000382e-10,1.5202531870247693,1.0663362023089288e-10
36103146300,3.872755779999948e-10,3.630948330089216,1.0665962244372643e-10
36103147001,2.7609695350003177e-10,2.591089339573564,1.0655632335142531e-10
36027050204,2.327205664499991e-09,21.57561810027464,1.0786275756662415e-10
36103147100,2.6578449700004916e-10,2.493783357633219,1.0657882377252604e-10
36031960902,7.535862039050011e-08,669.6728746783458,1.1253049547018911e-10
36031961001,1.2285788133999933e-08,109.40348468089888,1.1229795988522976e-10
36031961201,2.3263029120999997e-08,207.81920629247657,1.1193878340705684e-10
36031960502,3.5629762700500336e-08,316.3729176696874,1.1261950916323368e-10
36031960401,4.711923075000346e-10,4.177262873023493,1.1279929509415497e-10
36031961202,2.378088834500071e-09,21.252630464569975,1.1189621155200324e-10
36031960901,1.3993600743999966e-08,124.24471579805865,1.1262934326112097e-10
36031960501,6.998574600000501e-10,6.207769187450176,1.1273896288136876e-10
36031960402,8.843537586000052e-09,78.3963776517916,1.1280543630829287e-10
36103147401,3.2757264050002325e-10,3.0727641962562426,1.0660519961119283e-10
36103147502,5.065360074999133e-10,4.752437834852725,1.0658445730423963e-10
36085022602,8.918942895000494e-10,8.390449421646492,1.062987504815957e-10
36085007002,3.226139235000368e-10,3.0328892103467355,1.0637181285733609e-10
36085020806,1.5625700300000183e-10,1.4697726313984016,1.0631372476389939e-10
36085017015,4.8652882500014115e-11,0.4576235491582261,1.0631638732208706e-10
36029014605,8.381941975000492e-10,7.591831329906762,1.1040737880965848e-10
36029014703,1.9872083989999313e-09,18.00295987351864,1.103823156281654e-10
36029012903,4.402863649999658e-10,4.002426840257332,1.1000485020024952e-10
36029004003,9.815849049999667e-11,0.890100094901388,1.1027803621442306e-10
36029009601,3.4267481150002896e-10,3.1062409764821184,1.1031816722993436e-10
36029009602,9.232413710000095e-10,8.367250955117273,1.1033986860826378e-10
36029001601,1.5010200350004128e-10,1.36213436985021,1.1019617948304731e-10
36029002801,5.7575374000002535e-11,0.5224057036891878,1.1021199346295378e-10
36011041300,6.192964360001096e-10,5.614924970840813,1.1029469480290711e-10
36011041500,1.6452428899998672e-10,1.4918861632504559,1.1027938528602506e-10
36011041600,1.4087784399997783e-10,1.2775830448533418,1.1026903070410557e-10
36011041700,3.243559485000104e-10,2.9420104469920276,1.1024976095228983e-10
36011041800,4.1308710199996325e-10,3.7468934376056,1.1024789172118565e-10
36011040500,1.0695936723499844e-08,96.89513193803838,1.1038672954529423e-10
36119011602,4.863110234999411e-10,4.5382483842686545,1.0715830918062694e-10
36119011402,7.742745225000404e-10,7.2284721888492935,1.0711454679101392e-10
36119012202,2.3743445350001246e-10,2.213993707512755,1.0724260538515762e-10
36119012201,2.7788239600002325e-10,2.5909722746512944,1.0725023911628773e-10
36061001501,4.6556961000004707e-11,0.4369008923023766,1.0656183546492485e-10
36061001600,2.210189400001913e-11,0.20738370858049135,1.0657488069483903e-10
36061001800,2.3763689999992395e-11,0.2229662429466862,1.0657976600374689e-10
36061002000,2.8154389499992848e-11,0.2641620988627569,1.065799735132337e-10
36061002201,1.7230399000006736e-11,0.16166661511576141,1.0657982161418364e-10
36061002202,5.9801635000036826e-12,0.056108125969688,1.0658284155194244e-10
36061002400,6.955764499998853e-11,0.6526002193461715,1.0658538403446614e-10
36061002601,1.1302962000008764e-11,0.10604613670918427,1.0658532550794805e-10
36061002602,1.1052259000008626e-11,0.10369123019585809,1.0658817509573828e-10
36119014812,8.886857060000476e-10,8.263707402053218,1.0754080012310732e-10
36119015100,2.4732798649996944e-10,2.313470255805867,1.0690778750203382e-10
36119007901,6.830035850001487e-11,0.638186251036564,1.0702261038854893e-10
36119001701,8.093393700000003e-11,0.7567822520920094,1.0694481375094417e-10
36119013402,1.2843178250002334e-10,1.197057409723783,1.0728957647040382e-10
36119000403,1.212542899999823e-10,1.1338678977102985,1.0693863918789822e-10
36119000404,2.0214266000005743e-11,0.18902665561927476,1.0693870625696307e-10
36119011401,3.4600209599996155e-10,3.229246833571911,1.0714637617752008e-10
36061002700,6.317690999993293e-12,0.05928236381788352,1.0656948530934685e-10
36061002800,1.957287899997288e-11,0.18362414060951973,1.0659207953269599e-10
36061003001,1.3232307500003738e-11,0.12415044569203483,1.0658284330954028e-10
36061003100,2.184439150000282e-11,0.20496949649903337,1.065738652488022e-10
36061003300,3.641582649999851e-11,0.341677681870105,1.0657947074764646e-10
36061003601,1.0638341500005862e-11,0.0998109421571962,1.0658492215463828e-10
36061003800,2.1571130499982787e-11,0.20236941728046412,1.0659283793898226e-10
36061003900,8.499717350001394e-11,0.7974664210785439,1.0658401564426799e-10
36061004200,9.121342500002004e-12,0.08556617195624784,1.0659986641293219e-10
36061004300,1.5906795999991833e-11,0.14923842284265246,1.0658646544906838e-10
36119008801,3.878684700000548e-11,0.3622153127909572,1.0708229506130863e-10
36119008802,1.1379729000006954e-11,0.10627114024472004,1.0708202597433167e-10
36119009201,8.804094400001359e-11,0.8223116431647999,1.070651798887022e-10
36119009202,4.713285850000092e-11,0.4402561238212621,1.0705781464413249e-10
36119013401,6.685326200001757e-11,0.6231970395831876,1.0727467839823338e-10
36119012804,1.594734401999968e-09,14.849983665835165,1.0738964014276442e-10
36119004802,7.730257600001389e-11,0.7227563620755565,1.0695523423415086e-10
36119004801,8.918097050000982e-11,0.8338777519031157,1.0694729568749944e-10
36111953500,7.731112949999286e-10,7.143696885341687,1.0822285819353464e-10
36111953600,1.4224682664999626e-09,13.147310549626395,1.081946198144977e-10
36111954200,1.2310091825499972e-08,113.81710507359557,1.0815678203676074e-10
36119014907,8.172848879999716e-10,7.598139022489888,1.0756382392857952e-10
36119014908,1.7859922565000802e-09,16.60856440397953,1.0753441495955809e-10
36061008602,4.5157383500033935e-11,0.42350751195846836,1.0662711339217599e-10
36061004500,1.118552399998429e-11,0.10494745981348871,1.0658213185781781e-10
36061004700,1.7631459500009778e-11,0.1654214291249864,1.0658509960452639e-10
36061004900,2.209783349999261e-11,0.207317609020632,1.0658927432350168e-10
36061005400,1.7906262000017878e-11,0.16795897602474702,1.066109262143845e-10
36061005501,1.3265147500005944e-11,0.12444632024170005,1.0659332854713849e-10
36061005600,1.8596255000014688e-11,0.17442329736901616,1.0661566018140219e-10
36061005700,1.1517364999994792e-11,0.10804674461462188,1.0659613152691096e-10
36061005800,1.8622801499990136e-11,0.17466858255928508,1.0661792308109723e-10
36061006000,4.474612999994936e-11,0.4197571805423952,1.0660003467273629e-10
36061006100,1.515667999999858e-11,0.14217894776636922,1.0660284267192837e-10
36061006200,1.232181635000427e-10,1.1557914728829892,1.0660933774903974e-10
36061006400,1.910335649999083e-11,0.17919260315115454,1.0660795235993393e-10
36061006500,2.1439426500021446e-11,0.20112608341246951,1.0659694722963135e-10
36061006700,1.795990200000533e-11,0.1684829112138797,1.0659776632899125e-10
36061006800,1.859795149997969e-11,0.17444282847336373,1.0661344844462595e-10
36061006900,5.381728849999855e-11,0.5048645698010065,1.0659747528175874e-10
36061007100,1.7589816500004334e-11,0.1649990734327939,1.0660554713459574e-10
36061007300,1.7621501499991457e-11,0.16529944849234213,1.066035105423102e-10
36111951000,1.833309684450005e-08,168.84967577098337,1.0857644091283813e-10
36029017301,2.98970841500028e-10,2.7157415705684502,1.1008810438374974e-10
36029009012,2.8690259300000507e-10,2.5996070842346826,1.1036382949559027e-10
36029011201,3.2710017299998713e-10,2.970145437190689,1.1012934548732896e-10
36029014805,6.313238980500081e-09,57.13748391077631,1.1049207190079617e-10
36029017302,7.72391958999971e-10,7.016567306992832,1.1008117291630507e-10
36029013801,3.789878947999767e-09,34.48015567311757,1.0991478646236343e-10
36019101000,4.1751763600004004e-10,3.6777112885217758,1.1352648515480878e-10
36029009011,2.401991349999869e-10,2.176403689549984,1.1036515704935834e-10
36047043700,1.791203299999715e-11,0.16812632472689445,1.0653913376797821e-10
36061007500,4.885006600000496e-11,0.45823630629736667,1.0660452986521833e-10
36061007600,1.858218249999024e-11,0.17427649808970025,1.066247182131579e-10
36061007800,1.892259099999201e-11,0.1774722939591078,1.0662278926958622e-10
36061007900,8.609027650001259e-11,0.8075117987779838,1.066117877538061e-10
36061008100,1.8583165499985745e-11,0.17430594338206273,1.0661234573770752e-10
36061008400,1.845438600000816e-11,0.17306680995696117,1.0663157196112564e-10
36061008700,1.7638925000018463e-11,0.16544303635743615,1.0661630364369004e-10
36061008800,1.9113645000005396e-11,0.17925591120646697,1.0662769708046223e-10
36119012000,4.6315251800001966e-10,4.320816706275516,1.0719096631137836e-10
36061009000,1.862814449999612e-11,0.17469434319331995,1.066327859247387e-10
36061009200,2.100939650000129e-11,0.19702282121575537,1.0663432982209894e-10
36061009300,1.909630999998329e-11,0.17909910008995455,1.0662426550659357e-10
36061009400,1.6289154499996587e-11,0.1527535656686407,1.0663682008792965e-10
36061009600,1.8697013999976748e-11,0.17533028719531607,1.0663881465698207e-10
36061009800,1.8881126500009863e-11,0.17705851588728652,1.0663777681288923e-10
36061010000,1.8437825499988447e-11,0.17289569709279676,1.0664132080795786e-10
36061010200,1.843779600000372e-11,0.17289193840727635,1.0664346857266623e-10
36061010300,1.860388449998752e-11,0.17446816537055557,1.0663197185844449e-10
36061010400,1.847432650001505e-11,0.17323127314514117,1.0664544665983263e-10
36119012102,4.50709260499983e-10,4.203665114151967,1.0721816516321319e-10
36119012301,5.699011984999598e-10,5.3189804903093885,1.0714481836101084e-10
36059982100,2.97962125000074e-10,2.7926153857749996,1.0669644180785902e-10
36059990100,1.457058218999923e-09,13.640685691774033,1.0681708030840391e-10
36059990302,3.998070966999675e-09,37.600338602910064,1.0633071710397432e-10
36119015000,6.390411139999839e-09,59.411107938085934,1.0756256467493376e-10
36119004900,2.4602959999994782e-11,0.22993612567316976,1.0699910650388764e-10
36119008500,1.4165483635000423e-09,13.235670448319512,1.070250554387214e-10
36119012304,3.437400624999993e-09,32.0431400795666,1.0727415030064325e-10
36119013800,5.189415345000946e-10,4.834639813617532,1.0733819984653526e-10
36119014701,2.305688971499983e-09,21.442175069793958,1.0753055433952013e-10
36019101600,1.1082673974999878e-09,9.763821734095048,1.1350754117416367e-10
36061011401,1.0506070000019779e-11,0.09850792702808539,1.0665202605496323e-10
36061011402,1.05367859999809e-11,0.09879791893372174,1.0664987799033974e-10
36061011500,1.8724770000010745e-11,0.1755886145855185,1.0664000080079824e-10
36061011700,3.9830166500009806e-11,0.3734797198005061,1.0664612933008801e-10
36061011900,1.8938257500004172e-11,0.17759038778702196,1.0664010443355849e-10
36061012000,1.845402000001224e-11,0.1730248432055088,1.0665531988428756e-10
36061012400,2.6309322000004705e-11,0.24667838416256133,1.0665434707350293e-10
36085017014,5.888328899997232e-11,0.5538724172572781,1.0631200826276309e-10
36085017016,7.032808049998651e-11,0.6614258574971914,1.063279877900527e-10
36085017013,5.920632449997401e-11,0.5568680301070403,1.0632020748002621e-10
36085018703,5.0486372500037696e-11,0.47450532234682846,1.0639790561323962e-10
36085020701,5.581070099997714e-11,0.5242734452276773,1.0645341950466348e-10
36085020702,8.848803799994776e-11,0.8312310397526776,1.0645420318552621e-10
36119012501,1.8491700904999851e-09,17.202415099388652,1.0749479534217854e-10
36119012503,2.1683221164999723e-09,20.189211123168214,1.0740004169908874e-10
36119012900,1.5573815699998055e-10,1.4506165714957704,1.0735997372441063e-10
36119013103,2.3823634695000388e-09,22.19609269583135,1.0733256083164e-10
36085009701,1.2050642700003246e-10,1.1319531297334129,1.064588487231914e-10
36085009702,4.9738212499974855e-11,0.467196389736407,1.0646103778335539e-10
36085005901,1.0037422350000468e-10,0.9430943307948589,1.0643073574136243e-10
36085029105,1.711476585000287e-10,1.6084958282979838,1.064023017586108e-10
36085004004,3.8224939500002e-11,0.35923251907517545,1.0640723617786614e-10
36085022601,1.8582359349998256e-10,1.7483440049598988,1.062854867078889e-10
36085004003,2.0802232499994576e-11,0.19548192143226964,1.064151219078441e-10
36085004002,3.5901116500009566e-11,0.33737506979600557,1.0641306875969597e-10
36027060301,7.925359730000632e-10,7.344024079416371,1.0791576449502136e-10
36061012700,1.8559332499996094e-11,0.1740244881721096,1.0664782120572008e-10
36061012800,1.9070614500014183e-11,0.17879423073419137,1.0666235941564556e-10
36061013000,1.9010351999989063e-11,0.1782256465320405,1.0666451417008314e-10
36061013300,1.8595264499998813e-11,0.1743549685740248,1.0665176135834602e-10
36061013400,1.9388109999979057e-11,0.1817699753253682,1.0666288513971763e-10
36061013700,2.414131450001613e-11,0.2263548605905064,1.066525120646278e-10
36119013500,1.7808628349997666e-10,1.6596683141713706,1.0730233383342655e-10
36119013600,6.95985942499932e-10,6.486490928865587,1.0729775931740215e-10
36119013900,2.470922206999892e-09,23.017339823161848,1.0735046821151143e-10
36119013301,2.7404379750007277e-10,2.5546028240062806,1.0727452225637993e-10
36061014000,1.9105626500009608e-11,0.17911044478643723,1.0666952741248701e-10
36061014300,3.7970247499998956e-10,3.559269168410503,1.0667989888765759e-10
36061014401,7.927642500003664e-12,0.07432029301844296,1.0666861200394324e-10
36061014500,1.889345999998988e-11,0.17713747571033625,1.0665986925818779e-10
36061014601,7.929972999991422e-12,0.07434004608798227,1.0667161802141219e-10
36061014801,5.5448169999917335e-12,0.05197900980259487,1.066741559920006e-10
36061014802,1.3401088000017456e-11,0.12562219251381676,1.0667771141268303e-10
36061014900,1.856523150001292e-11,0.1740537114035947,1.0666380711046126e-10
36061015700,1.945593999996931e-11,0.1823902184645239,1.0667205820444596e-10
36061015801,1.3415972999995652e-11,0.12575572904782908,1.0668279768703906e-10
36061015900,3.0616748499996116e-11,0.2870046491998399,1.0667683811169841e-10
36061016001,1.340126249999464e-11,0.1256153657987514,1.0668489809968652e-10
36061016100,1.6613258500007776e-11,0.15573601458398195,1.0667576503987739e-10
36119014000,4.869277964999876e-10,4.531624920499055,1.0745103688907326e-10
36037950402,6.7319068409998295e-09,61.00367092341887,1.1035248763063369e-10
36037950302,1.6669707875499662e-08,150.84060663048712,1.105120713040839e-10
36037950301,7.503671856000037e-09,67.99363563242085,1.1035844437802238e-10
36037950401,7.105535084499992e-09,64.34190446412354,1.10434018757744e-10
36051031102,1.1433501606000044e-08,104.05111702213436,1.0988350661884623e-10
36051030204,1.0881744984000134e-08,98.74085742081469,1.1020508904053987e-10
36051031101,1.3873311437999868e-08,126.4304600646333,1.0973076765605066e-10
36051030701,6.947596346500105e-09,63.12942835944704,1.1005321174368638e-10
36051030203,8.367409704999794e-09,76.05128307921743,1.1002325491713315e-10
36051030702,4.760319922500096e-09,43.25222123048719,1.1005954808962944e-10
36007012501,1.8781514567999793e-08,172.70065068099058,1.0875184600602726e-10
36007012502,7.434250654000308e-09,68.31211797777398,1.0882769959524772e-10
36007001402,1.0850942349998456e-10,0.997097272978695,1.0882531367860143e-10
36007001401,5.047724199999005e-11,0.4638169406386617,1.0883009562023421e-10
36119014200,2.7738573850002217e-10,2.580180869870672,1.0750631544443849e-10
36119014300,7.769412949999888e-11,0.7227655869376028,1.0749561255287919e-10
36119014400,2.7460566699994836e-10,2.5542984692379456,1.0750727462240337e-10
36059981100,1.210854184999962e-10,1.134474382452463,1.0673261589057516e-10
36059990301,7.216012337500207e-09,67.47456296193916,1.0694418786484906e-10
36059416401,1.265873319999375e-10,1.1900770864647972,1.0636901881370859e-10
36059416402,1.1637486650004771e-10,1.0940568025142987,1.063700405980765e-10
36059416801,6.553413550003379e-11,0.6160380865412494,1.0638000625574257e-10
36059521902,3.57103603549999e-09,33.551306794575524,1.0643508037896588e-10
36059522700,2.0526433249997398e-10,1.9269356755934521,1.0652370761507504e-10
36059407204,6.621669699997077e-11,0.6213740205996462,1.0656495895349711e-10
36059407203,6.843639849999365e-11,0.6422390858648479,1.0655906811999189e-10
36061016200,1.178389479999737e-10,1.104574083257255,1.0668270221629765e-10
36061016600,1.8587578499997155e-11,0.17421913746425247,1.0669079626118048e-10
36061016700,3.625526100003788e-11,0.33983068414776196,1.0668624903887052e-10
36061016800,2.1261625999973635e-11,0.19927766401452907,1.0669347267350283e-10
36061017000,1.9515957499997696e-11,0.1829165468640451,1.0669323161071461e-10
36061017100,4.407174299999973e-11,0.4130813455009124,1.0669022815967947e-10
36061017300,1.905475199997877e-11,0.1786019251963404,1.0668839083918904e-10
36061017402,5.413117499991183e-12,0.050730920995763644,1.0670252764469255e-10
36061017500,4.369360849997231e-11,0.4095211612780058,1.066943851292477e-10
36061017700,1.8624024500026608e-11,0.1745585178501169,1.0669215532649034e-10
36061017800,4.893787900000067e-11,0.4586585813998286,1.0669783796618823e-10
36061018100,1.4770660999983535e-11,0.13843672551907435,1.0669611654422133e-10
36061018200,1.887602399999388e-11,0.17689919680922664,1.0670497289114515e-10
36061018300,4.391628299997525e-11,0.41157713258568795,1.0670243685327231e-10
36061018400,1.8842425000011726e-11,0.17658075263151934,1.0670712815077439e-10
36061018500,1.3912950499991364e-11,0.1303945002731448,1.0669890578856556e-10
36061018600,1.2990402500008776e-11,0.12173989186624058,1.0670621027232172e-10
36061018800,1.5848751500020578e-11,0.14853039673766907,1.0670375793860076e-10
36061019200,3.9001218499997153e-11,0.3654986256837663,1.0670688139260329e-10
36061019300,1.8750223000010662e-11,0.1757144909712389,1.0670846152967382e-10
36061019400,1.8680005499995696e-11,0.17505651147164966,1.067084299975949e-10
36061019500,4.1434201000035395e-11,0.38827213721661086,1.0671433004969892e-10
36061019600,1.890811449998717e-11,0.1771881534552984,1.0671206923976082e-10
36061019701,2.518238200000297e-11,0.23597553774502167,1.0671606998185233e-10
36061019702,5.057779999994678e-12,0.04739697620228278,1.0671102684713208e-10
36029009007,9.56754608999994e-10,8.665215643985901,1.1041324859168741e-10
36075020706,6.828151394999656e-10,6.156601503934282,1.1090780182274637e-10
36075021505,4.93839278500007e-10,4.4407250920718,1.1120690163452756e-10
36075020502,1.5056739462999938e-08,135.47620086878632,1.1113936888135019e-10
36075020202,7.119567059999358e-10,6.382356182309082,1.1155076364640558e-10
36075020705,5.2551438580001824e-09,47.35130310644027,1.1098203245193116e-10
36029002703,4.4974272500002225e-11,0.4080650717464555,1.1021348214763709e-10
36029001602,6.62871585000225e-11,0.6015356340068531,1.1019656152118715e-10
36029016802,9.284219900000983e-11,0.8421610354290905,1.1024280997838578e-10
36029006801,3.9408916499994036e-11,0.3575755890222998,1.1021142860380311e-10
36061020000,1.3797701999992772e-11,0.1292928942731633,1.06716630311034e-10
36061020102,8.894759999996923e-12,0.0833501348814841,1.0671560415162398e-10
36061020300,1.9020327000033195e-11,0.17822431528231786,1.0672127969690259e-10
36061022700,1.6087158500004818e-11,0.15070788121748843,1.0674397629404157e-10
36061020600,1.5874450500028566e-11,0.1487475478609308,1.0672075424645074e-10
36061020901,1.2359567999983386e-11,0.11580660845993762,1.0672593010319512e-10
36061021000,3.415360350000724e-11,0.3200009709963262,1.0672968708085372e-10
36061021100,6.96879634999924e-11,0.6529225334684943,1.0673236092770732e-10
36061021200,1.8826634999976387e-11,0.1763956186893947,1.0672960666402472e-10
36061021400,1.447087250000204e-11,0.13557659919463155,1.0673576845830076e-10
36061021703,3.3500322999993247e-11,0.3138613840668252,1.0673604559412951e-10
36061021800,1.9407888999987932e-11,0.1818704079110044,1.0671273695875195e-10
36061021900,5.0079849500034415e-11,0.4691884435410453,1.0673717605249022e-10
36061022102,1.0566933499993177e-11,0.09899957052917162,1.0673716505547346e-10
36061022302,1.6789238000017614e-11,0.15728775421357638,1.0674218144929455e-10
36061022400,2.077838400001029e-11,0.1946902589185698,1.0672533960058554e-10
36061022600,1.6327740000002298e-11,0.1529833298656961,1.067288835609501e-10
36061022800,1.9279494500030427e-11,0.1806333568565252,1.0673274768039597e-10
36061022900,3.712741050003144e-11,0.34779855211511135,1.0674975578317914e-10
36061023000,1.8538822499994397e-11,0.17368701517663884,1.0673695141309502e-10
36047152200,4.150547400000312e-11,0.38986333744323404,1.0646159824158002e-10
36025970700,4.8662109787000176e-08,446.7360621203126,1.0892809851982522e-10
36025970900,8.97033595000185e-11,0.8220079461266951,1.0912711966192188e-10
36025970200,3.4241710723500124e-08,313.2552910810085,1.0930928127450252e-10
36025970800,1.8168673878500106e-08,166.4865353409281,1.091299896492808e-10
36025970300,2.3064574577499693e-08,211.15304404581417,1.092315513694197e-10
36025971000,2.6328979941999965e-08,241.1236011673478,1.0919287790383812e-10
36025971400,4.549049194449989e-08,418.9034950634159,1.0859420482422399e-10
36073040400,6.050106515000119e-10,5.460607428403452,1.1079548556320632e-10
36073040500,4.682957569999418e-10,4.227613152944645,1.1077072098561368e-10
36073040200,1.3820641761999945e-08,124.66540706973495,1.1086188291407091e-10
36073990000,1.2237675992149973e-07,1099.5965273178635,1.1129242124836569e-10
36073040300,1.29293852149999e-08,116.79778352924224,1.1069889191658175e-10
36005009302,3.564995585000072e-10,3.3406215647309176,1.0671653510945431e-10
36005009301,6.091847449999045e-11,0.5707702402760767,1.0673029215840809e-10
36005011701,2.366064649999384e-11,0.22168609125517863,1.0673040589072645e-10
36005051601,5.873175770000201e-10,5.500546906052447,1.0677439662477447e-10
36005001902,5.012753949998636e-11,0.46973926519381637,1.0671353922117524e-10
36083052204,3.128930001499998e-09,28.519615052175638,1.0971150893080885e-10
36083052203,7.151174706999904e-09,65.15697005982301,1.0975302719623316e-10
36047150200,3.399858800004356e-11,0.3193002929201037,1.0647841155770813e-10
36005002001,2.128274199999768e-11,0.19939769156044948,1.0673514740036795e-10
36005002002,2.186942549997746e-11,0.2048935345912299,1.0673555680323327e-10
36005018501,1.9650640999996943e-11,0.184079787994791,1.0675067161937957e-10
36063022715,1.929052180499948e-09,17.442668167245284,1.1059387027280715e-10
36063022714,1.5434819340000006e-09,13.963871965921985,1.1053395059527746e-10
36063022713,6.459139930000544e-10,5.843858845850797,1.1052867805981664e-10
36063023302,2.1207069300001523e-10,1.9200408152195048,1.1045113797529907e-10
36005001903,9.697239449997227e-11,0.9087375382742898,1.0671111340258347e-10
36005051602,4.1110475449999056e-10,3.8495541530410646,1.0679282279357641e-10
36005046208,5.1818459499988776e-11,0.48507064413193074,1.0682662438317965e-10
36005046207,2.0102158000021128e-11,0.18816918373384794,1.0683023437277707e-10
36005043101,1.1003375499982284e-11,0.10298907239184998,1.0684022337939839e-10
36005046203,9.703049450001967e-11,0.9082404437032079,1.068334879521474e-10
36005046209,5.0978902499980475e-11,0.47715439841631524,1.0683942696364205e-10
36005048402,2.029328899998402e-11,0.18993116230113705,1.0684549472618339e-10
36005048401,5.393426550002324e-11,0.5047935305621571,1.0684420903722756e-10
36005001904,1.3020885300002927e-10,1.220250286230408,1.0670667687550388e-10
36005046205,9.341701700001284e-11,0.874551264442865,1.068170852849025e-10
36005006301,8.455330950001919e-11,0.7921263736011083,1.0674219710123902e-10
36005030202,3.3004671000038016e-11,0.3090022267877891,1.0681046328738712e-10
36005043102,1.1921656999998718e-11,0.11158948171051364,1.0683495269676026e-10
36063022717,3.358167361000131e-09,30.368288390846697,1.1058138403388963e-10
36063022716,7.1084679549996e-10,6.431940584906604,1.1051824657212408e-10
36063023301,6.166261219999544e-10,5.582745691636369,1.1045212446695097e-10
36005030201,2.3667834499997038e-11,0.22159656356402552,1.0680596359139266e-10
36005038303,8.149052000002802e-12,0.07630354638199069,1.0679781460231261e-10
36005011702,1.6733389849994902e-10,1.5679708687166045,1.0672003022410296e-10
36005018502,2.42963620000092e-11,0.22760206576003802,1.0674930352180974e-10
36005006302,2.8069768999963225e-11,0.2629358223360385,1.0675521026606014e-10
36005046204,1.4603999000002725e-11,0.13671167151153377,1.0682335193868689e-10
36005046206,7.40973399999785e-12,0.06936182481858315,1.0682726441206118e-10
36005038304,7.410231000013435e-12,0.06938430769889999,1.067998117408746e-10
36005001901,2.1878002499985217e-11,0.2050067893144029,1.0671842904886743e-10
36021000401,4.39615228499999e-09,40.21638910714323,1.0931245650343944e-10
36027130005,2.977483184500005e-09,27.4926215749455,1.0830117369430629e-10
36027190102,1.561886862999975e-09,14.455793699018379,1.0804573553827313e-10
36027050103,1.7974262944999555e-09,16.640496914039694,1.0801518150479361e-10
36027160004,4.28816659949997e-09,39.51266459107072,1.0852638372733367e-10
36027080201,1.4897252135000875e-09,13.781082852586279,1.0809928576987784e-10
36027050203,2.9063207609999154e-09,26.929905797623924,1.0792168315926101e-10
36027160003,6.472146315500102e-09,59.62014425651037,1.0855636792246372e-10
36027060201,1.0141343985000995e-09,9.39904192916527,1.0789763532740884e-10
36097950300,2.663461759449993e-08,243.66965545509973,1.0930625540859687e-10
36097950200,7.691262580499973e-09,70.3169539371688,1.0937991693116349e-10
36097950500,2.0322579564499487e-08,186.0842806572825,1.0921169425335955e-10
36097950100,3.191715006000028e-08,291.58839273225215,1.0945960420759223e-10
36097950400,1.0376794105000029e-08,94.99254380192458,1.0923798531637797e-10
36017970400,2.5773888099997617e-10,2.352140486411461,1.0957631250724954e-10
36017970700,2.0287862658000173e-08,185.35676863853172,1.0945304456382694e-10
36023970500,3.26169682500023e-10,2.9731773753894886,1.0970407793355905e-10
36075021103,5.016562750000397e-10,4.521795086043343,1.1094184178058331e-10
36075021104,2.929418534999357e-10,2.639893466665511,1.1096730121839157e-10
36075021102,2.509759820000102e-10,2.261989061969556,1.109536673804606e-10
36029017100,2.6469561750002e-10,2.4005364664805784,1.1026519329993337e-10
36029017200,2.6218311649999427e-10,2.3743661621936134,1.1042236057549367e-10
36029014701,7.3488001180000905e-09,66.51559414142908,1.1048236451702846e-10
36029015201,5.294035788500135e-09,48.22828043938134,1.0977036171037173e-10
36029000200,1.3409782000003274e-10,1.2176017574714133,1.1013274182398762e-10
36029001900,1.3430922799998578e-10,1.2192117497417336,1.101607067258305e-10
36029002300,8.53003169999696e-11,0.7740986536382172,1.1019308275381082e-10
36029002400,1.839797195000124e-10,1.669441654456206,1.1020434227750287e-10
36029002502,1.2129284450002454e-10,1.1006315325979774,1.102029524937558e-10
36087010101,7.563543314999804e-09,70.39214054186195,1.0744869039039653e-10
36087013200,4.668810609999761e-10,4.357125879206246,1.0715344792494944e-10
36087010200,8.271110359999957e-10,7.701241103322749,1.0739970673598745e-10
36087010901,6.60015761999983e-10,6.153396880063462,1.0726039208333595e-10
36087011000,1.212023101499961e-09,11.305229677369594,1.072090648389166e-10
36087010802,1.4370824335000134e-09,13.394548869710706,1.0728860280988705e-10
36087011601,6.47798612550022e-09,60.38224242540898,1.0728296706606361e-10
36085014605,9.385166399999396e-11,0.8826618374254511,1.0632799563844357e-10
36085014606,1.8809694299999077e-10,1.7689249677380414,1.0633404267028577e-10
36085015100,1.0693581999997132e-10,1.0048161198893075,1.0642327275934982e-10
36085015601,1.5200724050000407e-10,1.4299548947125813,1.0630212257887846e-10
36085015602,9.365147100000748e-11,0.8810727165688712,1.0629255592513513e-10
36085015603,3.8689544750000436e-10,3.6400452242142904,1.0628863754941845e-10
36085016901,8.762392849999454e-11,0.8234395896476236,1.0641209094341898e-10
36059416802,1.3308476549998306e-10,1.2512216390623467,1.0636386180126768e-10
36059980100,2.913097449999055e-11,0.27331978045645,1.0658202070607984e-10
36059990200,2.894625690999533e-09,27.086118993405666,1.0686749518099116e-10
36087010501,7.052751590000032e-10,6.569449900067237,1.0735680608398959e-10
36085014700,1.7762325900005628e-10,1.6690333333828238,1.064228349712145e-10
36085020100,6.685801649999593e-11,0.6281855818427167,1.0643035821337213e-10
36085031902,1.0484014649999603e-10,0.984838165613789,1.064541872569039e-10
36085000300,2.616855870000202e-10,2.458025284553495,1.0646171487514046e-10
36085000600,2.8863937749999355e-10,2.712266123461771,1.0642000613553063e-10
36085000800,8.511325050002638e-11,0.7998505771858133,1.064114384957851e-10
36085001100,3.4606908999969326e-11,0.3250898880540263,1.0645335420035595e-10
36085001700,3.257299449998286e-11,0.3060030614142192,1.0644662948613649e-10
36085002002,8.211015099997598e-11,0.7717486468700486,1.0639494002741303e-10
36085002100,3.0678992449997755e-10,2.882235443626094,1.0644165978127382e-10
36085002900,5.607485950001733e-11,0.5269031441385772,1.0642346724214928e-10
36085003300,9.073108450000682e-11,0.85247399010535,1.0643267190919707e-10
36085017005,1.47782953500012e-10,1.3902753210021024,1.0629761693064571e-10
36085017007,1.5540825150004e-10,1.4615978222843564,1.0632764302915406e-10
36085017300,3.6519225999993e-11,0.3432228892829226,1.064009048938743e-10
36085017600,5.767973000000653e-10,5.427254504237574,1.0627791631103808e-10
36061023400,1.1552827499970496e-11,0.10822799188876162,1.0674528186612451e-10
36061023501,1.9113707999999354e-11,0.17904516734075757,1.0675355433426625e-10
36061023502,4.412731999987522e-12,0.04133636843492156,1.067518063889614e-10
36061023600,4.175298700002305e-11,0.39114156222496477,1.0674648524313264e-10
36061023700,5.90112839999527e-11,0.5527491027250134,1.0675961970635737e-10
36061023900,6.8164824999923945e-12,0.06384932528569637,1.0675888068498407e-10
36061024000,3.1761608449999007e-10,2.9769419170074607,1.0669206634010189e-10
36061024301,1.1230888999999752e-11,0.10519301900605135,1.0676458481863404e-10
36061024302,3.4858201000000134e-11,0.3265163842010485,1.0675789236517032e-10
36061024500,2.2641600000006777e-11,0.2120680920900326,1.0676570801794351e-10
36061024900,6.4766295000143385e-12,0.06065982075465181,1.0676967751372173e-10
36061025500,1.1181953199997376e-10,1.0471855105241137,1.0678101527971712e-10
36061026300,1.6786615999995992e-11,0.15720479998363343,1.0678182855576703e-10
36061026500,2.0827087000009163e-11,0.19503525067506644,1.0678627031739819e-10
36061026700,5.055204000007243e-12,0.04733893325346219,1.0678745067914104e-10
36061026900,1.8748500000002837e-11,0.1755678975538553,1.0678774571673476e-10
36061027500,1.2205419549996562e-10,1.1428776464739483,1.067955050801213e-10
36061027700,1.7435789499974848e-11,0.16326284087240045,1.0679582326759796e-10
36061027900,1.922456749999216e-11,0.18001175298170916,1.067961795913712e-10
36061028500,1.3024020499986222e-11,0.12194192177773212,1.0680511107349586e-10
36087010602,7.05841935500054e-10,6.5740603263493025,1.0736773020943985e-10
36087010702,8.772735850001674e-11,0.8172872521197373,1.0733968781782023e-10
36087010703,9.851368494999795e-10,9.178031646045602,1.0733639711565282e-10
36087010801,1.0870380784999807e-09,10.13079653705605,1.0730035634649786e-10
36087010803,4.3383046600000066e-10,4.043830212993857,1.0728206753240846e-10
36061028700,1.646920425000285e-10,1.5418973694211544,1.0681128703258358e-10
36061008601,6.665632849996521e-11,0.6251783342667412,1.0661970328537544e-10
36061029100,2.002429000002208e-11,0.18747654934038815,1.068095720263411e-10
36061029300,1.6777759999975338e-11,0.15707729032701814,1.0681213028978176e-10
36061029500,1.4480332999996129e-11,0.135565070104952,1.0681463144441056e-10
36061029700,2.0853298249996826e-10,1.9520926087580024,1.0682535324625049e-10
36061030300,1.6733044999995224e-11,0.15665096237167273,1.068173776059806e-10
36061016300,6.636160299999495e-11,0.6220508283017495,1.0668196227817532e-10
36061029900,1.0029144600000533e-10,0.9389703214329964,1.0681002765555671e-10
36029005802,1.6070841150000424e-10,1.4569170464187151,1.1030718042255438e-10
36029009010,6.13022371500017e-10,5.550574498338295,1.1044304903637285e-10
36049950800,7.429634349100027e-08,664.2558529156389,1.118489858461751e-10
36049950601,9.790743141499836e-09,87.81296677910265,1.1149541463652944e-10
36049950302,3.608848392650029e-08,322.34167062602484,1.1195724045362263e-10
36049950101,3.819017852149987e-08,340.5131604458741,1.1215477977853472e-10
36049950301,8.506230156999932e-09,76.04606362820462,1.1185628487738144e-10
36049950401,1.51869339515002e-08,135.85516366159462,1.1178768286886581e-10
36085003900,6.205253950001408e-11,0.5830588571727439,1.0642585861898616e-10
36085004700,9.53111414999834e-11,0.8956560649250395,1.0641488985837473e-10
36085005000,8.882809800002239e-11,0.8348576887868351,1.0639908956112272e-10
36085006400,7.5514809000027e-11,0.7098035568226161,1.0638832149286986e-10
36085007400,1.0463786850003306e-10,0.9836186869029485,1.0638052112399268e-10
36085007500,5.1162005499989685e-11,0.4806408290308921,1.0644540041083643e-10
36085008100,1.0660919350001447e-10,1.0013905737792987,1.0646115141434374e-10
36085009601,8.258611149999319e-11,0.7762738907664493,1.063878516105344e-10
36085009602,6.569962800000059e-11,0.6176040810632607,1.0637822840628384e-10
36061010602,2.11202560000198e-11,0.1980438763231096,1.0664432746994911e-10
36061010900,1.873961300000752e-11,0.17574062080872538,1.0663222261177487e-10
36061011000,1.8825087500011712e-11,0.17651646408149155,1.0664777134511838e-10
36061011202,8.319447999989062e-12,0.07800811703733598,1.0664849141285177e-10
36061011203,8.312781999990063e-12,0.07794718198891211,1.0664634420231568e-10
36027140202,1.4011373145000712e-09,12.949402708017736,1.0820092216550998e-10
36027140201,4.672356394999913e-10,4.319441749708747,1.0817037630649753e-10
36027220102,1.041815944999914e-10,0.9630482552307994,1.0817899719368035e-10
36027140301,3.118736139999914e-10,2.8830860095444057,1.0817353799627872e-10
36027140302,1.851603809999605e-10,1.7119922673307901,1.0815491666247341e-10
36027220101,9.125943350001372e-11,0.8435866989626714,1.081802660144265e-10
36061031100,1.1142752800003827e-10,1.0435123082379438,1.0678123019765123e-10
36061003700,7.617759249999525e-11,0.7146686138102329,1.0659149013674581e-10
36071013201,8.039609999999734e-10,7.463029142196932,1.0772582883996445e-10
36071011702,6.447859304499889e-09,59.945767138684914,1.0756154458049933e-10
36061005200,1.8005245500003793e-11,0.1688909238870898,1.0660872168619911e-10
36061010100,1.871524099999325e-11,0.17551871306258965,1.066281803998838e-10
36061014700,6.9775615000007166e-12,0.06541719648227982,1.0666249664017312e-10
36061015001,5.508976499995674e-12,0.051641989161436794,1.0667630332313872e-10
36085018901,1.2093025149999386e-10,1.1364408214960906,1.0641139354778964e-10
36085019700,3.1942314000005674e-11,0.30015530421022374,1.0641928878802626e-10
36085020803,2.229948910000048e-10,2.0980334825133093,1.0628757494035378e-10
36085020804,1.4144867199998102e-10,1.3307527166515953,1.062922286237299e-10
36085022300,1.4611260050000196e-10,1.3725525875321036,1.0645318935481911e-10
36085023100,6.310182249999154e-11,0.5928398830010272,1.0643990782226473e-10
36085023900,5.663465450003263e-11,0.5320858637147768,1.0643893845372197e-10
36061015002,1.3395787000010751e-11,0.12556997017355992,1.0667986128765821e-10
36061015200,7.664796100000524e-11,0.7185323999695736,1.0667293639542338e-10
36061019100,4.2834765999976626e-11,0.401411067601654,1.0671047576217883e-10
36061022301,3.4165057999969136e-11,0.32006864169573723,1.0674290933020245e-10
36061031900,4.5150150999973495e-11,0.423732357023006,1.065534652986676e-10
36087010804,3.84634591000008e-10,3.5861025317308317,1.0725699770061069e-10
36087010902,2.0296264264999517e-09,18.92067495508279,1.0727029724458741e-10
36087011101,6.34820926000033e-10,5.920499411851118,1.0722421908011782e-10
36087011102,1.0439380039999342e-09,9.739142714064881,1.0718992776359264e-10
36075020400,1.3534010520000202e-08,121.69877208555998,1.1120909675641718e-10
36075020800,1.171756934000012e-08,105.52310608117804,1.1104268794917667e-10
36085011401,5.604511899999255e-11,0.52688649668851,1.0637038404331297e-10
36085011402,6.161407499998688e-11,0.5792803212631832,1.0636314188203519e-10
36085012100,7.897143949998729e-11,0.7419810487831296,1.0643322983720775e-10
36085012500,4.907609899998516e-11,0.4610784150668508,1.0643764139960817e-10
36085012804,1.3184227600000088e-10,1.239873483947494,1.0633526541776106e-10
36085013203,1.0980750999999991e-10,1.0328607130103693,1.0631395755189065e-10
36085013204,1.1113421349997657e-10,1.0451906855788997,1.0632912733854174e-10
36085013302,9.040983850006868e-11,0.8493262622117135,1.0644889075328276e-10
36085013400,9.046857999997815e-11,0.8507043744054111,1.0634549759216885e-10
36085013800,1.4967572849999318e-10,1.4074351627860135,1.063464466837041e-10
36087011200,1.254822737000065e-09,11.706641460469172,1.0718896117535788e-10
36087011302,5.683465560000216e-10,5.303275322723888,1.0716897038415599e-10
36087011303,5.315443620000154e-10,4.959582811313303,1.0717521659029661e-10
36087011401,4.102308740000095e-10,3.825077994727534,1.0724771483495746e-10
36091061404,1.4212353205000855e-09,12.862484695910473,1.1049461702776262e-10
36071015005,2.5485812299998105e-10,2.368778271211545,1.0759053563490781e-10
36013035100,2.964649910499866e-09,27.051004074649605,1.0959481956080654e-10
36073040603,1.6793416174499892e-08,151.49505057790333,1.1085125296462547e-10
36073040601,1.4832456522500128e-08,133.99419303229064,1.1069477107060694e-10
36073040702,6.145306825000544e-10,5.544133205212275,1.1084341947670161e-10
36073040701,6.289111314999731e-10,5.675437133569394,1.1081280907510264e-10
36073040602,8.628871350002742e-11,0.7785852820680279,1.1082756826693784e-10
36083051601,1.95780537000016e-10,1.7833240977744933,1.0978404724320224e-10
36083051602,3.4247416399998615e-10,3.1191696932067132,1.0979657975834588e-10
36083052406,1.3260092339999906e-09,12.083757448913731,1.0973484362011852e-10
36083052408,1.4819229684999967e-09,13.510307866838021,1.096883196968056e-10
36083052407,6.35032893999992e-10,5.790095323833066,1.096757235387962e-10
36083040701,1.1781000200004502e-10,1.0717603756627547,1.0992196079948723e-10
36083052306,1.3242508819999691e-09,12.056865722226702,1.0983375883159475e-10
36083052305,7.158321174998805e-10,6.516496921684105,1.0984922207480809e-10
36083052405,2.517052259999868e-10,2.293823070311318,1.0973175274840415e-10
36083040702,9.340205400002332e-11,0.8498355231034517,1.0990603647507609e-10
36083041101,3.4110223049998456e-10,3.1046180276245505,1.0986930677619416e-10
36083041102,1.6518959950003102e-10,1.5032957509533071,1.0988496401674581e-10
36119982000,2.8417123499993212e-11,0.2649153608818986,1.0726868915940965e-10
36119014901,5.120270797000116e-09,47.634011877429785,1.0749190746677862e-10
36065980002,9.181423585000911e-10,8.30269275220615,1.1058368482395389e-10
36065026400,1.3241280999999723e-10,1.1977199503223128,1.1055406563476231e-10
36001001902,1.2873094899998894e-10,1.1727420028155702,1.097691979062113e-10
36001002100,1.6034156449995942e-10,1.460591455347147,1.0977851740331463e-10
36001002500,8.59479985000185e-11,0.7830352009160653,1.0976262420829711e-10
36001002600,5.072761279999471e-10,4.622298695077354,1.0974542353573668e-10
36001012700,2.391126984999625e-10,2.1739950792570464,1.0998769076408317e-10
36001012800,1.9612535750001215e-10,1.7833371958175548,1.0997659778531129e-10
36001012900,2.0217292150003082e-10,1.8377859512060635,1.1000896016609173e-10
36001013000,5.694187555000152e-10,5.1767434297212525,1.099955528471451e-10
36015010200,2.160894248350009e-08,198.09768128867344,1.0908225852482816e-10
36065980003,2.8987892450004873e-10,2.6226394795778774,1.105294596368639e-10
36065024102,2.290533792400037e-08,206.3075815208483,1.1102518751442823e-10
36065024101,2.2740201008499964e-08,204.3497084810512,1.1128080963525623e-10
36065026100,3.5203069830000877e-09,31.81029833620004,1.106656387121647e-10
36015010400,3.7065431699997476e-10,3.4017791782655302,1.0895895870259303e-10
36015010500,6.5367874599987e-10,5.999862958785073,1.0894894608263437e-10
36009960704,8.280269540000226e-09,75.83105705364018,1.0919364521244982e-10
36009960703,1.4691950184499672e-08,134.68344947201518,1.0908504528280884e-10
36009940301,9.114537984000268e-09,83.7522645059023,1.0882736171698303e-10
36009940302,4.557968209000228e-09,41.87127414450575,1.0885668760090297e-10
36009961301,4.2142829901499764e-08,387.5055160246239,1.0875414196380578e-10
36009961302,3.0958064465000892e-09,28.468120629066433,1.0874642856961967e-10
36001000502,8.537002050002963e-11,0.777451764571715,1.0980748181471878e-10
36045060102,1.0352249012999968e-08,91.7244903295856,1.1286243156873519e-10
36045060401,1.6165270356000053e-08,143.95822462242853,1.1229139841365841e-10
36045060203,1.3234121347500011e-08,117.53240927016266,1.1259976230964313e-10
36045061802,4.732333897999957e-09,42.270059159285736,1.1195474981871121e-10
36045060101,1.945419723800019e-08,172.5965799653701,1.1271484777915933e-10
36045060201,1.1847503049499484e-08,105.08741568199318,1.1273950332313257e-10
36045061101,8.260779187500005e-09,73.64289238602338,1.1217347553649063e-10
36045061801,1.3337389597999974e-08,119.12627876640758,1.119600959260467e-10
36045060402,7.483559311000001e-09,66.77476813654228,1.1207166299248663e-10
36045060301,1.3914949535000086e-08,123.77456336619402,1.1242172185113611e-10
36045060902,2.2217328089999757e-09,19.795594128465765,1.1223370183192216e-10
36045060302,1.84604741209998e-08,164.31720190608056,1.1234657057726269e-10
36045060602,3.478812210999983e-09,30.969481963716028,1.1233033265056786e-10
36045060901,6.7776557034999755e-09,60.38163948822061,1.1224696382784003e-10
36045060805,1.3441867304999823e-09,11.971189665076123,1.1228514192047386e-10
36045061102,3.7617485744998665e-09,33.53167594141265,1.121849257124065e-10
36045060601,1.3602919507499967e-08,120.95659681789488,1.1246116264315639e-10
36045060806,1.9444829255000613e-09,17.317721087415805,1.1228284112469338e-10
36045060202,9.907860799499996e-09,88.02297366595985,1.1255994187494206e-10
36107020703,4.575840464999978e-10,4.21050129362554,1.0867685688465507e-10
36117021800,6.462660340000042e-10,5.846384756278917,1.105411396856708e-10
36025971100,2.477045483149988e-08,226.8939840747856,1.0917193301756026e-10
36025971200,2.7451181184000018e-08,251.98961453141413,1.0893774822842087e-10
36001013100,2.665250510000002e-10,2.4241052570859924,1.0994780454392847e-10
36015010800,5.473561675000997e-10,5.026514460768086,1.0889378152041761e-10
36001013200,1.0884424300002874e-10,0.9902546804029019,1.0991540373810061e-10
36015010900,1.3090989215000022e-09,12.029092694439067,1.0882773578635619e-10
36041950500,2.0823431278749998e-07,1870.3863918400043,1.1133224327121424e-10
36041950400,8.725695516199965e-08,785.3562445347255,1.1110493584181526e-10
36041950300,7.709426785049967e-08,689.4796766550197,1.118151418538094e-10
36041950100,1.4987348110299998e-07,1336.9718084692831,1.1209920819092821e-10
36123150400,9.499805804000126e-09,86.61045059809247,1.0968429027211819e-10
36123150200,1.504619792050003e-08,136.92565179190817,1.098858959120851e-10
36107020300,1.4362841583999945e-08,131.90119248863456,1.088909153360197e-10
36107020200,2.6864957268499997e-08,246.33566735565626,1.0905833311467932e-10
36107020401,1.3433856386999929e-08,123.54476889834268,1.0873674787520802e-10
36107020702,1.6404367046500045e-08,150.76636789536502,1.0880654137589236e-10
36029009004,5.565999940000148e-10,5.038423039306656,1.1047107193218324e-10
36107020402,1.2105919984999635e-09,11.13120864637867,1.087565633668907e-10
36025971300,4.0040451829000246e-08,368.23394689720334,1.087364491144484e-10
36065020102,1.1411557799999835e-10,1.0319682129744656,1.1058051649777119e-10
36103159512,2.963717104999909e-10,2.778137973928936,1.0667998252111724e-10
36103190504,2.771423376999944e-09,25.973474167652082,1.0670206685140079e-10
36001000401,1.0024728800000455e-09,9.123663134732759,1.0987613913360567e-10
36103990100,2.9047820052000054e-07,2713.598180252802,1.0704539921711593e-10
36103135209,7.602382264999864e-10,7.122690807440463,1.0673469438064485e-10
36047012600,2.51196624999924e-11,0.2359820883887008,1.0644732687769183e-10
36047027100,2.6134196000012576e-11,0.24535375268511336,1.0651638996348739e-10
36065026600,2.875578374999989e-10,2.5980477255496646,1.1068227680042358e-10
36047034800,7.232577150000577e-11,0.6799921494940516,1.0636265661863859e-10
36047046000,2.0869905500002448e-11,0.19606739371078422,1.0644250991976412e-10
36047105804,8.489048049999591e-11,0.7973585507528483,1.0646462676025006e-10
36065020705,6.360727899995908e-11,0.575405662050877,1.105433665237986e-10
36005043503,5.010591400000045e-10,4.688863950286084,1.0686152238847388e-10
36005043501,4.2528891499910326e-11,0.3980440311700673,1.0684469096269286e-10
36005033602,6.024090499998494e-12,0.056395018140748,1.0681955070860791e-10
36085011203,1.0652140900000312e-10,1.0015967882977168,1.0635158802879514e-10
36005033601,1.367216600000563e-11,0.12799883932383896,1.0681476544810573e-10
36085022802,6.773143639999473e-10,6.36777940149907,1.0636586497335279e-10
36085022801,5.307966695000042e-10,4.991379192679034,1.0634268586096111e-10
36005033802,5.020386500007803e-12,0.04699878616306215,1.0681949279689026e-10
36117020900,1.1748742103500038e-08,106.09060114630479,1.1074253493292845e-10
36117021501,1.2372019321500012e-08,111.63391395260429,1.1082670922702507e-10
36001013902,4.969409665000561e-10,4.521594916883218,1.0990391126027774e-10
36001000100,2.8687831250004795e-10,2.61247389756249,1.098109775442018e-10
36001014100,1.8012420645000604e-09,16.409554165489183,1.0976788560704713e-10
36001014501,6.083227256500142e-09,55.4233953532982,1.0975919497032644e-10
36001014203,1.2127883590000028e-09,11.055377178301114,1.0970121954594159e-10
36001014613,7.624526467999959e-09,69.39397849344574,1.0987302693302266e-10
36001001802,2.0973700600000551e-10,1.909980549390335,1.0981106905353223e-10
36001000800,3.7814985500024475e-11,0.3444116456784424,1.0979589678372891e-10
36001014611,1.7589434124999404e-09,16.012270226300995,1.0984972072297303e-10
36001000501,6.010007749999205e-11,0.5472925898851806,1.0981343181094552e-10
36001014700,1.1929724950000098e-08,108.61580826432018,1.0983414974889029e-10
36001014301,3.7490209240002156e-09,34.198738624256194,1.0962453806238168e-10
36001002000,3.1816128000002376e-10,2.8989248553969036,1.097514754160342e-10
36001002200,2.7268214500013364e-11,0.24839250660872636,1.0977873234705461e-10
36001000403,3.4470712449994725e-10,3.138702860449502,1.0982470779364595e-10
36001000404,2.1462269349996818e-10,1.9538093590067371,1.0984832911695972e-10
36001000600,5.5657274499991785e-11,0.5068810839432872,1.0980341595509025e-10
36001000700,1.766550184999796e-10,1.6086846996933604,1.0981332670948677e-10
36005033801,1.2217708499992046e-11,0.1143821988126916,1.0681477211326695e-10
36005043502,1.7729988000008174e-10,1.6593380756158074,1.0684976292988569e-10
36085011204,1.826058349999516e-10,1.7171515829480752,1.0634229197543907e-10
36001001100,2.2007881199998668e-10,2.0046827142842183,1.0978236627264324e-10
36001013300,1.5237971100000092e-10,1.3862857134292463,1.0991941237211497e-10
36001013400,1.5837304700001127e-10,1.44118662093253,1.0989072802905627e-10
36037950900,2.918483725000262e-10,2.64366357485722,1.10395428251792e-10
36037950600,1.5603067049998303e-10,1.4132547029876892,1.1040520167392799e-10
36037950502,9.050293250003612e-11,0.8198237080821569,1.1039316332013975e-10
36037950501,1.5674422350002844e-10,1.4196820808017547,1.1040797486963301e-10
36037950800,1.6502940300000467e-10,1.4948240830652766,1.1040055138902797e-10
36001001400,8.546218400000436e-11,0.7784192285650047,1.0978940507103305e-10
36001001500,6.394241400001588e-11,0.5824012632929144,1.0979099468034038e-10
36001001700,1.5020683450003095e-10,1.3680414020818854,1.0979699464610223e-10
36001001901,9.561725350002108e-11,0.8709969929281416,1.0977908566431713e-10
36001014201,1.3808854149999675e-09,12.585924831454163,1.0971664247897956e-10
36001013503,1.404791818999986e-09,12.770595834523183,1.1000205763323624e-10
36001002300,7.110355299997977e-11,0.6477523746581149,1.0976965238839669e-10
36049950700,1.0757978415399977e-07,965.3736932067482,1.1143848740754951e-10
36049950500,3.0265096532000004e-08,270.8321475476937,1.117485380005352e-10
36049950200,5.3647634682500034e-08,477.8896583944806,1.1225945935456058e-10
36091061403,1.685472586000013e-09,15.262268494392849,1.1043394935813329e-10
36113070701,1.218711944499951e-09,10.979998679989492,1.1099381521065149e-10
36103159602,9.835587024999214e-10,9.21691294454127,1.0671237847401341e-10
36103169701,3.46644889550015e-09,32.41248266387441,1.0694795987854731e-10
36103110200,4.918529609999188e-10,4.603621724837683,1.0684043789832903e-10
36103110300,9.843350544998884e-10,9.211015005138181,1.0686499304916958e-10
36103110401,3.9306269600003375e-10,3.6784589991200862,1.0685526088344525e-10
36103110402,2.36271375000027e-10,2.2111462335210788,1.0685470341949442e-10
36103110501,9.684742624999826e-10,9.063019934324236,1.0685999473885022e-10
36103134907,5.333511635000267e-10,4.991248003374248,1.0685727560310843e-10
36103135002,4.3715865800004075e-10,4.092591530569201,1.0681707537503514e-10
36103135003,4.502253719999924e-10,4.214748522224023,1.0682140811628284e-10
36103135004,3.0163952254998154e-09,28.22702925601731,1.0686194420749374e-10
36103135005,3.756064540000567e-10,3.5152846365721233,1.0684951371856012e-10
36103135101,3.5738670499999705e-10,3.346314306486541,1.0680010072790647e-10
36029007304,2.8590484469999142e-09,25.886593627977394,1.1044513959959364e-10
36029007700,2.2126235950001028e-10,2.0038969497181705,1.1041603687810832e-10
36029007800,4.693879424999399e-10,4.251506015932797,1.104050989792506e-10
36029007901,2.7051472900002767e-10,2.449747306515945,1.104255644165832e-10
36029007303,1.9446221045000955e-09,17.602721422069788,1.1047281030431943e-10
36103169800,6.758779345000363e-10,6.322162779585975,1.0690612659996997e-10
36085014604,1.2002933049997855e-10,1.129002231093139,1.0631452019697252e-10
36103170101,4.613056819999793e-10,4.303658959043807,1.0718918166844542e-10
36103110502,4.1426219799999976e-10,3.877971210654922,1.0682446451943568e-10
36103110801,2.9099345750000863e-09,27.215258649308975,1.0692290720058884e-10
36103110803,1.9329326269998736e-09,18.08408083256313,1.068858652478115e-10
36103110901,1.7260630950003802e-10,1.6160222854419688,1.0680936213254733e-10
36103110902,2.0761043949997836e-10,1.9440776926119858,1.0679122562279967e-10
36103111001,1.6535323600000283e-10,1.5480303314459725,1.068152429839995e-10
36103135102,3.7702315950003236e-10,3.530132691552291,1.0680141299001582e-10
36103135103,3.938256589999211e-10,3.6875728116714273,1.0679806992649343e-10
36103135104,5.938727514999931e-10,5.560412750426306,1.068037173057813e-10
36103135201,1.5633189550004206e-10,1.4641321205858353,1.0677444562686722e-10
36029007000,2.0263190249995324e-10,1.8383945243051074,1.1022220737768234e-10
36029007102,9.299868949998564e-11,0.843934212967754,1.1019661019897417e-10
36029007902,3.842724950000304e-10,3.481160945358243,1.1038630532507174e-10
36029008600,1.293175825000126e-10,1.1720764908035208,1.1033203337382742e-10
36029008700,1.198807625000016e-10,1.0865519281564535,1.1033136971502374e-10
36029009402,4.190243389999564e-10,3.7976911838167733,1.1033660156085324e-10
36029013101,9.786029370000423e-10,8.900074339167983,1.0995446776139248e-10
36029008900,3.62411466500021e-10,3.2850972686039484,1.1031985870361557e-10
36103180300,7.969441118500242e-09,74.39107683530777,1.071289925825856e-10
36103190403,2.74317626449996e-09,25.66999128345035,1.0686315527767662e-10
36103190502,1.930111834000109e-09,18.08575779804786,1.0671998682899764e-10
36103111002,2.137536419999988e-10,2.0014992589891984,1.0679676299652948e-10
36103111201,1.2859816350000734e-10,1.204358701232283,1.0677729431308755e-10
36103111202,2.0268601850000164e-10,1.898465122580863,1.0676309829935706e-10
36103111300,7.505734919999974e-10,7.02643206578091,1.0682142586353739e-10
36103111401,1.2039589249999806e-10,1.1274295118118267,1.0678795546740371e-10
36085024800,2.500002985000171e-10,2.3527048939747788,1.0626079757825213e-10
36103146607,4.5637066750003885e-10,4.278486166693924,1.0666638846531227e-10
36103146611,2.2058702899991094e-10,2.0671986002929263,1.067081938661594e-10
36103146612,2.8401534599997757e-10,2.661796267481093,1.0670063275306436e-10
36029007202,2.2296982350008043e-10,2.0234665916371553,1.1019199645875004e-10
36103135303,3.4910608649994163e-10,3.269653392469364,1.0677158848213073e-10
36103135401,5.57883259500037e-10,5.224799372735387,1.0677601563253199e-10
36085025100,1.2469343799999296e-10,1.1717022568004936,1.064207543138876e-10
36085027301,3.2248266000000726e-10,3.0310735212825763,1.0639222629728596e-10
36085027702,1.5476996449999082e-10,1.4551315861415777,1.0636149058545171e-10
36085027900,5.765414589999698e-10,5.420996472570361,1.0635340973144059e-10
36085029102,1.1846023225000186e-09,11.132793618726945,1.0640656452189581e-10
36085030301,7.65515600000267e-11,0.7193170907373931,1.0642255131398509e-10
36085031901,4.130409499998271e-11,0.38804978176795524,1.0644019644026394e-10
36103146613,2.5008582350010056e-10,2.3439143252415615,1.0669580402616762e-10
36103146614,4.825777599999835e-10,4.522511320037986,1.0670570527083395e-10
36103146704,1.2416686000001783e-10,1.1647091400618066,1.0660761191710814e-10
36103146705,1.926368375000312e-10,1.8072457799971988,1.0659138874864589e-10
36103146706,1.9579674900000369e-10,1.8367990181209797,1.0659671911208941e-10
36103146901,3.1914638650002365e-10,2.99516614714514,1.065538173246983e-10
36103147902,5.769659930000268e-10,5.412098690048335,1.0660670213958606e-10
36029007904,1.4871783549999586e-10,1.3474820098998856,1.1036721411297002e-10
36029007905,3.7395111899997065e-10,3.3869917135492433,1.1040804071176946e-10
36029008001,2.5154971500003577e-10,2.279582896030661,1.1034900965349775e-10
36029008002,2.3079978399993938e-10,2.091799441261929,1.103355223485019e-10
36103158116,2.0968068800002138e-10,1.9628828063663666,1.0682282575401248e-10
36029008003,1.9320804749996088e-10,1.7511898560976533,1.1032958352699984e-10
36029008101,3.704454580000086e-10,3.356227831786794,1.103755396137068e-10
36029008102,2.1170824549996443e-10,1.9185414948089947,1.1034853615248056e-10
36029008201,1.9704813549999022e-10,1.7852695061771446,1.1037444756558676e-10
36029008202,1.4279542850000843e-10,1.2940316994883405,1.10349250761376e-10
36029008300,8.60727021500036e-10,7.797836212390709,1.1038023857597145e-10
36103158309,4.986943510000506e-10,4.667401572882054,1.068462490773242e-10
36103158511,4.782720560000252e-10,4.478893848407852,1.0678352115222387e-10
36103158512,1.9315071999998452e-10,1.8088940869388501,1.067783467228029e-10
36103158604,3.0977705250001524e-10,2.9021461812597718,1.0674067850212368e-10
36103158605,5.053674354999692e-10,4.7344152563874395,1.0674336916647782e-10
36103158608,2.1191921950001827e-10,1.9854735379622441,1.0673484962056852e-10
36103158705,4.752511195000165e-10,4.4495050330735495,1.068098846877202e-10
36103190708,1.4780987390000347e-09,13.807497189194788,1.0705044648908113e-10
36103111402,2.982619605000143e-10,2.7934265036474852,1.0677279681801618e-10
36103111503,2.581491200000089e-10,2.417029189545227,1.0680430386055065e-10
36029013802,5.8503341900002674e-09,53.21580363589435,1.0993603009415393e-10
36029004902,9.518651599998444e-11,0.8629446265907084,1.1030431509382476e-10
36029004901,2.8529416499999234e-11,0.2586590344250106,1.1029739039820923e-10
36029016801,9.736309049998678e-11,0.8832778980538625,1.1022928425414937e-10
36029014704,1.5781925875001012e-09,14.303052247272811,1.1033956670339493e-10
36029014804,7.60308209300024e-09,68.88550241732081,1.1037274645889054e-10
36029007104,4.634194300001472e-11,0.4205008573431201,1.1020653630249472e-10
36029006802,5.6061206500024615e-11,0.5086568801763529,1.1021419091114627e-10
36103122300,1.7777214269999951e-09,16.67454764931814,1.0661287276795723e-10
36103111504,2.9283979999999915e-10,2.742049854150192,1.067959430266286e-10
36103135402,4.998446229999827e-10,4.6807228728835995,1.0678791216110795e-10
36103135403,3.4622815200001713e-10,3.242795185661024,1.067684303748097e-10
36103145602,1.5576241999998722e-10,1.459855036716981,1.066971829958378e-10
36103145603,3.96048162499901e-10,3.712185930556697,1.066886653601717e-10
36103146902,4.2613566899991655e-10,3.9998798498364043,1.0653711736299918e-10
36103145604,1.6708024250001468e-10,1.5661452096310486,1.0668247201635621e-10
36103145605,2.094660515000169e-10,1.9631604257839717,1.0669838732938414e-10
36103145701,7.084424419999571e-10,6.637823477171448,1.0672812322237938e-10
36103145702,3.1570198249993046e-10,2.9588115178953744,1.0669891630153303e-10
36103145703,2.7157466950003146e-10,2.54522211227198,1.0669979181408716e-10
36103158102,2.9684664449995827e-10,2.778204533128228,1.0684837669806557e-10
36057072700,2.5793021788500143e-08,234.1432717453102,1.1015914143608856e-10
36057070600,1.3889008350002711e-10,1.2592535674220586,1.1029556484351489e-10
36057072100,8.678086714499902e-09,78.66796519943595,1.1031284071603422e-10
36057070200,5.222238049999942e-10,4.735690959448365,1.1027404648482915e-10
36057072800,2.68920697219998e-08,244.1530592748981,1.1014430784470055e-10
36057070300,8.148959499999952e-11,0.738829613062855,1.1029551815361101e-10
36085032300,4.6481573749998675e-10,4.366610550111995,1.064477200715931e-10
36085001800,2.5128159100010146e-10,2.361773660716601,1.063952889219107e-10
36085014100,3.314040700001251e-11,0.31135907531248624,1.0643790281928391e-10
36029008400,1.5968689800000803e-09,14.471719692754363,1.103441065680393e-10
36085024401,2.414246975000383e-10,2.2722162310893186,1.0625075826709386e-10
36005011800,4.1258713849997227e-10,3.8659899325835,1.0672224855594886e-10
36005012102,5.299189000013013e-12,0.049641687329793405,1.0674876872754088e-10
36005012300,3.238124399998484e-11,0.3033290858280519,1.0675284868112118e-10
36005012500,1.8109476999974824e-11,0.16963904195396398,1.0675300208833593e-10
36005012701,1.1605437000001223e-11,0.1087178459938461,1.0674822421204097e-10
36047076800,3.2284251000004e-11,0.3033603034505636,1.0642213444800674e-10
36047094600,2.9997956499981446e-11,0.28176963287262313,1.064627021519467e-10
36035970100,9.960659711999958e-09,89.94929331708163,1.1073638652043085e-10
36035970700,3.2010349450000103e-10,2.897150392759192,1.1048908448109261e-10
36035971300,8.413498099999034e-10,7.621219943303449,1.1039568681378547e-10
36035970200,1.2032180858500282e-08,108.71760877315471,1.1067370773032813e-10
36035970500,4.943109319250016e-08,446.9250934047795,1.1060263547952203e-10
36047119800,3.481925700001736e-11,0.32690312789941084,1.0651246203655585e-10
36029012001,7.199428919999787e-10,6.540437956602221,1.1007563970134981e-10
36029012002,4.528276029999943e-10,4.1138845869292595,1.1007299632049228e-10
36029012003,4.271624150000288e-10,3.8811593394198636,1.100605199743948e-10
36029012300,1.5067326699995338e-10,1.3688014369759025,1.1007678902853604e-10
36029012400,1.4632979650002563e-10,1.329568200439817,1.1005813500324404e-10
36035970900,1.7046255800004042e-10,1.5428965550286438,1.1048216903749312e-10
36035971000,1.9757529399996023e-10,1.7879014849765291,1.1050681240558057e-10
36035971100,1.5279941549998894e-10,1.3827572269901633,1.105034293204066e-10
36035971200,5.381683320000702e-10,4.873804752719252,1.1042057679881592e-10
36029012502,1.4549419050004294e-10,1.3219660106122986,1.1005894957363843e-10
36039080100,1.2187476474000013e-08,111.42475104789155,1.0937853896358903e-10
36001014608,4.4206884700000855e-10,4.024422733661865,1.0984652365229172e-10
36001014609,7.12418440999942e-10,6.486907257142951,1.0982405216530176e-10
36001014612,3.607014640000017e-10,3.282835567426139,1.0987497137506786e-10
36001014801,1.8388589128000116e-08,167.65907182581972,1.0967846193914244e-10
36001014802,1.7546727696999878e-08,160.28027144791722,1.0947528063490742e-10
36029005700,1.0554320450001003e-10,0.9568451304462643,1.1030333033182245e-10
36029005900,1.6711515099999024e-10,1.515328640572195,1.1028310725842731e-10
36055014505,6.192393164999168e-10,5.598850088516248,1.1060116036506015e-10
36055014700,8.7713536870001e-09,79.44038382798922,1.1041429137593984e-10
36065023502,2.547167769499998e-09,23.028954318385694,1.1060718321310874e-10
36065024400,3.3226236041000224e-08,299.12144449461425,1.11079418251467e-10
36065024302,1.1940159964999804e-08,107.58811880622119,1.1098028385927476e-10
36065024700,1.9955043931000104e-08,180.3026179410884,1.1067528668674218e-10
36065024303,2.657078889500007e-08,239.25209315554557,1.1105770714292367e-10
36065021302,1.8047079249996214e-10,1.6325071172504788,1.1054824238923802e-10
36065024500,1.5569485961499833e-08,140.25774185893727,1.1100625003045235e-10
36065022200,1.7337857900003494e-10,1.5648097711303834,1.1079850228362911e-10
36043011400,3.1464163374999676e-08,284.22942726252774,1.1069987959388134e-10
36055014802,7.413671851999914e-09,66.89932990642643,1.1081832751343819e-10
36055014803,3.2683724864999905e-09,29.455491327067307,1.109597001865866e-10
36055014901,1.0647255925000183e-09,9.616042002828099,1.107238916164135e-10
36005040900,1.2514862600002678e-10,1.1714807983309636,1.0682943004983862e-10
36005041100,1.2991723999970933e-11,0.12161426808452315,1.0682730081425604e-10
36071013000,7.339987009999365e-10,6.812642177151527,1.07740680034781e-10
36071013500,2.296320020500013e-09,21.338804041894278,1.076124048935296e-10
36071013700,9.010697700001412e-11,0.8372231477313317,1.0762599821108842e-10
36005041300,1.851893199999852e-11,0.17335745291307408,1.0682512743933998e-10
36005041400,5.569188199997739e-11,0.5211082343678178,1.0687200532829801e-10
36005041800,2.8731808499993406e-11,0.2688689815587111,1.0686174482986777e-10
36005040800,1.325099800000863e-11,0.12401487379560588,1.0685007043468152e-10
36005041900,3.4816605000018787e-11,0.3259079888757264,1.0682955370356042e-10
36005042100,2.630139550001321e-11,0.24618274957764516,1.0683687441600307e-10
36005042200,1.866654249998525e-11,0.17469474786880285,1.0685233945329583e-10
36005042300,1.92695409999871e-11,0.1803760286811929,1.0682983288231281e-10
36005042400,1.8708093999988197e-11,0.17508836569398775,1.0684944099989736e-10
36005042500,3.1385846000008667e-11,0.29381889199210365,1.0682038104225155e-10
36005042600,5.423561600001626e-11,0.5075783196360258,1.0685171903896038e-10
36005042902,1.0103475000021355e-11,0.09457526254121155,1.0682999685693418e-10
36005043000,2.2029835999996936e-11,0.20616404396959137,1.068558589355488e-10
36005035100,6.202802649999059e-11,0.580469056134402,1.0685845497615741e-10
36005035600,4.319124549998325e-11,0.40435956183767086,1.0681395860578726e-10
36005035800,6.959320199999213e-11,0.6514695054794286,1.068249571386725e-10
36005035900,1.4342871000004146e-11,0.13433262253682512,1.0677131681898251e-10
36005036100,1.7600080500012812e-11,0.16483394543118085,1.0677461158849073e-10
36005036300,2.3647666499974985e-11,0.22146527804424818,1.0677821240786216e-10
36005036502,1.0427508499989694e-11,0.09765883011283037,1.067748660099885e-10
36065021401,9.530127600004407e-11,0.861947508056756,1.1056505774336415e-10
36065023702,9.986952412000098e-09,90.10977612231702,1.1083095355207171e-10
36065023200,9.237211465000467e-10,8.350704810560357,1.106159500850638e-10
36065020802,2.4693706300000646e-10,2.233541015911328,1.1055855309612541e-10
36065022702,7.618093590499916e-09,68.72628910864005,1.1084686354092984e-10
36065025900,2.4059891499998635e-10,2.1731125233995763,1.1071627097505193e-10
36065020900,7.135772799998326e-11,0.645342483011109,1.1057342400121347e-10
36065020803,8.432881350002502e-11,0.762702323262593,1.1056582748993568e-10
36005036700,9.936454500017105e-12,0.09306215779029231,1.0677223412773281e-10
36005036902,6.663490999991169e-12,0.062406773056754974,1.0677512509629604e-10
36005043600,1.6538877999986077e-11,0.15476873455466342,1.0686188038931495e-10
36005044200,2.5957217499994772e-11,0.24288030110244305,1.0687246920468214e-10
36005044800,1.7961941000010548e-11,0.16808984308471714,1.0685916930125127e-10
36005045102,2.2014577500004804e-11,0.2059998021062203,1.0686698372969e-10
36005045800,2.560861800002638e-11,0.23968232191529026,1.0684399998877308e-10
36005037200,1.9925989000018318e-11,0.18652986563094556,1.0682465744891723e-10
36005037000,1.6972817500001517e-11,0.1588865320830334,1.0682351283953756e-10
36005037300,1.8522064499991428e-11,0.17345229013882393,1.0678477917568655e-10
36005037400,1.7847612999988132e-11,0.16707205511859077,1.0682584222310291e-10
36005050400,1.7301914789999552e-09,16.197908882951563,1.0681573106149501e-10
36005004100,1.971569850002088e-11,0.18473238774922823,1.0672572763355757e-10
36005011900,1.7825928500012123e-11,0.16699623782969167,1.0674449156268778e-10
36005024400,1.8763350999991916e-11,0.17571844847087573,1.0678076868577535e-10
36005031200,2.1581298499982133e-11,0.20206069298540066,1.0680602041457627e-10
36005031400,2.2556450000013196e-11,0.2111924744223706,1.068051788384364e-10
36005032800,2.186042450002011e-11,0.20467504384924173,1.0680552005217561e-10
36089491500,4.582971099999519e-10,4.036391298299105,1.1354129868258159e-10
36005039800,2.156609249999836e-11,0.20185642993995592,1.0683876905191178e-10
36065021701,2.2921474800002358e-10,2.0738459412927686,1.105264105862842e-10
36065021702,2.7356282550002795e-10,2.474749448099075,1.1054162501588162e-10
36065022500,6.812837255000228e-10,6.150623838803428,1.1076660568996251e-10
36055014903,5.9481101749998045e-09,53.74083946235317,1.1068137815685978e-10
36055015000,1.0084947571500176e-08,91.23800215472492,1.1053450682093776e-10
36065021900,3.183312200000188e-10,2.8740158329634333,1.1076181848023555e-10
36065022000,3.2013945450004976e-10,2.8895474035677235,1.1079224867699822e-10
36065022100,2.4387172599999466e-10,2.200958032349186,1.1080253344935382e-10
36071010400,1.031032748499923e-09,9.55953977532808,1.0785380601280445e-10
36071011200,1.0456781915000226e-09,9.705622772817424,1.0773942239220935e-10
36071011500,7.1164214794998234e-09,66.0335611715407,1.0776976666475585e-10
36071012100,1.1503690354999231e-09,10.686795737955611,1.0764396211057265e-10
36065022701,6.622092750000046e-10,5.975618467557719,1.1081853344473222e-10
36065980100,1.3284100305000651e-09,11.989419058142957,1.1079853194370059e-10
36119000701,1.3017752899995766e-10,1.2170020853259975,1.0696574029705717e-10
36119000702,3.0934675899995246e-10,2.8919968669670313,1.069664917460227e-10
36119000801,1.2378068200003348e-10,1.1572152813259629,1.0696426498810389e-10
36119000802,8.755752249994341e-11,0.8186190258828787,1.0695759533015107e-10
36119000900,2.6961157349999507e-10,2.520107232937658,1.0698416717201045e-10
36119001000,2.1918536499998005e-11,0.20498981988551718,1.0692500004263179e-10
36119001102,7.966789550000726e-11,0.7451498797439863,1.0691526317816629e-10
36119001200,4.519939699998458e-11,0.422779803643144,1.0691001937769019e-10
36047088400,1.7790199999991033e-11,0.16705938529460815,1.064902757101502e-10
36047088600,1.9137591500002537e-11,0.1797246338306764,1.0648285152736823e-10
36047089000,2.6451836499992387e-11,0.24841564188494833,1.0648216955775812e-10
36047089200,1.913273850000256e-11,0.17966332338628963,1.0649217736480214e-10
36047089400,1.8338949999991918e-11,0.17221419992121623,1.0648918619011404e-10
36047089600,1.5868619999997312e-11,0.1490239674082963,1.06483676927755e-10
36047004500,1.816768900000656e-11,0.17053896601902482,1.0653101413772982e-10
36047004700,3.0250917999984043e-11,0.28396213212612614,1.0653152155706323e-10
36047004900,1.0390024500012343e-11,0.09753068017608624,1.0653083195209682e-10
36047005000,8.084330249998309e-11,0.7595951746084989,1.0642945769323816e-10
36047005201,3.4691792500009476e-11,0.3259719802879614,1.0642568870294613e-10
36047005400,3.054374099998831e-11,0.28701699367597866,1.064178835155314e-10
36047005602,5.229158449997571e-11,0.4914202864451078,1.0640908798911934e-10
36047005900,3.783078750001549e-11,0.35516088248539324,1.0651732599400601e-10
36047006000,1.6204559500001578e-11,0.15225953560026123,1.0642722267684216e-10
36047006300,1.0987845500013531e-11,0.10315159345415009,1.0652133556131176e-10
36047006400,2.1625552499955667e-11,0.2031750889525057,1.064380117240203e-10
36047006500,2.662780949996641e-11,0.2499869449535375,1.0651680032697487e-10
36047006600,1.6364630500012385e-11,0.15374059260422157,1.0644313400131273e-10
36047006700,1.6632753999994105e-11,0.15613965291537285,1.0652485572648864e-10
36047006800,1.9746900499994443e-11,0.18550783372008348,1.0644779847837014e-10
36047007000,1.588228749999991e-11,0.14919587898942083,1.0645258841985903e-10
36047007100,1.825363699997904e-11,0.17135797252724194,1.0652341837831406e-10
36047007200,6.652273999992737e-12,0.06248862042753512,1.0645576673767412e-10
36047007500,3.0122004500017486e-11,0.28278187388541803,1.0652028040603051e-10
36047008400,2.5970798999989917e-11,0.24390939461290795,1.0647723939131745e-10
36029016400,2.83300610000032e-10,2.5714644893296774,1.1017092056903421e-10
36119001301,1.5238340899999516e-10,1.4254776076367537,1.0689989669681725e-10
36119001302,3.931062749999188e-11,0.36778125258322864,1.0688589269812199e-10
36119001401,1.9310766549998744e-10,1.8063303015139727,1.0690606548433284e-10
36119001402,6.981782049999659e-11,0.6531556286700007,1.0689308556088589e-10
36119001403,4.7603495500007626e-11,0.44538025621796107,1.0688281493266584e-10
36091062300,8.192828699999166e-11,0.7433055312900435,1.1022154894744435e-10
36081038302,6.144369695000866e-10,5.762980780302725,1.0661791057852716e-10
36047008500,2.5943658499997607e-11,0.24357550008836093,1.0651177351821561e-10
36047008600,1.2088702000000893e-11,0.11354313934694127,1.0646792108735674e-10
36047008800,2.0162254999979464e-11,0.18936861447716438,1.064709432217491e-10
36047009600,1.6049580000010697e-11,0.15075004823681754,1.0646484155545978e-10
36047009800,1.6076235500003033e-11,0.1510054046029525,1.0646132529013273e-10
36047010000,1.6071978000001677e-11,0.15097040371067047,1.0645780633138574e-10
36047010100,3.3513650999984183e-11,0.3147286237792826,1.064842803223615e-10
36047011000,1.682725400001033e-11,0.1580580858566151,1.0646246858433703e-10
36047011200,1.8237840999982472e-11,0.1713134515566398,1.0645889645129624e-10
36047011400,1.786234800000427e-11,0.16779331575313633,1.0645446703183344e-10
36047011600,1.706019950001746e-11,0.16026660745125154,1.0644887148563795e-10
36047011700,2.1427317499999244e-11,0.2011950767288306,1.0650020789961397e-10
36047012000,2.0580152500006907e-11,0.19334262081084744,1.0644395122863807e-10
36047012100,1.5768616500003887e-11,0.1480553698369267,1.065048604273657e-10
36047012700,1.740446199999632e-11,0.1633899423505015,1.0652101194001615e-10
36047012901,1.3695239000001076e-11,0.128568657156639,1.0652082165963482e-10
36047012902,1.4420662500013866e-11,0.1353800668045665,1.0651983589896888e-10
36047013100,1.6658465499984762e-11,0.15639600491702585,1.0651464856038187e-10
36047013200,1.6580456500025033e-11,0.1557781470553981,1.0643634433608111e-10
36047013400,2.8550371999999608e-11,0.2682322687090155,1.0643899086940842e-10
36047013600,2.2803997499989704e-11,0.21425304566186093,1.0643488137844022e-10
36047013700,1.623674900000471e-11,0.1524532164633015,1.0650315799610048e-10
36047013800,1.7303494999992955e-11,0.16257985773380834,1.0643074265893337e-10
36027190301,1.2716974719999823e-09,11.781285750140084,1.0794216344212357e-10
36079010100,1.189467869999916e-09,11.034638274107973,1.0779400651409856e-10
36119014607,8.73237405499971e-10,8.124571638387064,1.0748103953863728e-10
36079011700,3.938646947000088e-09,36.5915250022965,1.0763822898206337e-10
36119014806,1.1180344369999438e-09,10.39661172143531,1.0753834681493645e-10
36091062200,1.8005295499998759e-10,1.633546575408367,1.102221128619957e-10
36119001502,4.648034999999256e-11,0.4349118124433536,1.0687304568451227e-10
36119001503,1.2090964100000498e-10,1.1312485825056666,1.0688158453396279e-10
36119001504,1.2639932700000962e-10,1.1825466800180575,1.0688738900191195e-10
36119001505,2.5541120999999975e-11,0.23896170685651813,1.068837402276167e-10
36119001600,2.0630916799998518e-10,1.9293010169791904,1.0693467021699624e-10
36119001800,5.01854620000003e-11,0.4691998694071979,1.0695966745132777e-10
36119001900,7.161741600001895e-11,0.6695142507621332,1.0696921823321035e-10
36119002000,5.81280702999989e-10,5.433758026283501,1.0697581677142965e-10
36119002103,1.5721038300001123e-10,1.469605508669153,1.0697454661991434e-10
36119002104,1.3977218350002362e-10,1.3067067772182615,1.0696522428510926e-10
36119002105,1.601576695000071e-10,1.4968533086146874,1.0699623575554664e-10
36119002106,3.6908524000019315e-11,0.34499158331865826,1.06983838982321e-10
36075021402,1.738366601999965e-09,15.64609526742909,1.1110545936779325e-10
36075021501,9.626998779999814e-09,86.5404040964185,1.1124282213050389e-10
36029010202,3.437483664999753e-10,3.117285411864991,1.1027170152325564e-10
36029010201,1.2360385499994848e-10,1.1206416568942452,1.1029739456813085e-10
36029016700,2.0998438850005447e-10,1.9058880628768629,1.1017666388187106e-10
36029013300,2.6059039750001446e-10,2.371190373683543,1.0989855576007523e-10
36067002400,5.300457900002609e-11,0.47973165965433084,1.1048797371059142e-10
36067002700,6.577067200001119e-11,0.5953114161906474,1.1048111998401228e-10
36067003000,8.89010020000114e-11,0.8047229430975239,1.1047404918991794e-10
36067003200,1.315467044999842e-10,1.1907155187289893,1.1047702195097085e-10
36071011101,5.837818949999922e-10,5.41503173403312,1.0780765906337376e-10
36071015100,2.5386040450000425e-10,2.3559233940400874,1.0775409979043006e-10
36075021602,5.376075300000247e-10,4.834488681668025,1.1120256254577394e-10
36075021603,4.963873525000138e-10,4.464737146469162,1.1117952439654162e-10
36075021604,5.671589114999896e-10,5.100759387306073,1.1119107341378247e-10
36075021605,1.242810609500101e-09,11.17265767381673,1.1123679305172341e-10
36067003400,9.406864400000611e-11,0.851466598289176,1.1047837247992482e-10
36067012000,1.0959188589500092e-08,99.18977131380728,1.1048708394365019e-10
36067012200,1.1010967900000315e-10,0.9968190222832491,1.104610531486378e-10
36067012500,2.2295833700001777e-10,2.018152340904255,1.1047646527026738e-10
36071010801,2.053563107000033e-09,19.04223899515399,1.078425235353174e-10
36067011800,8.894953240000447e-10,8.040903553487057,1.1062131489119799e-10
36067011700,6.789946774999762e-10,6.136003446578116,1.1065747980937547e-10
36067013300,2.1643890600001226e-10,1.9572851611783062,1.1058118167600768e-10
36067013400,8.267541694999975e-10,7.474705583413157,1.106069209380791e-10
36067013500,5.55889190999986e-10,5.02675598799622,1.1058607028617202e-10
36067013600,2.018898925000403e-10,1.8258558219181134,1.1057274625766959e-10
36067013800,2.9100623699996446e-10,2.6315180745766567,1.1058492807304007e-10
36055013508,1.116043628499916e-09,10.06779303789585,1.1085285765202491e-10
36067005200,7.655551650001144e-11,0.693128042777329,1.1044931351104676e-10
36067005500,3.0193244300004545e-10,2.734167967631691,1.1042936885167897e-10
36067005601,1.8291178599998387e-10,1.6562790952441508,1.1043536474329587e-10
36067005700,1.5075144449999928e-10,1.365263848194133,1.1041927514553454e-10
36023971200,2.7436331725499877e-08,250.5977930911626,1.094835329037358e-10
36067005800,9.504299500001643e-11,0.8606825625522329,1.1042746668200157e-10
36067005900,5.4610189500014316e-11,0.49455721861856083,1.1042238884421934e-10
36067006000,4.2150822900007636e-10,3.81841090932941,1.1038838904692468e-10
36067006101,1.5063923899998342e-10,1.36442462051564,1.1040495512537306e-10
36067006102,1.9821569450006857e-10,1.7956010186965567,1.1038960907025725e-10
36067006103,2.1556960349997078e-10,1.9529907331529373,1.1037922497049026e-10
36111954000,4.611747475499934e-09,42.662324793573354,1.080988318806913e-10
36111952800,2.824564678000097e-09,26.063397195313367,1.0837285165987498e-10
36111950300,1.0257719020001046e-09,9.43218356708268,1.0875232598101035e-10
36111951500,5.3012090339998126e-09,48.79851333219539,1.0863464216444229e-10
36111952600,1.1029898251499922e-08,101.7559973737999,1.0839555933967874e-10
36111954700,1.0450958080999767e-08,96.57701988595115,1.0821371474644194e-10
36111950600,1.572448910150001e-08,144.56451177184314,1.0877143296632135e-10
36111950200,6.705161440000226e-10,6.163202671708169,1.0879346010767887e-10
36111953800,2.252432235000025e-09,20.846262893438908,1.0804968960210845e-10
36111954600,1.4760928394000008e-08,136.25969478303054,1.0832938102132238e-10
36111953700,7.906437420999985e-09,73.06170207582447,1.0821589418755359e-10
36111951200,8.104345347499866e-09,74.63635743962813,1.0858441683807132e-10
36111950500,3.383202879000102e-09,31.121595961996675,1.0870917041437759e-10
36111953900,5.1638024910001664e-09,47.78727417923214,1.0805810918682409e-10
36067013900,5.096380004999836e-10,4.608635033029942,1.1058328482238757e-10
36067014000,3.424175420000093e-10,3.0969718378435425,1.1056527470344664e-10
36067014200,6.656529944999718e-10,6.021602812917578,1.1054415496684853e-10
36067014300,4.53514023499993e-10,4.1039984224290995,1.1050540882799959e-10
36067014400,1.875914115500047e-09,16.96697768739447,1.1056265588736809e-10
36067014500,1.8971622714999862e-09,17.159330789228047,1.1056155364117988e-10
36119006400,1.08235921499999e-10,1.0125213966717799,1.0689741654425984e-10
36119006500,2.2596351450001611e-10,2.1136633507207616,1.0690610423980825e-10
36119006600,2.0907811800003428e-10,1.955569322139553,1.069141940574552e-10
36119006700,4.163616129999919e-10,3.8937817910351598,1.0692987828917408e-10
36119006801,3.7791768600000005e-10,3.532451887725261,1.0698452463378402e-10
36119008902,3.8694042000001486e-10,3.6125366692817895,1.0711044770569559e-10
36119009000,1.3362579149998396e-10,1.2477607517658578,1.0709247851471036e-10
36119009100,1.1500322049999801e-10,1.074051562430052,1.0707420809463013e-10
36119009300,5.948781100000276e-11,0.5555810418803516,1.0707314777816677e-10
36119009703,5.925102484999998e-10,5.535949291250359,1.0702956572172185e-10
36119009800,7.130281264999885e-10,6.664282182962304,1.0699248725134929e-10
36119009900,5.327158414999657e-10,4.977678978830032,1.070209315959497e-10
36119010000,4.0719174750001256e-10,3.804388214672703,1.0703212304400534e-10
36067000400,1.66891610500017e-10,1.5099580145909341,1.1052731856602645e-10
36067000700,3.564241350000623e-11,0.3225116702670213,1.1051511243142407e-10
36111951100,2.012313931499962e-09,18.51679923702944,1.0867504182233538e-10
36067011012,2.1747173499999087e-10,1.9657835337156317,1.1062852611698095e-10
36067011021,1.044842909000044e-09,9.441869900886994,1.1066059159551527e-10
36067011022,2.4460327700000973e-10,2.2109190133545296,1.1063420935933967e-10
36111951300,2.095742151000094e-09,19.28760219909826,1.086574748569874e-10
36111951400,1.826442569500037e-09,16.81778194852588,1.0860187003792906e-10
36111951600,1.0821924290001012e-09,9.972967920729538,1.0851257495280675e-10
36111951700,9.758104754999491e-10,8.989719997955497,1.0854737141110897e-10
36067011101,5.142118120000243e-10,4.647465513395186,1.1064349170917656e-10
36067011102,8.784793214999734e-10,7.940948913624705,1.1062649200433969e-10
36067011201,5.422897495000542e-10,4.899286190418626,1.1068750189784639e-10
36029009110,5.343853039999765e-10,4.840629644099649,1.1039582519008671e-10
36029013201,2.659667824500193e-09,24.200844413437093,1.0989979436516931e-10
36067014600,1.0450014704999502e-09,9.458590987143614,1.1048172734399298e-10
36067014700,1.244819468999989e-09,11.272381576772794,1.1043092007859198e-10
36067014800,1.8830302480000038e-09,17.0541410088995,1.1041483983376044e-10
36119007100,1.023224224499785e-09,9.57347911049113,1.0688112573186495e-10
36119009400,7.32557875000006e-11,0.6841716365223014,1.0707223683280056e-10
36119009500,6.947809799998413e-11,0.6489549961188754,1.0706150413434393e-10
36119009600,2.3310113200000993e-10,2.177598481908945,1.0704504707206943e-10
36119009701,2.532720295000036e-10,2.366386728047088,1.0702901030425482e-10
36119009702,5.133876405000276e-10,4.795375599515354,1.0705890077763946e-10
36119014810,1.8505192300000326e-10,1.7206173132381704,1.0754972740088203e-10
36067014900,1.2690952584999792e-09,11.49757731699503,1.1037936284403833e-10
36119014811,6.61802887500006e-10,6.154284990803075,1.0753530076832648e-10
36119010100,1.986485230000154e-10,1.8565261775657431,1.0700011957842748e-10
36119010801,5.066407604999796e-10,4.732450639639138,1.0705674481976473e-10
36119010803,3.007238424999776e-10,2.808519237907616,1.0707558575387252e-10
36119010804,1.1158488850001511e-10,1.042289058141342,1.0705752653587139e-10
36119010901,3.3675496199999753e-10,3.143596205403043,1.0712411518413253e-10
36067016300,2.1843459419999522e-09,19.78867479611318,1.1038363935461679e-10
36119010902,3.812434399999984e-10,3.5595212958391267,1.0710525610442331e-10
36119010903,2.414626720000061e-10,2.2546747275959667,1.0709423804890217e-10
36119011000,5.224678340000149e-10,4.876693865799344,1.0713566370530758e-10
36119011102,2.9570480450000636e-10,2.7617772948816244,1.0707047416460164e-10
36067000800,7.446952849999143e-11,0.673852764618204,1.1051305627897048e-10
36079010800,4.565313612500159e-09,42.425919839250724,1.076067090542258e-10
36079011600,2.411559588499984e-09,22.40652339203054,1.0762756659329478e-10
36079011300,7.385968870000085e-10,6.863812868827375,1.0760737524684171e-10
36079011900,3.372080104000067e-09,31.31096083974934,1.0769647476672779e-10
36079010700,4.558743370000477e-10,4.232311112305603,1.0771286063412871e-10
36079011100,1.677483972500069e-09,15.580513643844997,1.0766551160287008e-10
36079010500,1.0562265830500033e-08,97.98474042407487,1.0779500751634263e-10
36079011400,2.210087078000012e-09,20.525784477838332,1.0767369599862264e-10
36079010300,7.091252100000095e-10,6.579104334638969,1.0778446030510064e-10
36079010400,8.243505480000138e-10,7.649784181821205,1.0776128167889809e-10
36079011000,8.065202481499875e-09,74.8922101368149,1.076908061167666e-10
36079010600,9.359886152999946e-09,86.86788194680774,1.0774852503864815e-10
36067000900,1.4054870999998414e-10,1.271789396635785,1.1051256628791856e-10
36067001000,1.392421195000436e-10,1.2598776362701205,1.1052035173215011e-10
36067001500,5.657530350002832e-11,0.5119893140276525,1.1050094591812651e-10
36111951800,1.7014145500003222e-10,1.5672058504647894,1.0856356550071135e-10
36111951900,1.7237340850001295e-10,1.5880121501494378,1.0854665594579487e-10
36111952000,8.038389650003527e-11,0.7404927253346397,1.0855460661508671e-10
36111952100,1.571627304999774e-10,1.4479633229198334,1.0854054658170282e-10
36111952200,4.6075176250003503e-10,4.2454035188500505,1.0852955683817744e-10
36067011241,9.296219135000041e-10,8.397367185419245,1.1070397339706087e-10
36067011401,2.212780280499992e-09,19.982110344865358,1.1073806731672826e-10
36111952300,1.181089185000075e-10,1.0879858971644332,1.0855739840730404e-10
36111952400,3.3074450549996585e-10,3.0465308944454534,1.0856430378007697e-10
36067011500,2.8276153214999382e-09,25.553024619323356,1.1065677600301288e-10
36067011600,9.616303749999459e-10,8.68741283234742,1.1069237683966544e-10
36067015100,8.887126024999696e-10,8.04801678253247,1.1042628594274854e-10
36067015201,8.432162034999184e-10,7.637995543656065,1.1039757730682016e-10
36067015203,5.704924325001098e-10,5.1685424991474544,1.1037781591119971e-10
36067015202,9.623046135000675e-10,8.716368365483602,1.104020129886602e-10
36019100700,4.8496556919999325e-09,42.70446253825894,1.135632063664336e-10
36019100800,8.662160433500269e-09,76.27019128906565,1.1357202974187512e-10
36019100600,2.050003702099992e-08,180.3331003693836,1.1367872553074761e-10
36067016400,1.3945212314999402e-09,12.627971876070287,1.1043113218699239e-10
36067016501,6.082959195000001e-09,55.16046936485621,1.1027750969203265e-10
36119011200,2.7839191549999517e-10,2.5990761707411494,1.0711187253146539e-10
36111952500,7.452782540000285e-10,6.868557324003565,1.0850579224191704e-10
36111952700,3.000298896999936e-09,27.666473864632405,1.0844529417373225e-10
36111953400,1.049943518999971e-09,9.697774593123462,1.082664387502334e-10
36027060302,1.7291116140000423e-09,16.030421057881398,1.0786439156879914e-10
36067940000,2.6521155614998917e-09,24.047300891784953,1.1028745277628677e-10
36067004000,5.541365049999625e-11,0.5016358625356186,1.1046588698801734e-10
36067011242,4.6454612149993436e-10,4.197016285571176,1.1068485083009722e-10
36067012100,6.053199759999831e-09,54.78065102552318,1.1049886495835088e-10
36019100200,1.808080846050029e-08,158.80795021123578,1.138532953573823e-10
36067015500,5.440644770000516e-10,4.9243338941180435,1.104848876413354e-10
36081044400,9.559687300000809e-11,0.8971268054493868,1.0655893059858122e-10
36081058200,6.006285550002016e-11,0.563648665968442,1.0656080485318314e-10
36081108500,4.7445891999971955e-11,0.4448161580776973,1.0666404791816138e-10
36081109300,1.6307713150003034e-10,1.528831899363688,1.0666779753084976e-10
36081141700,9.51353069999864e-11,0.8922804999153449,1.0662040357153649e-10
36081006202,1.2734599950002414e-10,1.1957913301399121,1.064951687558432e-10
36119011500,4.5807570149999305e-10,4.275380448728415,1.0714267583747643e-10
36027060400,2.3551603349991225e-10,2.1829116708419383,1.0789077572207715e-10
36067012300,1.146453371999955e-09,10.381010981445376,1.1043754544225818e-10
36067012400,6.78032317499993e-10,6.137004658873772,1.1048261410712724e-10
36067003900,1.0186796149999754e-10,0.922234750823241,1.1045773476770877e-10
36067005400,8.257564700001908e-11,0.7477263347492372,1.1043565427946607e-10
36067012800,2.181292865500225e-09,19.730629453367396,1.1055363796961617e-10
36067010200,2.8127404070000127e-09,25.393095541124367,1.107679212424004e-10
36027640002,1.7966598649998894e-10,1.6655576371073706,1.0787137142369978e-10
36027130004,2.681655362000175e-09,24.75835257675005,1.083131583043393e-10
36027050104,2.773227675000063e-09,25.681478997399513,1.0798551264437994e-10
36119014500,2.9356766700002717e-10,2.731284162674107,1.0748338492638022e-10
36061016900,1.9203429500017498e-11,0.1800024478616732,1.066842686204734e-10
36061016400,1.8925163500008798e-11,0.17738767225021684,1.066881551572176e-10
36081036500,1.7723859499996885e-11,0.16619706578917118,1.066436366721446e-10
36081036600,3.9378064000001756e-11,0.3696528787453357,1.0652714009331553e-10
36081035800,5.58639699999812e-11,0.5244867150573091,1.0651169685752118e-10
36081036700,2.0858142999984798e-11,0.19557676999820275,1.0664938888282321e-10
36081036800,2.4803981500005227e-11,0.23284300371552705,1.0652663427374942e-10
36107020500,7.835048229999284e-10,7.198548146045641,1.0884206191359975e-10
36107020701,1.3958929383000049e-08,128.02942378839637,1.0902907292679061e-10
36081065401,4.5896943500000886e-11,0.4309911738517251,1.0649160884160222e-10
36117021200,1.120340053999945e-09,10.14252844004981,1.104596413628043e-10
36117020401,5.862531263999932e-09,52.88514752084443,1.1085402119166338e-10
36117021000,2.2105523091999967e-08,199.943561808413,1.1055881415767516e-10
36117021502,1.1472366137500007e-08,103.47298615073747,1.1087305551216318e-10
36117021100,1.2150637725000103e-09,10.999284688842161,1.1046752646857018e-10
36117990100,2.2204798369099878e-07,1996.5755487826311,1.11214416016658e-10
36117021700,2.6901901869500066e-08,243.40510748107036,1.1052316094719676e-10
36081065402,2.8774417499997494e-11,0.2702104024470465,1.0648893321431788e-10
36081037100,1.999413999999285e-11,0.18747265413312347,1.066509678035235e-10
36081037300,2.5302956000008213e-11,0.2372657341868648,1.0664395382133103e-10
36081037600,8.200202599999476e-11,0.7697511163865814,1.0653057105644004e-10
36081038100,3.042564199999426e-11,0.28531628412171467,1.0663829473895298e-10
36117020800,8.120274941500053e-09,73.25914055362867,1.108431641448985e-10
36117021600,2.0375187987999958e-08,184.0722344383845,1.1069126231974033e-10
36117021400,1.2529810479999882e-09,11.338572378527283,1.1050606779852229e-10
36117020700,6.472246085000379e-10,5.857738696444809,1.1049052237390733e-10
36081007700,1.351070649999779e-11,0.1266767283966959,1.0665500025930722e-10
36081008600,3.5438476500031315e-11,0.3327132931283816,1.0651355756428083e-10
36081008700,2.7281768499986528e-11,0.2557655972099816,1.0666707640742005e-10
36081008800,4.776935199999274e-11,0.44852357898101547,1.065035468336318e-10
36081007900,1.7119469500010226e-11,0.16050698123682083,1.0665872205739898e-10
36081008100,1.1980298999993257e-11,0.11232194798643681,1.0666035636632576e-10
36081008300,2.0408857999996808e-11,0.19133721985985686,1.0666433856907236e-10
36081009100,1.9875719499986097e-11,0.1863299642845613,1.0666947517701496e-10
36081009400,1.836735800002164e-11,0.17243037511395334,1.0652043172720166e-10
36081009500,1.7547669499997556e-11,0.1645084048343543,1.0666731294164901e-10
36081009600,2.1992976999982076e-11,0.20646874651911848,1.0651964217715431e-10
36081009800,1.4460970000007419e-11,0.13574963041853377,1.0652677252543795e-10
36081009900,2.658498700002772e-11,0.24921786585555478,1.0667368051147755e-10
36029010902,4.519880114999933e-10,4.10185937633384,1.1019100608562821e-10
36117020402,4.084614963000031e-09,36.87195559956297,1.1077836519873778e-10
36117020500,8.384828534999878e-09,75.75593995781567,1.1068212657210682e-10
36007013301,1.124061441999957e-09,10.328175848867343,1.0883446006810866e-10
36007013303,2.3701880980000566e-09,21.76559073405091,1.0889610702327711e-10
36007013400,2.5834296399997517e-10,2.373335314358595,1.0885228161272001e-10
36007013500,1.057970744999954e-10,0.9720486346830249,1.0883928100418015e-10
36007013600,1.673193060000393e-10,1.5373953051908067,1.0883297577084329e-10
36007013700,4.2174952599999634e-10,3.8758924111362556,1.0881352763771798e-10
36081034700,4.082479300003528e-11,0.3827733317731509,1.0665526987190928e-10
36081035200,6.457352300000122e-11,0.6062248666853405,1.065174435240017e-10
36081035300,1.6541828499990808e-11,0.15511291980675626,1.0664378261075255e-10
36093020600,2.2632018600002527e-10,2.056666046416149,1.1004226300832862e-10
36093020101,1.3169863899998322e-10,1.1963681841310039,1.1008203055453541e-10
36093021002,5.472074099999557e-11,0.4972272070273428,1.1005178362451604e-10
36093020500,1.933282344999452e-10,1.7565517611009327,1.1006122266432683e-10
36093020800,1.3034195250000083e-10,1.1843381585551584,1.100546761568608e-10
36093020700,1.5289907699997354e-10,1.389582525193899,1.1003238327183079e-10
36093020900,8.115586650000629e-11,0.7374851887093026,1.1004406290794785e-10
36093033003,3.9824185549998364e-10,3.6207610645560826,1.0998843845245818e-10
36093032403,8.834728494999157e-10,8.023520351178057,1.1011037684601865e-10
36093032502,8.017064270000994e-10,7.276188667885877,1.1018219339728008e-10
36093032602,6.819986209500104e-09,61.94479463064316,1.1009780967336292e-10
36093020200,2.2539089100006128e-10,2.047307983657745,1.1009134570821886e-10
36093021001,4.822311049999679e-11,0.43814312918119525,1.100624597037878e-10
36105951701,9.181407916499872e-09,84.98211301328122,1.0803929898830567e-10
36105951801,1.0351233975000123e-09,9.578246203459198,1.0807024329006869e-10
36105951302,8.712645947999846e-09,80.63175735026262,1.0805476941488823e-10
36105951802,4.055450539999925e-10,3.75208597946476,1.0808522411787697e-10
36105950801,3.980053578000038e-09,36.74647408048183,1.0831116937322902e-10
36105951702,1.5738924679500053e-08,145.848943474918,1.0791250388595865e-10
36105950202,1.9547531016999776e-08,180.02841529095448,1.0858025376387313e-10
36081026501,1.1481798000021382e-11,0.10768709776348422,1.0662185385698789e-10
36105950802,5.181095487500058e-09,47.84009257836301,1.0830028138037821e-10
36081037502,1.0676508999989143e-11,0.10012244873189366,1.0663451738559185e-10
36105951201,6.1619987565001114e-09,57.05187811270634,1.0800693965459024e-10
36081089202,1.70803125999984e-10,1.604238687170811,1.0646989588638301e-10
36081027301,1.0517997000012804e-11,0.09864104381692317,1.0662901154547904e-10
36081000104,6.671143400001195e-11,0.6257271970985552,1.0661424708618597e-10
36081027101,9.587133999990025e-12,0.08991928976030973,1.066193252365053e-10
36105951202,2.2959853454999412e-09,21.276887294693925,1.0790983256618175e-10
36081040702,1.3762430500016891e-11,0.12906575764603276,1.0663115260796613e-10
36081040302,1.1870996000004475e-11,0.11132686434956796,1.0663190838403008e-10
36081040102,1.3227144999984006e-11,0.12404366594991695,1.0663297395067727e-10
36081027302,1.2434942499991855e-11,0.11661275672178854,1.06634495655212e-10
36081040902,8.701463500009819e-12,0.08160347006340599,1.0663104759207877e-10
36105950201,7.240105215499739e-09,66.71868928022363,1.0851689824257098e-10
36081043900,1.7564968499998618e-11,0.16475017165012357,1.0661578269733745e-10
36081044000,4.033715600000114e-11,0.3785607606625208,1.0655398073853958e-10
36081044601,2.3951543499994886e-11,0.22477581413491685,1.065574763556122e-10
36081007500,1.378218000000448e-11,0.12922596980031,1.0665178231048893e-10
36081006300,2.2663510000015512e-11,0.21250044487110786,1.0665158848849499e-10
36081007100,2.080522849999853e-11,0.19506367533723412,1.0665865115085929e-10
36081010000,2.3791536499995048e-11,0.2233526993271023,1.0652003119582673e-10
36081010300,2.6719033500001684e-11,0.2504648451763978,1.0667777939528383e-10
36081010500,2.112498349999619e-11,0.19802101097273014,1.0668051534645155e-10
36081010600,1.8429964499956324e-11,0.1730071083651768,1.0652720962802904e-10
36081010701,3.1666675150006593e-10,2.968241886119123,1.0668495481481704e-10
36081011000,1.7582111500002782e-11,0.16504422839158592,1.0652969613870564e-10
36081011200,2.0153586999998807e-11,0.18919173608821668,1.0652466865995433e-10
36081011300,1.9059385000002253e-11,0.17867603376606514,1.066700698368764e-10
36081010200,2.2779642499986382e-11,0.2138606228534071,1.0651630111262192e-10
36081011500,1.979281250001452e-11,0.18555691240938058,1.0666707180569535e-10
36081011700,2.2700792500001908e-11,0.2128258312371014,1.0666370885549036e-10
36081011800,1.6735540999990287e-11,0.1570896352085466,1.0653497907594463e-10
36081012200,2.239380899997857e-11,0.2101832855114021,1.0654419520320868e-10
36081012301,6.309655650000007e-11,0.5915156735906367,1.0666928928017985e-10
36081012400,2.105911549999832e-11,0.197659810739653,1.0654222232225177e-10
36081012602,1.5871641500008366e-11,0.14897508127448483,1.0653890143389185e-10
36081013200,2.0495769000013e-11,0.19235501038829436,1.0655178130603171e-10
36081013400,2.033210849998732e-11,0.19080788841897123,1.0655800799672694e-10
36081013500,1.4480112499984067e-11,0.13575821537612026,1.0666104043771265e-10
36081013600,1.6133839999994488e-11,0.15140605783752265,1.0656006919688832e-10
36081013700,2.132433700000288e-11,0.19993110592215588,1.066584256694184e-10
36081013800,1.8089194500004707e-11,0.16975568343173886,1.0656017008867115e-10
36081014000,2.3666621000025483e-11,0.22210580702193136,1.0655561562012006e-10
36081014202,6.586044499998343e-11,0.6181312723592932,1.065476670491144e-10
36081014500,1.3623882500015155e-11,0.1277427436494814,1.0665093069707575e-10
36081015000,1.5673694999998e-11,0.14711647219092971,1.0653936140921371e-10
36081015200,1.974130000000897e-11,0.18529490904580093,1.0653989417015954e-10
36081015400,1.5995788999995365e-11,0.15014240674935014,1.0653744898800617e-10
36081015500,1.5730893500002384e-11,0.14750787289693562,1.06644433216074e-10
36081015600,2.2316462000026757e-11,0.20947629377707416,1.0653454669088264e-10
36081015700,1.3698961499999544e-11,0.1284642141321382,1.0663640137095924e-10
36081014700,1.5778679999996174e-11,0.14794947421586851,1.0664911168912969e-10
36081014800,1.6733083999999667e-11,0.15705757723050268,1.0654108063466217e-10
36081014900,1.1368141999985677e-11,0.10659580444584182,1.0664718052539764e-10
36081018502,1.048999099999265e-11,0.09839255141634753,1.0661366992715039e-10
36081016300,2.3273062500004008e-11,0.21824296358185263,1.06638317763108e-10
36081016600,2.1610927500023315e-11,0.20288086922026025,1.0652028248440287e-10
36081016800,2.2515786000008625e-11,0.21138157459440343,1.0651725933639987e-10
36081016900,2.4639003499994628e-11,0.23107921413760013,1.0662578887481808e-10
36081017000,2.316485299999245e-11,0.2174591472896259,1.0652507971596167e-10
36081066402,4.187325999999132e-11,0.3932467912995881,1.0648086882440935e-10
36081017200,2.0352516999998373e-11,0.1910641419255133,1.0652190827064159e-10
36081017400,2.029989349999241e-11,0.19057501970231994,1.0651917303590494e-10
36081017600,2.0220600999999034e-11,0.18983549620760554,1.0651643872695774e-10
36081018000,1.4724329499987602e-11,0.13824171596655158,1.0651147808054006e-10
36081025301,1.356119299999789e-11,0.12719182766405623,1.0662000262954169e-10
36081018200,2.7772412000008218e-11,0.2607437041596694,1.065123013785271e-10
36081025302,1.1198065999990438e-11,0.10502840411655594,1.0661940542830027e-10
36081097205,1.8734434000007238e-11,0.1760975756938235,1.0638666617750794e-10
36081066404,1.0466990750001612e-10,0.983047960052904,1.0647487381427777e-10
36081033403,2.713928300000231e-11,0.2547944011224248,1.065144401935359e-10
36081033404,2.4597878000019533e-11,0.2309438344146882,1.0651021735376145e-10
36081000102,1.2043732499980659e-11,0.11295620138774932,1.0662303044909992e-10
36081053501,1.8958118999995358e-11,0.1778839539466248,1.0657576796209434e-10
36081026502,7.446170499988211e-12,0.06983923113430256,1.066187353304197e-10
36081048301,9.317182499975763e-12,0.08739002071671843,1.066160921299943e-10
36081039902,6.782455999991773e-12,0.06360483185320497,1.0663428865978543e-10
36093021200,1.227851559999723e-10,1.115827269119656,1.1003957278875698e-10
36093021400,9.353982749995908e-11,0.8500502959998529,1.1004034460094496e-10
36093021500,9.36495349999982e-11,0.8511080254125934,1.1003248965323704e-10
36117020103,3.699112981500128e-09,33.37237134155482,1.1084357607198394e-10
36117020105,1.728142309000087e-09,15.600575651776577,1.1077426548701028e-10
36117020104,2.527747394499974e-09,22.804591497733767,1.1084379190704521e-10
36117020303,4.770639640000035e-09,43.161215346619365,1.1053070683223241e-10
36117020601,3.1310201604999042e-09,28.3360876344769,1.1049585252871499e-10
36117020106,1.3727293569999891e-09,12.391663875383246,1.1077845322507456e-10
36117020602,5.861299276999932e-09,53.01010271149567,1.1056947595253125e-10
36043011503,1.0198180259499961e-08,91.98360144118377,1.1086954739449825e-10
36043011504,3.7755836407000335e-08,340.40238747161715,1.109153102228122e-10
36117020302,6.353702251499961e-09,57.48168859067446,1.1053437028867579e-10
36093033200,1.6845712650002635e-10,1.5310300540566548,1.1002862161567515e-10
36093033300,1.682774530000005e-10,1.5295818267178343,1.1001533233504026e-10
36093033400,1.3720196900003882e-10,1.2465044025282848,1.1006938180222395e-10
36047070601,4.9056893499988306e-11,0.46097981964244794,1.06418744182855e-10
36047088002,1.0760851500005198e-11,0.10105208559381779,1.0648816832201562e-10
36047070602,2.2265386099995e-10,2.0923612262109215,1.064127255900054e-10
36047006901,7.929393999986477e-12,0.07443471575122437,1.0652816928176483e-10
36047006902,1.1147175000007612e-11,0.10464336909787605,1.0652538327183759e-10
36047033701,1.0508837500010749e-11,0.09867246440339106,1.0650223001473544e-10
36047033702,1.0534426000011468e-11,0.09891390877419717,1.0650095755552118e-10
36047088001,8.671042000005099e-12,0.08142601533608801,1.0648982348227585e-10
36081018401,2.0273690500017965e-11,0.1903441518049239,1.0651070867044899e-10
36081018700,2.5740619499975704e-11,0.24145146816087534,1.0660784006011979e-10
36081018402,2.2639883999981505e-11,0.21254783521691586,1.0651665295426958e-10
36081018600,1.927417949998828e-11,0.18094753079374618,1.065180575575692e-10
36093021600,1.3874551249998131e-10,1.2610093687536525,1.1002734471125589e-10
36093021700,1.3971855550004338e-10,1.2698920710524049,1.1002396084279322e-10
36013036802,1.6865684476999972e-08,155.0065258384053,1.0880628661132945e-10
36013036801,8.574092820499757e-09,78.79705031441932,1.0881235764901159e-10
36093032000,7.222110180000502e-10,6.559948571204725,1.1009400609788884e-10
36093032101,1.5766724390000472e-09,14.324470599222915,1.1006846138422594e-10
36093032102,7.995328850000138e-10,7.26734488458285,1.1001719303237767e-10
36093032200,4.2030221900006013e-10,3.817545387045373,1.1009750412564373e-10
36081018800,1.905331599999336e-11,0.17886945237379778,1.0652079350126328e-10
36081026902,8.367568499997179e-12,0.07848025090012728,1.0662005286712976e-10
36081019200,2.141623099998791e-11,0.20104559102493588,1.0652425099604215e-10
36081030903,3.750587399998589e-11,0.35170174199266957,1.0664113799233788e-10
36081019600,2.37459894999915e-11,0.22289773269727126,1.0653311369587655e-10
36081018900,2.3210413500001903e-11,0.21770736228376497,1.0661290117395706e-10
36081019000,2.0055076000004605e-11,0.18826309938116126,1.0652685558629147e-10
36081020400,3.0539498500006414e-11,0.28664249418481164,1.0654211821195007e-10
36081020600,1.5833370499998797e-11,0.14861314740631837,1.065408463270702e-10
36081020800,5.7882181999990705e-11,0.5432538915736281,1.065472017739717e-10
36081021200,2.5547036499994275e-11,0.23976296633591312,1.0655121969171137e-10
36081021400,4.057259749997508e-11,0.38075124276088185,1.0655933045885119e-10
36081021900,1.4837637200002035e-10,1.3920709858630416,1.0658678580821906e-10
36081022001,4.217107850001704e-11,0.395707873281398,1.0657123941031142e-10
36081022900,1.429134614999635e-10,1.3406040088587818,1.0660378497720716e-10
36081023000,1.7669388499993442e-11,0.1658013115085811,1.0656965460179099e-10
36081043701,1.552416750000648e-11,0.14561449739219656,1.0661141423435228e-10
36081061302,5.1900333000033405e-11,0.48703221857086193,1.0656447565692626e-10
36081071306,1.932897299999964e-11,0.1813376408751265,1.0659106905063379e-10
36081077906,3.0814462000001395e-11,0.289076925626481,1.0659606239142396e-10
36105951000,3.4201832485000067e-09,31.62085320010182,1.0816226959015114e-10
36105951900,7.702177876499928e-09,71.19578012739457,1.081830673491883e-10
36105952200,1.0393575139000016e-08,96.12013113060225,1.0813109612676092e-10
36105952500,1.37782417640001e-08,127.78326203713554,1.0782509026883314e-10
36105950400,1.3740307694500154e-08,126.76957089819014,1.0838805872061464e-10
36029009008,4.2194301699998844e-10,3.822495469953858,1.1038417712109985e-10
36121970202,1.019829679900002e-08,92.64060804906765,1.1008451923802606e-10
36121970201,7.347648149998784e-11,0.6671991492503604,1.1012676137633453e-10
36029009501,3.495761750000373e-10,3.168883321515708,1.1031525604825096e-10
36087010503,4.179356506999911e-09,38.927301202857116,1.0736311991474924e-10
36093032300,1.0273212299998136e-10,0.9331771113220424,1.100885584885806e-10
36093032402,1.3249012589999414e-09,12.03068595973897,1.1012682597100123e-10
36081057900,7.282889500009012e-12,0.06834858165155046,1.0655509337615937e-10
36081058000,5.865664599999253e-11,0.5504505549963687,1.065611533453345e-10
36081058100,1.5301900499994597e-11,0.14360426825004655,1.0655602849736075e-10
36081058900,1.761138250001568e-11,0.16527265945768774,1.0655956380083818e-10
36093032404,2.386849840999948e-09,21.66898439291121,1.1015051733484943e-10
36093032503,1.144115015500021e-09,10.381968586250606,1.1020212650375704e-10
36093032601,6.54592979000063e-10,5.950496674769295,1.100064439621659e-10
36093032700,2.5217225700006506e-10,2.29188420351438,1.1002835859393926e-10
36081090700,2.5118617300002406e-10,2.3549015014519825,1.0666525663393903e-10
36081092800,1.7657744849996096e-10,1.6603079872377493,1.063522249228786e-10
36081092900,3.6314394199993436e-10,3.4037348488846124,1.0668984457439006e-10
36081091602,2.5542471050004813e-10,2.4021539226434667,1.0633153358422771e-10
36081091800,3.637718475000303e-10,3.420738976478775,1.063430592048529e-10
36081092200,1.418393534999909e-10,1.3337010993840273,1.0635018113541312e-10
36081093800,2.2448897999995856e-10,2.1106193286312775,1.0636166216933973e-10
36059517202,1.5678976599999906e-10,1.4681770936471996,1.0679213473526333e-10
36059517201,1.3252118600000294e-10,1.2408169565058076,1.0680155949285875e-10
36059300902,7.616760245000256e-10,7.140461929030248,1.066704132128143e-10
36059300901,5.24893813500002e-10,4.921325007834605,1.0665701059458305e-10
36059303204,1.6843060750000463e-10,1.5798265148639317,1.0661335653966494e-10
36059303203,1.0676273650000407e-10,1.0012797690743511,1.0662627948500604e-10
36081049301,1.7497152500015124e-11,0.16413718669485927,1.066007822623606e-10
36081049302,2.8711387999993008e-11,0.2693535178966927,1.0659369970064736e-10
36081049500,1.3754087499983646e-11,0.1290375300661755,1.0658982307651125e-10
36081049600,2.910797850000664e-11,0.2731181758583713,1.0657649718303967e-10
36081049700,2.1060653000013317e-11,0.1975675637723181,1.0659975047464851e-10
36081049900,4.928990700000508e-11,0.46238706891772147,1.0659880068742985e-10
36081060100,1.6457738500011345e-11,0.15442615405906396,1.0657351793995136e-10
36081059100,2.1531837499985708e-11,0.2020582851676843,1.0656250735829442e-10
36081059200,2.4095147000001848e-11,0.22613593027405732,1.0655160801205098e-10
36081059300,2.6869991999975674e-11,0.25214432791626773,1.0656591890061743e-10
36081059400,2.365838999999918e-11,0.22204583065326433,1.0654732822677017e-10
36081059800,2.1999010000005715e-11,0.20647212432885603,1.0654711899494505e-10
36081059900,1.354394450000732e-11,0.12708115121346522,1.0657713099605786e-10
36081060000,1.8827907000006315e-11,0.17671821297583581,1.065419725729165e-10
36081060600,2.293676449997284e-11,0.21529439733641875,1.0653674588722288e-10
36081060701,7.598822850001803e-11,0.7129890429991909,1.06576993357953e-10
36081060800,2.252754150001169e-11,0.21144737913096873,1.0653970549362223e-10
36081061400,2.7457927000004136e-11,0.2577534977155409,1.0652785410620093e-10
36081061602,4.498229049998854e-11,0.4223119385674699,1.0651437099451553e-10
36087011403,5.13891651499995e-10,4.7925224502522035,1.0722780265180642e-10
36013036300,1.1383260428999717e-08,104.14738639878422,1.0929953043096817e-10
36087011602,1.3313954864999283e-09,12.416385857162647,1.0722890717284576e-10
36087011603,7.179189974999356e-10,6.697750038989045,1.0718808455388369e-10
36087011700,6.978282164999583e-10,6.504401774234552,1.0728553381561056e-10
36085007700,2.6457335500014e-11,0.24853755716418297,1.0645206222308037e-10
36085002700,2.664552199999064e-11,0.25035825507399134,1.0642957226281902e-10
36085003600,4.35409374999543e-11,0.40918115669352756,1.0640992818876557e-10
36085018701,4.0984147500013594e-11,0.3851549012080789,1.0640951827813304e-10
36085015400,5.279161910000722e-10,4.9659385672248995,1.0630743490954742e-10
36085000900,2.468534750000553e-11,0.23187689694100388,1.0645884874975788e-10
36085012200,8.804216750000725e-11,0.8278139599837359,1.0635501665342419e-10
36085011201,2.333407469999881e-10,2.1939187357155667,1.0635797178872347e-10
36085030302,9.671927300000224e-11,0.9087632542821659,1.0642955967272358e-10
36085024700,5.107378099998761e-11,0.4798554622758087,1.064357603803449e-10
36061019900,4.532408149997412e-11,0.4247067591588417,1.0671853113367278e-10
36085006700,1.0141058249999164e-10,0.9526784669444933,1.064478583474693e-10
36085014608,4.770149050001101e-11,0.44862738755947246,1.0632763808626695e-10
36085017011,7.647713550001326e-11,0.7193951041345841,1.0630755625173945e-10
36013035300,1.1708542410500129e-08,106.92918561632973,1.0949809767102587e-10
36061009700,1.8439553000002524e-11,0.17293368985478544,1.0662788156250204e-10
36061001502,3.7781711499996737e-11,0.3545629215391325,1.0655855196586548e-10
36061013900,1.9367109499997197e-11,0.18158458152507917,1.066561342231711e-10
36061008300,1.856796700000559e-11,0.17415724076161512,1.0661610690893557e-10
36061024700,7.123181150000912e-11,0.6671523106590639,1.0676993898086167e-10
36061003602,9.487353999998404e-12,0.08900927898280467,1.0658837043080898e-10
36061005502,1.2309812999997768e-11,0.1154863873467465,1.0659103018815283e-10
36061019800,2.4058929499989293e-11,0.22545146367624871,1.0671445244879064e-10
36061018700,4.3055505000009785e-11,0.40349465058628925,1.0670650760164703e-10
36061016500,2.179754600000437e-11,0.20432686837883407,1.0667978309925659e-10
36061012500,1.8583132000003167e-11,0.17425359538734125,1.0664418119290725e-10
36061023300,5.6223187499981145e-11,0.5266566591614037,1.0675491617158211e-10
36061020800,1.585547199999432e-11,0.14856671785546327,1.0672290691256773e-10
36109000900,3.146238285999908e-09,28.744540892061867,1.0945515873133245e-10
36109001200,1.4695338300002504e-10,1.3434455573365125,1.0938543969833195e-10
36109001600,8.315591886000026e-09,75.90615578056,1.0955095539339244e-10
36109002300,2.0707570783499985e-08,188.83770056865663,1.0965803290943607e-10
36109000400,4.4937654999998205e-10,4.1058554237707225,1.0944772857766264e-10
36109002000,6.095653199999991e-09,55.68056627138711,1.0947541679604647e-10
36087012000,1.486374655000053e-10,1.3865890141905908,1.0719648286465843e-10
36087011800,6.259893929999202e-10,5.837920950290028,1.0722813795017574e-10
36025970401,1.3556689347500166e-08,124.1598345743935,1.0918739859771103e-10
36025970501,3.360277397900012e-08,308.8112100566443,1.0881332310713872e-10
36025970601,9.33525925400006e-09,85.7405194290453,1.0887803475141607e-10
36025970602,1.8212877322499933e-08,167.08696870764288,1.0900238039728613e-10
36025970101,1.1988133376999933e-08,109.54571115373683,1.0943498609613064e-10
36025970502,2.378432877349985e-08,218.1726638803877,1.0901608088967332e-10
36025970102,1.4714606814499942e-08,134.45305725406817,1.0944047770289522e-10
36025970402,7.537374059999411e-10,6.9033464397952375,1.091843517594487e-10
36085013201,4.993427550001818e-11,0.4695827748991776,1.0633753657326844e-10
36085027704,5.6166169000011616e-11,0.5280269308952221,1.063698946278875e-10
36085027302,1.0863570749995995e-10,1.0211498045594274,1.0638567134312929e-10
36085029104,1.6404445399996002e-10,1.541566328725191,1.0641413927068432e-10
36085017009,1.2568636100001256e-10,1.1823359502525472,1.0630342498945915e-10
36085018902,8.0340758499986e-11,0.7550784497535203,1.0640054490525e-10
36085021300,8.351302350001792e-11,0.784574139365766,1.0644376268573952e-10
36085010500,8.6934842499973e-11,0.816706163854331,1.0644567942244505e-10
36085000700,1.206871475000255e-10,1.1335730026475166,1.0646614485185746e-10
36085002001,5.4581292000015526e-11,0.5129652540846773,1.0640348749821088e-10
36055014601,2.923241576500026e-09,26.448685010218373,1.1052502517121891e-10
36055015303,3.6507820350003484e-10,3.296275295877434,1.1075476734501777e-10
36055015304,5.535401114999227e-10,4.996901367124826,1.1077667354847648e-10
36061011600,3.5036093500005796e-11,0.3285183707623579,1.0664881059376142e-10
36061016002,5.48656949999837e-12,0.051426035581909876,1.0668855644646228e-10
36061030700,9.012859500000518e-12,0.08437376622430899,1.0682063754318716e-10
36061004800,1.8736856000001792e-11,0.1757627890111426,1.066030876354264e-10
36061023200,1.926544300000662e-11,0.180487843759392,1.0674094497848478e-10
36061009100,1.9095453000013577e-11,0.1790976706876853,1.0662033139064479e-10
36061006600,1.8625305499984825e-11,0.17470018965341003,1.0661296668844956e-10
36061001001,3.4575167500005335e-11,0.3244404517316707,1.0656860855501711e-10
36061007700,1.9059921499998827e-11,0.17878218334448454,1.0660973673911019e-10
36061011201,8.482543999999219e-12,0.07953562856490895,1.0665087022071654e-10
36061017401,1.0756714499999453e-11,0.10081310742534291,1.0669956293099418e-10
36061015602,1.1603008999995251e-11,0.10876034101864698,1.0668419105090809e-10
36061018000,2.267555699999589e-11,0.2125192992700504,1.0669881313311613e-10
36061008000,1.8406712499987818e-11,0.17262646223496614,1.0662740962004996e-10
36061020101,5.882892999995203e-12,0.05512564214798828,1.0671790424140918e-10
36061022200,1.9361576999988103e-11,0.18142265735308585,1.0672083235065005e-10
36061013800,1.942345200000889e-11,0.1820927357826191,1.0666791245970657e-10
36061007400,1.8561254500008536e-11,0.17408366497999675,1.0662260874471671e-10
36061003200,2.3202867500000468e-11,0.2176833023502374,1.0659001976489983e-10
36061026100,1.6681415500017888e-11,0.15622205319195503,1.0678015785339154e-10
36061022500,4.3213089499992105e-11,0.4048185328916349,1.0674681613838004e-10
36061004100,2.0386319500015227e-11,0.1912772662109944,1.0657993970662178e-10
36061002100,2.528212499999977e-11,0.2372297721566714,1.0657231076082195e-10
36061001402,1.2141299499986798e-11,0.11392009246004496,1.0657733186307849e-10
36061028100,1.0063394000026114e-11,0.09422827694486638,1.0679802630705299e-10
36011041400,4.6088226500000985e-10,4.178545305317976,1.1029729997505386e-10
36011040900,2.2791934959999937e-08,207.49120089544522,1.0984530843543958e-10
36011040800,2.0795699870999824e-08,189.03646894591978,1.1000893101187332e-10
36011040300,1.531934784200018e-08,138.5626444933964,1.1055900309935459e-10
36001014803,1.6603044829499885e-08,151.60932001145983,1.0951203282387188e-10
36001013703,1.7869990799999644e-09,16.253730145059073,1.0994393681029516e-10
36001014502,9.777341094999936e-09,89.16299532684117,1.0965693849964926e-10
36089490300,7.484027828499977e-09,65.63965214264267,1.1401687218323926e-10
36029009107,8.208363680000278e-10,7.431066585750174,1.1046010132301399e-10
36055014906,2.13275728150007e-09,19.265336284777746,1.1070438895921273e-10
36087013102,3.0937310600001237e-10,2.8867197833209137,1.0717115938565613e-10
36087012503,3.8373724449999175e-10,3.580684630348439,1.0716867976799453e-10
36087012114,8.805519999999421e-11,0.8213711428780852,1.0720512981677042e-10
36087012504,5.491470060000197e-10,5.125219049307028,1.071460557523427e-10
36087012403,4.5500010499990256e-11,0.42445167817770574,1.071971506752783e-10
36087012108,5.433663850001951e-11,0.5067775255818447,1.0721990569260972e-10
36087012506,5.558983080000362e-10,5.1874109858377135,1.071629584618818e-10
36087012116,1.2292855249998255e-10,1.1467778835979117,1.0719473601488142e-10
36087011512,1.9985199399994286e-10,1.863760262835983,1.0723052636385696e-10
36087011304,8.344628549998954e-11,0.7783627269121007,1.0720745304831767e-10
36087012505,2.6880474799999547e-10,2.50788567098322,1.0718381268736632e-10
36087012115,1.1389471899996426e-10,1.0625782081289263,1.0718713985346951e-10
36087010504,4.0479198050003185e-10,3.7712804967792484,1.07335421177431e-10
36087011507,5.991543549999667e-10,5.584296246392759,1.072927238391046e-10
36087011305,3.0467086549997435e-10,2.842226953656408,1.0719441848513462e-10
36087011508,6.499040430000235e-10,6.058009272573058,1.0728013341649864e-10
36087012112,2.4822595650001026e-10,2.3147783299977673,1.0723530339090814e-10
36087012113,9.244978750002112e-11,0.8622435976647146,1.0722003358495267e-10
36087012111,1.3709061800000511e-10,1.278673058380064,1.0721319034725234e-10
36085017012,9.808822800000268e-11,0.9225837182831285,1.0631905382260467e-10
36061024100,4.1774642500026557e-11,0.39127542552468153,1.0676531101846933e-10
36061017200,1.8985699500009796e-11,0.1779388984173129,1.0669785903407924e-10
36087012600,5.986539174999392e-10,5.58777652269747,1.0713633858981572e-10
36087012700,2.2124274649999496e-10,2.065430867671057,1.0711699430998837e-10
36087012800,1.3466834509999834e-09,12.572293471010473,1.0711517783968388e-10
36061011300,1.873091600000341e-11,0.17565269241728423,1.0663608819331874e-10
36061019000,1.1076035000023698e-11,0.10379506960655957,1.0671060814360418e-10
36061009500,1.8335555499974863e-11,0.1719644057385622,1.066241320186367e-10
36061027300,1.8894224999968698e-11,0.1769234718949424,1.0679320724153626e-10
36061010601,2.6873642499971578e-11,0.25200435981107555,1.0663959353766104e-10
36061005900,1.238425850000025e-11,0.11617604711743802,1.0659906932004207e-10
36061014602,1.1646145499976958e-11,0.10917498761390716,1.0667411789560326e-10
36061006300,1.899547900000203e-11,0.1781875497511732,1.0660385097908313e-10
36061025100,1.702175250001142e-11,0.15942234388955231,1.0677143545075511e-10
36061017900,4.308397400001077e-11,0.4037917213240241,1.0669850748484733e-10
36061011800,1.885208499997875e-11,0.17676130123410302,1.0665278467831038e-10
36061003400,1.7082690000006064e-11,0.1602572013815398,1.0659545937867501e-10
36061020500,7.075889499997345e-11,0.6629962105319475,1.067259418318558e-10
36061018900,2.8319490999990777e-11,0.26540405980498594,1.0670330748067465e-10
36061003002,8.370319499991888e-12,0.07853140099310865,1.0658563828151247e-10
36061013100,1.8571246000001573e-11,0.17413558240093882,1.0664819759377017e-10
36089491600,3.998616930000116e-10,3.5223203716102613,1.1352223841501706e-10
36089492100,1.5872435919500015e-08,140.02909298205972,1.1335098715188824e-10
36089490500,3.2861960924999995e-08,288.9243065868532,1.137389972938168e-10
36089492700,2.1139024800499904e-08,187.2344441710794,1.129013675559867e-10
36089492800,3.592081301949972e-08,317.5073241993461,1.1313380914938182e-10
36095740100,1.4228592164500211e-08,129.49115196232165,1.0988080613137443e-10
36095740600,4.0521368533000254e-08,369.86300801880094,1.0955777586424774e-10
36087013001,4.699307179999268e-10,4.387532760894129,1.071059166072552e-10
36087013003,1.8854896210000322e-09,17.601043593285937,1.0712374019227291e-10
36061008200,1.8383042499999277e-11,0.17240097592780296,1.0662957330182178e-10
36061020701,5.045155000006155e-12,0.04727386718332101,1.0672185925559667e-10
36061008900,1.7654012000007378e-11,0.1655786169756265,1.0662011993134404e-10
36061002500,2.4044484500005848e-11,0.22563409837288462,1.0656405513793288e-10
36061011100,1.8710766999998733e-11,0.17546401616410137,1.0663592119366305e-10
36061005000,1.774659349999713e-11,0.16646795345091597,1.0660666592041581e-10
36061000800,4.141263150000704e-11,0.3886134416205029,1.0656510317120782e-10
36061015802,5.494964000003001e-12,0.05150582790395786,1.0668625714063615e-10
36061014200,1.909268450000353e-11,0.1789855283501053,1.0667166600562931e-10
36061007200,1.866038900000628e-11,0.17501689014528485,1.0662050379546761e-10
36001001600,1.0048565849994912e-10,0.9152285628699991,1.0979296601588067e-10
36061021500,7.439881499994512e-12,0.06970810966439119,1.067290669021686e-10
36061025900,8.05545500000258e-12,0.0754648840288528,1.0674441634234412e-10
36061031703,8.066757499997258e-11,0.7569094817976716,1.0657492994854002e-10
36085013301,7.1678899999727536e-12,0.06733672719996513,1.0644844645755913e-10
36011040400,6.4378052030000305e-09,58.274760042925344,1.1047330264865829e-10
36011040600,8.243090180999844e-09,74.70410738884017,1.1034319890998731e-10
36011040700,6.7000543360001505e-09,60.80178691282507,1.1019502347203042e-10
36101960100,1.0343789231999876e-08,94.41662550886738,1.0955474394738257e-10
36101960700,2.4784871700004485e-10,2.269067016502223,1.0922935074086299e-10
36087013300,3.1818369750003026e-10,2.971134816977605,1.0709163908748628e-10
36101960800,3.2904907550002104e-10,3.013011086989755,1.0920938091494646e-10
36101960900,1.5323401949999756e-10,1.403122661014812,1.0920928280722846e-10
36101961000,2.7472607050500185e-08,251.37900211690186,1.0928759689213924e-10
36061012200,1.8410887499998733e-11,0.1726169646904988,1.0665746285719567e-10
36061014402,1.8866598500005858e-11,0.17686870499572532,1.066700776740681e-10
36061015601,7.847710000001881e-12,0.07356194578993924,1.0668165334304111e-10
36061021600,1.848163000000276e-11,0.1731969676005643,1.0670873893488736e-10
36061022000,1.867052200002564e-11,0.17495410791955407,1.0671668257489879e-10
36061025300,1.8081887499986298e-11,0.16934456155232194,1.0677572007176378e-10
36061027100,2.0600665000000896e-11,0.1929083067311073,1.0678993221746501e-10
36061028300,1.613697000000554e-11,0.15109386365584065,1.0680096206131897e-10
36061000100,8.138234999995788e-12,0.07638847590028905,1.0653747052917695e-10
36061000201,1.7712249999975194e-11,0.16621043394897947,1.0656521121539342e-10
36061000202,7.872825450003626e-11,0.738777982283731,1.0656551276294035e-10
36061000500,4.612411404999937e-10,4.329473187445951,1.0653516502595312e-10
36061000600,4.437670250002242e-11,0.4164249051203171,1.0656591849904058e-10
36061000700,5.322068849998749e-11,0.49946701864690646,1.065549606141489e-10
36061000900,8.265423299999032e-11,0.7757284284855245,1.0655047561085058e-10
36061001002,4.740706149999111e-11,0.44482164749806097,1.0657543706929812e-10
36061001200,1.285272799999128e-11,0.12059819181638513,1.065747985638126e-10
36061001300,3.380433600000334e-11,0.317220702624079,1.0656409156265888e-10
36061001401,9.965231499989826e-12,0.09350559652635335,1.0657363698205224e-10
36103158320,5.068590849999816e-10,4.742469435616558,1.0687661605015405e-10
36103146608,2.2134077999995463e-10,2.0751125298510007,1.0666447087370609e-10
36103158403,6.062551514999891e-10,5.673287326144521,1.0686135156704477e-10
36103158407,6.845811175000615e-10,6.400113973345344,1.0696389476049134e-10
36103158408,3.0649389049996606e-10,2.8655014251086,1.0695995046952392e-10
36103111804,2.0515331849997314e-10,1.9212511978913975,1.067811011517557e-10
36103111900,1.358585690000073e-09,12.728087596081323,1.0673918448034168e-10
36103112001,2.8888277249997636e-10,2.706335135877804,1.0674316298460826e-10
36103112002,6.553038159999894e-10,6.1390626876129994,1.0674330094758908e-10
36103112102,8.423428300000143e-10,7.891760917646641,1.0673699302223726e-10
36103112103,3.9861776949991546e-10,3.7338501536900277,1.067578379132264e-10
36103146402,7.673424050000475e-10,7.195194140110627,1.0664651850356458e-10
36103146403,1.7645806800007044e-10,1.654029720130502,1.0668373479174727e-10
36103146404,3.2617503549989783e-10,3.057471387417298,1.0668130430990684e-10
36103146500,3.5171088449998197e-10,3.298454489222091,1.066289941696087e-10
36103147503,1.5682738354999612e-09,14.715730352730215,1.0657125388336562e-10
36103147601,3.9528659150009074e-10,3.7079206147572394,1.0660600173770723e-10
36103147602,6.923997649999312e-10,6.494623662490928,1.0661122198639765e-10
36103147702,5.74466771999972e-10,5.389194125762283,1.0659604360025085e-10
36103147802,3.537353565000282e-10,3.318380524576959,1.065987923567397e-10
36103147803,2.1185810199998747e-10,1.9867534438237784,1.066353264208958e-10
36103147804,5.415554545000207e-10,5.078490786511809,1.0663708516285233e-10
36103147901,4.744451289999842e-10,4.448969699788329,1.0664157344621996e-10
36103158306,6.900433164999572e-10,6.454851785187699,1.0690304587371584e-10
36015011200,1.5447517690999908e-08,142.08298473019155,1.0872179888629147e-10
36015000600,1.2583317000000235e-10,1.1563231617880214,1.0882180186153725e-10
36071011102,3.80758266499982e-10,3.5323411632247104,1.0779204185146824e-10
36103158502,3.0863057350003356e-10,2.890874448978144,1.0676028272660792e-10
36103158505,2.6754912700001255e-10,2.505334396693049,1.0679178290657237e-10
36103158506,1.7628158649995738e-10,1.6509280122146983,1.0677727023571303e-10
36103158509,2.3268278399998847e-10,2.1786275359136438,1.0680246171698599e-10
36103158510,4.857436239999504e-10,4.549189562736928,1.0677585915054999e-10
36103112104,4.546028070000804e-10,4.2583655301649745,1.0675523361717341e-10
36103112204,1.5733866700004232e-10,1.4743220287144074,1.0671933535256196e-10
36103112211,5.429277394999251e-10,5.087357566221292,1.0672097104100204e-10
36103112212,6.259927224999981e-10,5.866271997489671,1.067104837225203e-10
36103112213,7.273871880000375e-10,6.818446077686607,1.0667931955646244e-10
36015010100,2.428923618149997e-08,222.83616893872275,1.0900042078976512e-10
36005006500,2.7944516500012297e-11,0.2618119926697664,1.0673505142012267e-10
36005020200,1.3325991499994735e-11,0.12481184192829328,1.0676864706195718e-10
36005015700,3.405733050001735e-11,0.3190080511543138,1.0676009704702654e-10
36005005200,1.9501714999994428e-11,0.18268907492703387,1.0674811839615163e-10
36015001100,1.7628076150006294e-10,1.620377888299406,1.0878990806587123e-10
36015000500,1.6804532049998916e-10,1.544351808211435,1.088128492526635e-10
36015000200,1.6363092950004138e-10,1.5033030531772935,1.0884760005921667e-10
36015000300,5.227574649995764e-11,0.48022780262340914,1.0885614330195678e-10
36015011000,2.6108574933999807e-08,240.0002433062671,1.0878561860740429e-10
36015000400,2.6128490150000706e-10,2.4007073634629736,1.088366310182465e-10
36015010600,1.366598364000031e-09,12.549137451822801,1.0889978448690339e-10
36015000100,4.664956099999723e-10,4.285811058501853,1.088465178777714e-10
36015000900,2.78178144999995e-10,2.556796167387833,1.0879950015108066e-10
36015001000,1.5367257149999595e-10,1.4124006672472535,1.0880239231230424e-10
36091060800,9.436255510499693e-09,85.25663595237975,1.1068059870166974e-10
36123150301,1.7327472566999797e-08,157.6783756124418,1.0989124221820402e-10
36123150302,2.0576996537500144e-08,187.52293614992047,1.0973055861843634e-10
36123150501,2.754192440999989e-09,25.093682987507155,1.0975640532205492e-10
36123150502,1.4334774831999902e-08,130.78846757563275,1.096027432518876e-10
36123150102,1.6095466507500246e-08,146.5948604847485,1.097955716474439e-10
36123150101,1.1180285051000035e-08,102.05119116757274,1.0955565459928335e-10
36029004100,1.1950193149998083e-10,1.0838065740266116,1.1026130894925407e-10
36029004300,1.3224544649999876e-10,1.1990240457596848,1.1029424052643574e-10
36089492600,7.425725587599979e-08,658.2689918663932,1.1280685676148567e-10
36029004401,1.0894050900002229e-10,0.9878429495846057,1.1028120314654517e-10
36029004402,6.611518549996014e-11,0.5995754212485125,1.1027000633596131e-10
36089490200,9.286440694999635e-10,8.146116186103006,1.1399838257698783e-10
36029005801,7.626322049998826e-11,0.6912689859317623,1.1032350944718426e-10
36029000110,1.0667341319999847e-09,9.687229333631311,1.1011756770293302e-10
36017970602,1.742133118099989e-08,159.25292385544617,1.0939410567314435e-10
36017971000,1.684456092200006e-08,154.3131968356623,1.0915826557555462e-10
36017970300,3.45163706000029e-10,3.1500224260782126,1.0957499957540265e-10
36017970601,1.5218639659500024e-08,138.8816740701283,1.095798978619409e-10
36089491200,8.246802999996977e-11,0.7268079034106991,1.1346606113248243e-10
36023970400,8.574798878499851e-09,78.18707264360918,1.0967028932756359e-10
36029015503,4.8487832494999764e-09,44.18193027434717,1.0974584449777352e-10
36029006901,6.517993199998043e-11,0.5912876569127922,1.1023387895545685e-10
36051030500,1.071326814999894e-10,0.9736425235616313,1.1003287028599869e-10
36051030900,5.828669500000256e-10,5.303315591588583,1.0990614077813735e-10
36051031000,6.611057155000243e-10,6.019433815883005,1.0982855459854328e-10
36013035800,7.500629794999922e-10,6.855008404031214,1.0941824360986982e-10
36013036700,3.07081638765003e-08,282.2782823685842,1.0878684544496125e-10
36013037000,1.2516937615000026e-08,115.11291092863598,1.0873617489144963e-10
36031961100,2.3768182183500033e-08,211.98336102771367,1.1212286694705579e-10
36031960700,3.5807255260500195e-08,317.5332410746231,1.1276695044373377e-10
36051031300,3.077526298449983e-08,280.6593508446976,1.0965343891759114e-10
36051030100,1.2606775562500005e-08,114.28523836850174,1.1030974553205788e-10
36051030600,9.117649772500004e-09,82.7339014834702,1.1020451845029527e-10
36051030400,7.494116120000212e-10,6.810992149025503,1.1002972776987342e-10
36051031200,1.8102222054499993e-08,165.12598356275188,1.0962673265543765e-10
36051030800,3.407290050050012e-08,310.1072066788788,1.0987458455224865e-10
36031960800,2.1464091941999812e-08,190.06328158224304,1.1293129195347498e-10
36051030201,1.7649432931999898e-08,160.23728355403495,1.1014560744252872e-10
36051030300,8.983308455000336e-10,8.148996909109147,1.1023821158845421e-10
36085012805,1.4366483749995995e-10,1.3512598208189406,1.0631918102389137e-10
36085990100,8.690359603499825e-09,81.77264113989213,1.0627465962158219e-10
36029009200,5.875589494999824e-10,5.323341278839316,1.1037409001665432e-10
36029009301,2.1316037649998612e-10,1.9318884660780786,1.103378275934958e-10
36085019800,1.0766825360000403e-09,10.132479097425525,1.0626052377187784e-10
36085014607,7.26707589999989e-11,0.6834762226862034,1.0632521891454795e-10
36013037200,1.0844386949999271e-09,9.964841259932486,1.08826489726468e-10
36013037400,2.0682891965000188e-08,189.82209608048353,1.0895934873794016e-10
36013037500,1.462987418749984e-08,134.5443002716168,1.0873648425065338e-10
36029009401,3.620800000000481e-10,3.281509318997457,1.1033947028700444e-10
36103111103,1.3264707950003123e-10,1.2423691469287086,1.0676945723253942e-10
36103112217,4.20843161000072e-10,3.9444932050584236,1.0669131346465044e-10
36103122605,7.982504050001794e-11,0.7485529467795692,1.0663913734284516e-10
36103110601,4.5934057349998004e-10,4.297746185958405,1.0687940925891283e-10
36103123304,1.4883550550001156e-10,1.3968471318347264,1.065510334724456e-10
36103146005,3.3271541399994527e-10,3.120604381248206,1.0661890241494275e-10
36103147301,2.0243785400006118e-10,1.8990022566458662,1.0660221876598467e-10
36103147302,4.886968165000494e-10,4.585329911345125,1.0657833262791078e-10
36051031400,6.795998925000042e-10,6.199428159574488,1.0962299667113977e-10
36029009701,2.814483430000034e-10,2.552966751091566,1.1024363826111922e-10
36029009702,2.809282860000364e-10,2.5481077034911666,1.1024976911891758e-10
36003951000,2.2121341912000023e-08,203.4431286710905,1.0873477053021496e-10
36003950900,2.2434080625000065e-08,205.99864635573735,1.0890401962282237e-10
36003940200,1.6963181199998614e-10,1.5554199903799713,1.0905852634602378e-10
36029009800,3.75377983999988e-10,3.4056598470114614,1.1022180748009526e-10
36029009900,2.2441043349998075e-10,2.0363618219032613,1.102016503581069e-10
36029010001,9.7524820500006e-10,8.842745048166389,1.102879478813296e-10
36013036500,1.4418571801499998e-08,132.10633787074653,1.0914367950769476e-10
36013037300,7.67732871849987e-09,70.49968458184718,1.0889876690989749e-10
36029016500,2.1148918250003168e-10,1.9193529889573,1.1018774749449523e-10
36029016600,1.284030154999901e-10,1.1650880057642063,1.1020885535231975e-10
36029003800,6.83279580000233e-11,0.6197816427752932,1.1024521102958214e-10
36031961300,4.099234286300056e-08,366.23510795587197,1.1192903676492907e-10
36029010003,2.3445330950002e-10,2.126522117324392,1.1025199671800786e-10
36029010002,4.3427001899998406e-10,3.9383610269928337,1.1026668607158503e-10
36029010102,2.4440920200001244e-10,2.2165381077282174,1.1026618543026686e-10
36029010103,1.9455714850000096e-10,1.7640871470537332,1.1028771952958107e-10
36029010300,4.6400396500007104e-11,0.4209026158614573,1.1024021888065454e-10
36029010500,1.1748471450003542e-10,1.065663648170403,1.1024558705905041e-10
36029010600,1.381811719999758e-10,1.253287583786272,1.10254959665778e-10
36029010700,6.281467739999581e-10,5.6983808547697254,1.1023250112778603e-10
36055013507,5.921566405000021e-10,5.342373628384392,1.108414876402193e-10
36055014905,1.3852040779999384e-09,12.519859463039854,1.106405452943964e-10
36089491400,1.5348565494999027e-09,13.514757181170685,1.1356893275436187e-10
36103112215,1.0218306750000178e-09,9.580377913390276,1.0665870221798123e-10
36103112220,7.996098925000242e-10,7.49628473982368,1.0666749199802032e-10
36103122407,1.9191197899998048e-10,1.799546753451141,1.0664461961431948e-10
36103112216,7.38784931000013e-10,6.923885562698154,1.0670091588170581e-10
36103146617,3.5250850049998833e-10,3.3054178218355585,1.0664567068384533e-10
36103147202,9.139436049998802e-11,0.8574002538536272,1.0659474392410268e-10
36103110104,9.888061380000166e-10,9.257917373160652,1.0680654170306538e-10
36103110103,1.6401436749999108e-10,1.535600307060089,1.0680798040083558e-10
36103122604,1.5429609200000328e-10,1.4469215020795272,1.0663750022253985e-10
36103190606,1.1211845635000184e-09,10.50027262387566,1.0677670986852798e-10
36103159515,5.5867203000006e-10,5.23792799537163,1.0665897478806835e-10
36103158806,2.4151985499999916e-10,2.263947267648866,1.0668086595975363e-10
36103146620,1.0301080800006888e-10,0.9656156169001099,1.0667889602983197e-10
36103158120,2.2236698250003177e-10,2.081643030088946,1.0682282182191934e-10
36103158326,1.671060645000319e-10,1.563145457169052,1.06903720145578e-10
36103169905,2.1350151034999902e-09,19.96488562416469,1.0693850912503372e-10
36103158015,3.610273239999987e-10,3.3777905074666523,1.068826865378249e-10
36103159604,9.311705365000299e-10,8.72727037307132,1.0669665275562332e-10
36103135305,3.343295515000315e-10,3.1315363775629836,1.067621484123434e-10
36055012304,7.904595849999521e-10,7.153087954437341,1.1050606256135842e-10
36071012300,7.418560068499872e-09,68.84946351901017,1.0775044117012644e-10
36071011400,5.786378044000072e-09,53.676102402930134,1.0780175506342648e-10
36071014302,5.461342382500069e-09,50.7824513187001,1.075438904716478e-10
36103145706,2.1937885300000595e-10,2.055988548227594,1.067023710755227e-10
36103146619,2.542955044999802e-10,2.3838775696631047,1.0667305558645692e-10
36103135306,3.611722660000151e-10,3.3830268507745522,1.067600944158406e-10
36103145810,1.9086731749999806e-10,1.7880742433561494,1.0674462663348203e-10
36103146618,1.4757467039999681e-09,13.83065950368867,1.0670110876537616e-10
36103159109,2.0384320899998847e-10,1.9110599564394535,1.0666499934401544e-10
36103147505,3.941777230000104e-10,3.697367028398037,1.0661038516665636e-10
36103158805,3.1930715599995657e-10,2.9930883357569806,1.0668150090505121e-10
36103145809,2.062557270000184e-10,1.9322166573878898,1.0674565205273088e-10
36103147504,3.2025808999998155e-10,3.0049919648282453,1.065753565228872e-10
36103201010,9.13106751649984e-09,85.23230779706813,1.0713152972743906e-10
36103159700,3.7484673850006265e-10,3.505612871886258,1.0692759075201867e-10
36103170206,1.3573784286500108e-08,126.43886689471799,1.0735452333500116e-10
36103201006,5.158483556000024e-09,48.20516681989207,1.070110093234104e-10
36103146616,1.5777420115000211e-09,14.791471754415172,1.0666565421585408e-10
36103147201,3.2118155849996125e-10,3.0137191645142067,1.0657315461964545e-10
36103201008,4.14968878549992e-09,38.73364105373315,1.0713397120976244e-10
36103159518,4.5622040150004016e-10,4.277779445702317,1.0664888344311049e-10
36103159514,8.635770659999364e-10,8.096782846069324,1.0665681449258205e-10
36103158325,4.2034370699998854e-10,3.9345173495643326,1.0683488460065706e-10
36103146004,7.45358764999979e-11,0.6991561855355841,1.0660833450668847e-10
36103158017,7.64456235500005e-10,7.150282619566708,1.0691273005182688e-10
36103145705,1.0941992949998631e-10,1.0253882774444085,1.0671072793293028e-10
36103158329,1.9027074750004568e-10,1.7792544013481157,1.069384722925964e-10
36103201007,5.789978506499669e-09,54.072060828794285,1.0707893166550826e-10
36103170005,3.5322893865000243e-09,33.00799557780793,1.0701314407818411e-10
36103190713,2.7488103750000284e-09,25.700262442546702,1.0695650992455943e-10
36103170204,4.563525420999892e-09,42.617885804587516,1.0708005183374583e-10
36103170006,2.9453148800000842e-09,27.506954497074943,1.0707528091898671e-10
36103170205,1.6733535140000715e-09,15.610912882044081,1.0719126592044397e-10
36103170203,2.364616119999759e-09,22.068730688184292,1.0714780806427559e-10
36103158901,1.5248709649997008e-10,1.4296815480913785,1.066580852942671e-10
36103169706,6.101432825000057e-09,57.07864310886549,1.0689519744474056e-10
36103158411,5.567899709999556e-10,5.207565536626524,1.0691943617106078e-10
36103158209,3.1625801799999786e-10,2.958048264168152,1.0691442118471803e-10
36103158118,2.915440880000064e-10,2.7284803193335785,1.0685218652088903e-10
36103158327,4.979490355000484e-10,4.658963602399434,1.0687978657819894e-10
36103158902,2.453895294999516e-10,2.3007649579733345,1.0665562714242087e-10
36103158412,1.4289238385000434e-09,13.366734827362004,1.0690148768231749e-10
36103158014,9.544938949995968e-11,0.893064973918558,1.0687843806162313e-10
36103158513,3.092690560000078e-10,2.8959369674197104,1.0679412552116684e-10
36103158013,2.6539374349996714e-10,2.483821079669565,1.0684897783993112e-10
36103158119,4.072575709999665e-10,3.812522257065862,1.068210343546674e-10
36103159110,4.659305660000153e-10,4.367984998199604,1.0666945197661224e-10
36103159112,2.6295370100000346e-10,2.4645466022925144,1.0669455418510027e-10
36103201009,1.2920023994999296e-09,12.069625514480267,1.070457735370396e-10
36103190711,5.4310714139998064e-09,50.75260204840007,1.0701069885678927e-10
36103158117,1.3030734499996919e-10,1.2195919896443794,1.0684503186837549e-10
36103158328,1.009215870000032e-09,9.440260757437192,1.0690550779595312e-10
36103159513,3.6632863700006325e-10,3.4334548581111357,1.0669388477167674e-10
36103159517,2.818758004999877e-10,2.6419335623899927,1.0669299353803288e-10
36103190712,3.52673341499986e-09,32.996639127222785,1.0688159486189141e-10
36103200906,2.019149550499997e-09,18.86120993524889,1.0705302350335949e-10
36103158514,5.946774314999935e-10,5.569270708164305,1.0677833107092866e-10
36103190710,3.4562042304999833e-09,32.33609717467395,1.0688377795966443e-10
36103159414,1.7048191140000782e-09,15.966606310789416,1.0677404332616685e-10
36103159413,1.047889204999974e-09,9.813183894639925,1.0678381412706872e-10
36103190714,3.772921090999946e-09,35.2828298624944,1.0693363048553416e-10
36103200903,2.519156434000077e-09,23.550859417230054,1.0696664564848262e-10
36103158713,5.229913245000325e-10,4.896761710070985,1.0680350718811086e-10
36103159416,3.2795040200002177e-10,3.0730085169012233,1.0671965280809639e-10
36103200905,3.5434772479999863e-09,33.106004379428924,1.0703427714767646e-10
36103158324,2.731845859999958e-10,2.5568104314210163,1.0684585084712991e-10
36103158714,1.1172863449996312e-10,1.0461659219313408,1.0679819726272425e-10
36103159516,4.3084398349993805e-10,4.039849051056558,1.0664853514446478e-10
36103159415,4.2987682200002084e-10,4.027816746799834,1.0672700597453074e-10
36103200904,7.927031729999712e-10,7.410301163549298,1.0697313854114556e-10
36103158715,5.908816305000456e-10,5.532824815856696,1.0679565143769228e-10
36103201005,7.511140884999922e-10,7.020285744222407,1.0699195386999e-10
36103159111,3.4402990849995347e-10,3.2246478419464935,1.0668759050981727e-10
36103169906,3.933864780500208e-09,36.77563395036848,1.0696932609806966e-10
36103169705,1.612165456999895e-09,15.075270820927175,1.0694106103632452e-10
36103169903,2.397306294500097e-09,22.411927831079968,1.0696564403422754e-10
36103170003,3.455919019000083e-09,32.303804889396794,1.0698179458526982e-10
36103158016,3.4488012799998917e-10,3.225377974407481,1.069270425781169e-10
36103170004,4.35322041750003e-09,40.68356786867418,1.0700193334940894e-10
36103158012,4.744508859999814e-10,4.440300505179101,1.0685107583295069e-10
36103190802,3.1417092399994344e-10,2.940236081364061,1.0685227828854833e-10
36103190709,2.6555101715002275e-09,24.85808592579473,1.0682681600777068e-10
36103190801,2.6541475105001893e-09,24.841560055779684,1.0684302855941893e-10
36103190404,3.9330429209999345e-09,36.81168779005408,1.0684223291882256e-10
36103159603,2.0570141649997822e-10,1.927823447960417,1.0670137699466439e-10
36103169904,5.334042869999612e-10,4.989380872392738,1.0690791115013806e-10
36103190605,1.8320782500000879e-09,17.163691724694914,1.0674150289964225e-10
36103190405,3.847612701000004e-09,36.00583647260165,1.0686080585651201e-10
36103122408,4.687378980000224e-10,4.397412419463053,1.0659402696125959e-10
36103123204,3.1842327649999886e-10,2.988099717470355,1.065638052968217e-10
36103123203,1.3369110150000195e-10,1.2547718484342079,1.065461435613423e-10
36103123403,6.296577750000779e-11,0.5908528729041633,1.065676082617963e-10
36103124301,1.0684832099998186e-10,1.0026826165391118,1.0656245479629696e-10
36103124302,2.5019889150000027e-10,2.348136773938989,1.0655209452739532e-10
36103145601,1.8474437000004483e-10,1.7312701555953076,1.0671030711351884e-10
36103201200,5.726522005001183e-10,5.367505858422575,1.0668869594273936e-10
36103145905,1.8324809099998328e-10,1.7183549123032071,1.0664158474361133e-10
36103145904,2.951709000000455e-10,2.7676289105749263,1.0665118393301106e-10
36103110602,2.4099195750001406e-10,2.2552352825010438,1.068588982133852e-10
36103135500,7.62491217499996e-10,7.141702752772046,1.0676602539975997e-10
36103123404,2.2432285249996376e-10,2.1051290813307113,1.0656014136585057e-10
36103134909,6.768880429999943e-10,6.338617551957671,1.0678796085290532e-10
36103158208,4.4384999650000524e-10,4.151867603017588,1.0690369706813721e-10
36103123303,1.6166786350000344e-10,1.517445820784829,1.0653946340989505e-10
36103111102,8.77210154999857e-11,0.8215179174621375,1.0677918720382459e-10
36103111101,1.1024629049995198e-10,1.0326686833552303,1.0675862672793775e-10
36103111508,2.8879844499998834e-10,2.7042373121534893,1.0679478598348565e-10
36103111507,7.420363699996691e-11,0.694979089833512,1.0677103539581746e-10
36103123703,1.1017944500000194e-10,1.0344740529675016,1.065076931450723e-10
36103123704,1.3605016000000308e-10,1.277330493617951,1.0651132238662081e-10
36103134908,4.937458575000122e-10,4.622475795400702,1.0681415746758096e-10
36103112219,4.927208244999881e-10,4.617738877182211,1.0670175113943453e-10
36103112218,8.727092849999805e-10,8.179396374926378,1.0669605005025026e-10
36029010803,6.486456469999957e-10,5.885147648402171,1.102173956801414e-10
36029012800,3.2021084750000747e-10,2.9101150907072286,1.1003374008214516e-10
36029012902,7.658416629999896e-10,6.964320554557341,1.0996645789068898e-10
36029013001,9.47577539999978e-10,8.61333734573234,1.1001282104310884e-10
36055012500,5.574106560000209e-10,5.037422539909489,1.1065394089613859e-10
36055012600,6.097966579999142e-10,5.512473827037416,1.1062123415607015e-10
36055012700,2.2794282750004407e-10,2.060557451120657,1.1062192290541321e-10
36055012800,2.633202634999782e-10,2.3803415418893894,1.1062289123894736e-10
36055012900,4.866332970000011e-10,4.399686914991911,1.1060634686113701e-10
36055013101,1.274293685999979e-09,11.527915458937407,1.1053981880236982e-10
36035970300,6.498915133499886e-09,58.81170099374334,1.1050377771238535e-10
36035970400,3.25913989294996e-08,294.45180432015155,1.1068500328856406e-10
36035971400,7.465806887000179e-09,67.62596527469687,1.103985260199104e-10
36055013103,6.821766979999094e-10,6.171512232475868,1.1053639242747412e-10
36055013104,1.2493962574999795e-09,11.303067640778174,1.1053603297856256e-10
36055013206,1.6161899225000604e-09,14.633042126896228,1.1044797851906859e-10
36029010804,7.17793617499971e-10,6.513878382913482,1.1019450706706644e-10
36029010805,3.058411570000161e-10,2.7760850097936483,1.1016995370136373e-10
36029010807,2.3877510799999087e-10,2.1676023227101915,1.1015632595440576e-10
36027060202,3.997328123000064e-09,37.07362493765495,1.0782134549082243e-10
36027140101,8.902796909999915e-10,8.2274075481192,1.0820901794314432e-10
36027150004,3.918438777999989e-09,36.045190707308635,1.0870905940873478e-10
36027140602,7.379957794999862e-10,6.829705929821973,1.0805674315749393e-10
36055013402,2.2921051590000758e-09,20.663801436160526,1.1092369262651822e-10
36055013503,1.8787070879999878e-09,16.93795292860198,1.1091700962443588e-10
36055013505,2.7279760000001147e-10,2.462548755158482,1.1077855795892865e-10
36055013601,2.6805765149994773e-10,2.4187789923809717,1.1082354044925783e-10
36055013603,8.620011994999205e-10,7.7755959453179235,1.1085982419379374e-10
36027150003,3.3650319494999843e-09,30.952674465342955,1.0871538591173238e-10
36027150006,3.0044963249993936e-10,2.7650657380950125,1.0865912819379608e-10
36005006100,2.5915683500009062e-11,0.2427860905229913,1.0674286753488831e-10
36005006400,1.7848777999992136e-11,0.16718616341924328,1.067598994734616e-10
36005006700,2.2674415499999803e-11,0.21242935410079677,1.0673861715571048e-10
36005006800,1.6479834999980402e-11,0.15437283220090495,1.0675346668857576e-10
36005007000,2.1873128499996834e-11,0.2048912210146664,1.0675483503722752e-10
36005007100,2.8206387000001144e-11,0.26426172431310424,1.067365585134133e-10
36005007300,1.495937449999894e-11,0.14015975571293654,1.0673088308342572e-10
36005007500,2.429583149999434e-11,0.227622618572494,1.0673733415581687e-10
36005007700,1.2041894999996707e-11,0.11281636098886903,1.0673890643560834e-10
36005007800,3.3294476499994906e-11,0.31188061686490304,1.0675391383625817e-10
36005007900,2.1125864000002688e-11,0.1979326082168218,1.0673261061088394e-10
36005008400,1.6734581500021754e-11,0.15679001150461921,1.067324464066943e-10
36023970100,4.2118699698000413e-08,383.53069252622845,1.0981832880329401e-10
36089492301,2.532999124350017e-08,223.5636348304373,1.1330103512904413e-10
36089493000,1.5886574119650045e-07,1406.9360495001374,1.1291610677894207e-10
36089492501,1.258616773609998e-07,1117.5278085510965,1.1262509657292795e-10
36089492302,1.780356151349999e-08,157.26360646070552,1.1320840157604078e-10
36089492401,2.1364580726500263e-08,188.08740719259774,1.1358857589345872e-10
36095740300,6.248427650000227e-11,0.5689798382571226,1.0981808545519245e-10
36095740700,2.214922057149981e-08,201.8299420218073,1.0974199541268575e-10
36095740800,4.1729705214499916e-08,381.3609346629711,1.0942312497576258e-10
36095740200,8.69487623799995e-09,79.16142104546336,1.0983729350950355e-10
36095740400,3.1283816612499985e-08,284.5422972757864,1.0994434539965365e-10
36095740500,1.923597553650024e-08,175.36281288093215,1.0969244402780584e-10
36005019700,1.5810517000007325e-11,0.1480893640706322,1.0676335265013627e-10
36047114400,4.5788780000008464e-11,0.4299135553421219,1.0650694641058737e-10
36005019900,1.8906887000001756e-11,0.17708738896417223,1.0676585786595419e-10
36005020100,3.008987949999855e-11,0.281807913669912,1.0677443052661576e-10
36047015200,2.8533851499975037e-11,0.2681358055374007,1.0641567038310002e-10
36005021200,1.078529500001875e-11,0.10101907960458138,1.067649303699419e-10
36005021301,6.626246999986829e-12,0.06205522177164351,1.0677984560865321e-10
36005021302,1.8073680000011755e-11,0.1692672588596587,1.0677599508477204e-10
36005021501,9.819335000011807e-12,0.09195345098313788,1.0678593239325454e-10
36005021502,1.662899399998639e-11,0.15572586033050645,1.0678376709361994e-10
36005021602,1.766906350000331e-11,0.16549242482962076,1.0676659985007846e-10
36005021800,3.201817800000118e-11,0.29988842710939106,1.0676696766401669e-10
36005021900,1.5261428000009068e-11,0.14293699729721446,1.0677031341490536e-10
36005022000,2.4409953500011463e-11,0.2286083027459267,1.0677632092453123e-10
36047056100,3.883462649999739e-11,0.3643319253238505,1.0659133553963939e-10
36005022300,9.904668000002594e-12,0.09276478148933677,1.0677185717449382e-10
36005022401,9.08318650001298e-12,0.0850526459728158,1.0679487270644247e-10
36005022500,1.9221182499987948e-11,0.18002212216449492,1.0677122494103599e-10
36005022702,5.058373499995268e-12,0.04737276491511764,1.0677809304689825e-10
36047092400,2.6804164500003364e-11,0.2516876327357864,1.0649774169929721e-10
36035970800,6.053421529999932e-10,5.480292070174144,1.1045800939962631e-10
36029010901,3.3954194550004317e-10,3.0811212177423397,1.1020077481691521e-10
36055013604,5.440874580000301e-10,4.909208533971689,1.1082997477800111e-10
36055013701,1.592874179999893e-10,1.437216733045145,1.1083047833884762e-10
36055013702,2.9823178049998175e-10,2.6907466025205693,1.1083607063578999e-10
36055013800,2.5265041749999514e-10,2.28023964333497,1.1079994080380106e-10
36055013901,2.501738194999977e-10,2.2581147562688355,1.1078879795877553e-10
36055014001,5.53302995500012e-10,4.993539152876188,1.108037763519526e-10
36055014004,3.4015982249996503e-10,3.0707458372058105,1.1077433318593685e-10
36055014103,4.804397580000347e-10,4.337767090465285,1.107573892236111e-10
36055014104,1.821559009999925e-09,16.449987160180843,1.1073315694794133e-10
36043010701,5.245514905000431e-10,4.747939756305914,1.1047981175484945e-10
36043011001,4.3959151650000736e-10,3.975450200858727,1.1057653706869534e-10
36005036901,1.0542587500002793e-11,0.0987337781113149,1.0677792040042081e-10
36047000501,8.920422999969677e-12,0.0837259336238833,1.0654312963582262e-10
36005036400,2.1758334500039213e-11,0.20368347702522308,1.0682424916256107e-10
36005007200,2.274454300001119e-11,0.21304976823446967,1.067569478647821e-10
36005012101,1.2342180999996011e-11,0.11561501204208445,1.0675240854970802e-10
36005000200,1.3929258450004788e-10,1.3052427181996789,1.0671776410457522e-10
36047035601,7.2209995000051785e-12,0.0678903524004931,1.0636267517669759e-10
36005005400,2.0979004000006344e-11,0.19651562574551606,1.0675488995044979e-10
36047050801,8.33035400000896e-12,0.07823909445813987,1.0647303701177082e-10
36005002701,8.706334500005017e-12,0.08158467132557,1.0671532235831053e-10
36005006200,2.0712178999986064e-11,0.19400617506820353,1.0676041106786744e-10
36005028700,1.65920530000071e-11,0.15529991992271122,1.0683877369843164e-10
36047051001,8.191560000003522e-12,0.07694129052565885,1.0646507153752187e-10
36005023100,1.2508536999997599e-11,0.117142056856017,1.067809233994605e-10
36005024100,1.4380703999996808e-11,0.13466121663008118,1.0679172786252985e-10
36047051602,9.701817500016763e-12,0.0911328892501554,1.0645791634440273e-10
36047079601,1.1755431999997904e-11,0.1103989444817441,1.0648138037172826e-10
36047079602,1.4373667499997436e-11,0.13499523740971678,1.0647536739664891e-10
36005038200,1.6790262000022483e-11,0.15716773697471945,1.068302077971843e-10
36005039600,2.38497499999986e-11,0.22322543582096557,1.0684154300017545e-10
36043011100,2.715183335000134e-10,2.458741127338091,1.1042981730816352e-10
36043011200,2.874971822999941e-09,26.025470659383167,1.1046762076379223e-10
36043011301,6.0769377345000684e-09,54.98544358003406,1.1051902719771246e-10
36029016900,9.922576599998395e-11,0.9000165487785488,1.1024882390734649e-10
36005041500,1.4512163500005422e-11,0.13585785956776697,1.0681872617584293e-10
36005042901,1.0923692499976896e-11,0.10225612901811824,1.068267751270086e-10
36005044901,1.689863550001515e-11,0.1581345849024864,1.0686236353948557e-10
36005000100,2.8937575250003623e-10,2.7122148957663454,1.0669351936372731e-10
36005000400,1.5597111149998514e-10,1.461482054683914,1.0672119510473101e-10
36005001600,5.1775805000006885e-11,0.48507627334738324,1.0673745108726043e-10
36029017000,1.5634440750001134e-10,1.41795496067851,1.1026048910975175e-10
36005008500,1.9388712999996618e-11,0.18165543451932117,1.0673345970243683e-10
36005013000,1.2396846500022285e-11,0.1161425702687368,1.0673817938881331e-10
36005013200,1.632226000000635e-10,1.5293548412608051,1.0672644150098106e-10
36005013500,1.7870174500015008e-11,0.16740113535549167,1.0675061708551769e-10
36005013800,4.5101190849984303e-10,4.22535316750186,1.0673945836496626e-10
36005014300,1.3846839999978555e-11,0.12971088143625606,1.0675156815415923e-10
36005014400,4.2829990500021326e-11,0.40125095359431195,1.0674115566918985e-10
36005014900,1.6653400500011542e-11,0.15599025580487683,1.067592357874119e-10
36005015100,2.2304900499981804e-11,0.2089319328938157,1.0675678050285256e-10
36005015500,1.2275755499994776e-11,0.11498031008467674,1.0676397977144391e-10
36005016000,3.3193059900012113e-10,3.109149308275799,1.0675929847325204e-10
36005016100,2.5530461499984622e-11,0.23912545504847985,1.0676597142202458e-10
36005016200,1.9284439000000495e-11,0.18064502042830435,1.0675322770745422e-10
36005016300,6.25687685000138e-11,0.5860215842248453,1.0676870986377757e-10
36005016500,2.1018176499997053e-11,0.19684377730764754,1.0677592549520984e-10
36099950500,2.579356452000086e-09,23.393112906788527,1.1026136035326764e-10
36099950400,2.736151638000123e-09,24.820584826833198,1.1023719453387362e-10
36099950300,3.2922723900000947e-09,29.869463194300504,1.1022201398745942e-10
36099950600,3.6495626149999604e-09,33.108606087939734,1.1023002917447992e-10
36099950100,1.7141182949499932e-08,155.3163215927377,1.1036304989533966e-10
36099950700,1.940285571000011e-08,176.19460952309217,1.1012173279601474e-10
36099950900,2.2314233587499804e-08,203.36193155922268,1.097266996650329e-10
36099950200,1.811722760500008e-09,16.429043291827117,1.102756093777705e-10
36005008900,1.1772236999993971e-11,0.11029185485750821,1.0673713861466141e-10
36047093200,2.985255100000891e-11,0.28043307560859126,1.0645160502277911e-10
36005009200,3.3145741999976336e-11,0.3104730710665536,1.0675883060038773e-10
36047110400,7.906568200002751e-11,0.742521166621332,1.0648273147524845e-10
36005009800,5.523700000002624e-11,0.5174524312643574,1.0674797655324307e-10
36047016600,2.840732450001857e-11,0.26693099939855985,1.0642197633105567e-10
36099951000,1.0674170862500071e-08,97.3332463398386,1.0966623701454744e-10
36005008600,2.003045850000925e-11,0.18765826840699926,1.0673901379376768e-10
36005008700,2.279648250000931e-11,0.213572488090333,1.0673885341621e-10
36005011000,2.691268574999333e-10,2.5215440888557814,1.0673097436184701e-10
36005011502,3.6966262500031356e-11,0.3463246184228375,1.0673876627187444e-10
36047111600,5.3214346000033777e-11,0.4996986116499421,1.0649288342892665e-10
36047004400,1.3164667350000069e-10,1.2367880874275154,1.0644238478543408e-10
36047030500,3.435247000000841e-11,0.32251586172906543,1.0651404807143019e-10
36029011000,1.270570340000074e-10,1.1532323635521557,1.1017470374196722e-10
36029011300,5.912762615000432e-10,5.3680807577544085,1.101466777760228e-10
36029011500,1.6633742799997747e-10,1.510448553780394,1.101245239923355e-10
36027190101,8.356459199999975e-10,7.7368266425599,1.0800887219097694e-10
36027040003,7.560631542499953e-09,69.95129707831065,1.0808422228448185e-10
36027410000,3.648295230000181e-10,3.373780457674589,1.0813671119889064e-10
36065022400,2.1886644499995678e-10,1.9756195345158571,1.1078370160659092e-10
36065022800,9.726234388999705e-09,87.8156451946849,1.1075742104310578e-10
36065023400,6.973693824999958e-10,6.307085667877418,1.1056919458883582e-10
36065024000,1.2550944344999748e-08,113.22820777365388,1.1084644534946108e-10
36065024800,6.616311124999419e-10,5.986679899746272,1.1051720211865398e-10
36065025002,2.466650921000171e-09,22.334910811334687,1.1043925547033645e-10
36065020300,9.346473599998533e-11,0.8452945186798051,1.1057061643551184e-10
36065021000,5.7116618500006716e-11,0.5165822869340643,1.1056635108221779e-10
36029011600,3.0212170700000447e-10,2.743593924620543,1.101189590372015e-10
36029011700,3.6744366149999525e-10,3.3372681642821505,1.1010312729214936e-10
36029011800,3.919261149999547e-10,3.559654448241394,1.101022924271712e-10
36043010900,2.3916550374999972e-08,216.75886140075676,1.1033712864352809e-10
36043011302,1.152234964400011e-08,104.20036911991787,1.1057877953138284e-10
36043011002,2.2470422310500303e-08,203.12441896649688,1.106239339653523e-10
36043010300,5.94583080499976e-10,5.385316504747434,1.1040819605975256e-10
36043010202,9.895686183999791e-09,89.58469424492496,1.1046179559361938e-10
36043010501,2.6141313500001756e-10,2.3676446941190457,1.104106269193758e-10
36055014202,1.6252351690000136e-09,14.687476686698382,1.1065448501932924e-10
36055014204,4.0981021200005485e-10,3.7030832917392336,1.1066729525480875e-10
36055014301,3.1317222750005605e-10,2.8290892092380506,1.1069719062849974e-10
36055014302,5.70759792000108e-10,5.157256227624738,1.1067121097122241e-10
36055014400,9.857987094999895e-10,8.91020247939417,1.1063707157943471e-10
36005002300,1.1167961500025574e-11,0.10464543775812338,1.0672191487066174e-10
36005002400,1.021264365000294e-10,0.9568444222071374,1.0673254097511068e-10
36005002500,1.36057634999993e-11,0.12749196546199654,1.0671859556557684e-10
36005002702,1.6590601000003586e-11,0.15546205629111023,1.0671800821247907e-10
36005002800,4.688835899999368e-11,0.4392685745295553,1.0674189258862836e-10
36005003500,1.5155284999997785e-11,0.14200311284352657,1.0672501958951714e-10
36005003700,1.7713553000008917e-11,0.16597261739500066,1.0672575559769702e-10
36005003900,2.3074532499965355e-11,0.2162096998005437,1.0672292927307109e-10
36005004300,2.405605649999808e-11,0.22539307707253195,1.067293495099532e-10
36005004400,2.8350412999992268e-11,0.265578388183386,1.067496990019228e-10
36005004800,1.61012969999973e-11,0.15083114053632884,1.0675048231249817e-10
36065021103,1.1149119749997331e-10,1.0085075256938818,1.1055068470933244e-10
36065021201,6.635268150001087e-11,0.6001950110754618,1.1055187110122184e-10
36065021202,5.423786650000778e-11,0.49065553868791756,1.1054163710257407e-10
36065021301,4.120818014999831e-10,3.728163576851062,1.1053211400344239e-10
36065021303,2.5156992049998203e-10,2.275943173391176,1.1053435931141487e-10
36029002900,8.569140199998219e-11,0.7774065748218241,1.1022726688364069e-10
36029003000,1.5687632249997923e-10,1.423277549896772,1.1022187661946696e-10
36029003100,1.6517833649997863e-10,1.4986741104977934,1.1021631410254607e-10
36029003301,7.678258599998166e-11,0.6964530811566688,1.102480383494911e-10
36029003302,1.0922098400000048e-10,0.9908265968023656,1.1023218830871387e-10
36029003400,1.6511637300001322e-10,1.4976992882563553,1.1024667921972791e-10
36029003600,1.3877368699998456e-10,1.2587815259395978,1.1024445794626602e-10
36029003901,5.7256733500035365e-11,0.5192220491079714,1.1027407945868823e-10
36043010201,5.507144845000699e-10,4.985940053219578,1.104534909408821e-10
36055014501,7.183119925000019e-10,6.494729046551003,1.1059922397862899e-10
36055014503,3.7968706449999456e-10,3.432824536353774,1.1060485628644593e-10
36055014504,7.80707946499959e-10,7.05906088296318,1.1059657360147905e-10
36087012401,1.0376649950000456e-10,0.9679925850485173,1.0719761814580803e-10
36065021402,8.478074349997761e-11,0.7666582367610524,1.105847944165525e-10
36065021500,6.235371850000077e-11,0.5640252471691197,1.1055128970371138e-10
36065021601,4.668332539999347e-10,4.221080645243538,1.1059567282278266e-10
36065021602,2.633006669999931e-10,2.380401797362341,1.1061185859116283e-10
36065026300,1.7851661199999008e-10,1.6114982980696992,1.1077679214047114e-10
36071012800,1.0714235059999067e-09,9.940642809953022,1.0778211494805435e-10
36071012900,5.766246639999881e-10,5.3517548953364225,1.0774496875827872e-10
36001014503,6.094843670000145e-10,5.5518269052623435,1.097808662626549e-10
36001014606,1.952269887000031e-09,17.757981625192517,1.099376003537714e-10
36005016700,2.1977683999997488e-11,0.20583788435947123,1.067718125280383e-10
36005016900,9.920130000003603e-12,0.0929134023313987,1.067674818819033e-10
36005017300,1.7642841000001223e-11,0.16527366732541968,1.067492558585447e-10
36043010400,7.562658224999813e-10,6.850545220532731,1.1039498290344405e-10
36005016600,3.0498243999996606e-11,0.2856858812529546,1.0675446706094857e-10
36005017500,1.6183471500011202e-11,0.15159237615872095,1.0675649996452796e-10
36005018400,4.776915550000432e-11,0.4474154410750812,1.0676689071173145e-10
36005018900,3.7960088999990336e-11,0.355571729069446,1.0675789410855109e-10
36005019300,2.576092999997709e-11,0.24128661430276444,1.0676485338574352e-10
36005019400,8.969387750000209e-11,0.8401396367742596,1.0676067831341027e-10
36067002101,1.7305213699999703e-10,1.5662874036412404,1.1048555750221354e-10
36055013205,1.4203210590000055e-09,12.85425511384369,1.1049423295406341e-10
36067000501,7.892157100001694e-11,0.7141883331807333,1.1050526497475696e-10
36071014101,6.737066390000112e-10,6.264009198205284,1.0755198750235496e-10
36071015003,1.7124583099997654e-10,1.5919738075482233,1.0756824653020508e-10
36071000501,5.630656850000687e-11,0.5221684609577967,1.0783218962846887e-10
36003951302,2.5463555959999957e-08,232.80967994938086,1.0937498803974312e-10
36003951202,1.5313699260999962e-08,140.77056423301067,1.0878481125963195e-10
36003950402,1.190638036999997e-08,108.99816178493181,1.0923468960415018e-10
36003950401,1.9800121513000105e-08,181.3716632697685,1.0916877066705734e-10
36003951201,1.2610480354500025e-08,115.9173275813502,1.0878857042015615e-10
36003951301,2.0250506958000042e-08,185.35519739385524,1.0925243663370495e-10
36029009113,6.267397684999596e-10,5.676157118577326,1.1041621213209932e-10
36029009114,2.6026862849996826e-10,2.3577899286910204,1.1038669108424862e-10
36077590101,2.4486406064999984e-08,222.45268889891273,1.10074668848472e-10
36077590102,1.812774592650004e-08,164.99593210652546,1.098678354978856e-10
36077590701,1.49132260949999e-08,136.08047398653662,1.0959122685357024e-10
36077590702,1.3313192993499848e-08,121.40166318993364,1.0966236082508422e-10
36077591401,1.295104078750008e-08,118.38470187427647,1.0939792542835453e-10
36077591402,1.1968080379500113e-08,109.21407678790432,1.0958367942570569e-10
36077590402,3.6331124579500075e-08,330.9231834257154,1.0978718445592244e-10
36077590301,9.258213377000208e-09,84.06083567432546,1.101370608884861e-10
36077590401,1.2632383577999866e-08,114.94984877738763,1.0989473855214716e-10
36077591601,5.843248833499866e-09,53.45221167533462,1.0931725087432102e-10
36077590302,1.7729544168500136e-08,161.0934181698982,1.1005753288940433e-10
36077591602,7.368683255999988e-09,67.43008070964792,1.0927887344120698e-10
36101960600,1.2390956955499997e-08,113.4348676250257,1.0923411130041585e-10
36101962800,6.178328706999946e-09,56.71539410013821,1.0893565680053857e-10
36101960400,1.11632464545002e-08,101.8844850439837,1.0956767803931098e-10
36101960500,2.284846036199985e-08,208.81969652484085,1.0941717061293514e-10
36101961300,1.4387182732000012e-08,131.75158587907072,1.0919931351115125e-10
36101962600,2.0495545500003464e-10,1.8819378264631574,1.089066026082382e-10
36101961700,1.1517663492500097e-08,105.61614991414021,1.0905210521178142e-10
36101960200,2.7748713650000008e-08,253.41158821204797,1.0950057116875269e-10
36101960300,1.5913098480500082e-08,145.26500036553887,1.0954530300111532e-10
36003950700,1.01128241585e-08,92.8121159492214,1.0896017244163301e-10
36003950300,2.5617060022999955e-08,234.03113168402786,1.0946005276591271e-10
36003950800,2.207049664849985e-08,202.27537923786596,1.091111371619085e-10
36003950100,3.6115074273000016e-08,330.2629075445323,1.0935249901816569e-10
36003950600,1.7012867102999917e-08,156.0488658673328,1.0902268983783356e-10
36003950500,1.4527557729000045e-08,133.31945102660362,1.0896802842445774e-10
36003951100,1.6782841096499927e-08,154.2454696291346,1.0880605528870527e-10
36063023500,5.40609348499977e-10,4.882659057870343,1.107202739516638e-10
36091061303,1.2596629850000075e-10,1.1392371366028504,1.105707446262032e-10
36091061401,6.742664198500273e-09,61.03705108047816,1.1046838074811284e-10
36091061500,1.2873532127999668e-08,116.56143096287433,1.1044418399513286e-10
36091061600,9.417371385500105e-09,85.3708174872297,1.1031136473431116e-10
36091061701,5.750266744500081e-09,52.11836251667171,1.1033091729734748e-10
36091061800,4.916767484999911e-10,4.45335039457166,1.1040603252313416e-10
36091062100,4.1752162650001555e-10,3.7853884675294465,1.1029822436493901e-10
36029010808,3.557598820000056e-10,3.229204509832214,1.1016951107209078e-10
36029010809,1.7200949549997684e-10,1.56126886343829,1.1017288535503777e-10
36063023401,6.367732905000091e-09,57.5115813654876,1.1072088010470417e-10
36063023600,8.57694856500036e-10,7.748577183358713,1.1069062567281002e-10
36063021300,5.4427342500010734e-11,0.4923091595957505,1.1055520995120754e-10
36063022702,7.834383105499921e-09,70.85295246325154,1.1057242970309936e-10
36063023402,3.491171435000126e-09,31.550741289235265,1.1065259617818463e-10
36063024202,7.090299161499912e-09,63.904874061656336,1.1095083537226112e-10
36063024404,1.1913996799999728e-09,10.76287114333556,1.1069533994539135e-10
36063024001,1.9932626836999743e-08,180.12227131391302,1.1066164495706149e-10
36063024002,2.5012314999996715e-10,2.2580566422359007,1.1076920982473593e-10
36063990000,1.7244391379650035e-07,1550.6298950039225,1.1120894441162837e-10
36063024406,2.635709037499953e-09,23.821545472794615,1.1064391437197319e-10
36047079202,1.1491732499993459e-11,0.10794092769333186,1.0646316226447783e-10
36047079001,6.43728750000149e-12,0.06046795999820934,1.0645782494054901e-10
36047079002,1.3043171500006304e-11,0.12252111657633602,1.0645651839027957e-10
36047003101,1.5967810000032376e-11,0.14988091892306118,1.0653664332168379e-10
36047078801,9.91640100000528e-12,0.09315429439636475,1.0645135647543757e-10
36047078601,9.275929000005929e-12,0.08714186110698534,1.0644630355803091e-10
36047078602,8.934040000007355e-12,0.08392948415680447,1.0644697855304332e-10
36047014102,9.5451780000015e-12,0.08963079433795498,1.0649440374265997e-10
36047014101,8.078055500015556e-12,0.07585275580480495,1.0649653284586195e-10
36047014901,7.984055999994555e-12,0.07497264541841946,1.0649292092383622e-10
36047014902,1.862065450001327e-11,0.17485905328709772,1.0648950769189156e-10
36047059403,2.1991855500001297e-11,0.20671906639735357,1.0638523036732734e-10
36047059404,2.2754158999997518e-11,0.21389852504446843,1.0637828846770701e-10
36047102801,1.6380793999996687e-11,0.15389464743922948,1.0644160971527745e-10
36047078802,6.808334999994069e-12,0.06395714113703987,1.0645152173712652e-10
36047005301,2.9066905550000077e-10,2.72891147715073,1.0651465169675997e-10
36047005302,4.2648541099994826e-10,4.004606887308373,1.0649869587738811e-10
36047009402,8.042421500005153e-12,0.07554428641011424,1.0645969248216229e-10
36047009202,6.0284005000105586e-12,0.056624585514387524,1.0646259827330349e-10
36047009201,6.025124999995536e-12,0.05659267369986819,1.0646475252166023e-10
36047009002,7.872664499991064e-12,0.07394549390459518,1.064657774839994e-10
36047044902,2.05954564500021e-10,1.932444546292105,1.0657721842274758e-10
36047079201,1.1577824499997832e-11,0.10875018698677794,1.0646257096923876e-10
36047001501,1.7605320500006945e-11,0.16524101553999057,1.0654328432002536e-10
36047044901,4.1144396500014645e-11,0.38603894752701606,1.0658094672464427e-10
36047049301,7.227426000000021e-12,0.0678214445008274,1.065654978774722e-10
36047049302,1.7069784999997768e-11,0.16018855188091208,1.065605800137818e-10
36047035301,7.446454499998411e-12,0.06991772284773669,1.0650310388704916e-10
36047035302,9.924045499999429e-12,0.09318510452804592,1.0649819571767062e-10
36047035101,7.443404999999876e-12,0.06988924477930741,1.065028678375946e-10
36047035102,9.916813499979306e-12,0.09311740358701495,1.0649795975799939e-10
36047034901,7.45048700000779e-12,0.06995589825121516,1.0650262788782605e-10
36047034902,9.931575000017246e-12,0.09325628916734,1.064976430940323e-10
36047056302,2.7560531500015616e-11,0.2585268197006385,1.0660608261815687e-10
36047056301,1.913671699998418e-11,0.17951312400883368,1.0660344253739621e-10
36047120802,1.249265049997944e-11,0.11729630970082083,1.0650505997881379e-10
36047103402,7.582295800001889e-11,0.7123100485160022,1.0644656516917788e-10
36047103401,1.874358999999364e-11,0.17608675344098318,1.0644520177536067e-10
36047031402,6.054222650000387e-11,0.5691709039947678,1.0636915217394953e-10
36047031401,7.201801300003466e-11,0.6770366798508695,1.0637239479535737e-10
36047003102,1.4520624999979126e-11,0.1362973464804922,1.0653637341397118e-10
36047050001,1.4911327499986682e-11,0.1400525516619625,1.0646951678522338e-10
36047001802,1.1232216150002235e-10,1.0547959756845042,1.0648709711575405e-10
36047001801,7.640474550001117e-11,0.7174525227953927,1.0649449694917405e-10
36047001804,1.8484291250001714e-10,1.736170650418389,1.0646586639134407e-10
36047058902,2.779510399999324e-11,0.2607514264027023,1.065961723908912e-10
36047010601,8.030390000002059e-12,0.07543482864933648,1.0645467277896035e-10
36047053102,8.837613500006507e-12,0.08294338438488258,1.0654995049390903e-10
36047050402,8.9793239999822e-12,0.08433991552572527,1.0646588799633474e-10
36047009001,7.936976499995751e-12,0.07454812821324769,1.064678173715071e-10
36047005303,3.880415849995548e-11,0.36428304395117944,1.065220002530668e-10
36047102802,1.1517948100001488e-10,1.0821534758269864,1.0643543967919542e-10
36047107003,2.929358400003867e-11,0.27513165391302014,1.0647115147753779e-10
36047011902,2.6372376500006414e-11,0.2476108202640357,1.0650736697162373e-10
36047001502,1.5143921999983726e-11,0.14214622649621664,1.0653762940648162e-10
36047011901,5.009112149998708e-11,0.47028271373948,1.0651278483464691e-10
36047001803,3.4627017399999493e-10,3.2518514206928066,1.0648400840104254e-10
36047035702,1.1741935000007627e-11,0.11025550705245929,1.0649749217896975e-10
36047107001,1.2853945449996198e-10,1.2071929108298782,1.0647797327735981e-10
36047050401,1.5435268999999218e-11,0.14497160345831936,1.064709821219367e-10
36047057902,5.84141899999982e-11,0.5479590534002187,1.0660320262531297e-10
36047010401,8.105458500007183e-12,0.07614252497928413,1.0645113886376123e-10
36047009401,8.036098000008206e-12,0.0754834318664119,1.0646174665495109e-10
36047120803,1.653392600002038e-11,0.15524061463302466,1.0650515677939788e-10
36047057901,2.6961666499996616e-11,0.2529125576574381,1.0660469669724872e-10
36047050002,6.6197160000170635e-12,0.06217694473676175,1.0646576521318192e-10
36047035701,7.434739499996599e-12,0.06980819574257874,1.0650238730438726e-10
36047010402,8.108251999994372e-12,0.07617026075485515,1.0644905137045295e-10
36047010801,8.036446999990301e-12,0.07548923071144102,1.0645819177452965e-10
36047010602,8.036968500006886e-12,0.07549810524470706,1.0645258545174328e-10
36047010802,8.03622649999558e-12,0.07548864072121149,1.0645610284167545e-10
36047058901,2.1492141500007296e-11,0.2016254210439695,1.0659440356640542e-10
36047120801,2.153413449998922e-11,0.20219071438831882,1.0650407247996406e-10
36047107002,2.679366905000933e-10,2.516670443496341,1.0646475035795956e-10
36047053101,8.399781999990759e-12,0.07883284525084801,1.0655180557371043e-10
36091062501,1.4204409959999614e-09,12.885618141761368,1.1023460266887884e-10
36091062503,8.280244014999833e-10,7.519039331333389,1.1012369599523635e-10
36063020300,7.054311809999984e-10,6.3793244907018485,1.1058085883986557e-10
36063020400,7.223590299999565e-11,0.6532040214309632,1.1058704574682448e-10
36063020500,1.5750641049997768e-10,1.424456055806259,1.1057302179169522e-10
36063020600,5.524899649999566e-11,0.499637556448228,1.1057814967462421e-10
36063020700,6.748726600000044e-11,0.6103146400740177,1.1057782587652776e-10
36063020900,8.003323850000485e-11,0.7238477045433399,1.1056640505684288e-10
36063021100,3.80154825499904e-10,3.438908769534617,1.1054519063364099e-10
36063021000,8.771282950000858e-11,0.7933023886316031,1.1056670288275284e-10
36063021400,7.090281699999677e-11,0.6413365950134952,1.1055476570537007e-10
36063024201,8.270677174999978e-09,74.60917845325325,1.1085334735567436e-10
36063024405,7.612722633000044e-09,68.74554840369028,1.1073768134478059e-10
36091062601,1.9938477464999414e-09,18.090069980222513,1.1021780173762581e-10
36091062700,2.0106239855000167e-09,18.270301503765477,1.1004875782075247e-10
36033940000,6.198968596000255e-09,54.33742991952872,1.1408284501458106e-10
36063020100,2.824514504999482e-10,2.553600023092944,1.1060911965290492e-10
36071014102,6.74562716500037e-10,6.273206492311491,1.0753076872677287e-10
36093032901,4.874403515001103e-10,4.431607706542395,1.0999176456447187e-10
36093032902,3.2991012900001346e-10,2.9991118107883237,1.1000261071070098e-10
36093033002,8.380894034999596e-10,7.6205280332524765,1.099778650302083e-10
36093033004,4.406012129999821e-10,4.005181107914272,1.100078126627908e-10
36093033101,6.902868844499845e-09,62.71962942872495,1.1005914587464704e-10
36093020300,5.979228399996382e-11,0.5432006423141146,1.1007403037161351e-10
36063020200,2.5214636400002073e-10,2.279762978074571,1.1060200837763277e-10
36007001800,2.4620923850006677e-10,2.2624750815312398,1.088229614150856e-10
36007010200,1.2889827447999788e-08,118.25064791752676,1.0900428602293768e-10
36007011901,1.126063837450006e-08,103.03377215001595,1.0929075136747108e-10
36007011902,1.18099505614999e-08,108.20833126408206,1.0914086210864629e-10
36007011903,1.3298057501000149e-08,121.68727056324235,1.0928059639639125e-10
36007012000,6.8861086305000785e-09,63.092170108401255,1.0914363254059532e-10
36029000800,1.2007782799997862e-10,1.0903924027164444,1.101235002195854e-10
36055012305,1.1179911429999695e-09,10.120183920915537,1.1047142539469074e-10
36055011207,6.655935359999872e-10,6.009403469784188,1.1075867003216715e-10
36029017501,6.37954076499963e-10,5.826973960426577,1.0948291185657883e-10
36007012102,1.1511898545e-09,10.565033541477227,1.0896225269712092e-10
36007012103,4.8736931149999155e-09,44.71783103841715,1.0898769018588846e-10
36007012201,1.1759118725000068e-09,10.795457374995818,1.0892654490245369e-10
36007012600,8.765344471499816e-09,80.55192231325344,1.0881608060714932e-10
36113070400,2.4507355400003085e-10,2.2085828022966516,1.1096416840029037e-10
36113070500,2.650655174999939e-10,2.3890989574425716,1.1094790220985036e-10
36113078000,2.4683887503500066e-08,221.5062313550399,1.1143653771047032e-10
36113073000,1.8679105275000107e-08,167.82756991702806,1.1129938474491905e-10
36113070200,9.209179650001938e-11,0.8300934907139155,1.109414753039643e-10
36113073500,5.069740128499977e-08,455.78789352360224,1.112302498714229e-10
36113070900,4.816629128999881e-09,43.402909676000135,1.1097479788695506e-10
36113070300,2.341587544999832e-10,2.110332548495645,1.1095822535974426e-10
36113074000,5.97178379485002e-08,535.4579656438247,1.1152665900991236e-10
36113071000,1.553754826750013e-08,140.01006328543366,1.1097451070945e-10
36113070100,2.9174571650004255e-10,2.63010182385213,1.1092563559867907e-10
36113076000,4.382160641050015e-08,392.345589142569,1.1169134462876917e-10
36087010701,3.2816031999993756e-10,3.057370579827218,1.0733416556212266e-10
36053030502,1.3925843570500264e-08,126.32829744484755,1.1023534593727912e-10
36053030102,6.891096724999889e-10,6.232903320451565,1.1055998097048357e-10
36053030101,3.0687067800002775e-10,2.7754334897194197,1.1056675619744381e-10
36053030200,8.790759442500121e-09,79.48226173290684,1.1060026791940946e-10
36053030103,5.340373690499868e-09,48.319293884746415,1.1052259379530655e-10
36075021101,3.214520700000024e-10,2.8965213953030204,1.109786623780052e-10
36081051500,2.3916884000024286e-11,0.22436420442324892,1.0659848375325769e-10
36081051600,1.956939449998081e-11,0.1836571053143083,1.065539744105735e-10
36081051700,2.7092333999985505e-11,0.2541766543078586,1.0658860104111407e-10
36081050000,3.58141765000127e-11,0.3360669736619511,1.0656856908539334e-10
36081051800,1.809498450001145e-11,0.16982188879617435,1.0655272196230032e-10
36081052100,2.027944349998733e-11,0.19026988914474885,1.0658251597844592e-10
36081052200,1.809652050000288e-11,0.1698400672535269,1.0655036112879947e-10
36081050201,1.7916776500008096e-11,0.16813229287550777,1.0656356487848787e-10
36053030402,8.622495715500061e-09,78.0453733049027,1.1048054933140295e-10
36053031000,2.2448912329999692e-08,203.8824928392783,1.1010711129423109e-10
36053031100,2.2236107395499892e-08,202.04780857911143,1.1005369249918584e-10
36053030401,9.80529701499926e-10,8.874931954632807,1.1048306697022948e-10
36053030300,1.6036785109999734e-09,14.508581171560207,1.1053310396357102e-10
36053030501,8.609417060000063e-10,7.80787595057723,1.1026580230649765e-10
36081050500,1.2377268000009272e-11,0.11611421987644302,1.0659562638563912e-10
36081050700,3.9675814999993816e-11,0.37222016854060036,1.0659232989860442e-10
36081050800,2.33933089999826e-11,0.21953020502451007,1.0656077598693441e-10
36081051000,1.970326300003323e-11,0.18489421118232313,1.065650615778552e-10
36081051100,2.919624849999263e-11,0.27390441546189975,1.065928362299579e-10
36081051300,2.0630972499997896e-11,0.19353631996076484,1.0660000409318708e-10
36081080301,3.3690731999999875e-11,0.3159878623149344,1.0662033583562606e-10
36081080302,4.676369150000918e-11,0.4386286781322431,1.066133926744988e-10
36081080900,1.0673566649996991e-10,1.0012438202155134,1.0660307144467121e-10
36081081400,3.935920249999127e-11,0.3695573302077414,1.0650364444906573e-10
36081081800,3.9951240000005306e-11,0.37511724099633076,1.0650334251204436e-10
36081052400,2.0903624500006235e-11,0.1961828898915756,1.0655172075178953e-10
36081052800,1.921936449996368e-11,0.18039541559013333,1.0654020467809979e-10
36081053000,2.4522044500006547e-11,0.23015891894961887,1.0654396801965494e-10
36081061800,2.5727710500021608e-11,0.24154449184247054,1.0651333964924606e-10
36081061900,2.747861800001128e-11,0.25785713308107383,1.0656528160255169e-10
36081062000,2.3034082999997158e-11,0.21624250135496234,1.0651968440832398e-10
36081062100,2.7522688499999448e-11,0.2582697934662002,1.0656565032488534e-10
36081062400,5.455297850000255e-11,0.5121040992204102,1.0652712716623439e-10
36081062600,4.5739982000013756e-11,0.42939720375071494,1.0652137834266835e-10
36081062700,1.676191200000106e-11,0.15730664992970178,1.0655564788578063e-10
36053030800,3.279082829850003e-08,298.0831300185085,1.1000564941888525e-10
36053030900,1.1757765840000431e-09,10.68252616906795,1.1006540638342565e-10
36061030900,3.2343009000007005e-11,0.3027572572057119,1.06828187368705e-10
36061004400,9.329598550004763e-11,0.8752488841094084,1.0659366403532071e-10
36061012101,9.496135500005708e-12,0.08904605548597078,1.0664296636364567e-10
36061010803,5.801355499994344e-12,0.05439900240919022,1.0664451999241548e-10
36061010802,6.121452500021448e-12,0.05740134213662431,1.0664302039230057e-10
36061015403,5.517034000002013e-12,0.051715798355326595,1.0667985751850571e-10
36061015402,5.835813000001823e-12,0.054704746494876076,1.0667836657552987e-10
36061004001,9.779425500009208e-12,0.09174163970834735,1.0659745706637289e-10
36061013604,7.646949499996115e-12,0.07169041833445286,1.0666626974223077e-10
36061013203,5.746540500000408e-12,0.053876369192075516,1.0666161410234093e-10
36061013602,6.017962500009813e-12,0.05642030586667443,1.0666306053410497e-10
36081062900,1.9555226999996674e-11,0.18352880949703543,1.0655126600334948e-10
36081083700,8.324729000001522e-11,0.7807827017972869,1.0662030525060038e-10
36081083800,5.2759698999999206e-11,0.49538228909963844,1.0650299811059134e-10
36081084000,6.054831199999113e-11,0.5684820692914246,1.0650874543054735e-10
36081084500,2.0118083500008827e-11,0.18867447700483528,1.0662853725304482e-10
36081084601,3.526822050001742e-11,0.33116218768771793,1.0649833166724619e-10
36081053401,2.7730781000016688e-11,0.2602618761498661,1.0654953161118582e-10
36081000701,2.5647475500006126e-11,0.24055646330484046,1.0661727873636414e-10
36081053601,2.0410095000015685e-11,0.19153573172747457,1.065602476150824e-10
36081054000,5.5705486999988006e-11,0.5227129719492365,1.0656993415001353e-10
36081040701,7.512194999997096e-12,0.07045400819497213,1.066255163114083e-10
36081001901,2.435214149999052e-11,0.22840056787602597,1.0662031940835047e-10
36081017902,4.023750600000765e-11,0.3773912812340482,1.0662012611534977e-10
36081023502,1.2523097000037908e-11,0.11746099734535903,1.0661493843115836e-10
36081049201,3.1447580999991035e-11,0.2950380147319549,1.0658823415877947e-10
36081097207,1.9401859600005623e-10,1.8235174140749997,1.0639799461332504e-10
36081047802,1.4142231500008643e-11,0.13269211539380954,1.0657929039744903e-10
36081049202,2.0376728999996152e-11,0.19118265730511963,1.0658251792931057e-10
36007013201,1.1260447999999596e-10,1.034425502597758,1.0885702229615546e-10
36007012300,2.2342552945000106e-08,205.0517352983793,1.08960565061732e-10
36007000200,1.5314484550006695e-10,1.4069040074028478,1.088523770593085e-10
36007000300,3.7100559750009267e-10,3.4079957067978968,1.0886328194605741e-10
36081063700,7.40746105000168e-11,0.6951263861066891,1.0656279488237942e-10
36081063800,7.356927099996778e-11,0.690776344122906,1.0650230226598206e-10
36081063900,2.6828253999991136e-11,0.2517763830441438,1.0655587976767207e-10
36081064101,9.10516399998444e-12,0.08545566790873832,1.0654839196515584e-10
36081064102,2.3712059050003455e-10,2.2253764486348975,1.0655302416159313e-10
36081063301,1.435683099999745e-11,0.13473411544817684,1.0655676145749112e-10
36081063302,1.478377899999602e-11,0.13873922131103403,1.0655803643911799e-10
36081063500,2.0188244000005103e-11,0.1894591934727269,1.0655721493352207e-10
36081064500,3.299142599996388e-11,0.3095919999634141,1.0656420709793092e-10
36007013100,2.413706295000366e-10,2.217588301673566,1.0884375125801279e-10
36007013900,1.0964360450000192e-10,1.0072112925093049,1.0885859334126658e-10
36007000100,9.522543999998663e-11,0.8748560276712332,1.0884698394713686e-10
36007014301,2.1791873670000482e-09,20.027872471562297,1.0880773133013954e-10
36007000500,1.4568167749998998e-10,1.3383863291989717,1.08848748916302e-10
36007014500,1.8162351605000215e-09,16.697090575047934,1.0877554699345023e-10
36007014400,1.2710961594999711e-09,11.682044910784604,1.0880767615663961e-10
36007012101,3.6489570105001555e-09,33.47091398529572,1.0901874421783636e-10
36081064600,4.3381275000012455e-11,0.40730966110296946,1.0650686478326744e-10
36081065000,4.2599967999982986e-11,0.3999931834874651,1.0650173492598524e-10
36081084602,7.633571199999038e-11,0.7167990160074221,1.0649528012075279e-10
36081086100,1.586659649997077e-11,0.14878756055332815,1.066392676979464e-10
36081086300,1.537313350000505e-11,0.1441503492912635,1.0664652271457777e-10
36081086400,1.1936449949996575e-10,1.1207098337705077,1.0650794336155394e-10
36081086500,1.6877311000030237e-11,0.15825158098065412,1.0664860910358582e-10
36081087100,4.6895974000011707e-11,0.43974764736362587,1.0664292186930924e-10
36081088400,2.320772275000432e-10,2.179533289827577,1.0648023986750063e-10
36075021300,1.2880524304999844e-08,116.09855023291897,1.1094474719243874e-10
36081054500,1.2091663500002072e-11,0.11347443440919791,1.0655848220753024e-10
36081054200,5.774960849998169e-11,0.5418440036719532,1.0657976854708324e-10
36081054700,1.3762073999999452e-11,0.12915409466916425,1.0655546024500275e-10
36081054800,2.405356449998886e-11,0.22567247749159003,1.0658616756172779e-10
36001013505,3.2785136050000144e-10,2.9823314706979347,1.0993122787363291e-10
36001013602,9.424011409998522e-10,8.57898781598298,1.0984992183391647e-10
36081065600,6.308598900000488e-11,0.5924316908167077,1.0648651984338738e-10
36081065702,1.5357367000002618e-11,0.14410501128857106,1.0657066581292866e-10
36081065900,2.0648988000011728e-11,0.19375209665165316,1.0657426864978157e-10
36001013706,3.099938210000152e-10,2.8217093413172853,1.0986029512710115e-10
36011041002,1.3833904851499904e-08,125.82334386411776,1.0994704501288533e-10
36011041102,1.1202176464999892e-08,101.80946536291465,1.1003079551658684e-10
36081066000,4.116247950000959e-11,0.3865579890902659,1.0648461721586011e-10
36001013707,8.989247569999825e-10,8.179211865136118,1.0990359117993365e-10
36001013802,6.001488450000073e-10,5.457254241663289,1.0997267461321189e-10
36001013901,4.2664127249998637e-10,3.88231070643234,1.0989364447134874e-10
36001014001,4.5643397099994e-10,4.15435620631962,1.0986876144746837e-10
36001014002,2.6144763149998797e-10,2.3799766925213808,1.0985302180543906e-10
36001014202,8.563258005000214e-10,7.80433283052288,1.0972440810711152e-10
36001014401,1.4661514379499889e-08,133.88546751048537,1.0950788500142226e-10
36001014402,4.1778415700004686e-10,3.816219082427864,1.0947593625422946e-10
36081047600,5.834745550000472e-11,0.5474256622329434,1.0658516676402432e-10
36081047900,4.184050099999924e-11,0.392479083578253,1.0660568359092446e-10
36081048500,3.382624450002001e-11,0.31728250868098384,1.0661238352105657e-10
36081048900,3.8592618499973493e-11,0.36200295668255095,1.0660857263057186e-10
36007000400,1.2727187700001143e-10,1.1690750587670982,1.0886544541821963e-10
36007000600,1.7872118249995388e-10,1.6417890018199097,1.0885758297920312e-10
36007000700,3.8086423399998125e-10,3.4989696499477185,1.0885039657479513e-10
36007000900,1.6374311350005648e-10,1.5045340936531215,1.0883310267996382e-10
36007001100,1.0906323199998731e-10,1.0021214295899552,1.0883235182847397e-10
36007001200,6.616213499999348e-11,0.6079074667720933,1.0883586502285537e-10
36007001300,7.689362899999278e-11,0.7064835143337326,1.0883994805244576e-10
36081055900,1.6894716999989058e-11,0.1585751127904459,1.0654078501154917e-10
36081056100,3.0951305700001277e-10,2.9051615268334903,1.0653901827530038e-10
36081056500,1.2548881999992026e-11,0.11778486805815541,1.0654069751808957e-10
36081056700,3.3394454999993745e-11,0.31343076765116346,1.0654491660231807e-10
36081055200,4.450436150000679e-11,0.4175145621344011,1.0659355513851634e-10
36007001500,2.558892660000401e-10,2.3512745894169758,1.088300223001562e-10
36105950900,2.9602747619998773e-09,27.353573510442665,1.082225969806009e-10
36105950300,1.4369797071499933e-08,132.52524436738886,1.0843064006479944e-10
36105952100,9.971777683499881e-09,92.10594119031244,1.0826421786294821e-10
36081055300,1.4599819000007644e-11,0.13702538280204535,1.0654828106628515e-10
36081055400,2.3458847499972428e-11,0.2200772081737362,1.0659371633546552e-10
36081055500,1.6377784500002756e-11,0.15371655453394464,1.0654535257870428e-10
36081055700,2.5438841999989368e-11,0.23875551229011113,1.065476635742705e-10
36081055800,2.050281800000767e-11,0.192360944195018,1.0658513912897853e-10
36081056800,9.069483749998143e-11,0.8510012565735741,1.0657426977857856e-10
36081057700,1.9882322499986684e-11,0.18660029227836916,1.0655032881902649e-10
36081066501,3.4936688999998183e-11,0.3277970822580857,1.0658023176817466e-10
36081067700,1.981872449998896e-11,0.18595194424466904,1.0657981867569062e-10
36081068000,8.138500350003816e-11,0.7642313316891173,1.064926287700867e-10
36081068200,2.450934849999834e-11,0.2301366258731017,1.0649912158490102e-10
36081068700,2.9687513999970166e-11,0.27850089496636915,1.0659755331685786e-10
36081069000,3.732761999999873e-11,0.3505357113987731,1.0648735288923085e-10
36105950100,2.42304889570001e-08,223.42279080733334,1.0845128587573256e-10
36105951100,6.6341060495003274e-09,61.33331135048481,1.0816481131420092e-10
36081116302,1.2592950000019148e-11,0.11807897618893039,1.0664853648349727e-10
36081003302,3.497146200002036e-11,0.32794563214344263,1.0663798682558432e-10
36105952300,1.3635503686000032e-08,126.2857922843136,1.0797337878913355e-10
36105950600,8.681321688000031e-09,80.12996356311606,1.0834051710459102e-10
36105952000,1.7494247956500094e-08,161.79208358079595,1.0812796009122284e-10
36105951500,5.045743429500224e-09,46.648958895855685,1.0816411660472212e-10
36105950500,1.0536235870000096e-08,97.22278632714719,1.0837208300682181e-10
36105951600,8.82449337950011e-09,81.65515935971692,1.0807024869825327e-10
36081000103,2.214071600000181e-11,0.2076410776862679,1.0662974902035031e-10
36105952400,1.4507614761499796e-08,134.45583610420016,1.078987359853739e-10
36081116301,1.4226529999995159e-11,0.1333919587592032,1.0665208107241785e-10
36081047801,5.546804850000073e-11,0.5204313118140603,1.0658092094162534e-10
36081021603,3.227488449997717e-11,0.30287093031423246,1.0656316361062306e-10
36081000702,3.246515899998991e-11,0.3044858140077043,1.0662289507900835e-10
36081019902,7.608833550000419e-11,0.713735263939048,1.0660582339742994e-10
36081001902,1.855577999999816e-11,0.1740272793130964,1.0662569726562259e-10
36081120702,3.3342737499993517e-11,0.31269054211394665,1.0663174291930834e-10
36081019901,3.407014499998693e-11,0.31957520098820996,1.066107285378626e-10
36081053502,3.612174549999323e-11,0.33893476442866854,1.0657433019856342e-10
36081017901,1.027528850000621e-11,0.09637276528918083,1.0662025178144134e-10
36081023501,1.4719986500005125e-11,0.13807439002554311,1.0660910033556547e-10
36081030906,2.3134953000006328e-11,0.21694740566490617,1.0663853263928974e-10
36081030905,2.0663492499999424e-11,0.19376083433752997,1.0664432040999457e-10
36081027702,1.0718749999998344e-11,0.1005176108954607,1.066355428119551e-10
36081101004,8.30831719999997e-11,0.7809630291989554,1.0638553797510652e-10
36081101003,2.4944333500013623e-11,0.2344504067736225,1.0639492523507984e-10
36081097206,3.263809399999686e-11,0.3067813345930514,1.0638878679920872e-10
36081100803,3.695238500000911e-11,0.34730457526581693,1.0639763375339014e-10
36081100804,8.898676649997879e-11,0.8363627871023439,1.0639732885328585e-10
36081155103,7.836129849999488e-11,0.7348787825567864,1.0663159742802842e-10
36081066401,1.2948164000000426e-10,1.2161865787472579,1.0646527618597616e-10
36081033405,2.897285649999451e-11,0.27202529925339797,1.0650794826625891e-10
36081155104,7.533543400001207e-11,0.7065182278487916,1.0662914420395576e-10
36081025402,4.0497026999993795e-11,0.38008751989463135,1.0654658435304707e-10
36081025401,2.685071750000964e-11,0.25202162006722617,1.0654132567216762e-10
36081028803,4.034798049999144e-11,0.37879991314401834,1.0651528445480737e-10
36081028802,2.132143499999581e-11,0.2001656294605559,1.0651896160922749e-10
36081069300,1.5242806500019308e-11,0.1429969644410175,1.0659531521948192e-10
36081069400,5.588541749998735e-11,0.5248419749349871,1.0648046491881666e-10
36081069500,2.2727051499998258e-11,0.21321787545054136,1.0659074175640631e-10
36081069701,1.4120575500003212e-11,0.1324729993341475,1.0659210232257011e-10
36081138501,1.1079173950002378e-10,1.038968124193388,1.0663632205852121e-10
36081138502,2.552853005000004e-10,2.394083842223797,1.0663172943136071e-10
36081143500,3.8144503499982056e-11,0.35771699026244674,1.066331891923739e-10
36081144100,3.5943623500001346e-11,0.33706349849582057,1.066375435501125e-10
36081144700,4.401896299999727e-11,0.41278313822882606,1.0663944072152334e-10
36081145101,2.6867685500042278e-11,0.2519553673581144,1.0663668641698014e-10
36081145102,3.6646563000012677e-11,0.34366785796683036,1.0663366430837322e-10
36081139900,3.8834239999993856e-11,0.3642016574340619,1.06628399973783e-10
36081140901,2.6068891000004675e-11,0.24449558186081816,1.0662315777487007e-10
36081140902,5.7325862999996756e-11,0.5376620711733813,1.0662061929510876e-10
36081142900,5.6551261999987934e-11,0.5303490384453119,1.066302715769312e-10
36081146300,3.454891199996997e-11,0.32396619647355857,1.0664357076769822e-10
36081146700,3.78141350000134e-11,0.3545755033145121,1.0664621398413945e-10
36081147100,4.49899610000081e-11,0.42185977053413337,1.066467204091173e-10
36081147900,9.700534649997469e-11,0.909486063543586,1.0665951946753039e-10
36081148300,2.540187934999954e-10,2.3813594253313646,1.0666965717056713e-10
36081150701,9.353066600004216e-11,0.8770039508028572,1.0664794145387724e-10
36007001600,3.2808282099996605e-10,3.0152885568713534,1.0880644250525162e-10
36007001700,2.794085170000252e-10,2.567998687329133,1.0880399525851245e-10
36077591100,4.628934009999569e-10,4.23015761576543,1.0942698666233934e-10
36017970802,2.007644774450001e-08,183.66419536544953,1.0931062368771711e-10
36017970801,2.285284812200021e-08,209.18191689827592,1.092486791442562e-10
36077591700,3.0698212000002057e-10,2.8047767402708677,1.0944975248560218e-10
36077590600,2.5082278304000176e-08,228.38427261530362,1.098248930049987e-10
36081071600,2.046670387499967e-09,19.223594893271844,1.0646657916289584e-10
36029012501,2.7063424050001547e-10,2.45843149698763,1.1008410884404529e-10
36029007903,1.5356293100005778e-10,1.3913702305634585,1.103681303702106e-10
36081069702,4.704873150000208e-11,0.4414209560775683,1.065847256507108e-10
36081070700,2.3665651000008182e-11,0.22205953655517494,1.06573450377926e-10
36081071100,4.002006000003251e-11,0.37547662166273565,1.0658469180533888e-10
36029014400,4.178335300000267e-10,3.7905851825382326,1.1022929439096238e-10
36029003700,1.2101608400000892e-10,1.0977204797401885,1.1024307757167046e-10
36029010101,2.520075100000085e-10,2.2850286821377837,1.1028636619311058e-10
36029006301,7.972830399998039e-11,0.7231073594733632,1.1025790701127182e-10
36029014901,7.759291649998421e-10,7.040222253155411,1.1021373148441053e-10
36029005000,1.4298115049997266e-10,1.2962246198175478,1.1030584384371453e-10
36029015402,5.583191992499964e-09,50.836158702045935,1.0982718079120454e-10
36029006602,4.91531419999905e-11,0.44587695122643306,1.1023925292569942e-10
36029009112,3.7677058200009504e-10,3.412089331804347,1.1042225022896894e-10
36065025601,9.373536602499883e-09,84.95596148695955,1.1033406530204109e-10
36087012107,6.552365950002814e-11,0.6111262032662976,1.0721788584718282e-10
36087012109,4.850858800001111e-11,0.4524711901936735,1.0720812518305915e-10
36087011509,1.236064311499997e-09,11.520094450264718,1.0729636955985146e-10
36087011510,4.805601365000169e-10,4.4806443137184315,1.0725246255961031e-10
36087011511,1.5000150300001568e-10,1.398767196553154,1.0723836201595933e-10
36087012205,2.9043352999994288e-11,0.27086843564469,1.0722309866363214e-10
36087012110,3.444634150002229e-11,0.3213059070738164,1.0720730849217979e-10
36087012301,5.123724149998008e-11,0.4779042285337415,1.0721236273045986e-10
36087012206,5.289618499999725e-11,0.493327920914755,1.0722317297977847e-10
36087012302,6.800085649999594e-11,0.6342637935355352,1.0721226277310142e-10
36087012404,4.7833624500027846e-11,0.44621380862393434,1.0719888890830285e-10
36087013101,1.1121859899999028e-10,1.037710457169549,1.0717690877217261e-10
36065025602,7.911966139999995e-09,71.69762508953053,1.1035185796070839e-10
36081072900,2.0645771499986548e-11,0.1937299869017333,1.0656982860613527e-10
36081073900,2.3906737499980347e-11,0.22429311874481767,1.0658703055076546e-10
36081074300,2.0624737999993344e-11,0.1934766792541733,1.0660064086017471e-10
36081074500,1.8601504499977752e-11,0.17448713918925812,1.0660673667072713e-10
36081076902,1.0789548999994974e-11,0.10124064938952522,1.0657328913885163e-10
36081073100,2.0231049000027658e-11,0.1898435558453139,1.065669514561352e-10
36081073700,2.2446403499995824e-11,0.21060852094793786,1.0657880032092597e-10
36081077300,2.973962650000368e-11,0.27906992721757523,1.065669339456177e-10
36081077500,2.445497800001848e-11,0.22948613406494406,1.0656407673457855e-10
36081077902,5.959566700003449e-11,0.5591133589241096,1.0658959591792478e-10
36081077903,2.8118820499979e-11,0.26382836090482825,1.0657997647994487e-10
36081077905,2.932719700001004e-11,0.2751732189972018,1.0657722109326438e-10
36081078800,2.0505473999990368e-11,0.1925341423639044,1.065030531635965e-10
36081079200,3.8747167499990467e-11,0.36382024360921655,1.0650085634489662e-10
36081079300,9.318216999997634e-11,0.8740702239735153,1.066071894960236e-10
36081079900,3.0612670500000167e-11,0.2871089778223009,1.066238706020093e-10
36081150702,8.910205399999618e-11,0.8354275005397612,1.0665444211787168e-10
36081152901,1.4920602700000166e-10,1.3992578867192866,1.0663225729592387e-10
36081152902,1.1016160199998292e-10,1.0329915506132403,1.0664327499541013e-10
36081155101,5.066927350000107e-11,0.4751464017292118,1.0663928699785825e-10
36081156700,1.5668943049997968e-10,1.469694911526988,1.0661357624024297e-10
36081157101,1.30645633e-10,1.2254493701272744,1.0661038814392733e-10
36081157901,9.667587249995179e-11,0.9067307021870826,1.0662027023763996e-10
36081157902,7.703958150003516e-11,0.7225942309500158,1.0661527341388951e-10
36081157903,7.080144199995237e-11,0.6641594823829937,1.0660307332497598e-10
36081161700,7.486826949998349e-11,0.7023609789463501,1.0659514372836808e-10
36081162100,7.571626750005186e-11,0.7103202878097316,1.0659454446039057e-10
36081037900,2.1014633000015364e-11,0.19706658610992284,1.0663722051943143e-10
36081048200,2.4338838500004024e-11,0.22837687192361775,1.0657313192442849e-10
36081048400,4.419392999998639e-11,0.4146759678290579,1.0657461109056717e-10
36081037501,5.6584359999992746e-12,0.05306919645660253,1.0662373613714832e-10
36081040901,7.555829499982155e-12,0.07086379448343204,1.0662468126440377e-10
36081120701,4.173259049997383e-11,0.3913842481553437,1.0662818112038535e-10
36105951301,1.0422927016499808e-08,96.59022550063823,1.0790871397676712e-10
36081066301,2.9878951500017794e-11,0.28033176578899643,1.0658425175585506e-10
36105950702,1.3936705500000407e-09,12.868192088706193,1.0830352394437753e-10
36081088902,3.0759777000003605e-11,0.2883965176551479,1.0665793488111676e-10
36081088903,3.9368941500027577e-11,0.36907487237746794,1.0666925452395294e-10
36105950701,2.0462744564999703e-09,18.886690055569815,1.0834478939820956e-10
36081040502,6.1860329999870294e-12,0.05801306931333375,1.0663171373636025e-10
36081040501,7.619253500006473e-12,0.07145769563253955,1.0662607340694749e-10
36081040301,9.448929500010712e-12,0.08861670754732379,1.06626952879791e-10
36081039901,1.1309258000000175e-11,0.10606084591374351,1.0662990571655158e-10
36081040101,9.377512499999878e-12,0.08794589616618596,1.0662819879940468e-10
36081134701,4.9582873499984936e-11,0.4650930972855571,1.0660849148131331e-10
36081134702,6.544459849999497e-11,0.6138671988866725,1.0661035256271585e-10
36081028801,2.5397255499985792e-11,0.23843717678638868,1.0651550166079474e-10
36081084902,1.061524200000147e-11,0.09954447377252638,1.0663818490073937e-10
36081066302,2.6095809999989157e-11,0.2448436135988194,1.0658154246468362e-10
36081122703,4.6919041999982326e-11,0.44011912711244483,1.0660532367182285e-10
36081122704,2.7843767000010308e-11,0.2612057729924655,1.0659705825419664e-10
36081021602,1.1953496000013367e-11,0.11217981690540815,1.0655656543006082e-10
36081027102,5.217710000003884e-12,0.0489355158604012,1.066241952958766e-10
36081046902,8.178814499996111e-12,0.0767071514249091,1.0662388510154226e-10
36081046901,7.961955499991473e-12,0.07467736364887659,1.0661805814982395e-10
36015000700,2.9034295800001056e-10,2.6680738185834105,1.0882118627218699e-10
36033950900,4.863753934949997e-08,431.8405308757363,1.1262847248466263e-10
36033951000,1.3703320638499788e-08,121.48496169114578,1.1279849330930422e-10
36033950200,3.1726371557000023e-08,278.2965922092883,1.1400201240387714e-10
36011042100,2.7926328549999276e-10,2.5326173058114563,1.1026667347616349e-10
36011990200,3.679079361999866e-08,330.40204458199196,1.1135159186603861e-10
36009962200,3.098612552900028e-08,284.0511347884791,1.0908643456775606e-10
36029004500,2.2309918849998835e-10,2.022659429013436,1.1029992756062068e-10
36029004800,1.0895974349999103e-10,0.9878353152451409,1.1030152680151105e-10
36029005100,1.2836856750000098e-10,1.1636679527814835,1.1031374301678166e-10
36029005201,1.155793674999588e-10,1.0480761513052401,1.1027764285640886e-10
36029005300,2.5609131900000417e-10,2.3223859966299063,1.1027078158911871e-10
36029005400,2.1299126600001626e-10,1.9312811969443182,1.1028495815990545e-10
36029005500,1.7202468849999939e-10,1.559832875607457,1.1028405106092316e-10
36029005600,2.4253355899998804e-10,2.198735897655749,1.1030590770750265e-10
36081119300,2.25109329999942e-11,0.21109296229253022,1.066399028916881e-10
36081119900,1.9659182999998475e-11,0.18436116370028852,1.06634079571975e-10
36081120500,2.15642190000054e-11,0.20223314633364425,1.0663048758796815e-10
36081121500,6.734354549998455e-11,0.631660869256923,1.0661345158076129e-10
36081122300,5.2844672000007455e-11,0.4957064772789172,1.0660476395242572e-10
36081119500,2.0192313999998832e-11,0.18935696231377214,1.0663623747057872e-10
36081122702,4.794311400001743e-11,0.44973933262110777,1.0660200369979225e-10
36081124100,5.3190260999981015e-11,0.4990081361802173,1.0659197143986306e-10
36081125700,3.537608649998969e-11,0.3318963117869107,1.0658776625002812e-10
36081126500,2.1401035500012348e-11,0.20079403669631443,1.0658202729585925e-10
36081126700,8.188191599997322e-11,0.7682543700439518,1.0658177706856228e-10
36081128300,2.1021448899997644e-10,1.9719311609901118,1.0660336078589437e-10
36081130100,7.448308899998942e-11,0.6986987878101841,1.0660257366901899e-10
36091060504,1.2314009494999951e-08,111.14066504799915,1.1079661516945043e-10
36091061904,3.1068500215000142e-09,28.151612921594072,1.1036135052556308e-10
36091061304,6.33484768999913e-10,5.7342991435949076,1.1047291973030431e-10
36091061001,1.2586704400002334e-10,1.1387166214869546,1.1053412378899337e-10
36091060301,5.572324957500037e-09,50.3059329773824,1.1076874292353072e-10
36091060104,5.214992176500056e-09,47.06209310926289,1.1081088476860853e-10
36091060705,9.901196335000999e-10,8.948772184426215,1.1064307070228375e-10
36091061201,1.6564873500000415e-10,1.498356439046288,1.1055362441358778e-10
36091061102,5.825411895000398e-10,5.269845620474245,1.1054236337337251e-10
36091062407,1.2302152635000072e-09,11.176439477914519,1.100721983893891e-10
36091061101,4.788519679999849e-10,4.33314373403516,1.1050913548950354e-10
36091061907,1.7072955570000746e-09,15.47479908317763,1.1032747810315963e-10
36091062001,5.00656739299996e-09,45.39359713127579,1.1029236961594478e-10
36091061305,1.5404838434999771e-09,13.937907646893809,1.1052475612028382e-10
36091061905,3.2442875530000123e-09,29.38317956840833,1.1041308669291005e-10
36081056600,2.0691243000020788e-11,0.19413651655896766,1.0658089146116909e-10
36081115100,3.1632173500003466e-11,0.2965759426883458,1.0665792111548257e-10
36081120300,1.962047299997853e-11,0.1840106152581234,1.0662685395870039e-10
36081066100,1.4236329999993924e-11,0.13357753768944977,1.0657727523838268e-10
36081079000,2.7754751499998078e-11,0.26059224291231536,1.0650643775815329e-10
36081103300,6.464991999997972e-11,0.6060472979517191,1.0667471040375807e-10
36091062410,3.643302880000226e-10,3.3084030477569897,1.101227035342713e-10
36091060505,2.6924280306000446e-08,242.72202060477312,1.1092640148147721e-10
36091060704,4.951661187500052e-09,44.75496404313112,1.1063937360620046e-10
36091062409,6.968064929999822e-10,6.326763792645779,1.1013632179692706e-10
36091060703,3.236936017000072e-09,29.23781699306858,1.1071059162068952e-10
36091060103,4.440964636499907e-09,40.07490435169396,1.1081659977342375e-10
36091061202,3.67455100500025e-10,3.3247429812672604,1.105213553560058e-10
36091061906,9.32820213499945e-10,8.457866012580993,1.1029025668086774e-10
36091062408,4.4758684050003325e-10,4.065276973921826,1.1009996203733209e-10
36091062002,7.0282924234998065e-09,63.67647999953267,1.103750148178949e-10
36091060506,7.612389112999996e-09,68.84479914547978,1.1057319082177627e-10
36091060507,5.304734212999847e-09,47.947313905203686,1.1063673396778392e-10
36091062900,1.1220909504999633e-08,101.2665929270735,1.1080563866783095e-10
36091060706,1.125372526999988e-09,10.173984893900975,1.1061275780688627e-10
36091061002,7.010223499997043e-11,0.6342085982727664,1.1053498043213251e-10
36081133300,7.412701650001307e-11,0.6953761845291702,1.0659987809361558e-10
36081134100,6.321452700000166e-11,0.5929773270681933,1.0660530194728995e-10
36029001500,1.05367555999971e-10,0.9562351768149382,1.1019000195216931e-10
36029004200,1.0693215549997603e-10,0.9696604976093274,1.1027793311536818e-10
36029007600,2.1711182000001275e-10,1.9665225653873009,1.1040393017674487e-10
36029013002,5.716996455000064e-10,5.1984122080732345,1.0997582004215552e-10
36029014300,3.621390800000411e-10,3.2861227104072355,1.1020254321396376e-10
36029000600,1.2815278700001735e-10,1.1639035512221043,1.1010601940809985e-10
36029008800,1.0337667649999809e-10,0.9369926952080213,1.1032815626918787e-10
36029010400,5.223344850000381e-11,0.47384903735619793,1.1023225622961287e-10
36029009302,1.2775405100001173e-10,1.1577509153519359,1.1034675015668353e-10
36081136700,8.232927200002825e-11,0.7721788075943079,1.0661943994101806e-10
36081101002,6.884476300000496e-11,0.6470952002938661,1.0639047078195047e-10
36081101700,1.0535663950000791e-10,0.9876354097749903,1.0667564007654501e-10
36029015800,1.8850951163000253e-08,171.99877269118693,1.0959933532110698e-10
36029015102,1.4312155129999878e-08,130.55605590535893,1.0962459788441271e-10
36029015401,2.180003010000284e-10,1.9842204768404426,1.0986697473617418e-10
36029005202,6.427046200000244e-11,0.5829048152976342,1.1025893132686786e-10
36029011100,1.2181611799995789e-10,1.1055987845837052,1.1018112510482338e-10
36017970901,1.252748054799996e-08,114.8400936121955,1.0908629690170854e-10
36017970502,1.7130930189000133e-08,156.29062756473996,1.096094529526668e-10
36017970501,1.2126697070500054e-08,110.49413536604487,1.0974968970368194e-10
36017970202,3.188118420900005e-08,290.32263915139373,1.0981294570133423e-10
36017970201,2.9752491622500072e-08,271.42659434211623,1.0961524125745364e-10
36017970902,1.0116061059000067e-08,92.7302115142003,1.0909131871710373e-10
36017970101,1.4975190985999986e-08,136.35248098561397,1.0982705175404885e-10
36017970102,1.3057002152000032e-08,118.83120130731496,1.0987856731526854e-10
36033950800,7.569136696250039e-08,668.7829811445151,1.131777708113426e-10
36033951200,1.4712653636999964e-08,130.77501139947395,1.1250355461302713e-10
36033951100,2.3251934498500023e-08,206.19081002934317,1.1276901475478477e-10
36081115500,1.994576899999944e-11,0.18700885893062166,1.066568135544804e-10
36035970601,7.35751512499995e-09,66.59733624056025,1.1047761878077865e-10
36035971502,7.0582434895001325e-09,63.83600820258901,1.1056837180514478e-10
36035970602,1.3085837912999966e-08,118.45528103901698,1.1047070082666667e-10
36035971501,4.329543570999894e-09,39.194889868584276,1.1046193994973144e-10
36055980000,6.251769170000401e-10,5.6525898341691185,1.1060008515405323e-10
36081093900,1.6408293100004367e-10,1.5377815925878917,1.0670106326602133e-10
36081094201,5.822259649998968e-11,0.5473553582028383,1.0637074366304753e-10
36081094202,1.246531104999814e-10,1.1717858583165863,1.063787462660292e-10
36081094203,1.6596453550000936e-10,1.5603198781140055,1.0636571245930322e-10
36081001903,4.9636478000008794e-11,0.4655039661430012,1.0662954906975087e-10
36081053901,4.678354700000711e-11,0.43901102125023983,1.0656576882004999e-10
36069050502,7.279310611999973e-09,66.04514024572865,1.1021720273310722e-10
36069050501,9.515239486499956e-09,86.33367135450476,1.102146976633059e-10
36069050104,2.608237541500022e-09,23.620424492935935,1.1042297492494503e-10
36069050303,1.4239760175000159e-09,12.907670357511162,1.1032014128493632e-10
36069050401,8.514821947999847e-09,77.22161714477723,1.1026474532430502e-10
36069050304,7.240807345999927e-09,65.58347188420765,1.1040597787784237e-10
36069050402,1.0126903257000122e-08,91.7617071464822,1.1036088551441417e-10
36069050105,5.605783455000006e-10,5.079210001305761,1.1036723139147376e-10
36069050204,8.793406697500029e-09,79.66192312664332,1.1038406245252986e-10
36069052102,1.0463143020000168e-08,95.07522347964456,1.100512061614066e-10
36069052101,1.1960806654499908e-08,108.84106406455665,1.0989240832307209e-10
36069051501,3.9135591429999746e-09,35.56001507263256,1.1005504736166155e-10
36069052002,7.89874428749995e-09,71.76390149329218,1.100657032733686e-10
36069052003,4.751472026500081e-09,43.21240422557004,1.0995620613232383e-10
36069051102,4.3503794100000636e-10,3.9485792655773264,1.1017581558829337e-10
36069050604,3.1944994545000804e-09,28.97573609682428,1.1024739609117972e-10
36069051301,6.395408487999901e-09,58.087946237803074,1.1009871930775599e-10
36069052001,9.232049347999931e-09,84.00954639490652,1.0989286032568875e-10
36069050205,1.00389700450003e-09,9.100635880554325,1.1031064396775778e-10
36069050106,3.324850177500032e-09,30.13838774617877,1.1031944394310171e-10
36081117100,4.239729449999192e-11,0.39753848133116937,1.0664953580851675e-10
36081116100,1.8738675499982958e-11,0.17569384668029675,1.0665527480925952e-10
36081116700,1.7715157999998628e-11,0.16610896103968747,1.0664781652427556e-10
36081117500,5.998804099999555e-11,0.5624932191761923,1.0664669182652887e-10
36081118100,2.081921249999304e-11,0.19522230028615314,1.0664361842615641e-10
36081119100,2.32137525000028e-11,0.21768513591697322,1.0663912536893058e-10
36029000500,6.873840050000049e-10,6.240265127606174,1.1015301288387598e-10
36029000700,1.1768445699999158e-10,1.0688383039942455,1.1010501453793817e-10
36081017102,4.3426389500047975e-11,0.40725385237561773,1.066322374772652e-10
36081017101,8.869893699997719e-11,0.8318677526001297,1.0662624764902247e-10
36081027701,7.930480000009914e-12,0.07437439175913178,1.066291745375679e-10
36081003301,2.035480799999933e-11,0.1908904134793729,1.0663085499680587e-10
36081091603,4.95764557000045e-10,4.66222903412141,1.0633637973846799e-10
36081091604,4.92958813499914e-10,4.6364526145598015,1.063224094972697e-10
36081000101,3.905788450001707e-11,0.3663457279664462,1.066148217882164e-10
36081021601,2.4270303000003623e-11,0.22773941720288512,1.065704975365861e-10
36029000900,6.048477100001149e-11,0.5491901181773263,1.1013448530492631e-10
36029001000,2.3003582699998895e-10,2.0887789344725536,1.101293311625992e-10
36029001100,1.6763399650000256e-10,1.5218703436587202,1.101499856400346e-10
36029001700,1.282349489999856e-10,1.1638374569479029,1.101828680924864e-10
36023970600,1.4610271350001944e-10,1.3319600101997793,1.0969001500135552e-10
36023970700,2.284136794999732e-10,2.0821760125907427,1.0969950576645536e-10
36023970800,7.340859399996832e-11,0.6692819525947503,1.096826139049011e-10
36023970900,3.3787787250001474e-10,3.080667969920955,1.0967682197464601e-10
36023971000,5.599360818500041e-09,51.05383714106873,1.0967561170824911e-10
36023971100,2.899377676699976e-08,264.79405240948597,1.0949557402506481e-10
36111954100,5.392291103999878e-09,49.900244697350175,1.0806141606528478e-10
36111950900,5.9170368583499965e-08,544.4438916841491,1.0868037916720123e-10
36111950100,9.055223722500136e-09,83.17084645254779,1.0887497372852269e-10
36111953000,7.847139526999957e-09,72.47915111179692,1.0826754186036172e-10
36111954500,1.0594912482000112e-08,97.92746158874067,1.0819143384411257e-10
36111950400,6.422641883999759e-09,59.04607568404264,1.0877339111184141e-10
36111953300,7.79627261300026e-09,72.01163799271173,1.0826406439733142e-10
36111954800,1.7245139130000266e-09,15.938149813689638,1.0820038292768478e-10
36111954900,1.980136510499783e-09,18.212112979586383,1.0872634672974416e-10
36109001901,1.6833998686499994e-08,154.0315355954368,1.0928929989190281e-10
36109001902,1.253241284750014e-08,114.72428671075905,1.0923940524552269e-10
36109001301,1.2475081749999008e-10,1.1402310451646598,1.0940836774179826e-10
36109001302,1.9784453065000213e-09,18.08762636252704,1.0938114636196028e-10
36109000201,1.6929542000000236e-11,0.15472397498224652,1.0941770337753267e-10
36109000202,3.130740100000768e-11,0.2861339801691271,1.0941518019461585e-10
36069050103,7.87685820999875e-10,7.137362692324778,1.1036090709624711e-10
36069050203,4.2176916700005307e-10,3.8221925861818358,1.1034743998113861e-10
36069051502,1.5653877140000627e-09,14.20590278489343,1.1019276547948064e-10
36069051801,2.1894941050000223e-10,1.987568638069366,1.101594210666756e-10
36069051001,1.3180873300000703e-10,1.1962729768510845,1.1018282244154961e-10
36069050603,3.915808518499864e-09,35.522741567528946,1.1023384867566847e-10
36069051101,1.6953215800000527e-10,1.5384473906475187,1.1019691607956169e-10
36069051302,8.757121961500079e-09,79.59913835370567,1.1001528587642555e-10
36069050206,1.0527138810000383e-09,9.539216793810507,1.1035642692208113e-10
36087013002,8.490511930000481e-10,7.925706182383671,1.0712625139791573e-10
36053030701,1.3004444101000436e-08,118.02613921799556,1.1018274584904523e-10
36053030601,1.6021025416499864e-08,145.17794634849358,1.1035440174943696e-10
36053030602,1.60439728320002e-08,145.33965235717514,1.1038950879400627e-10
36053030702,1.25717846189996e-08,114.10357954756569,1.1017870489995342e-10
36053030403,8.720753690499953e-09,78.8469968130722,1.1060349845885472e-10
36053030404,2.676057517499923e-09,24.180212815913222,1.1067137985397651e-10
36087010102,4.0266798449998885e-10,3.749772599472601,1.0738464101973102e-10
36119013104,1.9375968100000555e-09,18.050791099846634,1.0734137907210715e-10
36119013202,3.7093263149999527e-10,3.4577765582275037,1.0727489913059611e-10
36119014704,4.679947775e-10,4.352918506473052,1.075128736740795e-10
36119008602,2.319242742499916e-09,21.654276498891694,1.0710322012460768e-10
36055006600,4.724102949999098e-11,0.42699235481412745,1.1063671039392568e-10
36055006700,8.280829450005346e-11,0.7484592172693897,1.1063835221665609e-10
36055006800,1.1462179249999488e-10,1.03608035860842,1.1063021468136475e-10
36055011503,1.1051358469999775e-09,9.984123022588866,1.1068932589268292e-10
36055011504,1.9846883210000846e-09,17.931328464406317,1.106827263211251e-10
36055011505,3.624490520000027e-09,32.75320758241468,1.1066062799742488e-10
36119002300,1.6538768650001916e-10,1.546743830180232,1.0692635928002867e-10
36119002403,9.351078150000717e-11,0.8747695103863706,1.0689762319071349e-10
36119002401,3.726521600000584e-11,0.3485386968967877,1.069184464502693e-10
36119002402,3.3129275999995775e-11,0.30988313968159414,1.0690893358714581e-10
36119002404,1.044283154999859e-10,0.9768438503753426,1.0690379579076056e-10
36119002405,6.830026200001301e-11,0.6388615126703932,1.0690933894972488e-10
36055011601,5.33043505499964e-10,4.818466351877363,1.1062513807786176e-10
36055011708,2.8153285074999726e-09,25.483337079299726,1.1047723062090174e-10
36071013800,2.412250625999803e-09,22.42740151715137,1.0755818609458757e-10
36071013600,5.695127959999901e-09,52.921316579135606,1.0761500900083847e-10
36071012200,1.4644558695000391e-09,13.602418272316763,1.076614349141473e-10
36071010200,1.6880099590000707e-09,15.643694054858212,1.0790353947607741e-10
36071014700,3.3981254850000804e-09,31.618879596543838,1.0747140722125774e-10
36119002600,1.6048428950001299e-10,1.5018096109701322,1.0686060891323239e-10
36119003000,3.8338646999987496e-11,0.35870746574217893,1.0687998065683809e-10
36055007000,1.1549554249998199e-10,1.044070588669343,1.1062043481866474e-10
36055007600,1.4425880800001219e-10,1.3034996069030378,1.1067038857246317e-10
36055007700,1.5807910149997906e-10,1.428505052480177,1.1066051269858752e-10
36055007802,2.391853835000458e-10,2.1617952480467584,1.1064201557300877e-10
36055007900,5.6503332500008046e-11,0.5103235122731266,1.1072061376973614e-10
36055006900,7.432387599996501e-11,0.6718032525790167,1.1063339707665842e-10
36055008000,5.379479949994656e-11,0.4859122617392616,1.1070887428811708e-10
36055008100,1.6868795400002056e-10,1.5234261880549298,1.1072932533436153e-10
36055008200,7.85594395000155e-11,0.7095285476412003,1.1072061830518765e-10
36029014208,3.802098224499923e-09,34.475473341133586,1.1028414858523612e-10
36055008301,1.7945681400000062e-10,1.6208788959892324,1.1071574467657994e-10
36055008400,6.991792550000584e-11,0.6315428542923469,1.107097088104178e-10
36055008500,3.1156407999997843e-10,2.8108424946526775,1.108436636320588e-10
36055011901,8.686587850000095e-10,7.854520024191488,1.1059349041374755e-10
36055012000,1.3512471949999037e-10,1.2218113028556683,1.1059377105463933e-10
36055012202,6.957894059999674e-10,6.293763316516502,1.1055220398486097e-10
36055012301,1.0225251289999306e-09,9.249322000421849,1.105513603000625e-10
36029014207,5.500927399999658e-10,4.992834815182262,1.1017643490372207e-10
36081085700,1.4131923999997426e-11,0.1325202556067671,1.0663972790643926e-10
36081062300,1.6692892000001158e-11,0.15665770422163122,1.0655647025431266e-10
36081045900,1.4593786500000242e-11,0.13688596363085687,1.0661273159719721e-10
36081111300,8.919081250001501e-11,0.8362474957028546,1.066559995196773e-10
36081140300,3.99128225000178e-11,0.3743265636484601,1.066256749480942e-10
36081005200,1.3913909500002134e-11,0.1306231397057344,1.0651948446000575e-10
36081019800,2.2129779499994967e-11,0.2077192871253175,1.0653695093149448e-10
36081071900,1.7691631000001338e-11,0.16595581318409847,1.0660446693949563e-10
36081026400,2.710850949999297e-11,0.2544504124294082,1.065374948351229e-10
36081014100,1.8245556500002587e-11,0.17107010352818655,1.0665543612649033e-10
36081001400,2.2769668500013544e-11,0.2137153484494572,1.0654203671009842e-10
36081052600,1.945250449998864e-11,0.18257515927119464,1.065451870760477e-10
36081009700,2.1526569999996836e-11,0.20180417506518714,1.0667058792536521e-10
36081115900,3.295666950002271e-11,0.30899381287196587,1.0665802397046241e-10
36029014206,2.262395599500158e-09,20.534763429006603,1.1017393053111032e-10
36071012601,1.0169831045000111e-09,9.433675540333116,1.0780348551865714e-10
36071011602,1.1633608003000087e-08,107.94616340884717,1.0777231571387749e-10
36055010100,3.5872826100000704e-10,3.2366732543657415,1.1083239882683291e-10
36055010200,4.997353845000414e-10,4.509817299219333,1.1081056090377487e-10
36071013202,8.41499147000067e-10,7.811869442523632,1.077205850906054e-10
36055010300,2.4879086800002387e-10,2.245839496183916,1.1077856116733372e-10
36055010400,2.619220924999531e-10,2.364892677686038,1.107543251206792e-10
36055010500,6.950353189999911e-10,6.273785749273988,1.1078403802367999e-10
36055010601,2.509164965000462e-10,2.2654907532898707,1.107559128792177e-10
36055010602,3.426262489999853e-10,3.0935815723284312,1.1075390804778503e-10
36055010700,3.1589732949994193e-10,2.8511654940033533,1.1079585880382797e-10
36055010800,4.386622974999368e-10,3.960250203506142,1.1076630893461589e-10
36055010901,1.8388961250000437e-10,1.6606376872198987,1.1073433652337317e-10
36119000803,8.778568800001579e-11,0.8208109600660983,1.0694994617633587e-10
36119011101,9.998135095000692e-10,9.334162228845148,1.0711336325507269e-10
36119012700,4.673433981999967e-09,43.53621605191181,1.0734589281777378e-10
36119002900,3.942470300002822e-11,0.36888421894952195,1.0687554786783408e-10
36119003100,3.087928249999876e-11,0.28891677919219916,1.0687950553213323e-10
36119008403,1.3755196849997702e-10,1.2857884799378456,1.0697869101038005e-10
36119014809,2.1275925829999856e-09,19.803710416798303,1.0743403827977994e-10
36119011800,3.563321886000013e-09,33.23222780268906,1.0722488745433067e-10
36119014604,1.026302041999989e-09,9.553812270902544,1.0742330002921804e-10
36119006900,7.433081684999734e-10,6.9497276586568955,1.0695500672951912e-10
36055011603,2.5498054199998046e-10,2.3050320637558666,1.1061908682715239e-10
36055011605,4.718545484999465e-10,4.264779954250597,1.1063983454284932e-10
36055011705,5.443201909999735e-10,4.925678571147846,1.105066404836743e-10
36119005800,6.203417249998951e-11,0.580456038154388,1.0687143973423504e-10
36119014805,4.509153136999957e-09,41.97691149985823,1.074198404762386e-10
36081026700,2.2368990000005733e-11,0.20979867166353539,1.0662121844069632e-10
36081010400,1.9863890000017025e-11,0.18647517373540223,1.0652297355251572e-10
36081012601,1.6001116000005455e-11,0.15018926394898888,1.0653967919731043e-10
36081036100,1.6783670000002157e-11,0.1573768481596137,1.0664637267979808e-10
36081040000,2.091517099998705e-11,0.19630022604117114,1.0654685132965866e-10
36081045200,2.322205100000541e-11,0.21789846466642915,1.0657280690598252e-10
36081048000,2.453854450000373e-11,0.23025732485027361,1.0657009289915135e-10
36081051200,4.004666199998754e-11,0.37579167612968367,1.0656612305102695e-10
36081053200,2.0223286499984134e-11,0.18980097369635984,1.0654996181598616e-10
36081059000,1.6899022000020207e-11,0.15859938811478727,1.0655162167327806e-10
36081060300,1.932861849999957e-11,0.18136739948699526,1.0657162508075497e-10
36081063200,3.1611693000001075e-11,0.2967878382294765,1.0651276409634716e-10
36081066701,2.692655799999189e-11,0.2526319153250514,1.0658415016703872e-10
36081070300,2.568975500000572e-11,0.24104785517709157,1.0657533119774963e-10
36081076901,1.929299750000269e-11,0.18102611695632112,1.065757683166667e-10
36081085300,2.081885800000765e-11,0.19522587941304284,1.0663984745567889e-10
36081097202,1.817697964999173e-10,1.7087398759894918,1.063765170193963e-10
36119003200,3.14782154999946e-11,0.2945186285283686,1.0688021894330723e-10
36119005001,1.173665609999861e-10,1.097001331520509,1.0698853103241824e-10
36081041300,1.6931604499988328e-11,0.1588028480712846,1.0662028235405415e-10
36081065501,8.654643149997688e-11,0.8120852146363631,1.0657309102558995e-10
36081077904,4.1111454999972865e-11,0.3857233800569136,1.0658274070373142e-10
36081114700,3.289715599998346e-11,0.308437522255682,1.0665743830192318e-10
36081001600,1.6139880500025372e-11,0.151500412338005,1.0653357473388581e-10
36081014201,2.2473087500008798e-11,0.2109133216608255,1.0655129473589289e-10
36081113300,2.7071061500004225e-11,0.2538286158342388,1.0665094402785071e-10
36081115700,3.355650399999506e-11,0.31462267149733186,1.0665634437688523e-10
36081118500,1.6538226499991705e-11,0.15507953662097632,1.0664351248619038e-10
36021000300,1.5169577864500296e-08,138.67572911768556,1.093888451931398e-10
36021001800,1.11630136705e-08,102.64647937629798,1.0875203648803997e-10
36021000500,7.576121289000081e-09,69.28104989362177,1.0935344225632993e-10
36021002000,3.926387210000017e-09,36.05749549199101,1.0889239966409024e-10
36021001200,2.671195184999929e-10,2.44837267190067,1.0910084137339605e-10
36021001400,1.0985221976000124e-08,100.87142642458817,1.0890320842456526e-10
36021001100,5.78637522999991e-09,53.06100167422668,1.0905137572648815e-10
36021000100,1.01909980895001e-08,93.09846559608063,1.0946472666601213e-10
36081118700,1.9967411499983423e-11,0.1872344343766593,1.0664390642917213e-10
36081121100,1.0938483500003639e-10,1.0259205712582136,1.0662115378570118e-10
36081137700,7.99346024999724e-11,0.7496864116809301,1.0662405140936838e-10
36081145900,3.9709193000004786e-11,0.37238330261446084,1.0663526726684858e-10
36081157102,3.4118101999998265e-11,0.32004227999533646,1.0660498356809425e-10
36027200001,1.5968705629000123e-08,147.4248540393652,1.0831759497442799e-10
36055011100,2.764882094999936e-10,2.497667733305879,1.1069855522136948e-10
36055011201,8.178361150000841e-10,7.382280919840739,1.107836621066606e-10
36055011203,4.0737100299998553e-10,3.676166701450543,1.1081407239754524e-10
36055011205,9.659697374999943e-10,8.719164628094571,1.1078695938226492e-10
36055011302,1.7035768934999141e-09,15.372518046515628,1.1081963854880957e-10
36081000400,2.3957103000015176e-11,0.2248785548939949,1.0653351544040414e-10
36021000200,1.0458335341000171e-08,95.65195864673251,1.0933738826640776e-10
36021000600,3.7204029455000707e-09,34.067891069311806,1.0920555481203214e-10
36021000800,1.3805221232999904e-08,126.42604342108024,1.0919602369441884e-10
36021000900,1.3524812365999972e-08,124.02881408337491,1.0904572833300086e-10
36081000600,2.282737099999016e-11,0.2142861189152627,1.065275301804174e-10
36081000800,2.0221907999993016e-11,0.18982407418857422,1.0652973331456501e-10
36081001000,1.7179401999998087e-11,0.16125564935218475,1.0653519469868628e-10
36081001200,2.4201543499982284e-11,0.2271578060795382,1.0654066403295087e-10
36081001800,1.890858849997594e-11,0.17748799208297408,1.0653446623665865e-10
36081002200,1.5714001000003434e-11,0.1474892819895109,1.0654334191633653e-10
36081002400,1.511876250000367e-11,0.14189976788235809,1.0654536455998906e-10
36081002500,2.243928999999189e-11,0.21042815598405792,1.0663634766486236e-10
36081002600,1.5772100499970278e-11,0.14803191044622582,1.0654527427516827e-10
36081002800,2.3975643499977805e-11,0.2250434119287033,1.0653785993776882e-10
36081003000,1.2016175500004679e-11,0.11278923195372424,1.0653654867456442e-10
36081003100,1.7590380499992682e-11,0.1649609754586475,1.0663358682916038e-10
36081003200,1.7253785000000587e-11,0.16196207935834891,1.0652978196103395e-10
36021001300,3.9114100699995986e-10,3.5856231292476375,1.0908592255818921e-10
36021001500,1.1320032377500072e-08,103.9574876649971,1.0889097679985173e-10
36081056400,1.995704599999073e-11,0.18724299196263808,1.0658367392448471e-10
36081052000,1.834945000000507e-11,0.17221196687645052,1.0655153839087998e-10
36081027600,1.690969700000145e-11,0.15873152405701588,1.0653017477440422e-10
36081046000,2.3579046999999247e-11,0.2212689945781969,1.0656281529614112e-10
36081010800,1.678737850000232e-11,0.1575808652358569,1.0653183351212123e-10
36081092500,3.3329222000014857e-11,0.3124226555982052,1.0667991390124502e-10
36081066900,1.7063977000010578e-11,0.1600943634632376,1.0658699426309891e-10
36081023200,3.5216499999981005e-11,0.3304699168606354,1.0656491923539406e-10
36081085900,1.5592064500013368e-11,0.1462172064163786,1.066363178599671e-10
36081005100,1.4622461000011215e-11,0.13712305647464504,1.066375077681776e-10
36081124700,5.153346600004478e-11,0.48345549746328637,1.0659402213945913e-10
36081015300,1.2970703999982834e-11,0.12162929589194003,1.0664128164900738e-10
36081015100,1.4230915499993231e-11,0.13344238205195633,1.0664464528557627e-10
36081011400,1.2693796999985388e-11,0.11915623062457513,1.0653070287175887e-10
36081042600,5.557886649999313e-11,0.521709164774764,1.065322793859449e-10
36081038400,3.169756050000108e-11,0.29751978919333344,1.065393350336218e-10
36081061601,4.049979199998774e-11,0.3802041194809003,1.065211814519076e-10
36081005500,1.7697736000001802e-11,0.1659662004127865,1.0663457954682633e-10
36081028300,1.8949871499967795e-11,0.1777154026062488,1.0663043957958815e-10
36081054900,1.7504589999989548e-11,0.16428032852010113,1.0655317138501893e-10
36081024700,1.0407874500003996e-11,0.0976198327061612,1.0661639352868006e-10
36081016100,1.1483453000011314e-11,0.10768775507046673,1.0663657156282052e-10
36081017800,2.009938950001813e-11,0.18870247006087149,1.0651365344361675e-10
36081004002,1.3945162000000905e-11,0.13091511003205816,1.0652064529897311e-10
36081052500,2.1540308500001943e-11,0.2021055360729218,1.0657950751151108e-10
36081045700,1.604649449997716e-11,0.15051707182175278,1.0660913280973165e-10
36081062500,2.118114750000328e-11,0.19877914635661564,1.0655618503363365e-10
36081012800,1.6967708500036757e-11,0.15925085768157693,1.0654704625807288e-10
36081000200,1.6683522500016103e-11,0.15659523298560207,1.0653914670282489e-10
36081005900,2.0284473000001093e-11,0.1902075225572282,1.0664390517939717e-10
36081014300,1.4558906500008987e-11,0.13650585502060716,1.0665408086569729e-10
36081056000,2.2750810500008038e-11,0.21344231581961515,1.0658997215545231e-10
36081058300,1.5249183500006226e-11,0.14311397539768683,1.0655272105768575e-10
36081072100,1.8156819000015653e-11,0.17032833321986374,1.0659893546059899e-10
36081007300,1.509815900000715e-11,0.14156001830597298,1.0665553155957806e-10
36081004401,2.7966001500007684e-11,0.26255751363526286,1.0651381144192744e-10
36081033401,5.971926649998687e-11,0.5606548284618821,1.0651699310932997e-10
36081061200,2.7964102000014097e-11,0.26249621073678925,1.0653145019321563e-10
36081028500,1.6858760500020898e-11,0.15810389207973044,1.066309012273978e-10
36081133900,2.411311700001681e-11,0.2262128498096331,1.065948155478742e-10
36081023800,1.6696299500026936e-11,0.156687704710661,1.0655781531076906e-10
36081074100,1.835520400001088e-11,0.17219684503535249,1.0659431069275691e-10
36081118900,2.1578399500020297e-11,0.20235045379645358,1.0663875022354154e-10
36081013000,1.9998554499990195e-11,0.18769136350013577,1.0655021161895778e-10
36081099701,1.0401750549999808e-10,0.9750658104237729,1.0667742052691918e-10
36081011900,1.1890092500022163e-11,0.11147440780183894,1.0666208266527358e-10
36081035100,1.4849126000003934e-11,0.13924148529746064,1.0664297330843497e-10
36081050400,2.304876400000064e-11,0.2163029198122412,1.0655780338059147e-10
36081043200,2.5394961999987357e-11,0.2383694538470291,1.0653614206912722e-10
36081055600,2.4185626000014745e-11,0.22690335422663854,1.0658998886308813e-10
36081025900,1.9959352499997304e-11,0.18718981745834976,1.0662627257723736e-10
36081091900,8.300661400003601e-11,0.7781538509274778,1.0667121148485075e-10
36081036300,1.4385455000006186e-11,0.13489246258560034,1.0664387560481694e-10
36081037700,1.5656342499998978e-11,0.14681830663582746,1.0663753627695381e-10
36081068300,2.605329299999809e-11,0.2443912849853672,1.0660483659046197e-10
36119005200,3.626128305000279e-10,3.391033429509006,1.0693283862805542e-10
36119010701,9.291102035000303e-10,8.681794670161647,1.0701821902023065e-10
36119002101,1.1902782099996575e-10,1.112512479185769,1.0699009964102192e-10
36119014606,4.204521355499947e-09,39.14057121196915,1.0742105251172747e-10
36119013201,1.3768828790000715e-09,12.838885591041917,1.0724317692812566e-10
36119002800,2.96777820000079e-11,0.2777051634582223,1.068679517169748e-10
36119012101,1.3818433684999367e-09,12.88882150842774,1.0721254597221143e-10
36119001101,1.879475700000135e-11,0.1757830224913285,1.0692020613611028e-10
36119012502,4.106329880000053e-09,38.20689833202071,1.0747613806061276e-10
36119011902,8.160964580000101e-10,7.615744781241835,1.0715911331615503e-10
36119006802,5.327639404999457e-10,4.981362161804516,1.0695145688964522e-10
36119007000,7.203895230000697e-10,6.740092958343737,1.0688124443569888e-10
36119013102,2.198527973000013e-09,20.491054560142043,1.0729208526321804e-10
36119013700,8.31595846999936e-10,7.749239922325545,1.0731321462949031e-10
36119011700,9.480154605000795e-10,8.844627399836678,1.0718546046581739e-10
36119014808,1.0444058189999702e-09,9.716400004503663,1.0748896901279033e-10
36119012600,3.3610479185000713e-09,31.284904953291544,1.0743353459178239e-10
36119002700,3.669533849999176e-11,0.3433631453635602,1.0687034702323092e-10
36119014703,7.507899825000192e-10,6.98132062112213,1.0754268758671368e-10
36119013000,6.983619015000171e-10,6.505601492029975,1.0734778365314592e-10
36119008302,8.49762214499951e-10,7.935845925682523,1.0707897084416583e-10
36119002203,3.751269950004046e-11,0.3507669126763852,1.0694480620710478e-10
36119005600,5.3768119500002115e-11,0.5032570674961389,1.0684026707764942e-10
36061025700,1.5374573000000104e-11,0.14406326008481707,1.0672098487114858e-10
36061024200,5.157356649999451e-11,0.48327478362998627,1.0671685808353952e-10
36061008603,2.8880144000016864e-11,0.2708349588126529,1.0663373785506909e-10
36119003300,6.674305350000462e-11,0.6244872456948984,1.0687656787247313e-10
36119003400,7.314911500002239e-11,0.6844181280715074,1.0687781635202368e-10
36089491900,2.6185018449999665e-10,2.3105598945164925,1.1332759004491913e-10
36089490700,5.4905530034999743e-08,482.6682858004687,1.1375416958241433e-10
36089490100,8.171188465500033e-09,71.6262075639369,1.1408098716110369e-10
36089491700,2.0912709624500183e-08,184.4135713594871,1.1340114217371745e-10
36089491300,3.3505021494000194e-08,295.04271927401135,1.1355989931371089e-10
36089491000,1.7529767969000058e-08,154.39529238964604,1.1353822838561901e-10
36043010702,6.170150634999201e-10,5.585564528114723,1.1046601653139957e-10
36071000502,2.0881683200002457e-10,1.9366477134429485,1.0782386003946612e-10
36071010802,1.4972095140000456e-09,13.876932122978985,1.0789196781620036e-10
36023970300,3.812663289999747e-10,3.4736543158039623,1.0975943324738467e-10
36047000502,1.03132415000145e-11,0.09679972692149826,1.0654205159461076e-10
36119003500,3.8006300000001367e-11,0.35558325906336324,1.0688439073344795e-10
36119003600,4.133899049998332e-11,0.3867483462602318,1.0688860314393564e-10
36119003700,6.46726505000007e-11,0.6050011513512877,1.0689673954430076e-10
36119003800,2.681245149999896e-11,0.2508074653039216,1.069045192395225e-10
36119003900,5.201223100000436e-11,0.48654750378962947,1.0690062243643347e-10
36119004100,8.253266650001564e-11,0.7721270882907821,1.0689000263248624e-10
36047035602,1.8162611999996223e-11,0.17076863512002333,1.0635800881836868e-10
36047037401,2.3989480999986507e-11,0.2255203684142767,1.0637389947819825e-10
36047037402,3.207116650001938e-11,0.30150027529536616,1.0637193106573687e-10
36047050803,5.9716910000046676e-12,0.056084195849674535,1.0647725102470774e-10
36047050804,1.0977927500000384e-11,0.10310294792530024,1.0647539882132246e-10
36047051002,1.1399280999994228e-11,0.10706652328618003,1.0646914320291213e-10
36119012303,3.2645707915000036e-09,30.447558597518466,1.0721946001168292e-10
36119004200,6.919861550000209e-11,0.6473197244861448,1.0690021156845378e-10
36119004500,3.126893000002388e-11,0.29246556242866845,1.0691491244426525e-10
36119004600,7.480930100001312e-11,0.6995971185017598,1.0693197416281947e-10
36119004700,1.9450810399997743e-10,1.8190541785147194,1.0692815326632863e-10
36119013304,4.2136086549994854e-10,3.928405487668806,1.0726002364638598e-10
36119014100,6.276463119999576e-10,5.839745114374889,1.0747837443366628e-10
36119014605,5.930292315001034e-10,5.521933306651296,1.0739521804542368e-10
36119012400,6.4201350170000445e-09,59.797305728695235,1.0736495463739902e-10
36119000101,2.735815300002081e-11,0.2559030015213262,1.0690829274130596e-10
36119000103,3.7502802499993737e-11,0.35077858418283103,1.0691303343777315e-10
36119000104,1.0268931500001411e-10,0.9604902998185461,1.069134326701831e-10
36119000202,9.976625050001268e-11,0.933269129357446,1.0689976488207806e-10
36119000203,6.965622350002097e-11,0.6516525660287387,1.0689165842546386e-10
36119000300,4.125032449997634e-11,0.38581737458361737,1.0691671038530756e-10
36119000401,1.0041230199998435e-10,0.9390809364929252,1.0692614246327087e-10
36083052002,5.641752686500018e-09,51.3029232233164,1.0996941951907971e-10
36083051901,1.1988863353999972e-08,108.7765153837895,1.1021554893260187e-10
36083052601,1.2657603623000028e-08,115.49589203906429,1.0959353964484585e-10
36083040300,1.43116785499929e-10,1.3014256901189423,1.0996923342342276e-10
36083051701,1.7566756361000048e-08,159.41067022651072,1.1019812121760101e-10
36083040200,1.5335242100002354e-10,1.3942448508892193,1.0998959106947296e-10
36083051500,4.6003876150006444e-10,4.191800466161519,1.0974729479939377e-10
36083040100,2.1823181250001496e-10,1.9836401673122257,1.1001582650734113e-10
36083052501,9.449218799000103e-09,86.25402752734014,1.095510443962163e-10
36083052502,8.319505903000067e-09,75.91472593597088,1.0959014605436405e-10
36083052301,2.750929027000005e-09,25.05456711579552,1.097975077472281e-10
36083052004,3.523582297000046e-09,32.05694276629446,1.0991635486540645e-10
36047065200,1.8592102500013515e-11,0.17471153905177955,1.0641599633841782e-10
36047068800,1.6698608500002797e-11,0.1569128216320839,1.0641965599953523e-10
36047069200,1.9393174999998592e-11,0.1822156885363963,1.0642977646858845e-10
36047069800,6.60788624999834e-11,0.620970719629852,1.0641220336342375e-10
36047065800,1.6318707500012642e-11,0.1533636377045252,1.064053236103641e-10
36047066000,1.6207342999991068e-11,0.15231486858039134,1.0640683441509769e-10
36047066200,2.462931850003381e-11,0.23146263258812763,1.0640732037235592e-10
36047066600,1.0484665644998766e-09,9.856774468654198,1.0637014855459402e-10
36047067200,1.8542516999981938e-11,0.17423568083289884,1.0642204232418494e-10
36047067400,2.0136299500015704e-11,0.18920869543017865,1.0642375316966526e-10
36047067600,1.6536843000019625e-11,0.1553750361008671,1.0643178862583923e-10
36047068000,1.7971073500008524e-11,0.1688595365483851,1.0642616856205266e-10
36047068200,2.152083449998083e-11,0.20222784430101864,1.0641875046616628e-10
36047070000,2.148637149999796e-11,0.20189394556231222,1.0642405070718894e-10
36047070201,1.3322473950004995e-10,1.2520363052147463,1.064064507915364e-10
36047070202,7.33751733000019e-10,6.897672417022555,1.063767150189991e-10
36047070203,2.365981726999774e-09,22.233635954963344,1.0641452130422249e-10
36047072000,1.6841351000007006e-11,0.15822706818662569,1.0643786295871302e-10
36047072200,2.7374213999988556e-11,0.257172880230747,1.0644284877716183e-10
36047072400,2.0458158999978968e-11,0.19219260509401062,1.0644612986005316e-10
36047072600,2.928972150002358e-11,0.27516686400194407,1.0644349059346277e-10
36047073200,1.7022282999994784e-11,0.15992909599123914,1.0643643606243644e-10
36029015202,4.891092068999837e-09,44.546953636174145,1.0979633105658764e-10
36029015501,4.0270802899990246e-10,3.6690930463367146,1.0975683197840214e-10
36029008500,5.7709073999984066e-11,0.523096174694652,1.1032211052522168e-10
36029011400,8.824374000000092e-11,0.8012703878302331,1.1012979056789668e-10
36047022000,2.0680924999995568e-11,0.19427941394538675,1.0644938946443968e-10
36047022400,1.8689830999996182e-11,0.17556341702460512,1.0645629548994715e-10
36047022600,1.662675999999218e-11,0.15618029998049,1.0645875313384077e-10
36047022700,2.5638737499990875e-11,0.24069247350130693,1.0652072799381348e-10
36047022800,1.7817630000020458e-11,0.16737370494805603,1.0645417693030162e-10
36047023000,1.6067799499979642e-11,0.15093952077757566,1.0645190482390054e-10
36047023100,1.698190500001028e-11,0.15941349226654944,1.0652740090290136e-10
36047023300,1.830629949998976e-11,0.17183817620283162,1.0653220317225469e-10
36047023400,1.807287450001635e-11,0.1697848001135678,1.0644577422671251e-10
36047023500,1.5083014999968932e-11,0.1415740994582148,1.0653795473670408e-10
36047023600,1.807946950001984e-11,0.16985096578916478,1.0644313628726611e-10
36047022100,1.6198352000004606e-11,0.15207962230925412,1.065123108148259e-10
36047024000,1.8067933000049005e-11,0.16975107175472262,1.0643781399009835e-10
36047024200,2.0376563999994435e-11,0.19144932312944232,1.0643319948547153e-10
36047024400,1.6525854999987694e-11,0.1552790576284454,1.0642681152490676e-10
36047024500,1.7773293499976256e-11,0.16684992513867797,1.0652263394906478e-10
36047024600,1.839817299998276e-11,0.17288072590722156,1.0642119243446693e-10
36047024800,1.873397550000456e-11,0.176027939731639,1.064261476250031e-10
36047024900,1.7948625499983384e-11,0.16849555826539955,1.0652284063009109e-10
36047025000,1.8466273000016035e-11,0.1735068497533606,1.0642964831801039e-10
36047025100,1.475322449999955e-11,0.13848810998953381,1.065306220231796e-10
36047025200,1.929191450000153e-11,0.1812747396719682,1.064236227006138e-10
36047025300,1.724102149997137e-11,0.1618293940492291,1.0653825654643796e-10
36047025600,1.8439765499990917e-11,0.17327964096400458,1.0641622638069416e-10
36047025700,1.929844549999197e-11,0.18112613811663109,1.0654699371752341e-10
36047025901,8.54671000000459e-12,0.08021916913376019,1.0654199105145944e-10
36047026000,1.7331915499997797e-11,0.1628645887417117,1.0641917702248108e-10
36083041400,5.41834760500002e-10,4.926912309065038,1.0997450868022938e-10
36083051702,4.5558025149994844e-10,4.1334754584933595,1.1021723875578693e-10
36083051800,1.8502675250000096e-08,167.97185501235165,1.1015342569527209e-10
36047035000,2.1119570999992483e-11,0.19857146434477765,1.0635753263783552e-10
36047035200,2.5438735199998166e-10,2.391586725434235,1.063676049438655e-10
36047035400,4.0212785500008076e-11,0.3780763559955204,1.0636154539239299e-10
36047035500,1.473937899998219e-11,0.13840612409634587,1.0649369091299719e-10
36047035900,1.9551383499985757e-11,0.1835756705162017,1.0650312998998539e-10
36047073400,1.6083113500009947e-11,0.15110557554420942,1.0643626776898422e-10
36047075600,1.846875699998204e-11,0.17354735054489026,1.0641912389901255e-10
36047073600,1.8946335999995503e-11,0.17801628618602217,1.0643035199710379e-10
36047074000,1.728382149998017e-11,0.16238756121095446,1.0643562457057349e-10
36047074400,1.8100566000024115e-11,0.17007385517144064,1.0642768097294017e-10
36047074600,2.1501314499992028e-11,0.2020385127551649,1.064218608956394e-10
36047074800,1.878948000000228e-11,0.1765480915678854,1.0642697880864626e-10
36047075800,2.1843414000021228e-11,0.20525966119736083,1.0641844516647816e-10
36047076000,1.9325024499995008e-11,0.18158156264202818,1.0642613830839514e-10
36047076200,2.0013860999981598e-11,0.18804191045494031,1.0643298056034926e-10
36047076600,8.790027000013531e-12,0.08257831724387463,1.0644473384041432e-10
36047077000,1.738111499999905e-11,0.16328064769174075,1.0644932663920491e-10
36047095800,2.4950841000008888e-11,0.23437525385274657,1.064568062961332e-10
36047096000,4.512895249998989e-11,0.423886529656049,1.0646470067498613e-10
36047096200,1.9067460500008937e-11,0.17909901212551457,1.0646323658472359e-10
36047096400,1.8798752499989395e-11,0.17658292974322426,1.0645849249032935e-10
36047096800,1.5864959500005335e-11,0.14902006717552255,1.0646190006959848e-10
36047097000,1.7402075999991016e-11,0.16345065135844336,1.0646685011874735e-10
36047097400,2.6866854000035804e-11,0.25235077895919394,1.0646630103876269e-10
36047098400,1.2011496500012686e-11,0.1128201836352809,1.0646584780293226e-10
36047098600,1.660506499997002e-11,0.15596994970428374,1.0646323238196159e-10
36047099000,1.7428951000023407e-11,0.16372211570758904,1.0645446966463504e-10
36047099400,1.8518886499976982e-11,0.17396991055605876,1.0644879014299196e-10
36047099800,5.2124115500064065e-11,0.4897023205610104,1.0644040943148869e-10
36047100400,1.4055962000005431e-11,0.13205463719782254,1.0644050294840537e-10
36047100800,1.5849664000009385e-11,0.1488982441893688,1.0644627870730148e-10
36047101000,1.8239346000023824e-11,0.17134338994239187,1.0644907869603931e-10
36047101200,1.7113661499998042e-11,0.1607597311572724,1.0645490246096284e-10
36047101400,1.6496029499972474e-11,0.15495314548607758,1.0645817771704821e-10
36047101600,1.1968064500018675e-11,0.11241780081391436,1.0646058198407084e-10
36085027706,4.6661543499959817e-11,0.43863696314949796,1.063785029992022e-10
36085018100,5.563236560000671e-10,5.2298059739493805,1.0637558233923341e-10
36047026200,1.6799638999990062e-11,0.15785851527940728,1.0642212724638227e-10
36047026300,1.2741898999995569e-11,0.11960500051830937,1.0653316286759276e-10
36047026400,2.016129249999712e-11,0.1894575654402508,1.0641587446322054e-10
36047026600,1.7653524499978468e-11,0.16589718030150954,1.0641244455086036e-10
36047026700,1.6997381500007506e-11,0.1595630976786765,1.0652451442272911e-10
36047027000,1.4258324000010558e-11,0.13400449422522678,1.0640183437464429e-10
36047027200,1.4061249000000892e-11,0.13214780546058572,1.0640546735522435e-10
36047027400,1.7383514500000235e-11,0.16336383211975247,1.0640981099939794e-10
36047027500,1.7265198499994154e-11,0.16207741532135206,1.0652439431960536e-10
36047027600,1.5897125499995838e-11,0.14939563741699094,1.0640956974951023e-10
36047027700,1.7269136499987888e-11,0.16210736249689384,1.0652900789943322e-10
36047027800,1.7074838500003406e-11,0.16047263679206103,1.064034270349083e-10
36047028100,1.7252659500001398e-11,0.161938670610096,1.0653823101673522e-10
36047028400,1.7477117499989813e-11,0.16425648848533927,1.0640138274689668e-10
36047028502,1.2770513000002711e-11,0.11985951318200531,1.0654567719302207e-10
36047028600,2.498068700000709e-11,0.23480153321379746,1.063906468500827e-10
36047028700,1.585467850003054e-11,0.1488100726609368,1.0654304655945815e-10
36047028800,1.6258699500012892e-11,0.15280785380819473,1.0639963257661417e-10
36047029000,1.6460861500003487e-11,0.1547109262531378,1.0639753699793802e-10
36047029100,1.754034099999633e-11,0.16464443740030357,1.0653467117962887e-10
36047029200,3.162314849999796e-11,0.2972442465169804,1.0638775643447636e-10
36047029300,1.7520011000012538e-11,0.16446072828429886,1.0653005846919371e-10
36047029700,2.1896537500003342e-11,0.20556238164601623,1.0652015862372012e-10
36047029800,2.3494730499988528e-11,0.22082773020092183,1.0639393195144316e-10
36047029900,1.5148439499984918e-11,0.14221837618010236,1.0651534567376338e-10
36047030000,2.0751258000016268e-11,0.1950516674615004,1.0638851884776726e-10
36047037000,3.5766201500009206e-11,0.3362317267125683,1.0637366630955791e-10
36047037100,2.016892749998678e-11,0.18934637012809274,1.0651869104405069e-10
36047037300,1.81953019999991e-11,0.17080843272386645,1.0652461186980223e-10
36047036001,1.0083771499990318e-11,0.09481255764991114,1.0635480942539226e-10
36047037500,1.6917954500007758e-11,0.15880881409473144,1.0653032450652259e-10
36047037700,2.026131299999462e-11,0.19020288517547326,1.0652474057531974e-10
36047037900,1.9574014499999303e-11,0.18376076239263298,1.0651901007123831e-10
36047036200,1.819892100000276e-11,0.1711094141222946,1.0635838532528492e-10
36047036400,1.5236325500025593e-11,0.14325031805218846,1.0636154744504474e-10
36047036501,1.3457148499994815e-11,0.1263456556825212,1.0651057551048422e-10
36047036502,1.3000036500008196e-11,0.1220546938505596,1.0650992673764012e-10
36047036600,2.4904891999969962e-11,0.23414391945419546,1.0636574316354176e-10
36047036900,2.415121450002422e-11,0.22673423767904635,1.0651772201343263e-10
36047038200,2.483207200000896e-11,0.23342937526639732,1.0637937908058821e-10
36047038600,2.6721327000019147e-11,0.25118581114087196,1.0638071823664071e-10
36047038700,2.0057975999990805e-11,0.1882759866963382,1.0653496684280511e-10
36047038800,2.10563465000108e-11,0.19793229178012692,1.0638156265780645e-10
36047038900,1.7359907500002727e-11,0.16292910953674603,1.0654883924279646e-10
36047039000,1.849434399998556e-11,0.1738490935647695,1.0638159578954191e-10
36047039100,1.7705739000002522e-11,0.16617396787940297,1.0654941460416992e-10
36047039300,2.020072049998685e-11,0.1896017653527598,1.0654289247994501e-10
36047077200,4.303811799996957e-11,0.40433307192978785,1.064422402910517e-10
36047077400,1.5728297000012378e-11,0.14776467057075354,1.0644152583469716e-10
36047077600,1.9855845999988448e-11,0.18654295550771383,1.0644114620113531e-10
36047078200,1.7916378000010043e-11,0.16830472519788925,1.0645202016131355e-10
36047058400,2.0023904500017178e-11,0.1882240935342432,1.0638332279376483e-10
36047007700,4.1478717500023815e-11,0.3894219672686464,1.0651355338516209e-10
36047046201,1.365739250000242e-11,0.12831565003076972,1.0643590627275329e-10
36047036700,1.9488612999991556e-11,0.182967147210021,1.0651427481470934e-10
36047003000,1.1729943999990862e-11,0.11018818570698996,1.0645373571339921e-10
36047030400,8.810653649997509e-11,0.8282429964623041,1.0637764143651903e-10
36047030600,2.060325849999769e-11,0.1936785395586716,1.0637863413750228e-10
36047030700,2.8434042000008423e-11,0.2669577308511841,1.0651140129693046e-10
36047030100,2.0710019999987267e-11,0.19443406564785648,1.0651435966727974e-10
36047030800,7.250060150001379e-11,0.681578636698201,1.0637158736551866e-10
36047031100,1.626271949999126e-11,0.15268323256847546,1.0651280580333368e-10
36047031500,1.919259649998672e-11,0.18018932941044427,1.065135020080399e-10
36047031701,1.4883676000017872e-11,0.13974152220952687,1.0650861508221911e-10
36047030200,2.2468332499994214e-11,0.21119642246952625,1.063859521732012e-10
36047031900,1.611801600000199e-11,0.15134632941926474,1.0649756794134938e-10
36047032300,1.8428902499996443e-11,0.17304588316302238,1.0649720272533162e-10
36047032700,1.885731700001764e-11,0.1770787494432339,1.0649113492899795e-10
36047032800,2.4763360499989542e-11,0.23283545115412027,1.0635562744952436e-10
36047033000,5.224368950000448e-11,0.4912065231910787,1.0635789028331318e-10
36047033100,1.5171573500008677e-11,0.14246514376153813,1.064932312524336e-10
36047033500,1.9242403499957317e-11,0.18068196457490557,1.0649875069285052e-10
36047033600,1.8867014350001824e-10,1.77396007561518,1.0635534930772924e-10
36047033900,1.9249460500008547e-11,0.18073845726054194,1.065045081814528e-10
36047034100,1.4886696000016468e-11,0.1397703781904653,1.0650823295140794e-10
36047034200,2.4456576999991305e-11,0.22995854928915657,1.0635211030679661e-10
36047034300,1.7270838499992292e-11,0.16215529678242027,1.0650801326068477e-10
36047034500,1.7423871000004328e-11,0.16359273437144678,1.0650760907536652e-10
36083040400,1.0973118300000664e-10,0.9980403361857096,1.099466414547683e-10
36083040500,9.158109100001334e-11,0.8329701333669823,1.0994522772362761e-10
36083040600,8.261678449998154e-11,0.7515847915322986,1.0992343835423546e-10
36083040800,3.930404349998544e-11,0.3576059791163141,1.0990879849691075e-10
36047040300,2.2399559000012048e-11,0.21027440202166792,1.0652537248782125e-10
36047040500,1.4806219499996007e-11,0.1389984388484237,1.0652076111546858e-10
36047041100,1.4368953500009163e-11,0.13488091303618724,1.0653066602651268e-10
36047041200,1.7590114999995734e-11,0.16532189791568325,1.0639918378487869e-10
36047039500,1.701636299999432e-11,0.15972012265925623,1.0653862967721792e-10
36047041300,1.7276057000009276e-11,0.16216517672458627,1.0653370439296052e-10
36047039600,1.7373521999985626e-11,0.16330271363794874,1.0638844641922912e-10
36047039700,1.6957302000004884e-11,0.159175171289778,1.0653233078125078e-10
36047039800,2.158567999998832e-11,0.202900557858907,1.06385513316324e-10
36047039900,1.611265750002199e-11,0.15124372306743802,1.0653438815994713e-10
36047040000,2.042672300002257e-11,0.19199986415544854,1.0638925756470595e-10
36047040200,2.1012209499994804e-11,0.19750847035121485,1.063863714939938e-10
36047041401,1.4376417499992557e-11,0.1351227908561307,1.0639520845376531e-10
36047041500,1.7332786999980393e-11,0.1626925625596721,1.0653705816221994e-10
36047041600,1.7295971999978812e-11,0.1625614781271126,1.0639649810796181e-10
36047041800,1.7483639000034012e-11,0.1643181926635204,1.0640111552246571e-10
36047041900,1.6302395999991962e-11,0.15301329925618845,1.0654234683677425e-10
36047042100,1.6340549500009118e-11,0.15336746671629115,1.0654508319053676e-10
36047042300,1.9416160999985944e-11,0.1822288168296118,1.0654824707631453e-10
36047042500,1.788438749999387e-11,0.1678464307008176,1.0655208707936353e-10
36047042600,1.8088952500023938e-11,0.17000646465216154,1.0640155677041159e-10
36047042700,1.579848850000233e-11,0.14826513703657282,1.0655565304003523e-10
36047042800,1.752448899997536e-11,0.16470145917397622,1.064015406291211e-10
36047042900,1.7915230000013762e-11,0.16813511701026793,1.0655257699032433e-10
36047043000,1.7028421499988276e-11,0.16003091421992724,1.0640707505167697e-10
36047043100,1.7922422999994088e-11,0.16820800188570892,1.0654917006963621e-10
36029009104,3.370830499999758e-10,3.054252335354165,1.1036516076229448e-10
36039080202,1.3972478512999985e-08,127.83096017457525,1.093043382754706e-10
36039080502,1.0537240276500006e-08,96.54258500701984,1.0914603411265421e-10
36039080402,4.34375998849996e-08,398.3760429429778,1.090366769148744e-10
36039081102,7.265170502500013e-09,66.6563988686068,1.0899434451628761e-10
36039081101,8.467240688000122e-09,77.65698737623987,1.0903385482850679e-10
36039080201,1.1067658152499938e-08,101.22690883806588,1.093351390409938e-10
36039080501,6.451140785999974e-09,59.07332951987308,1.0920564048839878e-10
36047039200,1.857518549998491e-11,0.17460142741417672,1.0638621788539112e-10
36047041402,1.6427058999998472e-11,0.15439479520073543,1.0639645577845376e-10
36047021200,2.0312077499993847e-11,0.19083324735992557,1.0643888201348778e-10
36047019400,1.8989799999993568e-11,0.17841990336567354,1.0643319294414012e-10
36047117602,1.5318779999985836e-11,0.14380036214084593,1.0652810446319868e-10
36047041700,1.503734449999482e-11,0.14114284248873188,1.0653990124363071e-10
36047089800,1.64377454999912e-11,0.15435779334088268,1.0649119260010537e-10
36047072800,2.2570184000007508e-11,0.21204823183136354,1.0643891630257493e-10
36047036002,9.149998500016551e-12,0.08603204191392948,1.0635570534488351e-10
36047098800,1.7240190000008792e-11,0.16194050427432388,1.0646002417532469e-10
36047059600,1.841240699997792e-11,0.17308355090432048,1.0637872232096846e-10
36047058200,1.7185800000017616e-11,0.16153535129432672,1.0639033414242619e-10
36047068600,1.5750155999982542e-11,0.14800572249673213,1.0641585834851957e-10
36047025400,1.867576850001386e-11,0.17549319426196108,1.0641876215516532e-10
36047032100,1.704983299998617e-11,0.16009590591936465,1.0649762029875794e-10
36047081600,1.9127480500001088e-11,0.17964022816683212,1.0647659878408399e-10
36047019500,1.4598336499988794e-11,0.1370269684329848,1.065362290863812e-10
36047044800,2.389491200001121e-11,0.2245318492745139,1.0642103593418124e-10
36047007400,1.5041228499996173e-11,0.14128749932746557,1.0645831068985617e-10
36047004600,8.698355850002952e-11,0.81723648177155,1.0643621575908169e-10
36083040900,1.1689312550001715e-10,1.0636635170487305,1.0989671416422362e-10
36083041000,3.1025517249998746e-10,2.8237320615536605,1.0987415439454986e-10
36083041200,2.955989400000078e-10,2.6899524834236463,1.0989002289876258e-10
36083041300,3.28012547999929e-10,2.9841836781311177,1.0991701027108055e-10
36047043200,1.5835691000034284e-11,0.14881854225671654,1.064093946889846e-10
36047043300,1.792577050000667e-11,0.16824461680526973,1.0654587849758294e-10
36047043400,1.4860898999976276e-11,0.13965911192047017,1.0640837390143878e-10
36047043500,1.791607049999348e-11,0.16815899028243758,1.0654244813138976e-10
36047043900,2.130972600002314e-11,0.20000537021173312,1.0654576913341814e-10
36047044000,2.144668899999939e-11,0.20154190888173146,1.0641304887404189e-10
36047044100,1.5132597499993234e-11,0.1420208600420628,1.065519353671803e-10
36047044200,1.945546900003236e-11,0.18283138351945552,1.0641208651118727e-10
36047044300,1.7876691000007832e-11,0.167769706941232,1.0655493966064955e-10
36047044400,1.8574488999989063e-11,0.17454373687984825,1.0641739046056575e-10
36047044500,1.8086988499988357e-11,0.16973896997093055,1.0655766618052372e-10
36047044600,1.5083939999992643e-11,0.1417442423508804,1.0641659759733412e-10
36047045000,2.345300200000536e-11,0.22036758448344534,1.0642673265662272e-10
36047045200,1.982851749998101e-11,0.18631579453687605,1.0642424357671138e-10
36047045300,3.4049181000025656e-11,0.3195304725968494,1.0656004331388261e-10
36047045400,1.4080848500039025e-11,0.1323114571824197,1.0642198944741086e-10
36047079400,2.365540949999472e-11,0.22218152005649167,1.064688435562963e-10
36047080400,2.020628099999843e-11,0.18975677352450468,1.06485163215473e-10
36047080600,1.7710247999998136e-11,0.16630991851114804,1.0648942744091951e-10
36047048200,2.0935277500002548e-11,0.1966774168456625,1.0644474508443927e-10
36047007800,1.470441050000988e-11,0.13811455344040788,1.0646532268849114e-10
36047028501,8.866928500001454e-12,0.08321918450264197,1.0654909145042096e-10
36047026100,2.124532449999992e-11,0.19941588313617986,1.0653777505521775e-10
36047067800,1.7691536999983112e-11,0.1662212765010126,1.0643364900326305e-10
36047075400,1.8460379499976056e-11,0.17345689754779167,1.0642632124150477e-10
36047018100,1.804346600002273e-11,0.16937369705945682,1.0653050806164291e-10
36047080200,1.9725354000032324e-11,0.1852439819426217,1.0648310294982831e-10
36047083800,1.7772369499990696e-11,0.16694230601134555,1.064581526673225e-10
36047055100,2.46805039999845e-11,0.23158585827096712,1.0657172326605137e-10
36047019300,2.873619200003431e-11,0.2697321936950075,1.0653601116864453e-10
36047086800,1.8588856500004452e-11,0.17457950649887152,1.0647788433360367e-10
36047099600,2.0191712500016505e-11,0.189691477907152,1.0644501652256467e-10
36047042000,1.7945611000006417e-11,0.16865045373848866,1.0640713144972078e-10
36047020200,1.434946899999857e-11,0.13482899075704666,1.064271780084404e-10
36047065400,1.612411499997058e-11,0.1515239901554441,1.0641295139752664e-10
36047040400,1.634876500002333e-11,0.15365951528170876,1.0639604693565922e-10
36047004100,1.7258681500012303e-11,0.1620096170969712,1.0652874693038798e-10
36047032900,1.6657270999987707e-11,0.15641805695478972,1.0649199538901215e-10
36047013900,1.6116723499996808e-11,0.1513316332248262,1.0649936934238302e-10
36047002300,1.9414542999990875e-11,0.1822123222563658,1.065490124903592e-10
36047016000,2.7524098500008918e-11,0.2586307642891301,1.0642236848992568e-10
36047036300,2.7662077499995504e-11,0.25972354131508796,1.0650585372404419e-10
36047092800,1.6739852999966587e-11,0.1572184416022551,1.0647512358834166e-10
36047012801,1.2238008499989366e-11,0.11497473519597114,1.0644084962779024e-10
36047046800,3.1493501000023475e-11,0.29591826978473834,1.0642634881223449e-10
36047047000,1.9351038000002767e-11,0.18181469790197138,1.0643274841529161e-10
36047045800,1.9092972000002926e-11,0.1793896922865682,1.0643293801687685e-10
36047046202,1.8396000499987932e-11,0.1728441157370973,1.064311644138871e-10
36047046400,1.745627999998289e-11,0.16401424786883048,1.0643148523257234e-10
36047047400,1.8719556499971495e-11,0.17587373321635463,1.0643747737442551e-10
36047047600,2.205192150000745e-11,0.20717579817044188,1.0644062527933649e-10
36047047700,2.3213683499996572e-11,0.21780837156390856,1.065784723209562e-10
36047047800,2.3548157999975396e-11,0.2212233351217056,1.064451812328949e-10
36047048000,1.6302196000014804e-11,0.15315826718913256,1.0644019613961483e-10
36047048100,1.612487699999807e-11,0.15130568328959623,1.065715222946078e-10
36047081400,1.8119726500024203e-11,0.170175316768729,1.0647681957689084e-10
36047082000,1.5822325499999704e-11,0.1485992972471413,1.0647644903518606e-10
36047082200,1.808566150000009e-11,0.1698564541688162,1.0647615122134358e-10
36047082600,2.1195781000008998e-11,0.19908992640148182,1.0646335243133245e-10
36047082800,1.6679357000007662e-11,0.1566770127252094,1.0645695057551954e-10
36047083000,2.1481293999988404e-11,0.20178415450216627,1.064567931658766e-10
36047083200,1.5494759499990116e-11,0.14554841389876624,1.064577695141854e-10
36047083400,1.3413145500012726e-11,0.1259949183159237,1.0645782924657466e-10
36107020600,2.647851081650005e-08,243.3871366941549,1.087917429661596e-10
36047057400,1.693828150000379e-11,0.15920267482891082,1.0639445297138838e-10
36047102400,1.5234865999986558e-11,0.14312524948240593,1.0644429305857278e-10
36047048400,2.2268072000001625e-11,0.20919504766084565,1.0644645869487027e-10
36047024100,1.9199638000022072e-11,0.18021449487934693,1.0653770115925566e-10
36047026500,1.7002951000017503e-11,0.15960847051937446,1.0652912683574371e-10
36047029500,1.7532378999964664e-11,0.1645839494805867,1.065254482912544e-10
36047015100,1.5901107000001668e-11,0.14931211888520174,1.0649575612966282e-10
36047021700,1.2746972999992709e-11,0.11968215480704757,1.06506880834018e-10
36047055800,1.8260675999994477e-11,0.17162554280051315,1.0639835832140413e-10
36047007600,1.4727556500006196e-11,0.1383365348394786,1.064617999655376e-10
36047012200,1.9338224499995874e-11,0.18166078773094188,1.0645238711965597e-10
36047010200,1.6229155500006006e-11,0.15245189487504948,1.0645427210535836e-10
36047040900,1.835702700000416e-11,0.17230855355925012,1.0653578490920303e-10
36047116800,1.5333737999992487e-11,0.14395625134327522,1.0651665250318278e-10
36047096600,1.929107150000664e-11,0.18121087903377817,1.0645647547689858e-10
36047005202,6.100860899997792e-11,0.5732752476471481,1.0642114629991635e-10
36047042200,2.4183032500006537e-11,0.22727681528197438,1.0640342909593966e-10
36047073800,1.921872450000845e-11,0.18057990733299598,1.0642781239536476e-10
36047054600,1.922566100000237e-11,0.1806697009833137,1.0641331056267156e-10
36047017600,2.30892490000076e-11,0.21701498709218164,1.0639472097933937e-10
36047028200,2.58112809999788e-11,0.2426052906960371,1.0639207795479632e-10
36047031300,1.856525799997804e-11,0.17430061908019934,1.0651286322417351e-10
36047081000,1.7293570999971035e-11,0.1624030676067565,1.0648549473120646e-10
36047085800,1.474757849999784e-11,0.13851218256044948,1.0647134589451512e-10
36047013500,1.6174833499979475e-11,0.15186645415961939,1.0650695434673743e-10
36047032500,1.7935916000011157e-11,0.16841521041232566,1.0649819547830162e-10
36091060902,3.118282870000166e-10,2.820345021254346,1.1056387947221125e-10
36047049400,1.9453407999985987e-11,0.1827296589106849,1.0646004658441614e-10
36047048800,1.52584774999802e-11,0.1433311204153743,1.0645613775822764e-10
36047049000,2.04175959999948e-11,0.19180016038309006,1.064524448739455e-10
36047049200,1.7739459500024408e-11,0.1666352017305213,1.064568549490057e-10
36047049600,2.1608553500010112e-11,0.20297148878313181,1.0646102873639618e-10
36047049700,1.7546086000006355e-11,0.16463555212968362,1.0657531604221963e-10
36047049800,2.1755766999992837e-11,0.20434879510480958,1.0646388685010059e-10
36047049900,1.5102695500010385e-11,0.1416992536383231,1.0658274558424211e-10
36047050100,1.8404110499983948e-11,0.17268761509637237,1.0657458260520364e-10
36047051300,2.7505276499999804e-11,0.2580999230672765,1.0656832506234517e-10
36047040700,5.377710349999627e-11,0.5048333812224162,1.065244603472517e-10
36047014300,2.313083399999511e-11,0.2172062751499784,1.0649247579989823e-10
36047018400,1.5870385999987032e-11,0.14913788486151597,1.0641418184738035e-10
36047029600,2.2781172999979424e-11,0.21412064331390773,1.0639409936099199e-10
36047028300,1.2985013499999476e-11,0.12187651513446608,1.0654237599157753e-10
36047076400,1.7199926500018032e-11,0.1615885442689877,1.0644273440192794e-10
36047015500,1.5937703999998282e-11,0.14964510832560235,1.0650334099341587e-10
36047021300,1.961254200000861e-11,0.18415534911730627,1.0649998544172341e-10
36047038100,2.5514029000000608e-11,0.23952385071478668,1.0651978466387244e-10
36063022803,2.5171142150002496e-10,2.27811210266087,1.104912357938936e-10
36047114202,1.2694174000006736e-11,0.11916936824462625,1.0652212214424624e-10
36047005601,4.0541243500034697e-11,0.380974317689563,1.064146364140738e-10
36047003600,1.3336822000002971e-11,0.12529066996965424,1.0644704831758971e-10
36047008000,1.4811466499994405e-11,0.13911533385150612,1.0646897139178342e-10
36047093800,1.3958997000027524e-11,0.13110507880770733,1.0647182494357275e-10
36047064800,1.6125107999992394e-11,0.15152272200003436,1.0642039548358124e-10
36047025902,6.351082500000075e-12,0.05960940892828578,1.0654496687999145e-10
36047034000,1.3792964500003595e-11,0.1296947633888734,1.063494326185486e-10
36047086600,1.6666733000015746e-11,0.1565230151181958,1.0648103722912655e-10
36047110600,1.8214134499980616e-11,0.171052457799881,1.0648274064141091e-10
36047117601,1.6229750000028104e-11,0.15235517923598124,1.0652575174284049e-10
36047059402,3.43064600000119e-11,0.322476947469572,1.0638422457546041e-10
36047043600,1.463411850001547e-11,0.13752175864768892,1.064131134150632e-10
36047057200,2.5918854000011474e-11,0.24362805494022996,1.0638698407032896e-10
36063023100,1.2837463699999897e-10,1.1622675341546853,1.1045188240017869e-10
36031961002,8.399176019499987e-09,74.76969809562532,1.1233395658168924e-10
36065023901,6.67670563000091e-10,6.035645383516435,1.1062123775918369e-10
36065023902,8.808709273500193e-09,79.55835735200284,1.1072009989505443e-10
36065024200,2.090755052249982e-08,187.97087429168172,1.1122760694327973e-10
36047050202,1.4452759999990636e-11,0.1357365347012661,1.064765652946629e-10
36047050500,1.8052777499998503e-11,0.16941033722816068,1.0656243175813496e-10
36047050600,1.7534012499987424e-11,0.16468577798870734,1.064695003668729e-10
36047050700,1.858590999998195e-11,0.1744305163736235,1.0655194048827809e-10
36047051100,1.6943687500023637e-11,0.15900367171955693,1.0656161154509755e-10
36047051200,1.490433650001331e-11,0.1399919167711953,1.0646569347552517e-10
36065023000,1.236145527950013e-08,111.75906026467662,1.1060808179869047e-10
36063023200,2.7338369500005605e-10,2.4753784993947203,1.1044116892301676e-10
36021001000,1.3541770871999851e-08,124.18592416239115,1.0904432980900491e-10
36021000700,1.2839674527999691e-08,117.58476055218848,1.0919505612549993e-10
36047075000,1.845787699999696e-11,0.17342036152066884,1.0643431277703273e-10
36047018800,1.8646212999994077e-11,0.17521331890225914,1.0642006621879964e-10
36047025800,1.811394999998337e-11,0.17022232475803545,1.0641348028662903e-10
36047049500,1.3758517499992626e-11,0.12910402826827547,1.0656923478330757e-10
36047088800,2.1428434500002616e-11,0.20124887910842051,1.0647728620867643e-10
36047011800,2.3336665999974543e-11,0.2192312952437165,1.064476947692686e-10
36047053200,1.855184250001313e-11,0.17430409892288004,1.064337707182738e-10
36047022900,1.830532750000687e-11,0.17183864166859225,1.0652625813529473e-10
36047040100,1.7000245999974757e-11,0.1595840401857858,1.0652848480451602e-10
36047112000,1.842462799997628e-11,0.1730056696012285,1.0649724972854558e-10
36047058600,1.7385864999969684e-11,0.16342530364223634,1.0638416825603746e-10
36047005800,2.057322449999146e-11,0.19331636445265507,1.064225708891294e-10
36047014000,1.570030949998451e-11,0.14752454990496233,1.0642506288003521e-10
36047014800,1.4202474499986355e-11,0.1334582669508299,1.0641884406620521e-10
36047064200,2.5014326000002164e-11,0.2350710147485679,1.0641178380396027e-10
36047030900,1.6175297000019848e-11,0.15186331521657703,1.0651220788214553e-10
36047082400,2.2822992999984572e-11,0.21436225907303114,1.0646926888472938e-10
36047021500,1.6222537000013006e-11,0.15231334232391083,1.065076555507135e-10
36047038500,1.8583416500011038e-11,0.17444304540374153,1.0652999354030111e-10
36047094402,1.1374815999996607e-11,0.10685827590987756,1.0644768412312709e-10
36047024300,1.6442689500020248e-11,0.15434798055644733,1.0652999437208001e-10
36047003800,4.77167790000129e-11,0.44826415460371066,1.0644790244760273e-10
36047033300,1.984407100003052e-11,0.1863363222899079,1.0649598938180443e-10
36047003500,1.4171089499991268e-11,0.13302857904408155,1.0652665466189342e-10
36063023700,1.0194449750001644e-10,0.9209703892231553,1.1069248120561977e-10
36047051400,1.9278080999968238e-11,0.18108312591586848,1.0645984214412593e-10
36047052600,1.8025582999998408e-11,0.16933404510103287,1.0644984586084549e-10
36047051500,1.9922117499990344e-11,0.1869220697815608,1.0657980367578612e-10
36047051700,1.9970120500013392e-11,0.18736801124751512,1.065823369050582e-10
36047051800,2.1432153999988054e-11,0.20133117245520485,1.064522385611031e-10
36047051900,2.930150150000376e-11,0.27493907447593535,1.0657452585033865e-10
36047052000,2.0286235999995428e-11,0.19056811584457028,1.0645136470017436e-10
36047052300,1.5448028000013323e-11,0.14495927196575403,1.065680572931054e-10
36047052700,2.024721899999141e-11,0.19000241769576937,1.0656295454308969e-10
36047052900,1.863833899997055e-11,0.17491083678742708,1.0655908657404758e-10
36047053000,1.8439736500015622e-11,0.17324788923670428,1.0643556225277797e-10
36047053300,2.05811529999982e-11,0.193149265358044,1.0655568874076002e-10
36047053400,1.845279749998901e-11,0.1733828693494542,1.0642803161134266e-10
36047053500,1.3891558000011008e-11,0.13036439993236096,1.0655944419809845e-10
36063024401,3.5431496199993966e-10,3.200711043598237,1.1069882822087526e-10
36063023800,1.630217519999989e-10,1.4726186802248775,1.1070194490206013e-10
36063940001,2.6037610639999595e-09,23.524723739351508,1.106818976005427e-10
36063024501,1.029673571499982e-09,9.29141044817153,1.1081994248813032e-10
36063024502,9.797507913499936e-09,88.38663798526147,1.108482926472854e-10
36047067000,2.2162040500004168e-11,0.2082652260763676,1.0641258225162223e-10
36047025500,1.4770740999981316e-11,0.13863290555732716,1.0654570746101368e-10
36047029400,2.6814408499981302e-11,0.25205273172913045,1.0638412175114817e-10
36047027900,1.7250170500015878e-11,0.16192231536302973,1.065336205287147e-10
36047062600,3.3846408500006284e-11,0.3181633062933929,1.0638061596202727e-10
36047005100,1.914272750000632e-11,0.17970386770529814,1.0652373677009035e-10
36047111800,1.7286299500011327e-11,0.16231167945239522,1.0650065083628974e-10
36047021600,1.7901343500014386e-11,0.16817597868753204,1.064441166908549e-10
36047020500,1.7011481000020696e-11,0.15971065471964413,1.065143777031196e-10
36047015700,1.783233850001523e-11,0.16742809483225224,1.0650744439206344e-10
36047003300,1.753348049999346e-11,0.16458475151453156,1.0653162178542031e-10
36047040800,1.6270950999998936e-11,0.15293032282341842,1.063945377188947e-10
36047050900,1.5108229000040653e-11,0.1417882468148425,1.0655487559395588e-10
36047026900,1.4267992000002551e-11,0.1339464091360552,1.065201530375475e-10
36047045600,1.6353904499989288e-11,0.15365343729635508,1.0643370423563723e-10
36047100600,1.6191720999989498e-11,0.15211601787687892,1.0644323474924845e-10
36047040600,1.5645034000002225e-11,0.14704883656190432,1.063934565263698e-10
36047084800,1.4639258500004704e-11,0.137502387190036,1.0646548615750524e-10
36065024301,1.1374052249999622e-09,10.25547149752789,1.1090716065800943e-10
36047056000,1.9657357999990206e-11,0.18475124186334788,1.0639905746630847e-10
36047023200,2.409766600000251e-11,0.22637690481661243,1.0644931301416984e-10
36047091600,2.2962662500013228e-11,0.2156414075223752,1.0648540446774164e-10
36047048900,9.758348000024991e-12,0.09158096265227801,1.0655432873179413e-10
36047013300,1.5815869499994863e-11,0.14849077365134197,1.0651078926378756e-10
36047054500,1.7876824999981398e-11,0.167766093309017,1.0655803355361654e-10
36047006200,1.7271071499986013e-11,0.16227373530309927,1.0643171224059543e-10
36065023300,1.9229518700002488e-10,1.7387819876223682,1.105918903973532e-10
36065023501,3.3647093299998606e-10,3.0426252321015483,1.1058573019444291e-10
36005014701,1.4782538999986082e-11,0.13846257955591104,1.0676197892165448e-10
36005017901,8.191143499992611e-12,0.07672280624548355,1.0676282452161738e-10
36005018301,7.2459195000094455e-12,0.0678755671164209,1.067529864992681e-10
36005022102,8.359057999996914e-12,0.07829231890138705,1.0676728084303583e-10
36005023703,1.0743575999997511e-11,0.10059272273449199,1.0680271602106335e-10
36005026702,1.7771764499981842e-11,0.16636764218073516,1.068222417955248e-10
36005033201,1.2179180999983258e-11,0.11403524005102925,1.0680190609966917e-10
36005040303,9.35182849998044e-12,0.08754908336921226,1.0681812007719008e-10
36005021700,1.7246563500000238e-11,0.1615088863597396,1.0678399120148603e-10
36005023702,5.115143500004419e-12,0.04789292318078842,1.0680374385784593e-10
36005040302,6.696949499986995e-12,0.06269668517976039,1.068150490059543e-10
36005007600,2.3190025000012005e-11,0.21721534073797236,1.0676053045436701e-10
36005009000,2.333905509999667e-10,2.186708729356272,1.067314306046936e-10
36005015900,1.1058823999993218e-11,0.10360227381502408,1.0674306260631029e-10
36005005001,1.044940000001487e-11,0.09788920526635334,1.0674721458390016e-10
36063022804,4.1786869299996465e-10,3.781939270505474,1.1049058779415952e-10
36063023901,3.75942793999996e-10,3.3969168458205266,1.1067176827202754e-10
36047053700,1.7842077000001735e-11,0.1674523483441812,1.0655017487917916e-10
36047054700,1.812597699999737e-11,0.17009611933735105,1.0656314247856639e-10
36047054800,1.8431514000017548e-11,0.17321687627852522,1.0640714921091449e-10
36047053900,1.0802548500022859e-11,0.10138109166507815,1.0655387826864284e-10
36047054300,1.4193209099998774e-10,1.3320294864068964,1.0655326511040281e-10
36047054400,2.0219222000002067e-11,0.19000639495322666,1.0641337627072697e-10
36047054900,2.0827723500008988e-11,0.19544195563719352,1.0656731013617311e-10
36047055000,1.913331199996157e-11,0.17981366196332377,1.0640633081519775e-10
36047055300,1.6654818500009608e-11,0.15627223605763757,1.065756715343015e-10
36047055400,1.8014544499989183e-11,0.1693017806626684,1.0640493224275607e-10
36047055500,2.788826250001537e-11,0.2616694716441015,1.0657820465180743e-10
36047055600,2.055579050000873e-11,0.19319791712840295,1.0639757822206212e-10
36047055700,3.0109308499991016e-11,0.2824926939906368,1.0658437949191346e-10
36047056200,1.817442100004272e-11,0.1708126521943198,1.0639973542104566e-10
36047056400,1.9495306499996703e-11,0.18322049469522256,1.0640352506648395e-10
36063023902,3.820928725000664e-10,3.452062167602353,1.1068539729267127e-10
36063024101,1.5008737024500158e-08,135.38899118504114,1.1085640636753961e-10
36063024301,2.8838574950009305e-10,2.599286262580965,1.1094805279882485e-10
36055014003,2.8099653199998837e-10,2.5365933337207927,1.1077713099080397e-10
36055000200,1.6524678799997855e-10,1.4929751071859874,1.1068288225611583e-10
36063940100,2.290549220000011e-10,2.0719654047492533,1.1054958807467205e-10
36115082002,2.6139180953500023e-08,234.23060139204213,1.1159592639968387e-10
36115082001,2.3479790776e-08,210.84371672285616,1.1136111211159801e-10
36047008200,1.4873310500018832e-11,0.13969187165707905,1.0647226874109328e-10
36047028900,1.7657688499987205e-11,0.16573931204549802,1.0653892719875592e-10
36047026800,1.9043851000022718e-11,0.17896836539820163,1.0640903467856158e-10
36047078400,1.782196149996791e-11,0.1674266437730398,1.064463880917723e-10
36047057100,1.8745489000002708e-11,0.1758673183787167,1.0658881464056752e-10
36047086200,1.4921710499981428e-11,0.14014755187534494,1.0647143171829095e-10
36047111000,1.3309036499978863e-11,0.1249819079556126,1.0648770464206367e-10
36047004300,1.7618547500004186e-11,0.16538396228128913,1.0653117301687406e-10
36047030300,2.7009435000005783e-11,0.2535841960741442,1.0651071879932389e-10
36047031702,1.488798949999112e-11,0.13978754070124827,1.0650440965843656e-10
36063023001,1.1795107850001308e-10,1.0678128992926912,1.1046043607278271e-10
36055003300,4.1080119500010375e-11,0.3712865623413614,1.1064262396397005e-10
36055013902,1.5031007200000402e-10,1.3570059684389781,1.1076596234349072e-10
36055007100,7.947846349999026e-11,0.7184638010367804,1.1062278069583844e-10
36055012100,2.4359755400000433e-10,2.2027068990988616,1.1059008990241112e-10
36055015301,1.067061784999843e-10,0.963336904850218,1.1076724867773568e-10
36055004800,4.96292634999994e-11,0.4482387640395402,1.1072059688175804e-10
36047036100,1.5026254500016526e-11,0.14108933168641233,1.0650170583708021e-10
36047038300,1.859274300000492e-11,0.17453815065036113,1.0652538101684332e-10
36047039400,2.0437489500016263e-11,0.19209917032660642,1.0639030593036142e-10
36047042400,1.7134531999976608e-11,0.16103393479646524,1.0640323743957051e-10
36047043800,1.6607330499979387e-11,0.15607102256003824,1.0640880175940917e-10
36047044700,1.7348933999983336e-11,0.16280846404519933,1.0656039353805879e-10
36047047200,1.8392213500013098e-11,0.17280209426689472,1.0643513076644848e-10
36047049100,2.271397149999313e-11,0.2131659842230354,1.0655532862235431e-10
36047050300,1.3353821999986922e-11,0.12530685455401008,1.0656896661811205e-10
36047055200,1.7841013000021106e-11,0.16766970062514364,1.0640570677649126e-10
36055000700,6.360861200003138e-11,0.5745995961523106,1.1070076001788641e-10
36055001300,4.438706599998324e-11,0.40098843112843485,1.1069413118745626e-10
36063024303,1.1385912223999886e-08,102.8478676897977,1.107063518160751e-10
36055001800,5.149000294999034e-10,4.64951908735052,1.1074264237364682e-10
36055001900,2.1066321749997944e-10,1.902218973805998,1.1074603944175798e-10
36055001000,1.5277317350000658e-10,1.3804537857283479,1.1066880693829326e-10
36055002000,1.6382932250009006e-10,1.4795225428550427,1.1073121074853494e-10
36055002200,6.357273099999466e-11,0.5742016845292484,1.1071498519220459e-10
36055002300,1.3431988550001947e-10,1.2133200651002807,1.1070441292744793e-10
36055002400,1.0613467399998096e-10,0.958766969898672,1.106991347555474e-10
36055002700,4.396090599998497e-11,0.3972743626340657,1.1065628727841646e-10
36055002900,8.917955449996365e-11,0.8058912822098295,1.1065953493804393e-10
36055003200,7.673127649998594e-11,0.6934474043505167,1.1065190527586227e-10
36055003400,7.742852799996919e-11,0.6998278391627374,1.1063939395809606e-10
36055003500,7.329983150001435e-11,0.6625663891553528,1.1063016884007323e-10
36047056500,2.536627049999929e-11,0.23796349325622626,1.0659731941607639e-10
36047057500,1.9337885000003136e-11,0.18140551729494817,1.0660031342134743e-10
36047057600,1.687425949997846e-11,0.1586038847449082,1.0639247283960483e-10
36047056600,1.8250344999981728e-11,0.17153043682403338,1.0639712308728083e-10
36047056800,1.2535385000014209e-11,0.11781726582965048,1.0639684185286441e-10
36047056900,1.363834649998602e-11,0.12795482196739177,1.0658720234444654e-10
36047057000,2.791412449997549e-11,0.26237172987905855,1.0639150991169146e-10
36047057300,1.8136124999992543e-11,0.17014213274558576,1.0659396768648461e-10
36047057800,1.8324185000018447e-11,0.17223309368748466,1.0639177760615222e-10
36063024302,1.44896967055e-08,130.68624231978393,1.1087392558157958e-10
36055006100,1.5389401750003234e-10,1.3904127591696367,1.1068225351437283e-10
36055014102,5.583831085000254e-10,5.041950838824214,1.107474321646184e-10
36055002100,1.1644650599999034e-10,1.0516876348000965,1.1072347163435495e-10
36055013401,5.422312005000528e-10,4.890931873920081,1.1086459891036154e-10
36055009500,1.0640368600002931e-10,0.9615498286216825,1.106585252607781e-10
36047058000,1.687806449998666e-11,0.15864169709156,1.0639109899489723e-10
36047058800,1.6978932000006352e-11,0.1596118573588981,1.0637638256303271e-10
36047059000,1.6848319999990983e-11,0.1583831633546715,1.0637696358079491e-10
36047083600,2.216285949999173e-11,0.20819805589196777,1.0645084751171668e-10
36047084000,1.810398949999412e-11,0.17005673506153335,1.0645852687600623e-10
36047085000,1.539606499999645e-11,0.14461231234630179,1.0646441336978024e-10
36047085200,4.212972099998786e-11,0.3957092792904283,1.0646634588790377e-10
36047085400,1.3707027500030323e-11,0.12874952368126488,1.0646274338042398e-10
36055007500,9.905614699999864e-11,0.8951589682530683,1.1065760441780516e-10
36055004702,9.28355800000104e-11,0.8384152021684862,1.1072745312811533e-10
36055012201,1.02878815200006e-09,9.30248926408255,1.1059278036173294e-10
36055005400,9.39358615000078e-11,0.8485554946395367,1.107009053543533e-10
36055010902,3.1259023099997905e-10,2.822662583231392,1.1074303845489209e-10
36055011604,6.486081760000435e-10,5.861923370144885,1.1064767228166823e-10
36055003000,4.853430150000271e-11,0.4386324247431043,1.1064914211125181e-10
36055007801,1.0506464700001469e-10,0.9494883482821129,1.1065396135729912e-10
36055011000,6.920121140000135e-10,6.249824954253662,1.1072503935154641e-10
36055013203,8.249434995000555e-10,7.4658495565187195,1.104955964160523e-10
36047090000,2.6218522499993865e-11,0.24619116704644445,1.0649660105412185e-10
36047092000,2.5252708500003648e-11,0.2371490203942549,1.0648455750743389e-10
36047090200,2.0294213499988385e-11,0.1905583705369066,1.0649867252122562e-10
36047090600,2.0856572999992897e-11,0.19583130302545637,1.0650275353211393e-10
36047090800,3.1572819499983886e-11,0.2964455845259995,1.0650460370481524e-10
36047091000,2.258424349997726e-11,0.21206688481815658,1.064958516240894e-10
36047091800,2.232366800001737e-11,0.20963274992463715,1.0648941068627261e-10
36047092200,1.7185052499993642e-11,0.16139324995675,1.0647937571490056e-10
36047093000,2.0679664500021407e-11,0.19422816305790086,1.0647098842126538e-10
36047093400,1.892582999998031e-11,0.1777587035450181,1.064692171046762e-10
36047093600,1.758031550001341e-11,0.1651211056965597,1.0646922103538032e-10
36065025700,8.8439137290001e-09,80.24148491720824,1.1021622715637797e-10
36065025800,6.810603564499851e-09,61.78776590516194,1.1022576176250567e-10
36087011405,3.0700807850006227e-10,2.8632714778093384,1.0722283265118514e-10
36087011505,4.6076356999985235e-11,0.4296284073578634,1.0724699812879333e-10
36087011506,1.1280986550000779e-10,1.051768060877742,1.0725735996001201e-10
36047059200,2.33298110000095e-11,0.2193050574901208,1.0638063374831406e-10
36047060600,1.9068610999996977e-11,0.1792643753241477,1.063714470067849e-10
36047063200,1.249451000002174e-11,0.11743837803782108,1.063920518043759e-10
36047065600,1.6342546499988993e-11,0.15357652786303572,1.0641304844815727e-10
36047059100,2.0475653000020303e-11,0.19210303136663182,1.0658682923614142e-10
36047069000,1.8402177500017383e-11,0.1729138185484825,1.0642398423962676e-10
36047073000,1.97033420000104e-11,0.18512297914140574,1.0643379925816798e-10
36047074200,1.855452149999079e-11,0.1743272397992618,1.0643500993508739e-10
36047078000,1.7514189000029553e-11,0.1645347214740993,1.0644676602674772e-10
36047080000,1.8494676999996172e-11,0.17367868608982237,1.0648789103823123e-10
36047084600,1.7728468999994676e-11,0.16652861139196476,1.0645899735671548e-10
36047087200,1.567382149998311e-11,0.14720399833412554,1.0647687343659284e-10
36047091200,1.780993850004752e-11,0.16723754956814157,1.0649485445127735e-10
36047098200,3.680176100000693e-11,0.34564494272599333,1.064727309757897e-10
36047099200,1.4328633999985179e-11,0.134602874248501,1.0645117409255285e-10
36047115000,1.6855206000016378e-11,0.15825190511372764,1.0650870830214268e-10
36047116200,1.5277497499993865e-11,0.14344736072200262,1.0650246489791661e-10
36047119000,1.4978129500010688e-11,0.1406176580718861,1.0651670427019641e-10
36047000100,2.214307850001036e-11,0.20781865817370387,1.0655000226929678e-10
36087011902,3.0284389449998684e-10,2.824585814895209,1.0721709813274773e-10
36087012204,5.245990299998911e-11,0.48922939846631863,1.0722966192229094e-10
36087012203,4.7312996499982135e-11,0.4412329207660044,1.0722907170626388e-10
36087013402,1.6854032174998367e-09,15.742612093605818,1.0705994707094368e-10
36087013401,4.300881244999815e-10,4.016848699675257,1.070710292211783e-10
36047000200,2.948639849997367e-11,0.2769294732614112,1.0647620187447364e-10
36047000301,2.141486100000796e-11,0.2009953835004702,1.0654404408227548e-10
36065024900,1.082973790049999e-08,97.99888277743976,1.1050878942257794e-10
36087011404,1.7495842999996763e-10,1.631894490063334,1.072118516639991e-10
36087011901,1.3967507599999987e-10,1.3029047830006166,1.0720282696201735e-10
36047014200,2.130967050002003e-11,0.20022649500213013,1.064278256471169e-10
36047014500,2.3068287000017788e-11,0.21662603905482095,1.0648898489151603e-10
36047014700,1.1285389999982584e-11,0.10597935160418648,1.0648668659656887e-10
36047015000,1.4207275999995303e-11,0.13350599738250643,1.0641676238176931e-10
36047015300,1.602571100000134e-11,0.1504767999379524,1.0649954681791066e-10
36047015400,9.821017350002238e-11,0.9229401120024743,1.0641012588231628e-10
36047015900,2.671973499999331e-11,0.25086448420046303,1.0651063296246377e-10
36047016100,1.942868549997469e-11,0.18239781692598905,1.065181909927036e-10
36047016200,2.5295691500012004e-11,0.23771154655083407,1.0641338995538687e-10
36047016300,1.960898550002765e-11,0.18409249426498708,1.0651702872688558e-10
36047016400,1.5454454850002254e-10,1.452437372579133,1.0640358849042387e-10
36047016500,1.987818550001361e-11,0.1866451306691023,1.0650256681624909e-10
36047016700,1.798835000000621e-11,0.16891495507378282,1.0649353097331621e-10
36047016800,3.042069049998101e-11,0.28591516090026986,1.0639761250922983e-10
36047016900,2.2304934999995705e-11,0.20946406875675222,1.0648573348347454e-10
36047017100,2.2200265499998542e-11,0.20848829973193625,1.0648206891486249e-10
36047017200,2.1953574999999378e-11,0.2063181956157089,1.0640639297219527e-10
36047017400,2.734478899999363e-11,0.257007925882571,1.0639667592386893e-10
36047017500,2.0883889800001822e-10,1.9613977547564685,1.0647452689979659e-10
36065025001,3.2129840029998543e-09,29.081399058681264,1.104824426265258e-10
36065025003,3.993659109000029e-09,36.15849837799348,1.1044869914815435e-10
36047085600,1.6888955999994243e-11,0.1586280181911327,1.0646893400410858e-10
36047086000,1.8671445999986752e-11,0.17536637463454055,1.0647107256962807e-10
36047086400,1.6059350999990023e-11,0.1508232945683519,1.0647792203419914e-10
36047087000,1.6580439500003478e-11,0.15571753179695835,1.0647766702096768e-10
36047087401,1.3906719000006724e-11,0.13059477978967857,1.0648755656545644e-10
36047087600,1.5143895499997766e-11,0.1422125837946639,1.0648773192858617e-10
36047087800,1.6123390999992928e-11,0.15141469934084548,1.0648497847423653e-10
36047088200,2.1636183000011577e-11,0.20318019733008558,1.0648765620038028e-10
36047059800,2.1191357000008654e-11,0.19921613981656333,1.0637369552246866e-10
36065025100,1.7725427450000083e-10,1.603844272297391,1.1051838234026107e-10
36065025200,1.393408613499981e-09,12.605074460602793,1.1054346547932617e-10
36047061002,5.592097249997902e-11,0.5258101521946463,1.0635202128862279e-10
36047061200,2.5275818499982224e-11,0.23763808520054386,1.0636265848822947e-10
36047060000,4.6795102500008494e-11,0.4399176446735623,1.0637241553412221e-10
36047060800,5.542106100001169e-11,0.521032768627973,1.0636770724795498e-10
36047061600,1.7645916600001554e-10,1.6591564083909203,1.06354750587468e-10
36047062200,3.777785599999263e-11,0.35515895755269106,1.0636886722584757e-10
36047062800,1.1067583750002553e-10,1.0404134352096257,1.0637678614533291e-10
36047063600,1.2165934500011227e-11,0.1143327539328574,1.0640812961748254e-10
36047063800,1.4809831499987998e-11,0.13918630760416772,1.0640293398762839e-10
36047064000,1.632351549999228e-11,0.15340233378936072,1.064098250448156e-10
36047064400,2.1211549499992542e-11,0.1993301833192831,1.0641413732117181e-10
36047065000,1.7690846499994242e-11,0.1662296912174763,1.0642410733260354e-10
36047094401,3.927787549999494e-11,0.36896786495022976,1.064533777360073e-10
36047095000,2.5807461500019175e-11,0.24243890643711144,1.0644933966782109e-10
36047095400,2.5232295500004918e-11,0.2370258156564333,1.0645378618411294e-10
36047095600,2.5290247500005252e-11,0.23758211544570323,1.0644844816101091e-10
36005044902,1.674548899999445e-11,0.15669826656434052,1.0686454526361163e-10
36005025100,2.2355495999974e-11,0.2093266006877141,1.0679720554639523e-10
36005022404,9.901795499985029e-12,0.09272103380034791,1.0679125430488757e-10
36005039901,1.619779199998253e-11,0.151653021008059,1.0680823825541703e-10
36005023704,7.205036999995674e-12,0.0674648864930357,1.0679684461841405e-10
36005015300,2.5284668000010432e-11,0.23683504047067072,1.0676067168845163e-10
36027070301,2.4711588844997967e-09,22.823611869039482,1.0827203418456108e-10
36027090000,1.028775233050016e-08,94.71047179989847,1.0862317687779894e-10
36059302000,6.66293073499981e-10,6.24344387841972,1.067188376279001e-10
36059302101,3.9914612600005187e-10,3.7403839003990433,1.0671260935474269e-10
36059302102,2.768866739999879e-10,2.59528647295247,1.0668828928353098e-10
36059302200,1.7569492199999269e-10,1.646838272668359,1.0668620283843391e-10
36059302300,2.573964495000091e-10,2.413221512778897,1.0666092944099829e-10
36027100000,1.2294282299999867e-08,113.23508137786939,1.0857308663004728e-10
36071012700,4.827877415000487e-10,4.478322167130339,1.0780549578223264e-10
36061021303,1.636092450000727e-11,0.15329170243042156,1.0673065952433676e-10
36061023100,1.9500257000008143e-11,0.1826746731113789,1.067485528665411e-10
36061023802,5.941540999998643e-11,0.5570671249163949,1.0665754151064567e-10
36061031704,7.770954250000783e-11,0.7292352179082047,1.0656306852940532e-10
36055015400,8.675680509000281e-09,78.36804289918585,1.1070431502495019e-10
36071000200,1.9185401300002456e-10,1.77883911744638,1.0785349339261293e-10
36071013900,7.909598197000278e-09,73.54999633864198,1.075404295138585e-10
36071013100,7.667093441499979e-09,71.19437920381687,1.0769239829383794e-10
36071001100,1.3497004349996808e-10,1.252542722532094,1.0775683820757638e-10
36071014400,3.1208899439999763e-09,29.024547341019385,1.0752587826199553e-10
36071010300,1.0952069150000132e-09,10.150584813313499,1.0789594246466872e-10
36071000400,2.4783170449999724e-10,2.29804342887623,1.0784465662652417e-10
36071013400,1.4198399139999464e-09,13.191246407631908,1.0763500810495707e-10
36071011000,8.787230888500155e-09,81.49060290460336,1.0783121703967377e-10
36071011900,9.633732995000141e-09,89.50059607053345,1.0763875792970148e-10
36071000100,1.8494019799998238e-10,1.7146539667286507,1.0785861263472628e-10
36087010601,2.2653551150000323e-10,2.1101328043391843,1.0735604462153547e-10
36029014209,3.08305236999999e-10,2.7961572901659553,1.1026033409647736e-10
36001014614,7.589409165000352e-10,6.9098601917329665,1.0983448223859009e-10
36069050101,2.989981408500066e-09,27.084486904763885,1.1039461146203802e-10
36069050601,1.0733978556499932e-08,97.50647383797244,1.1008477831263492e-10
36071000600,2.807466524999655e-10,2.6035316180373957,1.0783301057492016e-10
36071001200,1.211199689999923e-10,1.1238673787343232,1.0777069545020086e-10
36071001300,2.4980451149996387e-10,2.317959972176516,1.0776912220162399e-10
36071001500,3.1812387899996413e-10,2.9529288368630944,1.0773164426742777e-10
36071014301,1.5588493994999671e-09,14.486050017362153,1.0761038361952493e-10
36071014900,1.3725343698500066e-08,127.80113770919368,1.0739609947551116e-10
36091061301,4.1735432295000654e-09,37.76837614195275,1.105036450022042e-10
36091060901,1.1966046951000043e-08,108.29232044491391,1.1049765026585543e-10
36091061702,2.720001513999879e-09,24.667471202857886,1.1026673515219303e-10
36091062505,2.8472598345000542e-09,25.833066526059064,1.1021764805304417e-10
36091062800,1.019618579999743e-10,0.9267136577872134,1.1002520265368333e-10
36091062602,4.920615683499882e-09,44.67934532026531,1.101317767355026e-10
36029004002,7.083512100004045e-11,0.642362903497944,1.102727455373163e-10
36029003502,9.970613700000598e-11,0.9045213995879932,1.1023082156532928e-10
36029003501,7.505798799999793e-11,0.6809146430865665,1.1023112626828266e-10
36029001404,6.100856699998605e-11,0.553663067856358,1.1019078306269486e-10
36029001403,5.898327249999177e-11,0.5353135816006691,1.1018452459887679e-10
36029007305,3.354357714000031e-09,30.379196184764474,1.1041627611208097e-10
36029002704,5.4811820500026376e-11,0.49732425368737027,1.1021344745129276e-10
36029002802,7.065428550000246e-11,0.641035069083011,1.1021906430341188e-10
36063024600,4.657831800000227e-10,4.215558905671352,1.1049144144881638e-10
36111955400,3.002738684999858e-09,27.79644475004644,1.0802599800087172e-10
36029016300,4.6497924850000546e-10,4.22069330259598,1.1016655681046886e-10
36029017400,9.199147305000227e-10,8.357211395115321,1.1007436416382869e-10
36069051700,4.061640159999897e-10,3.686413432196769,1.1017863933887434e-10
36071002100,3.8164278149997615e-10,3.545385890275093,1.0764492027421133e-10
36071002200,1.3999058399997627e-10,1.3007207998348305,1.0762539048945224e-10
36071002300,2.3146877900003454e-10,2.1506324485470922,1.0762823705947915e-10
36069051900,3.6733246249999366e-10,3.3354023114230844,1.1013138092575927e-10
36069051400,1.4347256331500092e-08,130.31355637594848,1.1009795703916584e-10
36103200901,2.2053311330002103e-09,20.618255850999624,1.0696012062985872e-10
36045060803,1.927011311000016e-09,17.15838894313917,1.123072403467423e-10
36067004301,3.966234700000767e-11,0.35906162032371713,1.1046111518198329e-10
36119981000,4.5212531050000867e-10,4.219125795153854,1.0716089835940091e-10
36119983000,7.788319950003069e-11,0.7250703087197911,1.074146859461725e-10
36119984000,2.5630020550000247e-10,2.386389680523228,1.074008187312507e-10
36119985000,2.0049126900001158e-10,1.8719999597818102,1.071000391599259e-10
36119014903,7.153427995000078e-10,6.650190449454904,1.0756726516887081e-10
36119014909,5.448801130000361e-10,5.06493884107456,1.0757881390023581e-10
36103147004,9.324333378500123e-09,87.55953191659516,1.0649135707328836e-10
36103159509,3.3126600400002107e-10,3.10661802679876,1.0663235748405696e-10
36103169703,1.49879395249993e-09,14.011059932564148,1.0697220336746054e-10
36103159510,2.1782117909500145e-08,204.38135632719744,1.0657585555224909e-10
36103135208,2.445756399999701e-10,2.290960356251663,1.0675681896134188e-10
36103147003,6.254657704999318e-10,5.86949280149201,1.0656214968709733e-10
36113070702,1.173125457499945e-09,10.569883963973854,1.1098754361905943e-10
36019102200,3.126246810000424e-10,2.754384437126263,1.1350074331897318e-10
36019102100,5.3538567229998605e-09,47.194252095288846,1.1344298267911969e-10
36103158011,7.359327714999437e-10,6.885611912654124,1.0687979236057053e-10
36103158010,4.939116980000271e-10,4.620240194145712,1.0690173611014005e-10
36103158410,3.6767587199994387e-10,3.439444952360521,1.0689976932109488e-10
36029990000,4.803436037349948e-08,437.06822255252087,1.0990128747629868e-10
36029009115,2.434405654999953e-10,2.204943434029867,1.1040671689934055e-10
36029009009,2.8007191140000227e-09,25.346908870512575,1.1049548993558936e-10
36029009116,3.203678965000064e-10,2.901384013253563,1.1041899143186885e-10
36029017502,1.2626691964500241e-08,115.30883409670271,1.0950324893503806e-10
36029016200,3.245424169999434e-10,2.9486215552480055,1.1006580902941492e-10
36103158409,6.993614394999668e-10,6.544058929818673,1.0686967324106067e-10
36103190503,1.18630614750003e-09,11.114830483214968,1.0673182549131335e-10
36103190604,3.326472084500105e-09,31.153875648022574,1.067755460695384e-10
36103190603,8.784868605000156e-10,8.22516469496051,1.0680477450357404e-10
36103158322,1.8848371299994863e-10,1.7628985040336955,1.0691693966991194e-10
36103159411,4.125548824999541e-10,3.864853612732843,1.0674528037511777e-10
36103159511,3.970957210000054e-10,3.7216686505775955,1.0669830075774664e-10
36103146106,2.4006255199993307e-10,2.2507487500105885,1.0665897381873642e-10
36009960500,3.2193813758500065e-08,294.77082362163964,1.0921641892151181e-10
36009961100,1.6255774799999862e-08,149.248512656585,1.0891749948224787e-10
36009960100,2.1374292988999908e-08,195.31397200751118,1.0943555532308727e-10
36009960600,2.718842454249977e-08,249.29733153587955,1.0906023090979911e-10
36009961400,3.526960262450009e-08,323.92472805527876,1.0888209380075862e-10
36009960400,1.4158285961000267e-08,129.3791200083263,1.094325418204197e-10
36009960200,7.651659579000108e-09,69.91050915127134,1.094493470565857e-10
36009960800,3.1377358263500044e-08,287.2529844279217,1.0923248830987632e-10
36009940200,1.047528339999886e-10,0.9605231744715894,1.0905810165133814e-10
36009960300,4.0838166851999894e-08,373.33283186975996,1.0938809385574373e-10
36055011304,9.327278730000354e-10,8.415364524504806,1.1083630070735656e-10
36055011904,6.40223595000041e-10,5.791160362023813,1.1055186784299384e-10
36055011903,2.5443464699999444e-10,2.301713592293277,1.1054140178513365e-10
36055009403,2.404608499993993e-12,0.021729104030907897,1.1066303040261723e-10
36055011507,6.41733843999994e-10,5.795693300199094,1.1072598406439989e-10
36091060400,3.175151459999833e-10,2.864884624782287,1.1082999407842208e-10
36091062406,8.004002574999846e-10,7.265170517935066,1.1016950744983717e-10
36055013003,1.5955863449998616e-10,1.4427734662119114,1.1059160584573056e-10
36055011709,1.299172870999944e-09,11.749456218117379,1.1057302115791969e-10
36055013510,4.3427251100006566e-10,3.919596146154178,1.1079521838650759e-10
36055013509,2.912893310000064e-10,2.628869688154077,1.1080402056921356e-10
36091062508,9.93595398000008e-10,9.018190870379456,1.101767984600442e-10
36055008801,3.151247380000399e-10,2.8468339431046874,1.1069305210558666e-10
36055011401,1.4564885694999307e-09,13.148117604960117,1.1077544430774422e-10
36055013005,9.951720395001759e-10,8.9997213092971,1.1057809517636067e-10
36055013208,7.941070375000273e-10,7.186784432116867,1.1049545801753277e-10
36055009404,6.055679400001249e-11,0.5471916280279266,1.1066834888950803e-10
36055009401,5.966508899999509e-11,0.5390969265706601,1.106759954643791e-10
36055013004,3.475279335000069e-10,3.1428792025970864,1.1057629361409459e-10
36055012308,5.97863801000024e-10,5.409156997981393,1.1052809175683694e-10
36007013800,1.8136019500000269e-10,1.6658120968306316,1.0887194020565583e-10
36007014000,7.106995299998006e-11,0.6529085022451654,1.0885132105890923e-10
36007014100,2.2867020349999203e-10,2.1009580517105375,1.0884091822481441e-10
36007014200,7.252144149999645e-10,6.660118501926185,1.0888911583033004e-10
36007014302,7.734368415000003e-10,7.108443839713823,1.0880536710143551e-10
36007012202,8.244074984499588e-09,75.6217841498972,1.090171975863227e-10
36007013304,1.0575009905000412e-09,9.711627524968755,1.0889019248124876e-10
36009940000,1.7131703064997527e-09,15.639954036326401,1.0953806529869774e-10
36007014600,8.749158894500409e-09,80.47740578812314,1.087157172726809e-10
36009961200,1.2402572407499844e-08,114.06298040271493,1.0873442341863126e-10
36043010502,8.166068218999983e-09,73.99306494874874,1.1036261607295503e-10
36027020004,2.488863995500022e-09,23.036894526429847,1.0803817296834821e-10
36027080202,1.77935627300002e-09,16.462530842130978,1.0808522031413809e-10
36027110004,5.918949411499872e-09,54.830263723627915,1.0795040930925213e-10
36027160005,4.2904200300001256e-10,3.9525730529845418,1.0854752012136701e-10
36027190402,1.101122446499986e-09,10.200939074069016,1.0794324311759303e-10
36027190401,1.1140296059999854e-09,10.320339834502077,1.0794505063444297e-10
36027150005,3.677301285999896e-09,33.83842387969513,1.0867235717224035e-10
36027640001,3.510459800001598e-11,0.3253799463493951,1.0788801951033711e-10
36027110005,5.464546564999512e-10,5.062583421832264,1.0793988186809508e-10
36027200002,5.370137039999584e-10,4.958347798488133,1.0830496887767759e-10
36027020003,1.9231133385000068e-09,17.79991081236631,1.0804061653859203e-10
36027220201,1.2617567249998904e-10,1.1663213367814753,1.0818259815787766e-10
36071010102,3.4288109695000213e-09,31.76125989800567,1.0795576058729713e-10
36067002901,2.082155554999891e-10,1.8848055410162814,1.1047057692101219e-10
36001014615,6.697020424999951e-10,6.096113714431583,1.0985720967024968e-10
36001013507,6.144689239999892e-10,5.588653152366496,1.0994937550200167e-10
36009961500,4.4160666200003266e-10,4.057924331159742,1.0882575079309644e-10
36009961600,3.4491071599994424e-10,3.1702469330784795,1.0879616739034819e-10
36009961700,2.651314830000269e-10,2.4367422310687616,1.0880571593481166e-10
36009961800,6.859858454999571e-10,6.305400791770016,1.0879337700393682e-10
36009961000,1.847972739549993e-08,169.68252387126938,1.0890766458377104e-10
36005018102,1.0289518999975316e-11,0.09638101144471464,1.0675877795573367e-10
36005020502,1.0865536499989436e-11,0.10174767282679108,1.0678904193205727e-10
36005022101,7.27288350000467e-12,0.0681183801591071,1.0676829782236566e-10
36005024501,1.207435649999735e-11,0.11306492303520603,1.067913564690408e-10
36005027401,7.48593810000247e-11,0.7011162414488402,1.0677171141454311e-10
36005029302,4.542929400001912e-11,0.4252345867345779,1.0683348771997958e-10
36005038301,1.012194399998908e-11,0.0947762886597253,1.067982735252467e-10
36005040501,8.850805999984068e-12,0.08286165280185062,1.0681425847429385e-10
36005032600,3.5469854999991536e-11,0.33209514901291703,1.0680630266782944e-10
36055013207,2.3315155884999822e-09,21.10906452858287,1.104509195726309e-10
36005005002,1.2159178500002229e-11,0.11390223903801294,1.067510050960834e-10
36005012901,1.6692031999989456e-11,0.15637522603898632,1.0674345561507244e-10
36005015200,3.034992499997662e-11,0.28430941171577623,1.0674963173683958e-10
36005014702,1.2417497499992456e-11,0.11630625951073796,1.067655133285927e-10
36005017701,1.1383766000003664e-11,0.10662932943394718,1.0676017621451399e-10
36005017702,1.5043838500025303e-11,0.14090629527534668,1.067648430513907e-10
36005017902,8.279028499994198e-12,0.0775432561257054,1.0676658311295391e-10
36005018101,8.24445750000099e-12,0.07722587170149786,1.0675771368264248e-10
36005018302,1.198674200001148e-11,0.11228604682399547,1.0675183906688146e-10
36005020501,2.8845993500001137e-11,0.27013754679793145,1.0678261441967763e-10
36055012307,1.4467575319999482e-09,13.094868131867873,1.1048278741189434e-10
36005021001,2.054357750001037e-11,0.19240630295851738,1.0677185302208913e-10
36005021002,1.836981899998416e-11,0.17205268401735285,1.0676856978372636e-10
36005022403,1.3333685000005527e-11,0.12485059679351357,1.0679712666538299e-10
36005024502,1.069592350000977e-11,0.10015386000196198,1.0679492033357715e-10
36005026701,7.387524499994567e-12,0.06916015899756633,1.0681763325984439e-10
36005027402,1.2934006349999282e-10,1.2113252732766722,1.0677566658055764e-10
36005029301,1.0895673749991635e-10,1.019805002537979,1.0684075605508578e-10
36005030900,3.762565949999846e-10,3.5208342567423125,1.0686575043385308e-10
36005033202,1.2304748000019595e-11,0.11520424825635588,1.0680810982455012e-10
36055011209,2.4961545950000577e-10,2.253780959062527,1.1075409014185421e-10
36005040502,1.5083647000031258e-11,0.1412167669298603,1.0681201197250906e-10
36005020000,3.6505888499979004e-11,0.341893823901625,1.0677551317944558e-10
36005033500,7.443282700003374e-11,0.6965630684967853,1.0685726873327229e-10
36005033700,4.5343930999975116e-11,0.42426545988017955,1.0687631987006693e-10
36005034800,4.672910999999666e-11,0.4374658371491392,1.068177353105311e-10
36005036000,2.8431217499999448e-11,0.2661760405064362,1.0681358639908079e-10
36005039500,4.371750800000017e-11,0.40940129071412446,1.0678400139809794e-10
36075020704,5.8303057875000145e-09,52.58860728502837,1.1086632806037182e-10
36005043400,3.7492418500032216e-11,0.35084436707192895,1.068633902061356e-10
36005044400,3.9012850499994595e-11,0.36506478489722693,1.068655540439966e-10
36005004200,5.159604900001835e-11,0.4833556650770947,1.0674551417906488e-10
36005005100,5.447908099998111e-11,0.5104454875836212,1.0672849956589409e-10
36005009600,7.678323450001054e-11,0.7191977822988702,1.0676233490956797e-10
36005020900,1.4144235000006804e-11,0.13246656782719393,1.0677588490447133e-10
36005022200,2.3614896500012775e-11,0.22118733320806488,1.0676423535428625e-10
36005023800,3.62557454999858e-11,0.33954601791428113,1.0677711882086808e-10
36005037504,2.5599070999969327e-11,0.2397201285330026,1.067873238539711e-10
36005045600,8.833920649993129e-11,0.8267700845093201,1.0684857635162227e-10
36005005300,7.693825500004525e-12,0.0720460054264242,1.0679045221822489e-10
36059990400,1.3079068856500302e-08,123.0110342344005,1.0632435486704241e-10
36059304203,1.0860598000001959e-10,1.0183374124531854,1.0665028965044764e-10
36059304204,7.756882950002219e-11,0.7273637025674898,1.0664380037966607e-10
36059406701,1.0811721349998074e-10,1.0146742441046466,1.0655361967464137e-10
36059406702,9.77335054999804e-11,0.9171079012786616,1.0656707391106016e-10
36059406802,4.246469300000479e-11,0.3984659630289737,1.0657043998741005e-10
36059414303,1.3026325449998552e-10,1.2234936464848147,1.0646827212731445e-10
36059414304,7.066731300000868e-11,0.6637237243953819,1.0647097640570701e-10
36059406801,8.604298250001059e-11,0.8074049841522429,1.0656731651260958e-10
36069051200,1.0189830012000026e-08,92.45333252159033,1.1021592985434493e-10
36069052200,1.1283316041500097e-08,102.82811907069244,1.0972986906181786e-10
36069050800,3.2944781899998263e-10,2.9894282569788255,1.1020429014507577e-10
36069050302,2.155839585500051e-09,19.541077311833735,1.1032347659739886e-10
36091060200,4.2813604799997206e-10,3.859906613503638,1.1091875811248004e-10
36091062404,3.208359199499999e-09,29.13120085670138,1.1013480753100997e-10
36091060501,1.1810542608999861e-08,106.40835678981627,1.109926228099613e-10
36091060102,2.426062495000068e-09,21.877768260728498,1.1089168081896868e-10
36069050900,3.1191309950001747e-10,2.829973925406179,1.1021765843840747e-10
36061012602,9.525817500007211e-12,0.08931137269958032,1.0665850509374124e-10
36061015301,9.25803050001587e-12,0.08679383737104415,1.066669106982531e-10
36061012601,1.0063194500012952e-11,0.09435102211693724,1.0665697386447789e-10
36061010801,7.550417999996748e-12,0.07080212313942547,1.0664112409635315e-10
36061009903,9.149764000002595e-11,0.8580014227216284,1.0664042923121309e-10
36061023804,7.054458250000003e-11,0.6615492569204711,1.066354194521915e-10
36061023803,2.235089399999382e-11,0.20957773823939685,1.0664727173676624e-10
36061015102,5.69855894999952e-11,0.5342283180099037,1.0666897949602661e-10
36061015502,3.4920995500041466e-11,0.32735941178885347,1.0667478692369314e-10
36061015401,7.570212000003746e-12,0.07096418790581736,1.0667651139826783e-10
36061004002,9.230542999997552e-12,0.0865912535873954,1.0659902262162411e-10
36061002902,1.3197049500004394e-11,0.12383033503302082,1.0657363962138393e-10
36061013603,5.7410735000006045e-12,0.05382355486678671,1.0666470310647004e-10
36061013201,1.823546999997136e-11,0.17097178417059483,1.0665777448854423e-10
36061013202,7.354004500014142e-12,0.06894801046789019,1.0666014073660586e-10
36061013601,1.5847328000010538e-11,0.14857426053102454,1.066626745667119e-10
36061013501,4.01397919999817e-11,0.3763407918612427,1.0665809518406202e-10
36069051600,2.1550305350000163e-10,1.956212407450214,1.1016342227421754e-10
36061015101,1.1691906499984782e-11,0.109612086451113,1.0666621609469475e-10
36061012901,4.5386753499981926e-11,0.42556694857544447,1.0665009031342989e-10
36061009901,1.0320161500000557e-10,0.9678915974508397,1.0662517917482726e-10
36061013502,5.114273750000056e-11,0.47948081631939105,1.0666273969537384e-10
36061009902,4.142754249994952e-11,0.3885035845989429,1.0663361714594137e-10
36061012902,4.3509501500006857e-11,0.407948676910271,1.0665435130109969e-10
36061007001,9.566576499997708e-12,0.08972829322918478,1.0661716784874839e-10
36061015302,9.313693500000358e-12,0.08731423034148272,1.0666867775819413e-10
36061002901,1.5458863999992085e-11,0.14505723361688752,1.0657079012564574e-10
36061007002,9.340228500007653e-12,0.08760412902326994,1.0661858754998459e-10
36061012102,9.503386499997715e-12,0.08911247985422013,1.0664484385962983e-10
36061015501,9.183360499995976e-12,0.08609072204220246,1.0667073387413581e-10
36055011506,1.5950172750000727e-09,14.404721774190962,1.1072878046543571e-10
36055011402,4.2883841999997775e-10,3.87194811580262,1.1075520827610145e-10
36055003807,5.541557445000706e-10,5.010070867949281,1.1060836445351466e-10
36055014805,8.656992419998825e-10,7.806619837030184,1.1089296777249167e-10
36055009402,8.284583650000195e-11,0.7486011803450395,1.106675205371935e-10
36055011710,8.780169165000862e-10,7.93992081366751,1.1058257847971199e-10
36055014205,2.0166209750001803e-10,1.82161591979139,1.107050587936848e-10
36055014206,2.553572784999757e-10,2.306905354650584,1.1069256828642347e-10
36029004702,1.1272191750001547e-10,1.0219746191544317,1.1029815749561383e-10
36029004701,4.892705200000041e-11,0.4436146208082082,1.1029179315790287e-10
36029012904,5.631304614999688e-10,5.1181134480319885,1.1002695958537283e-10
36029007103,2.862836849999161e-11,0.2597609181498828,1.1021045315012692e-10
36029011202,1.208722641500042e-09,10.974543678648853,1.1013876083537129e-10
36029009504,3.273032594999941e-10,2.967099963655682,1.1031082993804251e-10
36029013104,1.062477421500064e-09,9.666109037275932,1.099177980925702e-10
36029980300,3.335754199999757e-10,3.0465228157491264,1.0949381973295709e-10
36029013103,1.086690874499904e-09,9.888917772611734,1.0988976746369498e-10
36029014606,1.1650641814998632e-09,10.548735039480887,1.1044586646070476e-10
36029007306,1.3640542074999932e-09,12.361021806555216,1.1035124998943185e-10
36029009503,1.1796842199996044e-10,1.069390157002709,1.1031373463414215e-10
36029980000,5.031499250000247e-11,0.4562637853655665,1.102761036791233e-10
36029980400,3.984938865000703e-10,3.613801044138596,1.1027001255268532e-10
36029006904,4.224358949999392e-11,0.38326592254082975,1.1022005092428655e-10
36029006903,2.899591850000017e-11,0.26306171148511504,1.1022477705441699e-10
36055013006,8.199821079999463e-10,7.4156772696172775,1.1057413614255971e-10
36055003806,2.934491264999526e-10,2.6531738262280022,1.1060305344454082e-10
36055003102,3.8648114500019055e-11,0.3492751534129872,1.106523442116166e-10
36055011303,1.964195108500041e-09,17.720783930808917,1.1084132147704481e-10
36055011403,2.1969594849998603e-10,1.9832339630830338,1.1077661667232542e-10
36055003101,7.164426749998343e-11,0.6474686742371976,1.1065287071129689e-10
36055014806,7.947550820000266e-10,7.165051172840267,1.1092106152885733e-10
36055011210,2.9572081300000896e-10,2.6698996443075216,1.1076102190976117e-10
36103122406,2.9669825149995533e-10,2.782551369500318,1.0662813084138514e-10
36103122501,2.381908660000178e-10,2.2339567092821486,1.066228656134331e-10
36103122502,2.5421019449997437e-10,2.3845833244629002,1.0660570838187518e-10
36103122603,2.8922605400003986e-10,2.712897565910318,1.066114908407865e-10
36103122704,1.3427944400003726e-10,1.2590292077636127,1.0665316036516343e-10
36103122705,2.0268522399998003e-10,1.9004624720262495,1.0665047428370398e-10
36103122707,3.8516406599987975e-10,3.610911721744066,1.0666670793431803e-10
36103122801,4.6286680500006427e-10,4.340521007441591,1.0663853583625188e-10
36103122802,1.713378444999835e-10,1.6071021626896673,1.066129139004021e-10
36101961100,1.2010630172500182e-08,109.96239705906198,1.0922488499454177e-10
36101961200,7.220309684998805e-10,6.60854140696418,1.092572360580193e-10
36101961400,1.2513172056999856e-08,114.41707948140727,1.0936454691655751e-10
36101961500,1.354240922200027e-08,123.88234191415653,1.0931670335538536e-10
36101961600,1.1549473719999985e-08,105.8996232270122,1.0906057423114627e-10
36103158711,7.832749074999433e-10,7.336028163325936,1.0677097879962744e-10
36103158712,9.447656509999572e-10,8.850305733259898,1.0674949312196979e-10
36103158802,4.991582790000394e-10,4.681154055573215,1.0663145734453225e-10
36103158803,7.581340429999705e-10,7.104519726234019,1.0671151213789985e-10
36103159000,2.9682181699999713e-10,2.7835041713494095,1.0663602377721657e-10
36103146800,3.3215706050002003e-10,3.1166962056762637,1.0657344783719409e-10
36103123801,3.3298886250000947e-10,3.126974306768054,1.0648915847478666e-10
36103124401,3.453103844999631e-10,3.2416775454136726,1.065221261715276e-10
36103122706,1.716290059999699e-10,1.609115936831146,1.066604351318285e-10
36103159107,4.458570580000606e-10,4.177987125579933,1.067157567983584e-10
36103111803,2.290371425000299e-10,2.1446508020299606,1.0679460837318646e-10
36103122405,1.72097665999972e-10,1.6136392449387498,1.0665188426704659e-10
36103158001,2.3153591909998563e-09,21.646734274189875,1.0696113148857454e-10
36103123001,2.1612426500001556e-10,2.0276395416307764,1.0658909562702283e-10
36103122901,2.1067085550002072e-10,1.9765605106458382,1.065845717170502e-10
36103123002,2.477355225000065e-10,2.3244051644423647,1.065801807231139e-10
36103122902,1.7807385249999647e-10,1.6709172657554074,1.0657251328328983e-10
36103123101,2.757281935000149e-10,2.586876963599357,1.0658728551062174e-10
36103123102,1.8801505849995576e-10,1.763982836947507,1.0658553732036723e-10
36103123201,2.8682622099994767e-10,2.6913314863052373,1.0657409630120059e-10
36013030100,3.371712424999803e-10,3.097423701299207,1.0885538273583772e-10
36013030200,2.01825779500033e-10,1.8541212138584733,1.0885252700389983e-10
36071010601,5.494339480999952e-09,50.911945768830485,1.0791847371042177e-10
36071014801,4.9724573115001795e-09,46.32456250048958,1.0733954177004108e-10
36071014601,8.097763244999555e-10,7.537286249500402,1.074360582435927e-10
36071013302,3.400420302999828e-09,31.594284893766954,1.0762770274539989e-10
36071010702,4.188813904999833e-10,3.880936482122254,1.0793307038895981e-10
36071010701,1.5418027550000042e-10,1.428410759437879,1.0793833250085208e-10
36071014802,1.4380965285000015e-09,13.387410457088876,1.074215609590504e-10
36071010502,8.72962850500039e-10,8.090352277134667,1.0790171065446033e-10
36071015201,2.589131093999976e-09,24.024952965759255,1.077684146849339e-10
36071011301,5.54462154500086e-10,5.144269405754657,1.0778248780669122e-10
36071010501,1.0785501060000656e-09,9.998322603777563,1.0787310519392204e-10
36071015203,4.9663632275000525e-09,46.05923151829645,1.0782557727927413e-10
36071015009,5.070718099999703e-11,0.4713409283130619,1.0758068725641753e-10
36071015007,7.274676250001679e-11,0.6762946375965319,1.0756667058391865e-10
36071010602,3.754553998999994e-09,34.78953861650432,1.079219256221701e-10
36071013301,3.391320066500029e-09,31.49373538681318,1.0768236999666978e-10
36071011302,3.1299929749995976e-10,2.904037285909368,1.0778074338737266e-10
36071001601,1.8787236649998852e-10,1.7441484081401135,1.0771581456209206e-10
36071015202,1.5150327665001234e-09,14.056945245538463,1.0777823631211624e-10
36071014602,4.307520744999368e-10,4.008851937302993,1.0745023294368182e-10
36071001602,2.5921349650002187e-10,2.406072460494543,1.0773303828378604e-10
36071000302,1.2361332549999144e-10,1.1461912050981424,1.0784703716986475e-10
36071000301,4.220961649998629e-11,0.3914175062141361,1.0783783512455959e-10
36071015008,4.044468900001492e-11,0.37596830913127344,1.075747290867891e-10
36071015010,5.41307815000043e-11,0.5031424256224314,1.0758540473512995e-10
36031960100,3.0858217900500536e-08,272.9059350612775,1.130727255659417e-10
36031961400,1.679210581544993e-07,1497.305625950475,1.1214881934869153e-10
36031960300,3.5949222900999684e-08,318.35582760427206,1.1292151669259179e-10
36031960200,1.991674225999973e-08,176.40462666140016,1.1290374088786753e-10
36013030300,4.927327780000281e-10,4.5267626739952815,1.0884882055571658e-10
36013030400,2.3343919300000653e-10,2.1451146073911915,1.0882364615655972e-10
36013030500,1.8355563799999306e-10,1.6866982481735637,1.0882541568935389e-10
36013030700,3.8969409349998304e-10,3.581591721945909,1.0880472252383333e-10
36043010100,3.631670991949974e-08,329.3888207427499,1.1025483450715776e-10
36101961800,3.370596735449975e-08,309.243424206495,1.0899493640321627e-10
36101961900,1.5355509941999824e-08,140.79258695599788,1.0906476167526423e-10
36101962000,6.555344865250012e-08,602.1697708378895,1.0886207150731884e-10
36101962100,2.623787024550025e-08,241.25498558267628,1.0875576387418832e-10
36101962200,7.24496120999989e-09,66.52985303542489,1.0889789890475474e-10
36103159103,1.012619602999992e-09,9.491656009034985,1.0668524038756699e-10
36103159106,2.098092507500085e-09,19.659604099840465,1.0672099483005921e-10
36103159108,8.114947379999832e-10,7.603862359134745,1.0672138706260386e-10
36103159201,3.3157563300002297e-10,3.1092639944036984,1.0664119662943361e-10
36103159203,7.292952025000518e-10,6.83896744109043,1.0663820361510163e-10
36103146703,2.3569719399996453e-10,2.210554289015969,1.0662357182138486e-10
36013030800,3.052368325000036e-10,2.8053669597133544,1.088046009250754e-10
36103158609,2.6425735049995526e-10,2.4758313480489087,1.0673479464108271e-10
36103123802,2.0916076500001737e-10,1.9640406978048561,1.0649512774037193e-10
36103147701,3.7800208149999976e-10,3.545090987048922,1.0662690545346597e-10
36103122602,1.7735382899994364e-10,1.663318121600508,1.0662652363174343e-10
36103158710,3.495442715000035e-09,32.720199521393766,1.0682828241052062e-10
36103145807,2.1222912350000542e-10,1.9884147015964733,1.0673282757847712e-10
36103123401,1.332589174999952e-10,1.2506182814134468,1.0655442950137126e-10
36103123500,3.2941391149993177e-10,3.0925834804176002,1.0651738702796475e-10
36103123701,2.3468815450005203e-10,2.2030678389172005,1.0652788368759465e-10
36013035600,8.376931770001302e-10,7.6509039054235695,1.094894390721999e-10
36013035700,3.16516781499953e-10,2.8914975068003557,1.0946465655099284e-10
36103158103,4.1046010700003044e-10,3.842709307949265,1.0681528944979715e-10
36103158107,3.740970764999571e-10,3.502198221412862,1.0681779067006615e-10
36103158108,2.690571225000117e-10,2.518163159476661,1.0684658040820859e-10
36039080700,1.0646265974999738e-09,9.742367961180788,1.0927801143849834e-10
36039080600,9.62872332649981e-09,88.13352289821464,1.0925154254437348e-10
36039080900,8.16040668950011e-09,74.76959002357445,1.0914071732808991e-10
36013035400,1.8336886300001818e-10,1.6748149271860124,1.0948604530777054e-10
36013035500,7.379129880001202e-10,6.738647260407128,1.0950461709662747e-10
36039080800,1.781605420000136e-10,1.6307174632022567,1.0925285711367676e-10
36063022902,3.2575352250003046e-10,2.9479631010022014,1.1050122112766132e-10
36063022901,3.0993553199995554e-10,2.805403898507787,1.1047804281045318e-10
36103159204,1.3257355904999546e-09,12.429001717090335,1.0666468801569312e-10
36103159300,4.158970859999818e-10,3.900152733574868,1.0663610232996487e-10
36103159406,1.6347925520000314e-09,15.315809069657693,1.0673889603643178e-10
36103146002,2.3345638499998037e-10,2.189262478338126,1.0663700095805672e-10
36103158318,3.708894164999771e-10,3.467879019274776,1.0694992946366962e-10
36103158708,8.626814829999998e-10,8.075975469670343,1.0682071611532693e-10
36103158607,2.698435610000817e-10,2.5281018406375937,1.0673761502108889e-10
36103190706,4.7054626485000494e-09,44.01298943210259,1.0691077132488384e-10
36103111801,5.11370824499966e-10,4.7888850889594945,1.067828555082482e-10
36103147402,5.899873254999493e-10,5.535950015211289,1.0657381729943808e-10
36103158707,9.560027940000794e-10,8.954493146533478,1.0676235699283253e-10
36103123900,1.7681876699999859e-10,1.659733694474481,1.0653442030408647e-10
36103124001,1.6252382750000883e-10,1.525426579239615,1.0654319893981569e-10
36103124002,1.4512209650003095e-10,1.3620673882935082,1.0654546004647384e-10
36103124101,1.5161629099995388e-10,1.4234097050254126,1.0651626897348366e-10
36103124102,1.2836752300002682e-10,1.2051914606295024,1.0651214117711818e-10
36103124200,2.872063519999544e-10,2.6963220549269464,1.0651782173985738e-10
36103124402,8.438454469000126e-09,79.26596729969513,1.064574716800634e-10
36103124500,2.6476492899997034e-10,2.4846952232208626,1.0655831207207806e-10
36103124601,1.5114758250000295e-10,1.4188411170193644,1.0652889931575057e-10
36101962400,1.8115698950000663e-10,1.663065131787513,1.0892958191318315e-10
36101962500,2.7042706699995643e-10,2.4827302393885593,1.0892325823789723e-10
36101962700,2.6334295949997764e-10,2.4182010446419913,1.0890035800930063e-10
36101962900,4.357240215499946e-09,40.0280336767287,1.0885471543992273e-10
36101963000,2.135799367399985e-08,196.4079234867177,1.0874303487783785e-10
36077590202,1.68146180284997e-08,152.9431550442132,1.099403109844235e-10
36077590201,1.1491781409499992e-08,104.68805411443675,1.0977165930449027e-10
36013036000,1.2898753351500152e-08,117.9430492798814,1.0936425190170497e-10
36013035901,1.2794471690000015e-09,11.694556745896573,1.0940535813372647e-10
36013990000,1.1116804830400069e-07,1015.0598280772923,1.095187152806285e-10
36013035902,1.09995127500008e-10,1.0051103669310286,1.0943587004864307e-10
36013036100,4.1034965354999855e-08,375.5829412743466,1.0925673358797636e-10
36013037100,1.819077065999973e-09,16.713474853347314,1.0883895072457987e-10
36013030600,4.080506825000178e-10,3.7494891169723013,1.0882834161404827e-10
36103158111,1.5792428700001728e-10,1.4784218786027823,1.0681950077015051e-10
36103158112,2.641265329999763e-10,2.472550103551993,1.0682353114727176e-10
36103158114,2.0825202400005644e-10,1.948723592800322,1.0686586069438284e-10
36103159407,6.801529829998856e-10,6.370601056809651,1.0676433462629994e-10
36103159408,6.327973620000293e-10,5.928870155301614,1.0673152648387483e-10
36073040801,1.0097781744999862e-08,91.21551857731501,1.107024539518558e-10
36073040802,8.928298291000031e-09,80.5465565968166,1.108464305394391e-10
36073401300,1.84667923425e-08,166.3801759445211,1.1099154233769826e-10
36073401200,1.4510702759000101e-08,130.7296759694897,1.109977719396067e-10
36103134704,6.796586960000471e-10,6.3596175585839285,1.0687100124168222e-10
36103135205,7.139336910001444e-10,6.688529682759314,1.0674000488334759e-10
36103146205,1.8359731599997776e-10,1.7218597307026464,1.0662733597065799e-10
36103158009,2.577792525000457e-10,2.4123260433477824,1.0685920885814602e-10
36103158310,8.214776689999915e-10,7.687823489389203,1.0685438734822694e-10
36103158606,4.69395202000011e-10,4.397067843941177,1.067518670758746e-10
36103110101,3.039069820500125e-09,28.43245558526525,1.0688734961306273e-10
36103124602,3.552914094999688e-10,3.3349607961804697,1.0653540812440255e-10
36091062506,1.0028172994999212e-09,9.110708233958508,1.1007018046765036e-10
36103159410,6.127631909000044e-09,57.36421715900612,1.0681975999105938e-10
36103134702,7.021623490000873e-10,6.572483432800625,1.068336430482087e-10
36103134703,1.503587942499955e-09,14.067916154260132,1.0688064429816987e-10
36103134902,8.204648770000202e-10,7.679996843853806,1.0683140809577633e-10
36103134906,3.7235160749997274e-10,3.485449134302743,1.0683030885041474e-10
36081094500,2.561185340000202e-10,2.400523803758477,1.0669276996921167e-10
36081094700,2.9086650499996347e-11,0.272640978488685,1.0668480820906196e-10
36081096400,1.5727891000005729e-10,1.4784437870332607,1.0638139331334547e-10
36047062000,3.769155799999479e-11,0.35437732342763467,1.0635996015611749e-10
36081097300,7.685922150001119e-11,0.7203294449797413,1.0670009678998032e-10
36081098100,1.6790208650001759e-10,1.573503191577028,1.0670590781054558e-10
36081098700,1.492671219999361e-10,1.3989155230928025,1.0670202706016714e-10
36081099100,1.6194125150001338e-10,1.51779258846929,1.0669524461397775e-10
36055013300,8.776245986499905e-09,79.52540473796955,1.103577657406083e-10
36065026700,2.7289332009000162e-08,246.27298109340344,1.1080928117993665e-10
36055009605,1.3314366900002035e-10,1.202987735333245,1.1067749494814063e-10
36055001600,1.0040243200002618e-10,0.9069801846329353,1.1069969741473474e-10
36055011712,6.496657629999755e-10,5.87885092360053,1.1050897045065476e-10
36055011711,2.4935522600004377e-10,2.256409647973109,1.1050973223059693e-10
36081099200,9.638691650001148e-11,0.9060508936335466,1.063813491905183e-10
36047080800,3.426987149999537e-11,0.32183581948530754,1.064824653601364e-10
36081099900,6.91788279999815e-11,0.6483829848427363,1.066943914587158e-10
36047123700,3.423915500002499e-11,0.3213598348162324,1.0654459982407084e-10
36081112300,2.9785698999994546e-11,0.2792731621036418,1.0665435509675183e-10
36081109700,4.747977899997646e-11,0.44514768490908646,1.0666073442496587e-10
36081109900,4.039050300002105e-11,0.37869549586153833,1.0665694058000877e-10
36081112900,3.7858519999994686e-11,0.35496934354570536,1.0665292845245402e-10
36081113900,4.088795099999836e-11,0.3833808603226992,1.0665099704138117e-10
36081114100,4.779273950002311e-11,0.44809019654010707,1.0665874832578565e-10
36033950601,6.7785545884e-08,596.9964133710881,1.135443100926388e-10
36033951400,1.806666524299981e-08,158.8999006149204,1.1369840492715441e-10
36033950301,2.6038839958000018e-08,228.81581968972108,1.1379825045885908e-10
36033951300,2.5197109965500162e-08,221.79565671487018,1.1360506485432378e-10
36033952000,4.0421629292999814e-08,354.63409814155455,1.1398122601528648e-10
36033950701,9.322235471600009e-08,823.9255998447868,1.1314414157487224e-10
36081029100,2.7881186999992418e-11,0.26147436059734047,1.0663067283651675e-10
36081029300,1.6137385000000234e-11,0.15133767301921497,1.0663164483803917e-10
36081029500,1.9511344999997173e-11,0.1829678849141249,1.0663808574469081e-10
36081029700,5.5370650499990535e-11,0.5192186701372289,1.0664225630668507e-10
36081028700,2.085953299998429e-11,0.195625184006026,1.0663010034199758e-10
36081028900,1.840657649997645e-11,0.17262001834851087,1.066306021519157e-10
36081029900,4.354060400000895e-11,0.4082545124078746,1.0665063747417656e-10
36081031700,8.187745000001182e-11,0.7676374290993642,1.0666161770678001e-10
36081032000,1.1215454699997094e-10,1.0532037253646016,1.064889387484315e-10
36081032800,3.919571449999722e-11,0.368016034581681,1.0650545306959376e-10
36081032900,4.6597867000004196e-11,0.43691762702796416,1.0665137801140209e-10
36081033000,8.70465245000138e-11,0.8173164720833568,1.0650283883075351e-10
36081033100,5.36661246499914e-10,5.03104838331799,1.0666986393519525e-10
36081033900,1.6085411999986585e-11,0.15083445143858173,1.0664282494199545e-10
36081039400,3.709919350003951e-11,0.34824001371438207,1.0653340236331187e-10
36081039800,2.1371136000007425e-11,0.2005904254577593,1.0654115694324502e-10
36081040200,2.326126000001424e-11,0.21831345191695717,1.0654982455621854e-10
36081040400,5.1085229500012806e-11,0.4794129967549035,1.0655787357832054e-10
36081041100,1.4678873000013067e-11,0.13767631230578933,1.066187258662928e-10
36081041400,5.042086949997553e-11,0.47321767002853493,1.065489999495056e-10
36081041500,1.8226217499994974e-11,0.17094053020928454,1.0662314828250735e-10
36081042700,1.818430200000244e-11,0.1705548230331158,1.0661851524698121e-10
36081043400,2.187887400003317e-11,0.2053510323530965,1.0654377408930156e-10
36007012702,7.142337569999636e-09,65.68455798335351,1.0873693588392152e-10
36007012800,1.3722084994998919e-09,12.602278292298374,1.0888574809036626e-10
36007012900,1.584079809500043e-09,14.543811852483936,1.0891778754890165e-10
36007013000,1.123167799499962e-09,10.31616283178481,1.0887457069206046e-10
36007013202,2.667271765000069e-10,2.449887569463667,1.0887323150033338e-10
36081045000,1.8711066500008783e-11,0.17557186049676293,1.0657212634796773e-10
36081045400,2.4617039999975894e-11,0.23099495727605973,1.0656959913872197e-10
36081045500,1.5803121499995672e-11,0.14823715313350355,1.0660702236883392e-10
36081045600,1.7290056000014808e-11,0.16223206263641232,1.0657607207253817e-10
36081044602,1.8123777000014327e-11,0.17007623424451804,1.0656266632737078e-10
36011040201,1.0367387760999816e-08,93.72417161293407,1.1061594445257387e-10
36011040101,9.883321298500048e-09,89.2300747683323,1.1076222141649076e-10
36011040202,1.0012276918500087e-08,90.38610079814254,1.1077230713669466e-10
36011040102,1.3753576680500212e-08,123.95343194567758,1.109576109722214e-10
36011041202,9.136849838999976e-09,82.86314034602829,1.1026434432541892e-10
36011041201,7.653223755000108e-09,69.4903207111581,1.1013366576348561e-10
36011041101,6.933005780499897e-09,62.934216772227735,1.1016274033554614e-10
36011041001,2.4025013300500253e-08,218.72777311935837,1.0983979289813349e-10
36081044800,2.216599899999024e-11,0.20800041886015266,1.0656708828501621e-10
36081045800,2.6140334500009127e-11,0.24527919443239493,1.0657379465266491e-10
36081046200,2.6599887000001267e-11,0.2496112016325669,1.0656527762386592e-10
36081046300,1.6996673000002418e-11,0.15941473041060322,1.0661921239162922e-10
36081046400,2.4381340999991627e-11,0.22876893968658604,1.0657627313128311e-10
36081046500,1.3834974999998496e-11,0.1297550260130842,1.0662380814908402e-10
36081046600,2.5634246500011085e-11,0.24053493084720365,1.0657182476459051e-10
36081046700,1.5125282500001458e-11,0.1418596719376621,1.0662144000056629e-10
36081046800,2.444822899998581e-11,0.22941809236199637,1.0656626401290623e-10
36081047000,2.4438316500002975e-11,0.22932244434298596,1.065674865363454e-10
36081047100,1.685532599999929e-11,0.1580961237456731,1.0661441660084091e-10
36081047200,5.551310599999328e-11,0.5208709394316918,1.0657746823150112e-10
36081047300,2.1160791500000222e-11,0.19849087815186403,1.0660838269761819e-10
36081047500,3.0059717000012074e-11,0.2819788437524719,1.0660273870191215e-10
36081004500,2.3503265499995597e-11,0.2203744504869208,1.0665149906472716e-10
36081004700,1.9115970999971548e-11,0.17924890577029146,1.0664484069135004e-10
36081005000,1.6267854500010506e-11,0.15272884226190447,1.0651461936779335e-10
36081005300,2.095538450004028e-11,0.19649667467715895,1.0664498284497515e-10
36081005400,4.4321829999972346e-11,0.4161037683188746,1.0651629082581874e-10
36081005800,6.288472150001103e-11,0.5904212849018089,1.0650822236273069e-10
36081006100,2.0802285999988962e-11,0.19505633066011407,1.0664758190410632e-10
36081030904,4.419744799998731e-11,0.4144156457423195,1.0665004676842956e-10
36081043702,1.868883649999073e-11,0.17530128873712014,1.0660980666272397e-10
36081044301,1.4248929999999506e-11,0.13364977624706903,1.0661394579261024e-10
36093033102,2.0522794715999913e-08,186.56287687747326,1.1000470757898117e-10
36093020102,9.41176185000198e-11,0.8549026305083105,1.1009162346834641e-10
36093032504,7.414751092500012e-09,67.26381649116934,1.1023387430704962e-10
36081003400,2.279500599999298e-11,0.21398581870402408,1.0652577884856026e-10
36081003900,1.5674241999995572e-11,0.14697059779171856,1.066488279663157e-10
36065026502,6.586322950000123e-11,0.595645213408191,1.105745971215682e-10
36065026501,6.029734249998016e-11,0.545351629148964,1.1056598949576039e-10
36065021104,1.1265617799997987e-10,1.0189502535549946,1.1056101866301721e-10
36081003600,1.9175041500011347e-11,0.18000645069963295,1.0652419080251577e-10
36081003700,4.27895280000163e-11,0.4012214964603119,1.0664814417352377e-10
36081003800,1.8771377000002036e-11,0.1762143515060078,1.0652581267968998e-10
36081004001,1.8565994499998525e-11,0.17429042430759104,1.0652331918839618e-10
36081004200,2.133460449998276e-11,0.20028524820511526,1.0652109774022726e-10
36081004300,1.8216449500015728e-11,0.17081251639580322,1.0664587048062069e-10
36081077907,2.311208600000013e-11,0.2168335115266245,1.0658908688642553e-10
36081024000,2.8723344999984827e-11,0.26956388767182005,1.0655486997187842e-10
36081024300,5.758178649997896e-11,0.5401281514832814,1.0660763809819916e-10
36081077908,2.1370843000004383e-11,0.2004955167131763,1.0659012904800739e-10
36081024500,2.7469718499988822e-11,0.25766127678092304,1.0661174563434691e-10
36081024900,2.1759113499980758e-11,0.20408534084770183,1.066177188895622e-10
36081025100,2.618786650000709e-11,0.24561781539738245,1.0662038687070814e-10
36081025500,2.3271293500038672e-11,0.2182447939438461,1.0662931783851084e-10
36081025700,1.6056829999965458e-11,0.15058628512620548,1.066287675966528e-10
36081097204,4.1683984499970274e-11,0.3918283973549966,1.0638326568812872e-10
36081100801,1.0708085350000964e-10,1.0063056759946827,1.0640986735383917e-10
36007012701,7.027464206499991e-09,64.63004778883284,1.0873369967883944e-10
36029980500,1.3552697700000548e-10,1.2285832971559842,1.1031159003523277e-10
36029004601,9.023884150001844e-11,0.8180219586838369,1.1031347085744368e-10
36081102900,5.232849450001589e-11,0.4905083671256282,1.0668216488672783e-10
36047021100,2.896222899999244e-11,0.27183063511847944,1.0654512500906689e-10
36081025800,2.2570506500009323e-11,0.211842921133502,1.0654359550577354e-10
36081026000,1.9003839500001194e-11,0.17837567301115914,1.0653829179280696e-10
36081026200,1.5276513999994296e-11,0.14339353701900076,1.0653558254839643e-10
36081026300,2.2162517000015978e-11,0.20786106329632661,1.0662178211039508e-10
36081026600,1.8430491500016425e-11,0.17299628652750654,1.0653691977998593e-10
36047048500,6.196963449997062e-11,0.5815355728985467,1.0656207012598642e-10
36081107202,2.542155063499941e-09,23.887637784207453,1.0642136683689191e-10
36081103201,4.551132750001044e-11,0.42771356631900903,1.0640608828868883e-10
36081103202,7.622365399999082e-11,0.716366920257847,1.0640309015463068e-10
36081103900,9.271227649997827e-11,0.8690493041510982,1.0668241267455035e-10
36081104700,8.979327349998306e-11,0.8418030794836269,1.0666778928281354e-10
36081105900,6.928806400001509e-11,0.6495794913562859,1.0666602767175648e-10
36081027000,1.971601749999492e-11,0.1850714321810353,1.065319334683101e-10
36081027200,1.6369269000002584e-11,0.15366712785366313,1.0652420741273308e-10
36081027400,1.531034100001129e-11,0.14372392852088073,1.0652604028832226e-10
36081027800,1.8682946999999643e-11,0.17538092631917265,1.0652781572152766e-10
36081027900,1.8890223000003e-11,0.17715469751221122,1.0663122832913252e-10
36081028000,1.7620197499992142e-11,0.16539924356984878,1.0653130642977252e-10
36081028100,1.8601028500022384e-11,0.17444118395876926,1.0663209270821564e-10
36081028200,1.9437920499995872e-11,0.1824710968344803,1.0652602432498133e-10
36081028400,4.574621050000498e-11,0.4294523474681013,1.0652220384801342e-10
