origin,tile,cpc,cpc_numerator,observed_mass,predicted_mass,full_domain_observed_mass,destination_count,l1_error
36031961300,390,1.0,1912.0,956.0,956.0,1275.0,1,0.0
36055011203,94,0.8707354885493452,3359.2975148233745,1929.0,1929.0,4016.0,18,498.7024851766259
36055011205,94,0.8067902104020146,8098.560132015423,5019.0,5019.000000000001,9098.0,18,1939.4398679845772
36055011207,94,0.8525824580033277,8686.1100821379,5094.0,5093.999999999998,10506.0,18,1501.8899178620975
36055011209,94,0.0,0.0,0.0,0.0,0.0,18,0.0
36055011210,94,0.0,0.0,0.0,0.0,0.0,18,0.0
36055011302,94,0.9276401716375876,12998.094084985878,7006.0,7006.0,13886.0,18,1013.9059150141226
36055011303,94,0.0,0.0,0.0,0.0,0.0,18,0.0
36055011304,94,0.0,0.0,0.0,0.0,0.0,18,0.0
36055011401,94,0.0,0.0,0.0,0.0,0.0,18,0.0
36055011402,94,0.0,0.0,0.0,0.0,0.0,18,0.0
36055011403,94,0.0,0.0,0.0,0.0,0.0,18,0.0
36055011503,94,0.9394889979332022,11082.212219620054,5898.0,5898.000000000001,12636.0,18,713.7877803799466
36055011504,94,0.9320320574731019,11128.462766228835,5970.0,5969.999999999997,13011.0,18,811.5372337711631
36055011506,94,0.0,0.0,0.0,0.0,0.0,18,0.0
36055011507,94,0.0,0.0,0.0,0.0,0.0,18,0.0
36117020103,94,0.0,0.0,0.0,0.0,0.0,18,0.0
36117020105,94,0.0,0.0,0.0,0.0,0.0,18,0.0
36117020202,94,0.9729867514686694,8852.233464861954,4549.0,4549.0,10869.0,18,245.76653513804573
36039080403,352,0.0,0.0,0.0,0.0,0.0,4,0.0
36039080501,352,0.83770364885959,4650.930658468445,2776.0,2776.0000000000005,5246.0,4,901.0693415315563
36039080502,352,0.9596043715619597,7471.479636981418,3893.0,3892.9999999999995,6528.0,4,314.520363018582
36039081101,352,0.8930195016880794,7701.400182557996,4312.0,4312.0,8602.0,4,922.5998174420034
36097950100,119,0.9727970091120791,9436.130988387169,4850.0,4850.0,9530.0,2,263.8690116128323
36109001700,119,0.9894719507490467,8194.806696103604,4141.0,4140.999999999999,8586.0,2,87.1933038963949
36049950301,216,0.0,0.0,0.0,0.0,0.0,1,0.0
36069051302,101,0.0,0.0,0.0,0.0,0.0,3,0.0
36123150200,101,0.9999656980978028,10745.631391758989,5373.0,5372.999999999999,10368.0,3,0.3686082410110041
36123150301,101,0.0,0.0,0.0,0.0,0.0,3,0.0
36095740500,300,0.9865658242037999,6919.772690965452,3507.0,3506.9999999999995,6559.0,2,94.22730903454756
36095740600,300,0.9865515668004279,4279.660696780256,2169.0,2169.0,4601.0,2,58.3393032197438
36041950400,331,1.0,2770.0,1385.0,1385.0,2526.0,1,0.0
36029007303,23,0.6915249828350027,16176.152398476384,11696.0,11696.000000000002,16963.0,39,7215.847601523615
36029007304,23,0.6567864022087327,8677.461945981779,6606.0,6606.000000000001,10230.0,39,4534.538054018223
36029007305,23,0.0,0.0,0.0,0.0,0.0,39,0.0
36029007700,23,0.6608112386639546,6471.985271474772,4897.0,4897.000000000002,7942.0,39,3322.014728525229
36029007800,23,0.6964130472577506,9510.216573351841,6828.0,6828.000000000001,11518.0,39,4145.78342664816
36029008300,23,0.526740161702411,2496.7483664694287,2370.0,2370.0,5191.0,39,2243.251633530572
36029017200,23,0.6597173513204379,3687.8199938812472,2795.0,2794.9999999999995,4497.0,39,1902.1800061187525
36063020100,23,0.7072588651556916,9362.692856931044,6619.0,6618.999999999999,8180.0,39,3875.3071430689547
36063020200,23,0.7228967804727904,5582.208938810887,3861.0,3860.999999999999,4485.0,39,2139.7910611891125
36063020300,23,0.572409715192119,3170.005002733955,2769.0,2768.9999999999995,3490.0,39,2367.9949972660447
36063020400,23,0.6130068422718828,3170.4713882301776,2586.0,2585.9999999999995,3207.0,39,2001.5286117698222
36063020500,23,0.6262363596703693,3817.53684855057,3048.0,3047.999999999999,3336.0,39,2278.463151449429
36063020600,23,0.6638060793323226,3174.320671367167,2391.0,2391.0,2673.0,39,1607.679328632833
36063020700,23,0.6343364840242101,6042.6893468146245,4763.0,4762.999999999999,5408.0,39,3483.3106531853746
36063020900,23,0.6746994288997668,6160.00578585487,4565.0,4564.999999999999,5447.0,39,2969.9942141451297
36063021000,23,0.6366229008871469,5314.527976605901,4174.0,4173.999999999999,4947.0,39,3033.472023394098
36063021100,23,0.7242166394030302,2242.1747155917815,1548.0,1548.0000000000002,2005.0,39,853.8252844082186
36063021200,23,0.7166035044775333,4581.962807629348,3197.0,3197.0000000000005,3797.0,39,1812.037192370652
36063021300,23,0.6830627991763554,4449.4710738347785,3257.0,3256.9999999999995,3792.0,39,2064.5289261652215
36063021400,23,0.6593566637553849,4665.607752733104,3538.0,3537.999999999999,4088.0,39,2410.392247266896
36063021700,23,0.691363578193328,6484.990363453418,4690.0,4689.999999999998,5678.0,39,2895.0096365465815
36063022000,23,0.7157775968468453,7104.808426301786,4963.0,4962.999999999999,5989.0,39,2821.1915736982137
36063022100,23,0.7175119590350392,5539.1923237505025,3860.0,3860.0000000000005,5180.0,39,2180.807676249498
36063022200,23,0.704950791612728,9019.140427893242,6397.0,6396.999999999998,7951.0,39,3774.859572106758
36063022300,23,0.6913483261787614,6451.662579900201,4666.0,4666.0,5707.0,39,2880.337420099799
36063022401,23,0.6381189229165625,3884.868002716033,3044.0,3043.9999999999986,3827.0,39,2203.131997283967
36063022500,23,0.7192621736236711,6720.785750339583,4672.0,4672.0,6267.0,39,2623.2142496604174
36063022601,23,0.7490250020835825,4470.181212434821,2984.0,2984.0000000000005,3965.0,39,1497.8187875651802
36063022602,23,0.7450227613875278,12027.64745984025,8072.0,8072.0,10969.0,39,4116.352540159752
36063022713,23,0.0,0.0,0.0,0.0,0.0,39,0.0
36063022714,23,0.0,0.0,0.0,0.0,0.0,39,0.0
36063022715,23,0.0,0.0,0.0,0.0,0.0,39,0.0
36063022901,23,0.6391450000033835,3115.192730016491,2437.0,2436.999999999999,3969.0,39,1758.8072699835086
36063022902,23,0.7249688944711625,6130.336971648149,4228.0,4228.0,6376.0,39,2325.6630283518502
36063023001,23,0.6636647886071609,4328.421751295904,3261.0,3261.0000000000005,4859.0,39,2193.5782487040965
36063023100,23,0.6106352101089316,3480.62069762091,2850.0,2850.0000000000005,4771.0,39,2219.37930237909
36063023200,23,0.6564976434338203,3974.4367333483488,3027.0,3027.000000000001,4829.0,39,2079.563266651652
36063024406,23,0.7235668193772384,5976.66192805599,4130.0,4130.0,5572.0,39,2283.33807194401
36063024600,23,0.6306470955578207,7176.763947447998,5690.0,5690.0,9897.0,39,4203.236052552001
36075020101,165,0.0,0.0,0.0,0.0,0.0,6,0.0
36075020201,165,0.0,0.0,0.0,0.0,0.0,6,0.0
36075020202,165,0.0,0.0,0.0,0.0,0.0,6,0.0
36075020301,165,0.9991984866115662,3681.0472246770096,1842.0,1841.9999999999998,3475.0,6,2.952775322990231
36075020304,165,0.0,0.0,0.0,0.0,0.0,6,0.0
36075020501,165,0.0,0.0,0.0,0.0,0.0,6,0.0
36007012900,156,0.7870454335548682,3343.369001741081,2124.0,2124.0000000000005,2982.0,23,904.6309982589197
36007013000,156,0.824654469436444,12701.32813826011,7701.0,7701.000000000001,9255.0,23,2700.671861739889
36007013100,156,0.7716411908984029,6182.389221478004,4006.0,4005.9999999999995,4618.0,23,1829.610778521996
36007013201,156,0.7624085570421975,5539.660575468606,3633.0,3633.000000000001,4418.0,23,1726.339424531394
36007013202,156,0.800029466419126,9425.947173350141,5891.0,5890.999999999998,7039.0,23,2356.0528266498573
36007013301,156,0.8249018095216236,11571.722583969336,7014.0,7013.999999999999,8816.0,23,2456.277416030663
36007013303,156,0.8125547619965147,4720.943167199751,2905.0,2905.0000000000005,3774.0,23,1089.0568328002498
36007013304,156,0.8625056184697605,16806.784481501752,9743.0,9743.000000000004,11868.0,23,2679.215518498247
36007013400,156,0.7965422021673189,10122.458305142287,6354.0,6353.999999999998,7884.0,23,2585.5416948577113
36007013500,156,0.6700731085253826,3000.5873799766637,2239.0,2239.0,2943.0,23,1477.4126200233366
36007013600,156,0.7930630122590134,8454.051710681084,5330.0,5330.000000000003,6516.0,23,2205.9482893189174
36007013700,156,0.8046295790444025,8141.242080771265,5059.0,5059.000000000001,6408.0,23,1976.757919228736
36007013800,156,0.7744555579922088,6562.736398425976,4237.0,4237.0,5946.0,23,1911.2636015740231
36007013900,156,0.6354829336132701,3965.4135057468065,3120.0,3120.000000000001,4080.0,23,2274.586494253195
36007014000,156,0.7393879896174853,5975.733732088516,4041.0,4041.000000000001,5230.0,23,2106.266267911484
36007014100,156,0.8568573411690239,9020.994087827485,5264.0,5264.000000000001,7123.0,23,1507.0059121725158
36007014200,156,0.7499811411769863,5411.863914733132,3608.0,3607.9999999999995,4739.0,23,1804.1360852668668
36007014301,156,0.6666444495060508,8891.703667511707,6669.0,6669.0,9050.0,23,4446.296332488295
36007014302,156,0.904550455741665,20692.49622554633,11438.0,11437.999999999998,14228.0,23,2183.5037744536694
36007014400,156,0.7599049393003187,11852.99724320637,7799.0,7798.999999999999,9855.0,23,3745.0027567936295
36007014500,156,0.7589489918966166,8896.40008301214,5861.0,5861.0,7164.0,23,2825.599916987861
36007014600,156,0.7706031518440509,14723.143819132438,9553.0,9553.0,11313.0,23,4382.856180867562
36107020402,156,0.7819242282857986,8776.317538279804,5612.0,5612.000000000001,7208.0,23,2447.6824617201974
36089491300,221,0.9518902156134378,7470.434412134259,3924.0,3923.9999999999995,6707.0,2,377.5655878657401
36089491700,221,0.9875301866761963,7894.316312289513,3997.0,3997.0,6740.0,2,99.68368771048688
36113073000,388,0.9999799901584775,8529.829316051813,4265.0,4265.0,7000.0,2,0.17068394818668026
36113075001,388,0.0,0.0,0.0,0.0,0.0,2,0.0
36025970101,275,0.0,0.0,0.0,0.0,0.0,1,0.0
36031961400,362,1.0,1414.0,707.0,707.0,1026.0,1,0.0
36049950601,214,0.0,0.0,0.0,0.0,0.0,1,0.0
36021001400,379,0.883328668987484,6875.830359398575,3892.0,3891.9999999999995,7634.0,7,908.1696406014244
36021001800,379,0.8464032110161148,2943.7903679140477,1739.0,1739.0000000000005,3216.0,7,534.2096320859529
36021001900,379,0.8468452163404401,3558.4435990625293,2101.0,2101.0000000000005,3354.0,7,643.5564009374706
36021002000,379,0.9690233304921995,3707.483262463155,1913.0,1912.9999999999998,2754.0,7,118.51673753684484
36027150003,379,0.9367549283077063,6446.747416613634,3441.0,3440.999999999999,5201.0,7,435.25258338636456
36027150004,379,0.8990694891519724,7584.550210486039,4218.0,4218.0,7752.0,7,851.449789513961
36027150005,379,0.9621424311288294,4194.940999721696,2180.0,2180.0,4631.0,7,165.05900027830393
36003951202,47,0.0,0.0,0.0,0.0,0.0,3,0.0
36009961000,47,0.9207114968790779,7039.76010513743,3823.0,3823.0,7761.0,3,606.2398948625696
36009961200,47,0.9790962125022306,8473.098622994303,4327.0,4326.999999999999,7911.0,3,180.90137700569693
36019100800,445,0.9487893036301169,9542.922815911717,5029.0,5029.0,8171.0,8,515.0771840882834
36019100901,445,0.0,0.0,0.0,0.0,0.0,8,0.0
36019100902,445,0.0,0.0,0.0,0.0,0.0,8,0.0
36019102100,445,0.9315315059935138,4512.3386150325805,2422.0,2422.0,3528.0,8,331.6613849674194
36019102200,445,0.9005893001523739,3784.2762392402756,2101.0,2101.0,4988.0,8,417.72376075972466
36019103000,445,0.0,0.0,0.0,0.0,0.0,8,0.0
36019103100,445,0.0,0.0,0.0,0.0,0.0,8,0.0
36019103200,445,0.0,0.0,0.0,0.0,0.0,8,0.0
36041950100,284,1.0,1082.0,541.0,541.0,902.0,1,0.0
36101961100,88,0.9834987208076506,8782.64357681232,4465.0,4465.0,7091.0,2,147.3564231876805
36101961800,88,0.9231559823801447,5773.417513805425,3127.0,3127.0,5572.0,2,480.5824861945748
36121970800,50,0.9874700307702002,4899.826292681734,2481.0,2481.0000000000005,4402.0,3,62.173707318266324
36121970900,50,0.8757035593035076,3187.5609558647675,1820.0,1820.0,3340.0,3,452.43904413523245
36121971000,50,0.9529734586049443,7290.246958327823,3825.0,3824.9999999999995,6801.0,3,359.7530416721762
36019100101,447,0.0,0.0,0.0,0.0,0.0,2,0.0
36019100102,447,0.0,0.0,0.0,0.0,0.0,2,0.0
36101960800,78,0.9559328469553329,6722.119779789902,3516.0,3516.000000000001,5932.0,3,309.8802202100991
36101960900,78,0.9664176367873043,4302.491318977079,2226.0,2225.9999999999995,3807.0,3,149.508681022921
36101961900,78,0.8978510175765391,8362.584377707884,4657.0,4657.0,7171.0,3,951.4156222921156
36103158116,456,0.6825731296553224,2485.931338204684,1821.0,1820.9999999999995,4255.0,38,1156.0686617953156
36103158304,456,0.798893478599374,13959.86464504546,8737.0,8737.000000000002,17669.0,38,3514.1353549545393
36103158306,456,0.673994517443729,8365.619950511566,6206.0,6206.0,13543.0,38,4046.3800494884354
36103158309,456,0.7579747621329193,10132.606620192864,6684.0,6684.0,12166.0,38,3235.3933798071353
36103158310,456,0.7959247286858397,9250.23719678683,5811.0,5811.0,9738.0,38,2371.76280321317
36103158315,456,0.7361571628608219,9499.372029556047,6452.0,6452.000000000001,12250.0,38,3404.6279704439535
36103158317,456,0.852148637778211,14777.961676349732,8671.0,8671.0,15891.0,38,2564.0383236502635
36103158318,456,0.7386099015005857,8678.666342631881,5875.0,5875.0,9396.0,38,3071.333657368118
36103158320,456,0.748313666513034,10069.308696599384,6728.0,6728.0,15525.0,38,3386.6913034006143
36103158322,456,0.6443639582269429,2724.3708153835146,2114.0,2114.0000000000005,4829.0,38,1503.6291846164852
36103158324,456,0.0,0.0,0.0,0.0,0.0,38,0.0
36103158325,456,0.0,0.0,0.0,0.0,0.0,38,0.0
36103158328,456,0.0,0.0,0.0,0.0,0.0,38,0.0
36103158329,456,0.0,0.0,0.0,0.0,0.0,38,0.0
36103158401,456,0.7204307745997754,1790.990905655042,1243.0,1243.0,2237.0,38,695.0090943449583
36103158402,456,0.906103667423864,11029.093839883271,6086.0,6086.000000000003,10812.0,38,1142.9061601167289
36103158403,456,0.782083196909729,5006.896626616084,3201.0,3200.9999999999995,5721.0,38,1395.1033733839142
36103158407,456,0.8328644330322499,15602.882288426172,9367.0,9367.0,14439.0,38,3131.1177115738296
36103158408,456,0.8372710151804132,11363.442218028567,6786.0,6785.999999999999,10547.0,38,2208.5577819714313
36103158409,456,0.8812616119751439,9387.198690759233,5326.0,5326.0,8433.0,38,1264.801309240768
36103158410,456,0.7458676686626844,5540.30504282642,3714.0,3713.999999999999,5878.0,38,1887.6949571735795
36103158411,456,0.0,0.0,0.0,0.0,0.0,38,0.0
36103158412,456,0.0,0.0,0.0,0.0,0.0,38,0.0
36103158705,456,0.8190537114533432,7173.272404908379,4379.0,4378.999999999999,7538.0,38,1584.7275950916212
36103158707,456,0.81086438113905,3313.191861334158,2043.0,2042.9999999999995,3795.0,38,772.8081386658414
36103158708,456,0.8135490628993585,8991.34424316371,5526.0,5526.0,8637.0,38,2060.65575683629
36103158709,456,0.7912514675925031,4014.809946564361,2537.0,2537.0,4894.0,38,1059.1900534356394
36103158710,456,0.8735974607307744,9307.30734662567,5327.0,5327.0,8785.0,38,1346.6926533743303
36103158711,456,0.820073987075443,9942.577019302671,6062.0,6062.000000000002,11900.0,38,2181.4229806973294
36103158712,456,0.7802528508944224,12844.52243142398,8231.0,8230.999999999998,16460.0,38,3617.4775685760187
36103158713,456,0.0,0.0,0.0,0.0,0.0,38,0.0
36103158714,456,0.0,0.0,0.0,0.0,0.0,38,0.0
36103158715,456,0.0,0.0,0.0,0.0,0.0,38,0.0
36103159407,456,0.8911891423883409,16005.756997294602,8980.0,8979.999999999996,16941.0,38,1954.2430027053974
36103159411,456,0.8431906911583869,6128.309943339156,3634.0,3634.0000000000005,9118.0,38,1139.6900566608444
36103159413,456,0.0,0.0,0.0,0.0,0.0,38,0.0
36103159414,456,0.0,0.0,0.0,0.0,0.0,38,0.0
36103169701,456,0.9341107954850513,17221.266625562406,9218.0,9218.0,18382.0,38,1214.7333744375946
36025970401,206,0.0,0.0,0.0,0.0,0.0,3,0.0
36025970402,206,0.0,0.0,0.0,0.0,0.0,3,0.0
36025970502,206,0.0,0.0,0.0,0.0,0.0,3,0.0
36011040201,135,0.0,0.0,0.0,0.0,0.0,3,0.0
36011040400,135,0.9298545543122283,9043.765395240733,4863.0,4863.0,8493.0,3,682.234604759267
36067012000,135,0.9826200701439921,13057.055492073367,6644.0,6644.0,11450.0,3,230.94450792663326
36103134704,450,0.7773403926191078,5066.704679091345,3259.0,3258.9999999999995,5831.0,64,1451.2953209086556
36103134902,450,0.7571018719534084,9878.665225248074,6524.0,6524.0,11811.0,64,3169.3347747519274
36103134906,450,0.737873583624346,13538.504512339501,9174.0,9174.0,15530.0,64,4809.495487660499
36103134907,450,0.764458201512819,8846.31030790634,5786.0,5786.0,11120.0,64,2725.689692093659
36103134908,450,0.0,0.0,0.0,0.0,0.0,64,0.0
36103134909,450,0.0,0.0,0.0,0.0,0.0,64,0.0
36103135002,450,0.641075830384106,9739.224015195336,7596.0,7595.999999999999,12947.0,64,5452.775984804663
36103135003,450,0.6661310061453833,10091.884743102557,7575.0,7574.999999999998,11208.0,64,5058.115256897441
36103135004,450,0.7357580668001527,6228.9277935300925,4233.0,4233.0,6780.0,64,2237.0722064699075
36103135005,450,0.6510093115137621,7692.326024846612,5908.0,5908.000000000002,9325.0,64,4123.673975153389
36103135104,450,0.7174935316473989,9638.808104151158,6717.0,6717.000000000001,12742.0,64,3795.1918958488423
36103135303,450,0.6986111730209714,7969.756261823242,5704.0,5704.000000000001,10342.0,64,3438.2437381767586
36103135305,450,0.0,0.0,0.0,0.0,0.0,64,0.0
36103135306,450,0.0,0.0,0.0,0.0,0.0,64,0.0
36103135401,450,0.6976188697604921,15178.791368248787,10879.0,10879.0,17782.0,64,6579.208631751213
36103135402,450,0.6373280183789727,14258.302427174376,11186.0,11186.0,17766.0,64,8113.697572825625
36103135403,450,0.6524990623471256,7579.4291082242125,5808.0,5808.0,9649.0,64,4036.5708917757884
36103135500,450,0.0,0.0,0.0,0.0,0.0,64,0.0
36103145803,450,0.6599754449413617,7804.869611876542,5913.0,5912.999999999999,10117.0,64,4021.1303881234567
36103145809,450,0.0,0.0,0.0,0.0,0.0,64,0.0
36103145810,450,0.0,0.0,0.0,0.0,0.0,64,0.0
36103158001,450,0.7453793254553005,7877.168711411616,5284.0,5284.0,8588.0,64,2690.831288588385
36103158009,450,0.6566172796198569,5706.004159896556,4345.0,4344.999999999998,7671.0,64,2983.995840103443
36103158010,450,0.6778070725144962,7626.685179933112,5626.0,5626.0,8743.0,64,3625.3148200668884
36103158011,450,0.6745350982841762,8569.293888602177,6352.0,6352.000000000001,10577.0,64,4134.706111397824
36103158012,450,0.0,0.0,0.0,0.0,0.0,64,0.0
36103158013,450,0.0,0.0,0.0,0.0,0.0,64,0.0
36103158014,450,0.0,0.0,0.0,0.0,0.0,64,0.0
36103158015,450,0.0,0.0,0.0,0.0,0.0,64,0.0
36103158016,450,0.0,0.0,0.0,0.0,0.0,64,0.0
36103158017,450,0.0,0.0,0.0,0.0,0.0,64,0.0
36103158102,450,0.7105667419450639,9578.439681419462,6740.0,6740.0,12357.0,64,3901.5603185805385
36103158103,450,0.6645726401482331,7682.459720113575,5780.0,5780.0,10162.0,64,3877.5402798864247
36103158107,450,0.6669349315370313,8132.604555162559,6097.0,6096.999999999999,10084.0,64,4061.39544483744
36103158108,450,0.6049719837445364,4863.974749306073,4020.0,4019.999999999999,7291.0,64,3176.0252506939264
36103158111,450,0.6551933897014653,5659.560500241257,4319.0,4319.0,7370.0,64,2978.4394997587424
36103158112,450,0.6779547189083382,8170.7102722832915,6026.0,6025.999999999999,10457.0,64,3881.2897277167076
36103158114,450,0.7014709675469741,7000.6802561188015,4990.0,4990.0,9090.0,64,2979.3197438811976
36103158117,450,0.0,0.0,0.0,0.0,0.0,64,0.0
36103158118,450,0.0,0.0,0.0,0.0,0.0,64,0.0
36103158119,450,0.0,0.0,0.0,0.0,0.0,64,0.0
36103158120,450,0.0,0.0,0.0,0.0,0.0,64,0.0
36103158205,450,0.7865006905956611,3764.1923051908343,2393.0,2393.0,4483.0,64,1021.807694809166
36103158206,450,0.7858592034658273,7651.125204943295,4868.0,4868.0,8187.0,64,2084.874795056706
36103158207,450,0.8339747065402251,10206.182458639276,6119.0,6119.0,9958.0,64,2031.8175413607248
36103158208,450,0.0,0.0,0.0,0.0,0.0,64,0.0
36103158209,450,0.0,0.0,0.0,0.0,0.0,64,0.0
36103158319,450,0.6971004052902514,6141.454570607114,4405.0,4404.999999999998,8720.0,64,2668.545429392885
36103158326,450,0.0,0.0,0.0,0.0,0.0,64,0.0
36103158327,450,0.0,0.0,0.0,0.0,0.0,64,0.0
36103158502,450,0.5954361998383507,5558.992361690843,4668.0,4668.0,7886.0,64,3777.0076383091578
36103158505,450,0.6387458147689864,7829.746197438235,6129.0,6129.0,10202.0,64,4428.253802561764
36103158506,450,0.596789048651243,4312.397665553882,3613.0,3613.0,6125.0,64,2913.602334446118
36103158509,450,0.713805364661991,9246.634693831431,6477.0,6477.0,11395.0,64,3707.365306168569
36103158510,450,0.7312612358526356,12937.473784704829,8846.0,8846.000000000002,16491.0,64,4754.526215295173
36103158511,450,0.6501359574482113,11034.107469811042,8486.0,8485.999999999998,15482.0,64,5937.892530188958
36103158512,450,0.6567728978666088,7336.1532691700195,5585.0,5584.999999999999,8904.0,64,3833.84673082998
36103158513,450,0.0,0.0,0.0,0.0,0.0,64,0.0
36103158514,450,0.0,0.0,0.0,0.0,0.0,64,0.0
36103158604,450,0.6524316548373787,8403.319714305439,6440.0,6440.0,11955.0,64,4476.680285694562
36103158605,450,0.7291094558662543,10330.02277071309,7084.0,7084.000000000001,12048.0,64,3837.9772292869084
36103158606,450,0.6583154402646623,8376.405661927563,6362.0,6361.999999999999,11596.0,64,4347.5943380724375
36103158607,450,0.6877104382969472,5351.762630826843,3891.0,3891.0,7099.0,64,2430.2373691731573
36103159700,450,0.0,0.0,0.0,0.0,0.0,64,0.0
36105950201,248,0.0,0.0,0.0,0.0,0.0,3,0.0
36105950300,248,0.990579501524096,2236.7285144414086,1129.0,1128.9999999999998,1994.0,3,21.271485558591106
36105950400,248,0.9983180368600391,5173.284067008723,2591.0,2591.0,5306.0,3,8.71593299127749
36055000200,84,0.5109025634463027,3213.5771240772438,3145.0,3144.9999999999995,4210.0,89,3076.422875922756
36055000700,84,0.5049992209127308,3484.4946242978417,3450.0,3450.000000000001,4577.0,89,3415.5053757021587
36055001000,84,0.4554628493702797,3134.495329366266,3441.0,3441.0000000000005,5934.0,89,3747.504670633735
36055001300,84,0.47629983431897793,2868.277602268885,3011.0,3011.0000000000005,4358.0,89,3153.7223977311146
36055001600,84,0.0,0.0,0.0,0.0,0.0,89,0.0
36055001800,84,0.5586555730911982,7309.449518325238,6542.0,6542.000000000001,9344.0,89,5774.5504816747625
36055001900,84,0.5325572273225092,4149.685915296992,3896.0,3896.0000000000005,5307.0,89,3642.3140847030086
36055002000,84,0.5105813943246871,5313.1099893426945,5203.0,5203.0,7322.0,89,5092.8900106573055
36055002100,84,0.4958206669089513,5062.329009140393,5105.0,5105.000000000001,7317.0,89,5147.670990859607
36055002200,84,0.4790858377739905,3683.2119208064387,3844.0,3844.0000000000005,5312.0,89,4004.7880791935613
36055002300,84,0.493950285156999,5014.583294913854,5076.0,5076.0,7143.0,89,5137.416705086146
36055002400,84,0.5324575636677034,4651.549276201055,4368.0,4367.999999999999,6297.0,89,4084.4507237989437
36055003900,84,0.5168140875250236,3556.714550347212,3441.0,3441.0,4324.0,89,3325.285449652788
36055004000,84,0.5102291454974978,2313.378945685655,2267.0,2267.0,3223.0,89,2220.621054314345
36055004100,84,0.43508186018411676,1247.8147750080466,1434.0,1434.0,2253.0,89,1620.1852249919532
36055004602,84,0.5206822964936932,4302.918498223882,4132.0,4132.000000000001,4944.0,89,3961.081501776119
36055004701,84,0.4751118941755208,4519.264337397552,4756.0,4756.0,5743.0,89,4992.735662602447
36055004702,84,0.40962240218972357,2153.7945907135663,2629.0,2629.0000000000005,3622.0,89,3104.2054092864337
36055004800,84,0.4867483339472264,3137.5797606238216,3223.0,3223.0,4295.0,89,3308.4202393761784
36055004900,84,0.46947666302722524,2555.8309535202143,2722.0,2722.0,3378.0,89,2888.1690464797857
36055005000,84,0.539835712280694,3323.2286447999527,3078.0,3078.0,3837.0,89,2832.7713552000478
36055005100,84,0.5206948691006144,2066.117240591238,1984.0,1984.0,2544.0,89,1901.8827594087622
36055005200,84,0.5277581615793313,3058.8863045138037,2898.0,2897.9999999999995,3759.0,89,2737.113695486196
36055005400,84,0.5482013993703042,5820.802458513889,5309.0,5309.0,7433.0,89,4797.19754148611
36055005500,84,0.4408070711306076,2659.8298672020865,3017.0,3017.0,3975.0,89,3374.170132797914
36055005600,84,0.4636799570343907,3074.1981151380105,3315.0,3315.0000000000005,4456.0,89,3555.8018848619895
36055005700,84,0.5496138848540137,2548.0099701832073,2318.0,2317.9999999999995,3231.0,89,2087.9900298167922
36055005800,84,0.5428466872935693,7223.118021128235,6653.0,6652.999999999999,9390.0,89,6082.881978871766
36055005900,84,0.45570314075799645,1758.1027170443501,1929.0,1929.0,2909.0,89,2099.8972829556496
36055006000,84,0.5075315595013541,3334.4823459238955,3285.0,3285.0,5203.0,89,3235.517654076104
36055006100,84,0.31817761841612857,1630.9784720010753,2563.0,2563.0,4559.0,89,3495.021527998925
36055007600,84,0.5040563460199006,3828.812004367165,3798.0,3798.0,5825.0,89,3767.1879956328353
36055007900,84,0.5160613477871538,2717.5790574471516,2633.0,2632.9999999999995,3770.0,89,2548.4209425528475
36055008000,84,0.4823971159350382,3204.0816440405233,3321.0,3321.0,4343.0,89,3437.9183559594762
36055008100,84,0.5961770522319779,7625.104498046999,6395.0,6395.0,8705.0,89,5164.895501953002
36055008200,84,0.5278177623698888,5383.741176172865,5100.0,5099.999999999999,7134.0,89,4816.258823827135
36055008301,84,0.5319681890449552,5547.364275360794,5214.0,5213.999999999999,7163.0,89,4880.635724639206
36055008400,84,0.4957834816510214,3802.659304263334,3835.0,3834.999999999999,4949.0,89,3867.3406957366656
36055008500,84,0.6482607269024301,6634.3002791194685,5117.0,5117.0,6698.0,89,3599.699720880531
36055008600,84,0.5668276845060021,6394.949936596716,5641.0,5641.0,7798.0,89,4887.050063403284
36055008801,84,0.0,0.0,0.0,0.0,0.0,89,0.0
36055009200,84,0.463404830305468,1672.8914374027393,1805.0,1804.9999999999998,2553.0,89,1937.1085625972607
36055009301,84,0.5010426375388809,3403.0815941640785,3396.0,3395.9999999999995,4742.0,89,3388.918405835921
36055009401,84,0.0,0.0,0.0,0.0,0.0,89,0.0
36055009402,84,0.0,0.0,0.0,0.0,0.0,89,0.0
36055009404,84,0.0,0.0,0.0,0.0,0.0,89,0.0
36055009605,84,0.0,0.0,0.0,0.0,0.0,89,0.0
36055010100,84,0.6143922579653245,7498.043116208818,6102.0,6101.999999999999,7840.0,89,4705.95688379118
36055010200,84,0.5498282667007176,6078.901316643134,5528.0,5528.0,7882.0,89,4977.098683356866
36055010300,84,0.4250032097541041,4628.284954222196,5445.0,5445.000000000001,7613.0,89,6261.715045777806
36055010400,84,0.48832285110758356,7065.055009824518,7234.0,7233.999999999999,10157.0,89,7402.9449901754815
36055010500,84,0.49010755974666487,5915.5982461422445,6035.0,6034.999999999998,8684.0,89,6154.401753857754
36055010601,84,0.4453289034887945,3551.052676419648,3987.0,3987.0,5654.0,89,4422.9473235803525
36055010602,84,0.3609917844752182,3762.2563778007243,5211.0,5211.0,7525.0,89,6659.743622199276
36055010700,84,0.607070510875966,6698.416017005409,5517.0,5517.0,7545.0,89,4335.583982994592
36055010800,84,0.5447248663401851,4309.863142483544,3956.0,3955.999999999999,5540.0,89,3602.1368575164547
36055010901,84,0.5160478621769642,7940.944503179126,7694.0,7694.0,10302.0,89,7447.055496820875
36055010902,84,0.4711154236035662,3870.6843203269004,4108.0,4108.000000000001,5938.0,89,4345.3156796731
36055011000,84,0.5404559640537518,6899.460837110195,6383.0,6383.0,9805.0,89,5866.539162889804
36055011100,84,0.46976151170365255,4919.342550560648,5236.0,5236.0,8475.0,89,5552.657449439351
36055011201,84,0.48608460007924414,3558.139272580067,3660.0,3659.9999999999995,7591.0,89,3761.8607274199326
36055013401,84,0.648425807196215,8927.526513477489,6884.0,6884.000000000002,9027.0,89,4840.473486522513
36055013402,84,0.7761977371446208,6962.493702187248,4485.0,4484.999999999999,6059.0,89,2007.5062978127512
36055013503,84,0.793263049604142,13299.848289663045,8383.0,8383.000000000002,12115.0,89,3466.151710336955
36055013505,84,0.679058265890712,7150.483539829197,5265.0,5264.999999999999,7091.0,89,3379.5164601708025
36055013507,84,0.6859784918387446,13096.701366185313,9546.0,9546.0,13125.0,89,5995.298633814688
36055013508,84,0.7481393995147645,8860.96304785287,5922.0,5921.999999999999,8948.0,89,2983.0369521471293
36055013509,84,0.0,0.0,0.0,0.0,0.0,89,0.0
36055013510,84,0.0,0.0,0.0,0.0,0.0,89,0.0
36055013601,84,0.6564805079454157,10808.295082813322,8232.0,8232.0,10533.0,89,5655.704917186677
36055013603,84,0.6737249209979097,11049.088704365719,8200.0,8200.0,10715.0,89,5350.9112956342815
36055013604,84,0.671624100778063,11921.32778881062,8875.0,8875.0,11724.0,89,5828.6722111893805
36055013701,84,0.6054956895053869,4989.284481524388,4120.0,4120.000000000002,5437.0,89,3250.7155184756125
36055013702,84,0.5856293835616244,6452.464548081978,5509.0,5509.0,7191.0,89,4565.535451918022
36055013800,84,0.554665231585945,9739.921466649195,8780.0,8780.0,11902.0,89,7820.078533350804
36055013901,84,0.5716019019213704,6526.550516138209,5709.0,5709.000000000001,8067.0,89,4891.449483861793
36055013902,84,0.5931120429776571,7621.489752262894,6425.0,6425.000000000001,8184.0,89,5228.5102477371065
36055014001,84,0.7028324169174873,10470.797347236727,7449.0,7449.0,9817.0,89,4427.202652763273
36055014003,84,0.6729500280944352,9611.072301244723,7141.0,7141.0,9493.0,89,4670.927698755278
36055014004,84,0.5571845649411518,6091.141663936673,5466.0,5466.000000000002,7158.0,89,4840.858336063329
36055014102,84,0.574002143070946,7139.438655516426,6219.0,6218.999999999999,8861.0,89,5298.5613444835735
36055014103,84,0.6638875429440774,8270.711009997318,6229.0,6229.000000000001,8243.0,89,4187.288990002684
36055014104,84,0.7038017170729358,7349.097529675597,5221.0,5221.000000000001,8015.0,89,3092.9024703244036
36055014205,84,0.0,0.0,0.0,0.0,0.0,89,0.0
36055014206,84,0.0,0.0,0.0,0.0,0.0,89,0.0
36055014301,84,0.6181455094600878,5019.341536815911,4060.0,4060.0,6413.0,89,3100.6584631840874
36055014302,84,0.5602655779848243,7248.716047967658,6469.0,6468.999999999999,10447.0,89,5689.283952032342
36055980100,84,0.2673828287249107,9.625781834096784,18.0,17.999999999999996,22.0,89,26.374218165903216
36055980200,84,0.0,0.0,0.0,0.0,0.0,89,0.0
36003951100,57,0.999910278535862,7731.306273639285,3866.0,3866.0,7248.0,2,0.6937263607151868
36003951201,57,0.0,0.0,0.0,0.0,0.0,2,0.0
36119007800,401,0.9142512890471138,9883.0564345993,5405.0,5405.0,8268.0,8,926.9435654006991
36119007901,401,0.0,0.0,0.0,0.0,0.0,8,0.0
36119007902,401,0.0,0.0,0.0,0.0,0.0,8,0.0
36119008000,401,0.8604800527546927,12019.185376877547,6984.0,6984.0,9864.0,8,1948.8146231224523
36119008100,401,0.8971296963125316,11461.729000088904,6388.0,6388.0,9842.0,8,1314.270999911096
36119008301,401,0.8988573632387171,6153.577508732258,3423.0,3423.0,5321.0,8,692.4224912677423
36119008302,401,0.9415749359057031,15470.0761969307,8215.0,8215.0,13409.0,8,959.9238030692993
36119012304,401,0.9892060011914897,10533.065500686982,5324.0,5323.999999999999,10526.0,8,114.93449931301734
36103180300,467,0.9921319143624306,6292.100600886536,3171.0,3171.000000000001,4507.0,6,49.899399113464646
36103190708,467,0.930781222794632,2591.2949242602554,1392.0,1391.9999999999998,2933.0,6,192.7050757397445
36103190711,467,0.0,0.0,0.0,0.0,0.0,6,0.0
36103200905,467,0.0,0.0,0.0,0.0,0.0,6,0.0
36103200906,467,0.0,0.0,0.0,0.0,0.0,6,0.0
36103201009,467,0.0,0.0,0.0,0.0,0.0,6,0.0
36015010302,107,0.0,0.0,0.0,0.0,0.0,9,0.0
36015010600,107,0.8994143127629292,5394.6870479520485,2999.0,2998.9999999999995,5457.0,9,603.312952047951
36015010900,107,0.9729782202546602,11341.034135288319,5828.0,5827.999999999999,11203.0,9,314.9658647116808
36015011200,107,0.9375173368703823,9302.047016427932,4961.0,4960.999999999999,9528.0,9,619.9529835720667
36101962500,107,0.9381078437983712,6347.23767113978,3383.0,3383.0,4766.0,9,418.76232886022035
36101962600,107,0.887747052218794,7925.805682209392,4464.0,4463.999999999998,6606.0,9,1002.1943177906064
36101962700,107,0.9803037222518262,6942.510960987433,3541.0,3540.9999999999995,4723.0,9,139.48903901256705
36101962800,107,0.8662260640772339,8312.305310885136,4798.0,4798.000000000001,7369.0,9,1283.694689114864
36101962900,107,0.8191468167091124,7314.981073212373,4465.0,4465.0,6349.0,9,1615.0189267876262
36029000110,32,0.6365499836810256,5247.718065466373,4122.0,4121.999999999999,5646.0,127,2996.2819345336256
36029000200,32,0.5144181347141266,6297.506805170337,6121.0,6120.999999999998,9157.0,127,5944.493194829662
36029000600,32,0.6299472209343608,9553.779552690517,7583.0,7583.000000000001,10670.0,127,5612.2204473094835
36029000700,32,0.5361634359643119,5259.763306809899,4905.0,4905.0,7016.0,127,4550.236693190101
36029000800,32,0.5927755415783895,7000.6791460407785,5905.0,5904.999999999998,8874.0,127,4809.320853959219
36029000900,32,0.4923079227152728,3684.4324936011008,3742.0,3741.999999999999,5172.0,127,3799.567506398898
36029001000,32,0.5397545854355337,8774.250540840036,8128.0,8128.000000000001,10862.0,127,7481.749459159963
36029001100,32,0.5169203870781589,4396.924812486817,4253.0,4252.999999999998,5499.0,127,4109.07518751318
36029001403,32,0.0,0.0,0.0,0.0,0.0,127,0.0
36029001404,32,0.0,0.0,0.0,0.0,0.0,127,0.0
36029001500,32,0.4451490326126435,1668.4185742321872,1874.0,1874.0000000000005,2988.0,127,2079.5814257678126
36029001601,32,0.0,0.0,0.0,0.0,0.0,127,0.0
36029001602,32,0.0,0.0,0.0,0.0,0.0,127,0.0
36029001700,32,0.49480520921666005,2505.6935794731667,2532.0,2531.999999999999,3407.0,127,2558.3064205268333
36029001900,32,0.5174188616084714,4839.9360314856385,4677.0,4676.999999999999,5777.0,127,4514.063968514359
36029002300,32,0.5185361740295673,5870.866562362759,5661.0,5660.999999999999,7813.0,127,5451.133437637239
36029002400,32,0.5106030200760145,5952.610008046178,5829.0,5829.0,7692.0,127,5705.389991953822
36029002502,32,0.47417635604339525,2625.0403070562356,2768.0,2768.0,4169.0,127,2910.959692943764
36029002703,32,0.0,0.0,0.0,0.0,0.0,127,0.0
36029002704,32,0.0,0.0,0.0,0.0,0.0,127,0.0
36029002801,32,0.0,0.0,0.0,0.0,0.0,127,0.0
36029002802,32,0.0,0.0,0.0,0.0,0.0,127,0.0
36029002900,32,0.4240857940643825,1826.1134292412312,2153.0,2152.999999999999,2973.0,127,2479.8865707587684
36029003000,32,0.5126539051222456,4241.698410981459,4137.0,4136.999999999999,5775.0,127,4032.3015890185397
36029003100,32,0.5451819497119768,3079.187651973246,2824.0,2824.000000000001,4269.0,127,2568.8123480267554
36029003301,32,0.5417193376223606,5836.484143543312,5387.0,5386.999999999999,7968.0,127,4937.515856456687
36029003302,32,0.4775552348240074,3983.765768901871,4171.0,4171.000000000001,6048.0,127,4358.23423109813
36029003400,32,0.48777267033942284,3168.5712665248902,3248.0,3247.999999999999,4650.0,127,3327.428733475109
36029003501,32,0.0,0.0,0.0,0.0,0.0,127,0.0
36029003502,32,0.0,0.0,0.0,0.0,0.0,127,0.0
36029003600,32,0.5165494462457728,4229.506865860387,4094.0,4093.9999999999995,5279.0,127,3958.4931341396123
36029003700,32,0.5444099414464973,7058.819300795283,6483.0,6483.0,8321.0,127,5907.180699204715
36029003800,32,0.5565006077389774,5717.487243910253,5137.0,5137.000000000001,6610.0,127,4556.512756089746
36029003901,32,0.46042982934757026,1304.8581363710143,1417.0,1417.0,1846.0,127,1529.141863628986
36029004002,32,0.0,0.0,0.0,0.0,0.0,127,0.0
36029004003,32,0.0,0.0,0.0,0.0,0.0,127,0.0
36029004100,32,0.5402020102568779,7783.230563781095,7204.0,7204.000000000001,9781.0,127,6624.769436218904
36029004200,32,0.5298336814679042,5732.800433482725,5410.0,5409.999999999999,7183.0,127,5087.199566517276
36029004300,32,0.5568124686072277,10121.737054342182,9089.0,9089.000000000004,11703.0,127,8056.262945657817
36029004401,32,0.5798153186909887,7696.468540304183,6637.0,6637.000000000001,8838.0,127,5577.531459695817
36029004402,32,0.4610502489414213,3776.9236393281235,4096.0,4096.0,5317.0,127,4415.0763606718765
36029004500,32,0.5172203260577946,7815.199126733276,7555.0,7555.000000000002,12249.0,127,7294.800873266726
36029004601,32,0.4558408493715107,3844.5617235993227,4217.0,4217.0,5927.0,127,4589.438276400679
36029004701,32,0.0,0.0,0.0,0.0,0.0,127,0.0
36029004702,32,0.0,0.0,0.0,0.0,0.0,127,0.0
36029004800,32,0.4909517800873917,5629.253110482035,5733.0,5733.000000000001,8006.0,127,5836.746889517966
36029004901,32,0.0,0.0,0.0,0.0,0.0,127,0.0
36029004902,32,0.0,0.0,0.0,0.0,0.0,127,0.0
36029005100,32,0.5386715429976812,5564.477039166046,5165.0,5165.0,8084.0,127,4765.522960833954
36029005201,32,0.42560376941889166,2416.5782027604664,2839.0,2838.999999999999,4730.0,127,3261.4217972395327
36029005202,32,0.4706122945201838,4447.286183215736,4725.0,4725.0,6970.0,127,5002.713816784263
36029005300,32,0.3582427438513637,1320.4827538361264,1843.0,1843.0,3162.0,127,2365.5172461638736
36029007903,32,0.5522132273917121,4337.082687934506,3927.0,3927.0,6530.0,127,3516.917312065493
36029007904,32,0.4923487936318631,5237.6064666557595,5319.0,5319.0,7353.0,127,5400.3935333442405
36029008001,32,0.4956335007482806,8087.747465210442,8159.0,8158.999999999999,11924.0,127,8230.252534789557
36029008002,32,0.5248865788640764,8275.361802371026,7883.0,7882.999999999999,11577.0,127,7490.638197628972
36029008003,32,0.48673404240644613,8197.574742209365,8421.0,8421.0,11305.0,127,8644.425257790634
36029008102,32,0.46148329051814807,4891.722879492368,5300.0,5300.0,8757.0,127,5708.277120507631
36029008500,32,0.5455275623501101,4412.22692428769,4044.0,4043.9999999999995,5946.0,127,3675.77307571231
36029008600,32,0.45403591401825727,5287.702254656625,5823.0,5823.000000000002,8706.0,127,6358.297745343377
36029008900,32,0.521089592403194,5907.071619482606,5668.0,5667.999999999999,9636.0,127,5428.928380517393
36029009011,32,0.0,0.0,0.0,0.0,0.0,127,0.0
36029009012,32,0.0,0.0,0.0,0.0,0.0,127,0.0
36029009104,32,0.5508182558256403,6814.723461074821,6186.0,6186.0,10323.0,127,5557.276538925179
36029009109,32,0.49043862105456704,3640.035445466997,3711.0,3711.0,6275.0,127,3781.9645545330036
36029009200,32,0.3763204063056491,3900.937331764359,5183.0,5183.000000000001,7716.0,127,6465.0626682356415
36029009301,32,0.46590374853034944,7736.797648094983,8303.0,8303.000000000002,11182.0,127,8869.202351905018
36029009302,32,0.46214769306117387,3710.1216798951027,4014.0,4013.9999999999995,5439.0,127,4317.878320104896
36029009401,32,0.5337804686081875,8289.610677485154,7765.0,7765.000000000001,11063.0,127,7240.389322514847
36029009402,32,0.49536785719313614,5741.313464868446,5795.0,5795.0,8325.0,127,5848.686535131552
36029009501,32,0.46795588280593015,7290.75265411639,7790.0,7789.999999999999,11384.0,127,8289.247345883608
36029009503,32,0.0,0.0,0.0,0.0,0.0,127,0.0
36029009504,32,0.0,0.0,0.0,0.0,0.0,127,0.0
36029009601,32,0.0,0.0,0.0,0.0,0.0,127,0.0
36029009602,32,0.0,0.0,0.0,0.0,0.0,127,0.0
36029009701,32,0.5781867938384627,4989.752030825932,4315.0,4315.000000000003,6159.0,127,3640.247969174068
36029009702,32,0.635391434434027,9718.94738110288,7648.0,7648.000000000001,9907.0,127,5577.052618897122
36029009800,32,0.5489661217588597,3132.4006907560542,2853.0,2853.0000000000005,3727.0,127,2573.599309243946
36029009900,32,0.4726517335009538,5561.220296372223,5883.0,5883.000000000001,7736.0,127,6204.779703627777
36029010001,32,0.568825145784295,3750.8330113016414,3297.0,3297.0,4762.0,127,2843.166988698359
36029010002,32,0.566893043684634,7108.838767805309,6270.0,6270.0,7754.0,127,5431.1612321946905
36029010003,32,0.5236726336756796,5688.132146985233,5431.0,5431.000000000001,7251.0,127,5173.867853014767
36029010101,32,0.47919473691280035,6403.000074628838,6681.0,6681.000000000002,8879.0,127,6958.999925371163
36029010102,32,0.4883965935537504,5613.630446306808,5747.0,5747.000000000002,6986.0,127,5880.369553693194
36029010103,32,0.5134307812573231,7024.759949162695,6841.0,6841.000000000003,9085.0,127,6657.240050837307
36029010201,32,0.5074146037967159,4007.5605407864614,3949.0,3948.9999999999995,5704.0,127,3890.439459213538
36029010202,32,0.5420758831743648,6625.2514441570875,6111.0,6111.0,8096.0,127,5596.7485558429125
36029010300,32,0.4002022052753078,1811.3151810760435,2263.0,2263.0000000000005,3231.0,127,2714.6848189239568
36029010400,32,0.3908779902470214,2413.28071178511,3087.0,3087.000000000001,3732.0,127,3760.7192882148906
36029010500,32,0.42081457613886497,2508.0548737876356,2980.0,2979.999999999999,3744.0,127,3451.9451262123644
36029010600,32,0.4579701905860293,3918.3929506540667,4278.0,4278.0,5640.0,127,4637.607049345934
36029010700,32,0.5320658269551988,3400.96476589763,3196.0,3196.0,3956.0,127,2991.03523410237
36029010803,32,0.5879429553771789,3031.433877924733,2578.0,2578.0000000000005,3530.0,127,2124.566122075266
36029010804,32,0.5611059836850931,5338.362328779978,4757.0,4757.000000000001,6450.0,127,4175.637671220024
36029010805,32,0.6791558058329185,11566.023373334603,8515.0,8515.000000000002,10692.0,127,5463.976626665399
36029010807,32,0.6318331557468395,11397.006463361493,9019.0,9019.000000000004,12174.0,127,6640.99353663851
36029010808,32,0.5463212991199794,5789.913128073542,5299.0,5299.000000000001,7282.0,127,4808.086871926458
36029010809,32,0.5437907582887707,5640.19774497113,5186.0,5186.000000000001,6470.0,127,4731.802255028871
36029010901,32,0.5459570325498783,4273.751650800447,3914.0,3914.0,4937.0,127,3554.248349199553
36029010902,32,0.548056656643095,7879.95860921442,7189.0,7189.0,9148.0,127,6498.04139078558
36029011000,32,0.4462667164724846,2398.237334323133,2687.0,2687.000000000001,3451.0,127,2975.762665676868
36029011100,32,0.5030006442720828,3715.1627585936053,3693.0,3693.0000000000014,4451.0,127,3670.8372414063974
36029011201,32,0.0,0.0,0.0,0.0,0.0,127,0.0
36029011202,32,0.0,0.0,0.0,0.0,0.0,127,0.0
36029011300,32,0.5409483404069899,8412.828590009507,7776.0,7775.999999999999,10422.0,127,7139.171409990493
36029011400,32,0.515325693069245,3664.9963291084705,3556.0,3556.0,4823.0,127,3447.0036708915295
36029011500,32,0.5181437915165845,2551.340029427662,2462.0,2462.0000000000005,3305.0,127,2372.659970572338
36029011600,32,0.48170999647693347,2849.7963391575386,2958.0,2958.0000000000005,4025.0,127,3066.203660842462
36029011700,32,0.5108420213377511,4863.2160431353905,4760.0,4760.0,7337.0,127,4656.783956864609
36029011800,32,0.5905241233917621,5099.766329611257,4318.0,4318.0,6833.0,127,3536.2336703887427
36029014207,32,0.6177215535956131,9902.076504137678,8015.0,8014.999999999999,11634.0,127,6127.923495862321
36029014209,32,0.6361793555176458,7307.15607747568,5743.0,5743.000000000001,8056.0,127,4178.84392252432
36029014300,32,0.636699406570428,12616.835440599605,9908.0,9908.000000000002,13703.0,127,7199.1645594003985
36029014400,32,0.6667492769109593,6672.8267633248815,5004.0,5003.999999999999,6862.0,127,3335.1732366751185
36029014501,32,0.6645226211705395,7216.715665912061,5430.0,5430.000000000001,7396.0,127,3643.2843340879404
36029014502,32,0.5728158307684708,3471.263934456933,3030.0,3030.0000000000005,3890.0,127,2588.736065543067
36029014601,32,0.6494100880754148,9361.895829695177,7208.0,7207.999999999998,11750.0,127,5054.10417030482
36029014603,32,0.6750146450567253,7453.511710716361,5521.0,5521.000000000001,9512.0,127,3588.48828928364
36029016300,32,0.4348169739890697,2534.1133244082985,2914.0,2913.9999999999995,3851.0,127,3293.8866755917015
36029016400,32,0.5254519531463442,3792.7121978103123,3609.0,3609.0000000000005,5468.0,127,3425.287802189688
36029016600,32,0.5472503451453647,4555.311872990016,4162.0,4161.999999999998,5949.0,127,3768.6881270099834
36029016700,32,0.4647462863958415,2342.3212834350416,2520.0,2520.0000000000014,3162.0,127,2697.67871656496
36029016801,32,0.0,0.0,0.0,0.0,0.0,127,0.0
36029016802,32,0.0,0.0,0.0,0.0,0.0,127,0.0
36029017000,32,0.4613031415873595,3932.147978890653,4262.0,4262.0,5581.0,127,4591.852021109347
36029017301,32,0.0,0.0,0.0,0.0,0.0,127,0.0
36029980500,32,0.0,0.0,0.0,0.0,0.0,127,0.0
36067016001,147,0.9688424643396235,6105.645210268307,3151.0,3151.0,6232.0,5,196.35478973169273
36067016501,147,0.9272056070725151,3135.8093631192455,1691.0,1690.9999999999995,2714.0,5,246.19063688075397
36067016502,147,0.9244712618596471,9283.540411594577,5021.0,5021.0,9737.0,5,758.459588405423
36067016801,147,0.944883457167073,3479.0608892891623,1841.0,1840.9999999999998,4072.0,5,202.93911071083724
36067016802,147,0.9014587932330567,4689.38864239836,2601.0,2600.9999999999995,5060.0,5,512.6113576016389
36065021900,212,0.8832172760211537,4958.381787582757,2807.0,2807.0,3333.0,14,655.6182124172428
36065022000,212,0.8706292328207121,10867.19408406813,6241.0,6240.999999999999,7457.0,14,1614.8059159318705
36065022100,212,0.8705602799462756,8010.895696065629,4601.0,4601.0,5855.0,14,1191.1043039343717
36065022200,212,0.8388363895150897,8183.687816109214,4878.0,4877.999999999999,6414.0,14,1572.3121838907848
36065022400,212,0.8834868957240558,9981.634947890381,5649.0,5648.999999999998,6969.0,14,1316.365052109617
36065022500,212,0.8805069924629102,11598.038104721456,6586.0,6586.0,7766.0,14,1573.9618952785468
36065022701,212,0.8275185948484532,5339.14997396222,3226.0,3225.9999999999995,4131.0,14,1112.8500260377796
36065022702,212,0.8213647367594181,8805.029978060962,5360.0,5359.999999999999,7315.0,14,1914.970021939037
36065023702,212,0.8279564731483388,8080.855177927786,4880.0,4879.999999999999,8677.0,14,1679.1448220722136
36065024301,212,0.7408244615126971,8516.518009549965,5748.0,5748.0,7176.0,14,2979.481990450035
36065025900,212,0.0,0.0,0.0,0.0,0.0,14,0.0
36065026300,212,0.7686037188905007,7148.014585681657,4650.0,4650.0,6339.0,14,2151.985414318343
36065026600,212,0.0,0.0,0.0,0.0,0.0,14,0.0
36065980100,212,0.0,0.0,0.0,0.0,0.0,14,0.0
36001012700,411,0.5623032065507485,2749.6626800331605,2445.0,2445.0,5144.0,28,2140.33731996684
36001013100,411,0.4958513644279714,2773.7925326100717,2797.0,2797.0,4429.0,28,2820.207467389928
36083040100,411,0.6941354416426634,8908.534258041942,6417.0,6417.0,9087.0,28,3925.465741958058
36083040200,411,0.5524442310156263,6769.651606865486,6127.0,6127.000000000001,8824.0,28,5484.348393134515
36083040300,411,0.6096679588287601,4026.2472001051324,3302.0,3302.0,4864.0,28,2577.7527998948676
36083040400,411,0.6226990104995691,3566.8199321415327,2864.0,2864.0000000000005,3924.0,28,2161.1800678584677
36083040500,411,0.586499078766616,2814.0225799222244,2399.0,2399.0000000000005,3777.0,28,1983.977420077776
36083040600,411,0.5866189151074784,4601.438770103061,3922.0,3922.0,4702.0,28,3242.561229896939
36083040701,411,0.0,0.0,0.0,0.0,0.0,28,0.0
36083040702,411,0.0,0.0,0.0,0.0,0.0,28,0.0
36083040800,411,0.5512756424884996,2140.052044140356,1941.0,1941.0000000000007,3233.0,28,1741.947955859645
36083040900,411,0.6360480036352467,4138.128311650915,3253.0,3252.9999999999995,4725.0,28,2367.8716883490847
36083041000,411,0.6971819807155344,7006.678906191122,5025.0,5024.999999999998,8610.0,28,3043.3210938088787
36083041101,411,0.0,0.0,0.0,0.0,0.0,28,0.0
36083041102,411,0.0,0.0,0.0,0.0,0.0,28,0.0
36083041200,411,0.677350460838479,4691.329291767307,3463.0,3463.0000000000014,5232.0,28,2234.6707082326943
36083041300,411,0.5553945164201003,7702.211153713952,6934.0,6934.000000000002,8659.0,28,6165.78884628605
36083041400,411,0.6416931403250163,6955.953641123177,5420.0,5420.000000000001,7975.0,28,3884.0463588768234
36083051902,411,0.8361224187004247,8011.72501598747,4791.0,4791.000000000001,7457.0,28,1570.2749840125305
36083052002,411,0.7996862885948626,3652.966966301333,2284.0,2284.0000000000005,3412.0,28,915.0330336986675
36083052003,411,0.8198679123251876,9928.600418258022,6055.0,6055.000000000001,9362.0,28,2181.3995817419777
36083052004,411,0.7641109586774507,10506.525681814946,6875.0,6875.0,11253.0,28,3243.4743181850527
36083052201,411,0.8736954973036177,8149.831598848146,4664.0,4664.000000000001,8861.0,28,1178.1684011518541
36083052303,411,0.7227749093139477,1750.5608303583815,1211.0,1211.0000000000002,2390.0,28,671.4391696416186
36083052305,411,0.0,0.0,0.0,0.0,0.0,28,0.0
36083052306,411,0.0,0.0,0.0,0.0,0.0,28,0.0
36091062700,411,0.6727259446092948,9157.145558021723,6806.0,6806.000000000002,11794.0,28,4454.854441978279
36091062800,411,0.6564872166323789,3376.970242356957,2572.0,2572.000000000001,4432.0,28,1767.0297576430435
36113075002,389,0.0,0.0,0.0,0.0,0.0,1,0.0
36025970102,251,0.0,0.0,0.0,0.0,0.0,2,0.0
36025970200,251,0.9999466147188004,3923.7905161565727,1962.0,1962.0,3497.0,2,0.2094838434272
36067000100,148,0.5304358693870539,658.8013497787208,621.0,621.0,1216.0,37,583.1986502212791
36067002000,148,0.6345656567278241,3530.723314033612,2782.0,2781.9999999999995,3772.0,37,2033.276685966387
36067002101,148,0.538734379049619,3202.2371490709347,2972.0,2971.9999999999995,4648.0,37,2741.762850929065
36067002700,148,0.6360267726334932,3378.5742162291153,2656.0,2655.9999999999995,3761.0,37,1933.4257837708847
36067002901,148,0.6106112742911511,3932.336606435014,3220.0,3220.0,5110.0,37,2507.663393564987
36067003800,148,0.5512428226781114,2740.7793143555714,2486.0,2486.0,4314.0,37,2231.22068564443
36067004800,148,0.6890236083585174,3241.1670537184655,2352.0,2352.0,3310.0,37,1462.832946281534
36067004900,148,0.6191778663020739,2196.843069639758,1774.0,1774.0,2466.0,37,1351.1569303602419
36067005000,148,0.6883624702539648,4865.345939755022,3534.0,3533.9999999999995,5467.0,37,2202.6540602449772
36067011011,148,0.7135152005598068,6550.069541139025,4590.0,4590.0,7365.0,37,2629.930458860974
36067011012,148,0.7100465116861508,7045.081488949989,4961.0,4960.999999999999,8058.0,37,2876.918511050011
36067011101,148,0.7349070100249688,10431.270100294407,7097.0,7096.999999999999,11286.0,37,3762.7298997055927
36067011102,148,0.7059077918301311,6985.663507950979,4948.0,4948.000000000001,7335.0,37,2910.336492049022
36067011500,148,0.7836199546126931,12222.904052048787,7799.0,7799.000000000001,13569.0,37,3375.095947951214
36067011700,148,0.8206066795921331,6674.814731802409,4067.0,4066.9999999999995,6571.0,37,1459.1852681975895
36067011800,148,0.812268246569086,13254.593247514345,8159.0,8158.999999999998,11987.0,37,3063.4067524856528
36067011900,148,0.8841358760956118,8765.323075611896,4957.0,4957.000000000001,7053.0,37,1148.6769243881047
36067012100,148,0.7941116297211689,11601.970910226275,7305.0,7304.999999999998,10029.0,37,3008.0290897737227
36067012200,148,0.7521938163347479,2759.046918315855,1834.0,1833.9999999999998,2378.0,37,908.9530816841446
36067012300,148,0.7902846018365901,8422.853286374379,5329.0,5329.000000000001,7315.0,37,2235.1467136256224
36067012400,148,0.7384718698816561,9682.843157888274,6556.0,6555.999999999999,8503.0,37,3429.1568421117254
36067012500,148,0.7074977106943628,8689.486882748164,6141.0,6140.999999999999,8142.0,37,3592.5131172518354
36067012600,148,0.7184678997137821,12932.422194848077,9000.0,8999.999999999996,11694.0,37,5067.57780515192
36067012700,148,0.7095742211329081,4088.5666621678165,2881.0,2881.0,3731.0,37,1673.4333378321837
36067012800,148,0.6918893481074906,6376.452232158634,4608.0,4608.000000000002,6600.0,37,2839.547767841367
36067012900,148,0.6793240968731633,5548.719223259996,4084.0,4083.9999999999995,5657.0,37,2619.2807767400027
36067013000,148,0.6557664351992323,7084.900565892507,5402.0,5402.000000000001,7280.0,37,3719.0994341074943
36067013100,148,0.7011885160871225,9523.5424254953,6791.0,6791.000000000001,9132.0,37,4058.4575745047014
36067013200,148,0.6965915913672673,6032.483181240534,4330.0,4329.999999999999,5783.0,37,2627.516818759465
36067013300,148,0.5518324859050594,3267.951981529762,2961.0,2961.0,4484.0,37,2654.048018470238
36067013400,148,0.6902115936317674,11048.907190857333,8004.0,8003.999999999998,11037.0,37,4959.092809142666
36067013500,148,0.713674761328229,10482.454894389028,7344.0,7344.0,11822.0,37,4205.545105610972
36067013600,148,0.6690448882101895,4309.987169850041,3221.0,3220.9999999999995,5010.0,37,2132.0128301499594
36067013701,148,0.6531314074849521,8322.20039417326,6371.0,6371.000000000001,9902.0,37,4419.799605826741
36067016002,148,0.8150181090149844,8060.529098158195,4945.0,4945.0,6836.0,37,1829.4709018418048
36067016300,148,0.8067320851376076,17802.963654816725,11034.0,11034.0,15904.0,37,4265.0363451832745
36067016400,148,0.7298715361499271,9705.83168772173,6649.0,6649.0,9017.0,37,3592.16831227827
36049950700,196,1.0,9462.0,4731.0,4731.0,8564.0,1,0.0
36071010601,320,0.0,0.0,0.0,0.0,0.0,12,0.0
36071010602,320,0.0,0.0,0.0,0.0,0.0,12,0.0
36071010701,320,0.0,0.0,0.0,0.0,0.0,12,0.0
36071010702,320,0.0,0.0,0.0,0.0,0.0,12,0.0
36071010801,320,0.6605639136123054,4962.156119055638,3756.0,3755.9999999999995,6821.0,12,2549.843880944362
36071010802,320,0.889446132487955,13300.777465224879,7477.0,7477.0,11747.0,12,1653.222534775121
36071010901,320,0.9084399914776708,6695.202737190434,3685.0,3685.0,6179.0,12,674.7972628095663
36071010902,320,0.8371113082641638,12626.986973856647,7542.0,7542.0,12967.0,12,2457.0130261433537
36071011000,320,0.9613146074180783,8901.773264691405,4630.0,4629.999999999999,8773.0,12,358.22673530859555
36111954401,320,0.0,0.0,0.0,0.0,0.0,12,0.0
36111954402,320,0.0,0.0,0.0,0.0,0.0,12,0.0
36111955400,320,0.93638057953982,8558.518496993955,4570.0,4570.0,9107.0,12,581.4815030060453
36077590302,230,0.0,0.0,0.0,0.0,0.0,2,0.0
36077590401,230,0.0,0.0,0.0,0.0,0.0,2,0.0
36115081002,437,0.0,0.0,0.0,0.0,0.0,2,0.0
36115085000,437,0.9999522096901176,2943.859305327706,1472.0,1472.0,3679.0,2,0.1406946722940482
36025971000,274,1.0,4574.0,2287.0,2287.0,5174.0,1,0.0
36067015701,161,0.0,0.0,0.0,0.0,0.0,6,0.0
36067015702,161,0.0,0.0,0.0,0.0,0.0,6,0.0
36067015800,161,0.9854800415945209,9521.708161886261,4831.0,4830.999999999999,8193.0,6,140.29183811373954
36067016100,161,0.9266365366620284,4560.905033450505,2461.0,2461.0000000000005,5278.0,6,361.09496654949635
36067016200,161,0.8684133887978932,3718.5461308325785,2141.0,2140.9999999999995,3958.0,6,563.4538691674214
36067940000,161,0.8681004573848469,180.56489513604816,104.0,104.00000000000001,158.0,6,27.435104863951853
36105950500,271,0.9338634585397216,5631.196654994521,3015.0,3015.0,5229.0,9,398.8033450054785
36105950701,271,0.0,0.0,0.0,0.0,0.0,9,0.0
36105950702,271,0.0,0.0,0.0,0.0,0.0,9,0.0
36105950801,271,0.0,0.0,0.0,0.0,0.0,9,0.0
36105950802,271,0.0,0.0,0.0,0.0,0.0,9,0.0
36105950900,271,0.7950535008322845,6777.036041094393,4262.0,4262.0,6535.0,9,1746.9639589056067
36105951000,271,0.8735935951342508,3620.1718582363364,2072.0,2072.0000000000005,3396.0,9,523.8281417636643
36105951500,271,0.9454485812870924,4343.390782432903,2297.0,2297.0,3943.0,9,250.60921756709723
36105951900,271,0.866888496164441,2711.6272160023714,1564.0,1564.0,2284.0,9,416.37278399762863
36029015003,40,0.9915867070060138,5973.318323004228,3012.0,3012.0,6689.0,3,50.68167699577246
36029015101,40,0.9553731360632615,5923.313443592221,3100.0,3100.0,6320.0,3,276.68655640777877
36029015102,40,0.9181805235660446,4939.8112167853205,2690.0,2690.0,5158.0,3,440.1887832146797
36107020200,143,1.0,10560.0,5280.0,5280.0,9563.0,1,0.0
36113073500,359,1.0,3030.0,1515.0,1515.0,3988.0,1,0.0
36031960300,365,0.9999111136112601,4129.6328992145045,2065.0,2065.0,4514.0,3,0.367100785495748
36031960401,365,0.0,0.0,0.0,0.0,0.0,3,0.0
36031960402,365,0.0,0.0,0.0,0.0,0.0,3,0.0
36009960500,18,1.0,8844.0,4422.0,4422.0,9273.0,1,0.0
36027070201,349,0.9170656231571066,5340.990189266989,2912.0,2911.999999999999,5535.0,13,483.0098107330109
36027140500,349,0.8172552015368412,4391.929453058985,2687.0,2687.0000000000005,5627.0,13,982.0705469410154
36027220101,349,0.0,0.0,0.0,0.0,0.0,13,0.0
36027220102,349,0.0,0.0,0.0,0.0,0.0,13,0.0
36027220201,349,0.7879895116485299,4455.292698860789,2827.0,2827.0000000000005,5413.0,13,1198.7073011392117
36027220700,349,0.8570750489861028,3896.263172690824,2273.0,2273.0,3860.0,13,649.7368273091766
36027220801,349,0.8463935256643902,7590.457138158251,4484.0,4484.0,8530.0,13,1377.542861841749
36111952800,349,0.866428110008701,6865.576343708947,3962.0,3962.0,6602.0,13,1058.4236562910537
36111953300,349,0.8964631633699188,10610.53800164636,5918.0,5918.000000000001,8563.0,13,1225.4619983536404
36111953400,349,0.8652661603964447,10646.234837517855,6152.0,6152.000000000001,8228.0,13,1657.7651624821444
36111953500,349,0.5973049767827536,9441.002463028202,7903.0,7902.999999999999,9929.0,13,6364.997536971797
36111953600,349,0.5589355018795329,8275.599040828365,7403.0,7403.000000000001,10800.0,13,6530.400959171636
36111953700,349,0.8348676385930537,10971.830506389912,6571.0,6571.0,9020.0,13,2170.1694936100885
36071014102,318,0.9178570184302556,11223.555621365165,6114.0,6114.0,13131.0,13,1004.4443786348344
36071014201,318,0.9089093766022626,5978.8058792896845,3289.0,3289.000000000001,6482.0,13,599.1941207103167
36071014202,318,0.9105362192648062,11181.38477257182,6140.0,6140.000000000001,12865.0,13,1098.6152274281797
36071014302,318,0.9129006456145462,13554.748786084781,7424.0,7424.000000000001,15360.0,13,1293.2512139152186
36071014400,318,0.9235021200283308,9554.552933813111,5173.0,5173.0,8672.0,13,791.4470661868897
36071014502,318,0.9711797368563512,11430.785502799252,5885.0,5885.0,9237.0,13,339.21449720074713
36071014601,318,0.0,0.0,0.0,0.0,0.0,13,0.0
36071014602,318,0.0,0.0,0.0,0.0,0.0,13,0.0
36071014700,318,0.8011068958026354,7221.177558764956,4507.0,4507.0,7069.0,13,1792.8224412350448
36071014801,318,0.0,0.0,0.0,0.0,0.0,13,0.0
36071014802,318,0.0,0.0,0.0,0.0,0.0,13,0.0
36071014900,318,0.9244349116601832,6776.107902469143,3665.0,3665.0,5227.0,13,553.8920975308573
36087011700,318,0.9696842465129379,6353.371183152769,3276.0,3275.9999999999995,5380.0,13,198.6288168472305
36029012001,31,0.7206993103447623,8172.730179309605,5670.0,5670.0,9216.0,26,3167.269820690395
36029012002,31,0.7427706927380742,5842.634269077691,3933.0,3932.999999999998,7063.0,26,2023.3657309223086
36029012003,31,0.800650803428056,11252.346391377898,7027.0,7027.0,11119.0,26,2801.6536086221017
36029012300,31,0.6988368738319727,5720.678649188529,4093.0,4093.0000000000005,6385.0,26,2465.321350811472
36029012400,31,0.7123399948030305,3997.652050834607,2806.0,2806.0,3975.0,26,1614.3479491653934
36029012501,31,0.7083151515793444,8614.528873507988,6081.0,6081.0,9341.0,26,3547.471126492012
36029012502,31,0.7347284210910637,3538.452075974563,2408.0,2408.0,3598.0,26,1277.5479240254372
36029012800,31,0.631728433706549,3172.5401940742886,2511.0,2510.9999999999995,4646.0,26,1849.4598059257112
36029012902,31,0.8085851808311099,7209.345472290177,4458.0,4458.0,6695.0,26,1706.6545277098242
36029012903,31,0.0,0.0,0.0,0.0,0.0,26,0.0
36029012904,31,0.0,0.0,0.0,0.0,0.0,26,0.0
36029013001,31,0.7888508858708827,6383.381368467182,4046.0,4046.0,6519.0,26,1708.6186315328175
36029013002,31,0.7794172396298322,12766.85438513665,8190.0,8190.000000000001,12469.0,26,3613.1456148633492
36029013202,31,0.6360444087407278,8650.203958873897,6800.0,6800.000000000001,10174.0,26,4949.796041126102
36029013300,31,0.6620951338318679,7577.016711571899,5722.0,5722.000000000001,7868.0,26,3866.9832884281027
36029013400,31,0.8887896252130352,15436.498210699996,8684.0,8684.0,13104.0,26,1931.5017893000052
36029013501,31,0.8188700953584054,16066.231270931914,9810.0,9810.0,14180.0,26,3553.768729068085
36029013502,31,0.7956392488364071,17893.926706330796,11245.0,11245.0,16273.0,26,4596.073293669203
36029013600,31,0.7813275383297358,5820.890160556531,3725.0,3724.9999999999995,5343.0,26,1629.1098394434687
36029013701,31,0.7646796808060378,13522.595475373973,8842.0,8842.000000000002,14137.0,26,4161.4045246260275
36029013702,31,0.8350744545637913,13860.565796849807,8299.0,8299.0,12681.0,26,2737.434203150193
36029013801,31,0.0,0.0,0.0,0.0,0.0,26,0.0
36029014102,31,0.8754349712948936,10034.23564098207,5731.0,5730.999999999998,11943.0,26,1427.76435901793
36029016200,31,0.7100459944631135,2993.5539126564863,2108.0,2108.0,3235.0,26,1222.446087343514
36029017302,31,0.0,0.0,0.0,0.0,0.0,26,0.0
36029017400,31,0.7303286015589646,8055.524475195379,5515.0,5515.0,8108.0,26,2974.4755248046204
36051030204,82,0.0,0.0,0.0,0.0,0.0,6,0.0
36051030600,82,0.8780162369327607,8156.770841105347,4645.0,4645.000000000001,7385.0,6,1133.2291588946534
36055012401,82,0.907956747885474,4975.6029784123975,2740.0,2740.0,4980.0,6,504.39702158760275
36055012402,82,0.8838679829288566,11173.859040186604,6321.0,6320.999999999998,12696.0,6,1468.1409598133941
36055013300,82,0.9752692922769031,6752.764579725276,3462.0,3461.9999999999995,7004.0,6,171.23542027472325
36069050502,82,0.0,0.0,0.0,0.0,0.0,6,0.0
36101962100,87,1.0,5816.0,2908.0,2908.0,6746.0,1,0.0
36043011400,256,0.9999882716867503,8763.897213062679,4382.0,4382.0,8138.0,2,0.10278693732078945
36043011504,256,0.0,0.0,0.0,0.0,0.0,2,0.0
36045062500,166,1.0,5118.0,2559.0,2559.0,5115.0,1,0.0
36027060100,348,0.8190883048257727,8669.230618275978,5292.0,5291.999999999999,8865.0,27,1914.7693817240217
36027140602,348,0.744662182578647,3896.072539251482,2616.0,2616.0,5554.0,27,1335.9274607485183
36027140801,348,0.6537996160046045,3730.5806089222733,2853.0,2852.9999999999995,5681.0,27,1975.4193910777267
36027190301,348,0.7974017762383765,6666.278849352826,4180.0,4180.0,7522.0,27,1693.7211506471724
36027210101,348,0.7130619839168821,9796.045535050129,6869.0,6869.0,10432.0,27,3941.954464949872
36027210201,348,0.6954333311425986,7514.85257632692,5403.0,5403.0,7802.0,27,3291.1474236730796
36027210301,348,0.7449197717769909,8381.837272034702,5626.0,5626.0,8540.0,27,2870.162727965299
36027640001,348,0.0,0.0,0.0,0.0,0.0,27,0.0
36027640002,348,0.0,0.0,0.0,0.0,0.0,27,0.0
36071000100,348,0.7632949842220549,8553.483593192346,5603.0,5603.0,7938.0,27,2652.5164068076533
36071000200,348,0.7715735886839774,6478.131850590675,4198.0,4198.0,6016.0,27,1917.8681494093253
36071000301,348,0.0,0.0,0.0,0.0,0.0,27,0.0
36071000302,348,0.0,0.0,0.0,0.0,0.0,27,0.0
36071000400,348,0.7074476430364494,8888.372187109951,6282.0,6281.999999999999,8329.0,27,3675.6278128900494
36071000501,348,0.7033606064260672,5738.015827223857,4079.0,4079.0000000000005,5879.0,27,2419.9841727761436
36071000600,348,0.7391631452991649,7509.8975562395135,5080.0,5080.0,7407.0,27,2650.1024437604847
36071010101,348,0.8788791783928644,11493.98189502188,6539.0,6538.999999999998,10773.0,27,1584.0181049781193
36071010102,348,0.8172575428972878,11660.630622058503,7134.0,7134.0,10379.0,27,2607.3693779414975
36071010200,348,0.7874922021366447,11210.738989617274,7118.0,7118.0,10369.0,27,3025.2610103827255
36071010300,348,0.8415510959335828,6069.266503872998,3606.0,3606.0,5965.0,27,1142.733496127001
36071010400,348,0.6492006446832608,6429.683184943014,4952.0,4951.999999999999,7591.0,27,3474.316815056985
36071010501,348,0.0,0.0,0.0,0.0,0.0,27,0.0
36071010502,348,0.0,0.0,0.0,0.0,0.0,27,0.0
36111953800,348,0.7844340846471728,7442.710595132377,4744.0,4744.000000000001,6643.0,27,2045.2894048676244
36111953900,348,0.7883276672508864,10826.892182023676,6867.0,6867.000000000002,10543.0,27,2907.1078179763263
36111954000,348,0.914678683729681,10098.052668375678,5520.0,5520.0,10272.0,27,941.9473316243223
36111954100,348,0.8534444778704551,13071.35562306389,7658.0,7658.0,12043.0,27,2244.6443769361103
36025970602,227,0.0,0.0,0.0,0.0,0.0,1,0.0
36065024302,195,0.9678288446566954,6097.321721337181,3150.0,3150.0,6712.0,2,202.678278662819
36065024400,195,0.9895369184110753,6463.655151061143,3266.0,3266.0,7695.0,2,68.34484893885639
36089493000,287,0.0,0.0,0.0,0.0,0.0,1,0.0
36075020502,164,0.0,0.0,0.0,0.0,0.0,3,0.0
36075020703,164,0.9998659920940826,8486.862540894574,4244.0,4244.0,8873.0,3,1.1374591054269345
36075020705,164,0.0,0.0,0.0,0.0,0.0,3,0.0
36101961400,99,0.9834758316063876,4661.675441814277,2370.0,2370.0,4110.0,2,78.32455818572252
36101961500,99,0.9645752306738209,3159.948455687437,1638.0,1638.0,3951.0,2,116.05154431256275
36017970101,191,0.0,0.0,0.0,0.0,0.0,2,0.0
36053030900,191,0.9999944321875719,9419.947551206928,4710.0,4710.0,6170.0,2,0.052448793072288
36013036801,4,0.0,0.0,0.0,0.0,0.0,4,0.0
36013036802,4,0.0,0.0,0.0,0.0,0.0,4,0.0
36013036902,4,0.936652463500866,7946.559500341347,4242.0,4242.000000000001,7124.0,4,537.440499658653
36013037100,4,0.9621235867565385,7308.290765002666,3798.0,3798.0,7282.0,4,287.70923499733374
36001000100,383,0.6780634033244359,2893.974605388693,2134.0,2134.0,3375.0,60,1374.0253946113075
36001000202,383,0.0,0.0,0.0,0.0,0.0,60,0.0
36001000301,383,0.0,0.0,0.0,0.0,0.0,60,0.0
36001000302,383,0.0,0.0,0.0,0.0,0.0,60,0.0
36001000401,383,0.67317248491895,2894.641685151485,2150.0,2150.0000000000005,3612.0,60,1405.3583148485147
36001000403,383,0.6805084396687653,7237.887764316988,5318.0,5318.0,8763.0,60,3398.1122356830133
36001000404,383,0.6169003972924736,7141.238999057676,5788.0,5788.000000000001,6966.0,60,4434.761000942325
36001000501,383,0.515832580430645,4909.694500538879,4759.0,4759.000000000001,6814.0,60,4608.305499461122
36001000502,383,0.5608902851382009,4838.239599602121,4313.0,4313.0,6359.0,60,3787.760400397878
36001000600,383,0.6108012426175947,5235.788251718022,4286.0,4286.0,6573.0,60,3336.211748281978
36001000700,383,0.6035283462374519,5792.665067187063,4799.0,4799.0,7142.0,60,3805.334932812936
36001001802,383,0.6488360168430372,6788.122408211853,5231.0,5230.999999999999,8172.0,60,3673.8775917881458
36001001803,383,0.0,0.0,0.0,0.0,0.0,60,0.0
36001012800,383,0.7041628723606408,7116.269988076637,5053.0,5053.000000000002,7418.0,60,2989.7300119233646
36001012900,383,0.7404737232721015,6179.993694428959,4173.0,4173.000000000001,5907.0,60,2166.0063055710407
36001013000,383,0.7208897689562317,13869.919154717898,9620.0,9620.0,13882.0,60,5370.080845282102
36001013200,383,0.6498754368128388,5374.469862442176,4135.0,4135.0,5623.0,60,2895.530137557823
36001013300,383,0.6259997519626073,8060.372806270532,6438.0,6438.000000000002,9957.0,60,4815.62719372947
36001013400,383,0.677448914053132,4170.375514911081,3078.0,3078.0,4595.0,60,1985.6244850889193
36001013503,383,0.7377238336672877,9425.159698933268,6388.0,6388.000000000001,9780.0,60,3350.840301066733
36001013505,383,0.5742552992380103,4135.786665112151,3601.0,3601.000000000001,5508.0,60,3066.2133348878497
36001013507,383,0.6798547648500127,3769.1148163284706,2772.0,2771.9999999999995,4314.0,60,1774.8851836715294
36001013509,383,0.0,0.0,0.0,0.0,0.0,60,0.0
36001013510,383,0.0,0.0,0.0,0.0,0.0,60,0.0
36001013511,383,0.0,0.0,0.0,0.0,0.0,60,0.0
36001013512,383,0.0,0.0,0.0,0.0,0.0,60,0.0
36001013602,383,0.5764565736579108,5341.446611514202,4633.0,4633.000000000001,7298.0,60,3924.553388485799
36001013603,383,0.0,0.0,0.0,0.0,0.0,60,0.0
36001013604,383,0.0,0.0,0.0,0.0,0.0,60,0.0
36001013703,383,0.6229431306620725,4280.865193909762,3436.0,3435.9999999999995,5565.0,60,2591.134806090238
36001013706,383,0.5931255843411598,3444.8733938534565,2904.0,2903.9999999999995,4354.0,60,2363.126606146544
36001013707,383,0.6704504960694722,10994.0472345472,8199.0,8198.999999999998,12128.0,60,5403.952765452796
36001013708,383,0.0,0.0,0.0,0.0,0.0,60,0.0
36001013709,383,0.0,0.0,0.0,0.0,0.0,60,0.0
36001013802,383,0.7011483754779504,8762.952396723422,6249.0,6249.0,9347.0,60,3735.047603276577
36001013803,383,0.0,0.0,0.0,0.0,0.0,60,0.0
36001013804,383,0.0,0.0,0.0,0.0,0.0,60,0.0
36001013901,383,0.6537852121583834,4563.420780865516,3490.0,3489.9999999999995,5077.0,60,2416.579219134484
36001013902,383,0.6503909588488628,8650.199752689874,6650.0,6650.0,9881.0,60,4649.800247310126
36001014001,383,0.4805176638852776,5185.746628649916,5396.0,5395.999999999999,8655.0,60,5606.253371350084
36001014002,383,0.5973224857851973,7416.355983509011,6208.0,6208.0,8584.0,60,4999.64401649099
36001014608,383,0.6267495931493411,5951.6141365461435,4748.0,4748.000000000001,7095.0,60,3544.385863453857
36001014609,383,0.653060950616703,8495.016845622073,6504.0,6504.000000000001,9824.0,60,4512.983154377927
36001014614,383,0.7083453614522117,10856.101009616596,7663.0,7663.0,11480.0,60,4469.898990383403
36001014615,383,0.7670054319718118,6244.958227114492,4071.0,4071.0000000000005,5551.0,60,1897.041772885508
36001014617,383,0.0,0.0,0.0,0.0,0.0,60,0.0
36091062407,383,0.0,0.0,0.0,0.0,0.0,60,0.0
36091062506,383,0.6641276245067702,7842.01899017594,5904.0,5904.000000000002,11749.0,60,3965.9810098240587
36091062507,383,0.68120350749362,5775.243336530911,4239.0,4239.0,7946.0,60,2702.7566634690893
36093020101,383,0.6841693928813977,3173.1776441839224,2319.0,2319.0,4457.0,60,1464.8223558160778
36093020500,383,0.6950435245833679,7708.03268762955,5545.0,5545.0,8621.0,60,3381.9673123704492
36093020600,383,0.6446780986363053,4780.93277948684,3708.0,3707.999999999999,5724.0,60,2635.0672205131596
36093020700,383,0.7146793588226752,10088.413829140884,7058.0,7058.0,11777.0,60,4027.586170859116
36093021700,383,0.6596065506764989,5950.970300203374,4511.0,4510.999999999998,7533.0,60,3071.0296997966266
36093021801,383,0.0,0.0,0.0,0.0,0.0,60,0.0
36093021802,383,0.0,0.0,0.0,0.0,0.0,60,0.0
36093031901,383,0.0,0.0,0.0,0.0,0.0,60,0.0
36093031902,383,0.0,0.0,0.0,0.0,0.0,60,0.0
36093032101,383,0.6938897051598476,9318.938740296755,6715.0,6715.0,10904.0,60,4111.061259703246
36093032102,383,0.5850759462128405,1951.813356566036,1668.0,1668.0,2574.0,60,1384.186643433964
36091060504,358,0.0,0.0,0.0,0.0,0.0,2,0.0
36091060505,358,0.0,0.0,0.0,0.0,0.0,2,0.0
36029013101,21,0.9799147762487396,12750.6510685486,6506.0,6505.999999999999,13982.0,6,261.34893145140074
36029013103,21,0.0,0.0,0.0,0.0,0.0,6,0.0
36029013104,21,0.0,0.0,0.0,0.0,0.0,6,0.0
36029013201,21,0.9858411058569083,10027.975728776473,5086.0,5086.000000000001,12179.0,6,144.02427122352842
36029015401,21,0.9826568118960194,5357.444938457098,2726.0,2726.0,4882.0,6,94.5550615429024
36029015402,21,0.9531239480785823,10701.67568902632,5614.0,5614.0,10711.0,6,526.3243109736784
36003950600,58,1.0,7064.0,3532.0,3532.0,6462.0,1,0.0
36017970602,207,0.9999709949133277,6923.799168779881,3462.0,3461.9999999999995,7153.0,3,0.20083122011847432
36077591601,207,0.0,0.0,0.0,0.0,0.0,3,0.0
36077591602,207,0.0,0.0,0.0,0.0,0.0,3,0.0
36007011901,173,0.9749230937513514,5371.826246569946,2755.0,2755.0,5286.0,3,138.1737534300538
36017970700,173,0.9482755101963991,3119.8264285461532,1645.0,1645.0000000000002,3584.0,3,170.1735714538469
36017970802,173,0.9690404263102431,6814.29227781363,3516.0,3516.0000000000005,6748.0,3,217.70772218637023
36053030200,177,0.8620769256084698,7287.9983290940045,4227.0,4227.0,6876.0,7,1166.0016709059964
36053030300,177,0.9498984102776796,11081.514854299412,5833.0,5833.000000000001,9619.0,7,584.4851457005894
36053030401,177,0.9281579980119765,14954.481663968967,8056.0,8056.0,16152.0,7,1157.5183360310334
36053030402,177,0.8001138478913147,6176.87890572095,3860.0,3860.0000000000005,6422.0,7,1543.1210942790506
36053030403,177,0.9014925311784318,10592.537241346572,5875.0,5875.0,10577.0,7,1157.4627586534273
36053030602,177,0.0,0.0,0.0,0.0,0.0,7,0.0
36067015602,177,0.0,0.0,0.0,0.0,0.0,7,0.0
36065024200,213,0.9834923391321155,9455.295348416159,4807.0,4807.0,7629.0,2,158.7046515838408
36065024303,213,0.9316923921177445,4813.122897680268,2583.0,2582.9999999999995,5733.0,2,352.877102319732
36089490700,290,1.0,10068.0,5034.0,5034.0,10521.0,1,0.0
36101961300,98,0.9398098255518432,7480.8862113926725,3980.0,3980.000000000001,7369.0,3,479.11378860732816
36101961700,98,0.961825973689849,5432.393099400268,2824.0,2824.0000000000005,5524.0,3,215.60690059973297
36101962302,98,0.0,0.0,0.0,0.0,0.0,3,0.0
36111950900,297,1.0,1472.0,736.0,736.0,1797.0,1,0.0
36013036401,5,0.9486180316409751,6651.709637866517,3506.0,3505.9999999999995,5183.0,2,360.2903621334823
36013036402,5,0.8902615325554657,6513.153372175787,3658.0,3657.9999999999995,7224.0,2,802.8466278242126
36017970102,209,0.0,0.0,0.0,0.0,0.0,2,0.0
36053031100,209,0.9999748951558464,4513.88667673349,2257.0,2257.0,4506.0,2,0.11332326650965749
36087010902,373,0.6895205587577226,5139.686244980063,3727.0,3726.9999999999995,7968.0,51,2314.3137550199363
36087011000,373,0.5715124009593165,2583.2360523361103,2260.0,2260.0,4574.0,51,1936.7639476638892
36087013102,373,0.0,0.0,0.0,0.0,0.0,51,0.0
36087013200,373,0.5836694445266388,3781.010661643565,3239.0,3238.9999999999995,6893.0,51,2696.989338356434
36087013300,373,0.5630966244993121,2738.901981564654,2432.0,2431.999999999999,3742.0,51,2125.0980184353457
36087013402,373,0.6058316331835875,5039.307524821081,4159.0,4159.000000000001,7412.0,51,3278.6924751789197
36119008500,373,0.7121614630942037,5193.081388882934,3646.0,3645.999999999999,7419.0,51,2098.918611117066
36119008602,373,0.6943228602242519,9394.18829883413,6765.0,6765.000000000001,12018.0,51,4135.8117011658705
36119008902,373,0.6506364994369517,5875.247589915675,4515.0,4515.0,7308.0,51,3154.7524100843266
36119009600,373,0.6032012117100878,5886.0374238670365,4879.0,4878.999999999999,8930.0,51,3871.962576132963
36119009701,373,0.7086126044971478,3800.9980105227005,2682.0,2682.0000000000005,5117.0,51,1563.001989477299
36119009703,373,0.6986105846436161,5159.937778177748,3693.0,3693.000000000001,7113.0,51,2226.0622218222516
36119009900,373,0.6346924734051598,5342.841241124635,4209.0,4209.0,6830.0,51,3075.158758875365
36119010000,373,0.6271546524438769,8697.380720091684,6934.0,6933.999999999999,10857.0,51,5170.619279908316
36119010200,373,0.7184867617385426,9976.907173501404,6943.0,6943.000000000001,9878.0,51,3909.092826498597
36119010300,373,0.7326865112663983,6008.029392384466,4100.0,4099.999999999999,6471.0,51,2191.9706076155335
36119010400,373,0.6830505925461945,8266.278270994044,6051.0,6050.999999999999,8585.0,51,3835.721729005955
36119010500,373,0.6724201601151563,14331.963292694443,10657.0,10657.0,14151.0,51,6982.036707305559
36119010600,373,0.6042449553861782,9406.885465452022,7784.0,7783.999999999999,10305.0,51,6161.114534547977
36119010701,373,0.6751110334938737,11715.876875252681,8677.0,8676.999999999996,12238.0,51,5638.123124747315
36119010702,373,0.6570693545728825,8791.587964185166,6690.0,6690.0,10976.0,51,4588.412035814833
36119010801,373,0.5864001882920711,3968.7564743607372,3384.0,3384.000000000001,6399.0,51,2799.243525639263
36119010901,373,0.6859061871078747,4252.618360068822,3100.0,3099.9999999999995,4735.0,51,1947.3816399311772
36119010902,373,0.6664799501766168,9835.911104706509,7379.0,7378.999999999999,12295.0,51,4922.08889529349
36119010903,373,0.6310347246216765,7549.699445373739,5982.0,5982.0,9590.0,51,4414.300554626261
36119011000,373,0.6364159358857882,4840.579608347305,3803.0,3802.9999999999995,5645.0,51,2765.4203916526953
36119011101,373,0.7169211665409616,12233.542785854968,8532.0,8532.0,13487.0,51,4830.457214145032
36119011102,373,0.6141096884384912,6090.7398899329555,4959.0,4958.999999999999,6959.0,51,3827.260110067044
36119011200,373,0.6250850372902215,7245.985752268248,5796.0,5796.000000000001,8768.0,51,4346.014247731752
36119011300,373,0.6845811828274937,13857.292302794123,10121.0,10120.999999999998,13590.0,51,6384.707697205874
36119011401,373,0.0,0.0,0.0,0.0,0.0,51,0.0
36119011402,373,0.0,0.0,0.0,0.0,0.0,51,0.0
36119011500,373,0.7054328127864808,8940.655469255857,6337.0,6336.999999999999,10527.0,51,3733.344530744142
36119011601,373,0.0,0.0,0.0,0.0,0.0,51,0.0
36119011602,373,0.0,0.0,0.0,0.0,0.0,51,0.0
36119011700,373,0.669483655163428,5047.906759932246,3770.0,3769.9999999999995,6309.0,51,2492.0932400677534
36119011800,373,0.7254631952517328,9863.397602642559,6798.0,6798.000000000001,12304.0,51,3732.6023973574406
36119011902,373,0.6610772567749121,8419.47994228528,6368.0,6367.999999999998,8955.0,51,4316.520057714719
36119012000,373,0.6931774826781099,11451.292013842374,8260.0,8260.0,11380.0,51,5068.707986157625
36119012101,373,0.7834376648408236,11583.909312336418,7393.0,7393.0,12045.0,51,3202.0906876635827
36119012102,373,0.8044064329618639,12899.461558976449,8018.0,8018.0,11955.0,51,3136.53844102355
36119012201,373,0.0,0.0,0.0,0.0,0.0,51,0.0
36119012202,373,0.0,0.0,0.0,0.0,0.0,51,0.0
36119012301,373,0.7402570099328432,6087.8736496877045,4112.0,4112.0,6149.0,51,2136.1263503122973
36119012303,373,0.7027641940740741,8381.165778527406,5963.0,5962.999999999997,9649.0,51,3544.834221472592
36119013201,373,0.7687374083011187,10234.969854121093,6657.0,6657.0,10287.0,51,3079.030145878906
36119013202,373,0.7633570412005894,6030.520625484656,3950.0,3950.0000000000005,6077.0,51,1869.4793745153438
36119013304,373,0.7371707619961128,9015.59841921246,6115.0,6115.0,10423.0,51,3214.4015807875408
36119013401,373,0.0,0.0,0.0,0.0,0.0,51,0.0
36119981000,373,0.6418103283408597,2514.612866439489,1959.0,1959.0000000000002,3237.0,51,1403.3871335605115
36119982000,373,0.0,0.0,0.0,0.0,0.0,51,0.0
36073990000,56,0.0,0.0,0.0,0.0,0.0,1,0.0
36009960200,39,0.9716190825624155,9302.281096452565,4787.0,4787.0,8227.0,2,271.7189035474347
36009960800,39,0.9741778889189416,8861.122077606693,4548.0,4548.0,7842.0,2,234.87792239330702
36001014501,354,0.916646151193966,4062.575742091657,2216.0,2216.0,4996.0,5,369.4242579083428
36001014502,354,0.973322876024406,6443.397439281567,3310.0,3309.9999999999995,6746.0,5,176.60256071843236
36001014503,354,0.9376224308059103,6090.795310515195,3248.0,3248.0000000000005,6316.0,5,405.20468948480624
36001014801,354,0.9803906700143806,4460.777548565432,2275.0,2275.0,4067.0,5,89.2224514345683
36001014803,354,0.9317191868296048,5864.240561905533,3147.0,3147.0,6253.0,5,429.7594380944677
36089492800,202,1.0,4144.0,2072.0,2072.0,4025.0,1,0.0
36091060103,386,0.0,0.0,0.0,0.0,0.0,5,0.0
36091060301,386,0.0,0.0,0.0,0.0,0.0,5,0.0
36091060400,386,0.9994777400202237,4617.587158893433,2310.0,2309.9999999999995,4195.0,5,2.412841106566364
36091060703,386,0.0,0.0,0.0,0.0,0.0,5,0.0
36091062900,386,0.0,0.0,0.0,0.0,0.0,5,0.0
36089492301,264,0.0,0.0,0.0,0.0,0.0,2,0.0
36089492302,264,0.0,0.0,0.0,0.0,0.0,2,0.0
36017970801,189,1.0,6080.0,3040.0,3040.0,6265.0,1,0.0
36027060202,347,0.7533502979344349,5232.771169452585,3473.0,3473.0000000000005,8770.0,17,1713.228830547415
36071000502,347,0.7455396579117519,6025.451515242779,4041.0,4040.9999999999995,7279.0,17,2056.5484847572206
36071012601,347,0.7736206594677242,6940.924556744422,4486.0,4486.0,7827.0,17,2031.0754432555789
36071012602,347,0.7366156332631195,6383.511077858193,4333.0,4333.0,7711.0,17,2282.4889221418066
36071012700,347,0.7924157948827577,8467.75518411715,5343.0,5343.0,8719.0,17,2218.244815882851
36071012800,347,0.8064568529526712,11167.814499688591,6924.0,6923.999999999999,10996.0,17,2680.1855003114088
36071012900,347,0.8415806808668397,7151.752626006403,4249.0,4249.0,6157.0,17,1346.2473739935963
36071013000,347,0.8580218437179189,12585.464403654436,7334.0,7334.000000000002,10005.0,17,2082.5355963455663
36071013100,347,0.8829247690327372,9802.230785801448,5551.0,5550.999999999999,8712.0,17,1299.7692141985517
36071013201,347,0.8748784476107349,10001.610413085922,5716.0,5716.0,10968.0,17,1430.3895869140792
36071013500,347,0.8655986143447173,11067.543883011554,6393.0,6393.0,13333.0,17,1718.4561169884441
36071013600,347,0.7852135429685653,10546.988309153769,6716.0,6715.999999999998,7688.0,17,2885.011690846231
36071013700,347,0.7916332497508783,5794.755388176431,3660.0,3660.0000000000005,5429.0,17,1525.2446118235703
36071013800,347,0.8010714867473181,6688.946914340106,4175.0,4175.0,5791.0,17,1661.0530856598944
36071015202,347,0.0,0.0,0.0,0.0,0.0,17,0.0
36079010700,347,0.7674368982044251,3402.81520663842,2217.0,2216.9999999999995,3963.0,17,1031.1847933615795
36079010800,347,0.7555270548531237,3715.6820557676624,2459.0,2459.0,5798.0,17,1202.3179442323378
36087010804,345,0.8224127826323053,8400.124161806369,5107.0,5107.000000000002,7731.0,54,1813.8758381936339
36087010901,345,0.8464654520270564,13304.74397496127,7859.0,7858.999999999998,11434.0,54,2413.256025038728
36087011101,345,0.8312518706731538,15727.285393136073,9460.0,9460.000000000002,14242.0,54,3192.71460686393
36087011102,345,0.8170824469655491,15965.791013706832,9770.0,9770.000000000002,13952.0,54,3574.2089862931707
36087011200,345,0.839601388894129,15863.428641765677,9447.0,9446.999999999998,12748.0,54,3030.5713582343255
36087011302,345,0.7006207190742044,12119.337198545587,8649.0,8649.0,11649.0,54,5178.662801454413
36087011303,345,0.7956193988230174,12793.559933074117,8040.0,8039.999999999999,10996.0,54,3286.4400669258816
36087011304,345,0.0,0.0,0.0,0.0,0.0,54,0.0
36087011305,345,0.0,0.0,0.0,0.0,0.0,54,0.0
36087011401,345,0.7370779022840039,9225.267024986591,6258.0,6258.000000000002,8934.0,54,3290.732975013408
36087011403,345,0.7911327409957526,14129.630754184145,8930.0,8930.000000000002,12512.0,54,3730.369245815858
36087011404,345,0.6810062436129407,7029.346446572773,5161.0,5161.0,6830.0,54,3292.6535534272266
36087011405,345,0.7300882481824575,9345.129576735457,6400.0,6400.000000000002,9730.0,54,3454.870423264543
36087011505,345,0.4554159224106621,2933.7893721694854,3221.0,3221.0,4923.0,54,3508.2106278305146
36087011506,345,0.7012135477189604,7610.971846941596,5427.0,5427.0,11727.0,54,3243.028153058404
36087011510,345,0.0,0.0,0.0,0.0,0.0,54,0.0
36087011511,345,0.0,0.0,0.0,0.0,0.0,54,0.0
36087011512,345,0.0,0.0,0.0,0.0,0.0,54,0.0
36087011602,345,0.7490243988300592,10721.535244853469,7157.0,7156.999999999999,10613.0,54,3592.4647551465323
36087011603,345,0.7869877796984289,12749.202031114546,8100.0,8099.999999999999,10475.0,54,3450.797968885452
36087011901,345,0.8305875331547878,9525.177830219105,5734.0,5734.0,7221.0,54,1942.8221697808935
36087011902,345,0.7900583421146885,7932.185754831475,5020.0,5020.000000000001,6476.0,54,2107.814245168527
36087012000,345,0.7948154921768866,8537.908016964115,5371.0,5371.000000000002,7068.0,54,2204.091983035885
36087012107,345,0.0,0.0,0.0,0.0,0.0,54,0.0
36087012108,345,0.0,0.0,0.0,0.0,0.0,54,0.0
36087012109,345,0.0,0.0,0.0,0.0,0.0,54,0.0
36087012110,345,0.0,0.0,0.0,0.0,0.0,54,0.0
36087012111,345,0.0,0.0,0.0,0.0,0.0,54,0.0
36087012112,345,0.0,0.0,0.0,0.0,0.0,54,0.0
36087012113,345,0.0,0.0,0.0,0.0,0.0,54,0.0
36087012114,345,0.0,0.0,0.0,0.0,0.0,54,0.0
36087012115,345,0.0,0.0,0.0,0.0,0.0,54,0.0
36087012116,345,0.0,0.0,0.0,0.0,0.0,54,0.0
36087012203,345,0.6599366181009595,5540.827845575657,4198.0,4198.000000000002,7978.0,54,2855.1721544243446
36087012204,345,0.5774412671373841,5047.991557315011,4371.0,4371.0,7699.0,54,3694.008442684988
36087012205,345,0.0,0.0,0.0,0.0,0.0,54,0.0
36087012206,345,0.0,0.0,0.0,0.0,0.0,54,0.0
36087012301,345,0.0,0.0,0.0,0.0,0.0,54,0.0
36087012302,345,0.0,0.0,0.0,0.0,0.0,54,0.0
36087012401,345,0.6879786930916167,8012.1998597449665,5823.0,5822.999999999998,9736.0,54,3633.800140255031
36087012403,345,0.0,0.0,0.0,0.0,0.0,54,0.0
36087012404,345,0.0,0.0,0.0,0.0,0.0,54,0.0
36087012503,345,0.0,0.0,0.0,0.0,0.0,54,0.0
36087012504,345,0.0,0.0,0.0,0.0,0.0,54,0.0
36087012505,345,0.0,0.0,0.0,0.0,0.0,54,0.0
36087012506,345,0.0,0.0,0.0,0.0,0.0,54,0.0
36087012600,345,0.7973083442266637,17221.86023529594,10800.0,10799.999999999996,13752.0,54,4378.139764704061
36087012700,345,0.7820749971296665,10324.954112105857,6601.0,6600.999999999999,8162.0,54,2877.045887894142
36087012800,345,0.7396528271636351,14375.89234875241,9718.0,9718.000000000002,12283.0,54,5060.107651247588
36087013001,345,0.826655941566852,6967.05627552543,4214.0,4214.0,5173.0,54,1460.943724474572
36087013002,345,0.7131526898472327,12022.32804544465,8429.0,8428.999999999998,10309.0,54,4835.6719545553515
36087013003,345,0.7628316674241227,6378.798403000514,4181.0,4181.0,6258.0,54,1983.2015969994864
36087013101,345,0.0,0.0,0.0,0.0,0.0,54,0.0
36087013401,345,0.8216971482822782,11176.724610935547,6801.0,6800.999999999999,8576.0,54,2425.2753890644517
36001014802,325,0.9907800073337715,3172.4775834827365,1601.0,1601.0000000000002,3513.0,2,29.52241651726372
36095740800,325,0.9932066039779754,4791.228657589753,2412.0,2412.0,4653.0,2,32.77134241024651
36053030404,178,0.0,0.0,0.0,0.0,0.0,2,0.0
36065026700,178,0.9999741625730282,9943.743072626192,4972.0,4972.0,10273.0,2,0.25692737380769715
36121971100,60,1.0,4720.0,2360.0,2360.0,4860.0,1,0.0
36001014606,355,0.6838947020473314,5993.653168742812,4382.0,4382.0,7809.0,27,2770.346831257187
36001014611,355,0.787394237971011,3395.243954130999,2156.0,2156.0,3965.0,27,916.7560458690003
36001014612,355,0.839624233350488,3855.5544795454407,2296.0,2296.0,4211.0,27,736.4455204545593
36001014613,355,0.766890201690892,5395.839459097116,3518.0,3517.9999999999995,6036.0,27,1640.1605409028841
36001014616,355,0.0,0.0,0.0,0.0,0.0,27,0.0
36001014700,355,0.9044186987823765,5433.747542284518,3004.0,3004.000000000001,5618.0,27,574.2524577154823
36093020300,355,0.49471534767709135,1857.1614151798008,1877.0,1877.0,3066.0,27,1896.8385848201992
36093020800,355,0.6274203936675851,4157.2875284414185,3313.0,3313.0,5238.0,27,2468.712471558581
36093020900,355,0.4932622403062602,3444.943486298921,3492.0,3491.9999999999995,5250.0,27,3539.0565137010785
36093021001,355,0.640764738867016,1108.522998239938,865.0,865.0000000000001,1796.0,27,621.4770017600623
36093021002,355,0.5138237550811644,2588.644078098906,2519.0,2518.9999999999995,3757.0,27,2449.3559219010936
36093021200,355,0.6348129852596436,4795.377290651348,3777.0,3777.000000000001,5676.0,27,2758.622709348653
36093021400,355,0.5726737562744675,4053.3848469106806,3539.0,3539.0,5070.0,27,3024.6151530893194
36093021500,355,0.5983775730550005,5262.132377445674,4397.0,4397.0,6046.0,27,3531.8676225543254
36093021600,355,0.5665299369944355,5354.840964471405,4726.0,4726.0,7923.0,27,4097.159035528595
36093032601,355,0.774489075777317,3824.4270561883914,2469.0,2469.0,3567.0,27,1113.5729438116089
36093032700,355,0.6832021326351781,6905.80715667638,5054.0,5054.0,7318.0,27,3202.1928433236194
36093032901,355,0.6665607320181397,7402.823489793459,5553.0,5553.000000000001,9043.0,27,3703.1765102065406
36093032902,355,0.6032692025674398,6672.157380395884,5530.0,5530.0,8256.0,27,4387.842619604116
36093033002,355,0.6284965686873081,4383.135070025286,3487.0,3486.9999999999995,5129.0,27,2590.864929974713
36093033003,355,0.6465430699561601,6096.901149686589,4715.0,4715.000000000001,6721.0,27,3333.098850313411
36093033004,355,0.596640992286704,4310.134528279149,3612.0,3612.0,5260.0,27,2913.865471720851
36093033101,355,0.8456967300112701,3959.552089912767,2341.0,2340.9999999999995,3933.0,27,722.4479100872333
36093033200,355,0.5652036268001955,4553.280417502376,4028.0,4028.000000000001,6261.0,27,3502.719582497625
36093033300,355,0.6060661153974767,3429.122080918923,2829.0,2829.0,4357.0,27,2228.877919081077
36093033400,355,0.6005172431320097,4003.047942717976,3333.0,3332.9999999999995,4881.0,27,2662.9520572820234
36093033500,355,0.564422025233324,2474.426158622892,2192.0,2192.0,3561.0,27,1909.5738413771078
36017970201,174,0.0,0.0,0.0,0.0,0.0,1,0.0
36051031101,80,0.0,0.0,0.0,0.0,0.0,3,0.0
36051031400,80,0.9592055375756421,10810.246408477486,5635.0,5634.999999999999,8170.0,3,459.75359152251417
36101960400,80,0.938173128859366,9222.241856687568,4915.0,4915.0,7084.0,3,607.7581433124321
36091061600,356,0.9130505856531891,7841.278429589588,4294.0,4294.0,8156.0,10,746.7215704104119
36093020200,356,0.7783475476542081,3015.3183996124026,1937.0,1937.0000000000005,3711.0,10,858.6816003875977
36093032200,356,0.8342616932860918,10104.577629081143,6056.0,6056.0,9077.0,10,2007.4223709188568
36093032300,356,0.8995933977223016,6881.889492575607,3825.0,3825.0000000000014,5744.0,10,768.1105074243931
36093032402,356,0.822661201763815,5473.987636536425,3327.0,3327.0,6095.0,10,1180.0123634635754
36093032403,356,0.8407398737657392,4689.647015865293,2789.0,2789.0000000000005,4257.0,10,888.3529841347066
36093032404,356,0.9116267060952823,14188.558053666973,7782.0,7781.999999999999,12633.0,10,1375.4419463330273
36093032503,356,0.882147191671413,8256.897714044426,4680.0,4679.999999999999,8600.0,10,1103.102285955574
36093032504,356,0.7875037082969882,4096.594290560933,2601.0,2600.9999999999995,4195.0,10,1105.4057094390673
36093032602,356,0.8612796179965241,7041.822156739581,4088.0,4088.0,8162.0,10,1134.1778432604192
36057070200,328,0.8029545833594347,5244.8993385038275,3266.0,3266.0000000000005,4419.0,10,1287.100661496173
36057070300,328,0.7842604827842989,5485.117816593386,3497.0,3496.9999999999995,4265.0,10,1508.882183406613
36057070400,328,0.8448999136229212,4646.949524926067,2750.0,2750.0000000000005,3550.0,10,853.0504750739334
36057070500,328,0.7964035213652741,6874.555196425046,4316.0,4316.0,5356.0,10,1757.4448035749535
36057070600,328,0.6958006739186084,4807.982656777584,3455.0,3455.0000000000005,4050.0,10,2102.0173432224155
36057070700,328,0.7972929415963728,6740.314528255735,4227.0,4227.0,5731.0,10,1713.685471744265
36057070800,328,0.7825215505486018,5870.47667221561,3751.0,3750.9999999999995,4681.0,10,1631.5233277843893
36057070900,328,0.6687092704365586,2555.8068316085264,1911.0,1910.9999999999998,2375.0,10,1266.1931683914731
36057072100,328,0.5335093471388037,8125.3473569239795,7615.0,7615.0,10748.0,10,7104.6526430760205
36057072800,328,0.8303401461382532,8105.780506601628,4881.0,4881.000000000001,7509.0,10,1656.2194933983722
36113076000,417,1.0,4108.0,2054.0,2054.0,3421.0,1,0.0
36069050304,103,0.0,0.0,0.0,0.0,0.0,7,0.0
36117020302,103,0.8931146756853121,10342.267944435911,5790.0,5789.999999999999,10614.0,7,1237.7320555640863
36117020601,103,0.0,0.0,0.0,0.0,0.0,7,0.0
36117020602,103,0.0,0.0,0.0,0.0,0.0,7,0.0
36117020700,103,0.9298233562144954,7204.271363949911,3874.0,3874.0,6228.0,7,543.7286360500898
36117021100,103,0.9791562178778128,13048.235759439733,6663.0,6662.999999999999,10007.0,7,277.76424056026644
36117021200,103,0.8666695924243106,9257.764586276486,5341.0,5341.0,8087.0,7,1424.2354137235138
36007010200,157,0.994208022634406,8663.528709236214,4357.0,4357.000000000001,10229.0,3,50.4712907637865
36007012000,157,0.9962385608828895,2596.1976896608103,1303.0,1303.0,2797.0,3,9.802310339189757
36107020102,157,0.0,0.0,0.0,0.0,0.0,3,0.0
36043010400,255,0.9169967393900216,8502.39376762428,4636.0,4635.999999999999,6893.0,7,769.6062323757194
36043010501,255,0.896073989029577,6424.850501342067,3585.0,3585.0000000000005,4594.0,7,745.1494986579331
36043010701,255,0.7783973291394818,6784.511120779724,4358.0,4358.0,6356.0,7,1931.488879220277
36043010702,255,0.8822238055297367,4038.8205817151343,2289.0,2289.0000000000005,3320.0,7,539.1794182848657
36043011100,255,0.7597638984665406,4481.087473155656,2949.0,2948.9999999999995,3516.0,7,1416.9125268443436
36043011200,255,0.9362962001735977,17529.337459650098,9361.0,9361.000000000002,12370.0,7,1192.6625403499047
36043011301,255,0.7011893235259583,3289.980305983796,2346.0,2346.0,3342.0,7,1402.0196940162036
36047002200,342,0.39762805247203403,6834.43096588932,8594.0,8594.0,12588.0,432,10353.569034110678
36047003000,342,0.2952307056371982,1535.1996693134301,2600.0,2600.0,3536.0,432,3664.8003306865694
36047003400,342,0.29291943349139726,2591.1653086649,4423.0,4423.000000000001,6424.0,432,6254.8346913351
36047003600,342,0.32822118823645696,4505.164029733609,6863.0,6863.0,9512.0,432,9220.835970266391
36047003800,342,0.22051604292256966,1063.7693910584755,2412.0,2412.0,3471.0,432,3760.230608941524
36047004400,342,0.335157678688212,2870.960675643224,4283.0,4283.0,5421.0,432,5695.039324356776
36047004600,342,0.29266990435663476,1476.2269975748657,2522.0,2522.0,3238.0,432,3567.773002425134
36047005000,342,0.3313827638418614,3071.2554552863717,4634.0,4634.0,5936.0,432,6196.744544713629
36047005201,342,0.28536036558171873,1121.466236736155,1965.0,1965.0000000000002,2665.0,432,2808.5337632638452
36047005202,342,0.2884606644245026,2352.685179046243,4078.0,4078.0000000000005,6010.0,432,5803.314820953757
36047005400,342,0.3329652768071102,3121.8824353434643,4688.0,4687.999999999999,6584.0,432,6254.117564656535
36047005601,342,0.29547756502049394,2141.0304361384983,3623.0,3623.0,5289.0,432,5104.969563861501
36047005602,342,0.2419168919147917,1505.6907352776627,3112.0,3112.0,3994.0,432,4718.309264722337
36047005800,342,0.3164960724267333,2928.221662092136,4626.0,4626.0,6712.0,432,6323.778337907864
36047006000,342,0.382049611425774,3298.616345050133,4317.0,4317.0,5964.0,432,5335.383654949867
36047006200,342,0.35098741033227643,2666.100368883971,3798.0,3798.0,5539.0,432,4929.899631116028
36047006400,342,0.3305610978124034,3193.220204867818,4830.0,4830.0,6715.0,432,6466.779795132183
36047006600,342,0.2943982547456546,3024.0588727473632,5136.0,5136.0,7016.0,432,7247.941127252636
36047006800,342,0.394243199714051,6414.336859347609,8135.0,8135.0,11634.0,432,9855.66314065239
36047007000,342,0.2670184562502853,2636.5402370153165,4937.0,4937.0,6848.0,432,7237.459762984683
36047007200,342,0.2903900732555168,2018.791789272352,3476.0,3476.0,4706.0,432,4933.208210727647
36047007400,342,0.33746175394146294,5448.657479138858,8073.0,8073.000000000002,11776.0,432,10697.34252086114
36047007600,342,0.3447038289396326,5320.158895854287,7717.0,7716.999999999999,10798.0,432,10113.841104145711
36047007800,342,0.3099493556551971,4469.469708547943,7210.0,7210.000000000001,11369.0,432,9950.530291452058
36047008600,342,0.0,0.0,0.0,0.0,0.0,432,0.0
36047009001,342,0.0,0.0,0.0,0.0,0.0,432,0.0
36047009002,342,0.0,0.0,0.0,0.0,0.0,432,0.0
36047009201,342,0.0,0.0,0.0,0.0,0.0,432,0.0
36047009202,342,0.0,0.0,0.0,0.0,0.0,432,0.0
36047009401,342,0.0,0.0,0.0,0.0,0.0,432,0.0
36047009402,342,0.0,0.0,0.0,0.0,0.0,432,0.0
36047009600,342,0.24932656574675005,3615.235203327873,7250.0,7250.000000000002,13144.0,432,10884.764796672125
36047009800,342,0.36361571248251323,9235.839097055832,12700.0,12700.000000000004,19820.0,432,16164.160902944166
36047010000,342,0.34948483319786916,6649.298436422657,9513.0,9513.0,14536.0,432,12376.701563577342
36047010200,342,0.3039802363075642,5015.673899074809,8250.0,8250.0,13131.0,432,11484.326100925191
36047010401,342,0.0,0.0,0.0,0.0,0.0,432,0.0
36047010402,342,0.0,0.0,0.0,0.0,0.0,432,0.0
36047010601,342,0.0,0.0,0.0,0.0,0.0,432,0.0
36047010602,342,0.0,0.0,0.0,0.0,0.0,432,0.0
36047010801,342,0.0,0.0,0.0,0.0,0.0,432,0.0
36047010802,342,0.0,0.0,0.0,0.0,0.0,432,0.0
36047011000,342,0.3005035888884525,2718.355465084943,4523.0,4523.0,6277.0,432,6327.644534915058
36047011200,342,0.37957934689845074,7713.052328976517,10160.0,10160.0,16292.0,432,12606.947671023481
36047011400,342,0.23897550471624762,2678.9154078691354,5605.0,5605.000000000001,8483.0,432,8531.084592130865
36047011600,342,0.2883994717639542,3326.3995073254478,5767.0,5767.0,8850.0,432,8207.600492674552
36047011800,342,0.22045398794769677,1366.8147252757194,3100.0,3100.0,4778.0,432,4833.18527472428
36047012000,342,0.21064695715925796,806.3565520056396,1914.0,1913.9999999999995,2378.0,432,3021.64344799436
36047012200,342,0.3103342221669968,5835.524713628205,9402.0,9402.0,12869.0,432,12968.475286371793
36047012600,342,0.2823043358454488,2209.313732326481,3913.0,3913.0,5671.0,432,5616.686267673518
36047012801,342,0.31248540137363445,2217.3964081473105,3548.0,3548.0,5164.0,432,4878.6035918526895
36047013000,342,0.35320520317803294,6458.003934907155,9142.0,9142.0,12768.0,432,11825.996065092846
36047013200,342,0.3318934403273591,2645.190719409052,3985.0,3985.0,5565.0,432,5324.809280590948
36047013400,342,0.3197848092266471,3715.8994832136395,5810.0,5810.0,8459.0,432,7904.100516786361
36047013600,342,0.31701992302857995,4147.8886729059395,6542.0,6541.999999999999,9072.0,432,8936.11132709406
36047013800,342,0.3933658580146311,4607.88766078339,5857.0,5857.0,8342.0,432,7106.112339216611
36047014000,342,0.31624106115833606,1884.164242381366,2979.0,2979.0,3874.0,432,4073.8357576186336
36047014200,342,0.34958757189230694,4309.016411144576,6163.0,6163.000000000001,7854.0,432,8016.983588855424
36047014800,342,0.3106326760305198,1345.0394872121508,2165.0,2165.0,3007.0,432,2984.9605127878494
36047015000,342,0.33250660966231704,2095.4566540919227,3151.0,3151.0000000000005,3826.0,432,4206.543345908078
36047015200,342,0.34993294073947845,3061.913231470436,4375.0,4375.0,6460.0,432,5688.086768529563
36047015400,342,0.0,0.0,0.0,0.0,0.0,432,0.0
36047016000,342,0.350479388139868,4887.785546998598,6973.0,6973.000000000001,9644.0,432,9058.214453001401
36047016200,342,0.2806817689679554,2107.9200849493445,3755.0,3755.0000000000005,4898.0,432,5402.0799150506555
36047016400,342,0.16151954987489792,283.3052904805708,877.0,877.0,1219.0,432,1470.6947095194291
36047016600,342,0.3159534166756063,2262.226463397341,3580.0,3580.0,4267.0,432,4897.773536602659
36047016800,342,0.335873129563796,2592.2688139733777,3859.0,3859.0,5382.0,432,5125.731186026623
36047017000,342,0.3616708399675802,5004.0777417914405,6918.0,6918.0,9787.0,432,8831.92225820856
36047017200,342,0.35175874959988895,4668.542124689727,6636.0,6636.0,8760.0,432,8603.457875310274
36047017400,342,0.30312871078560777,2013.380897038007,3321.0,3321.0,4917.0,432,4628.619102961993
36047017600,342,0.3460132640024428,3435.219685016253,4964.0,4964.0,6464.0,432,6492.780314983747
36047017800,342,0.4357815585437631,5532.682667271617,6348.0,6347.999999999999,8809.0,432,7163.317332728384
36047018000,342,0.3523421286989449,4023.0424254845507,5709.0,5709.0,7901.0,432,7394.957574515448
36047018200,342,0.3309273658510524,4053.1983769436883,6124.0,6124.0,8563.0,432,8194.80162305631
36047018400,342,0.31085056613871953,3016.493893810135,4852.0,4852.0,6451.0,432,6687.506106189866
36047018600,342,0.3357315482599741,2544.1736727140833,3789.0,3789.0000000000005,5253.0,432,5033.826327285917
36047018800,342,0.3723835923955712,4306.243862462385,5782.0,5782.0,7720.0,432,7257.756137537615
36047019000,342,0.41908522902399004,7501.62559952942,8950.0,8950.0,11969.0,432,10398.374400470579
36047019200,342,0.3038621476167086,3417.8414363927386,5624.0,5624.0,8017.0,432,7830.158563607261
36047019400,342,0.32918147827510635,3804.679525903679,5779.0,5779.0,7666.0,432,7753.320474096321
36047019600,342,0.3728401178577294,6561.240394060322,8799.0,8799.0,11592.0,432,11036.759605939678
36047019800,342,0.310482854255402,2018.7595183686224,3251.0,3251.0,4479.0,432,4483.2404816313765
36047020000,342,0.3478096871388656,2886.124783878306,4149.0,4149.0,5708.0,432,5411.8752161216935
36047020200,342,0.37265464765011036,2990.1808927444854,4012.0,4011.9999999999995,4913.0,432,5033.819107255515
36047020400,342,0.3640571114730178,3206.61503785434,4404.0,4404.0,5885.0,432,5601.384962145659
36047020600,342,0.3302413560425379,3312.3208011066563,5015.0,5015.0,6072.0,432,6717.679198893345
36047020800,342,0.3405090357501144,3729.9359776067527,5477.0,5477.0,7401.0,432,7224.064022393247
36047021000,342,0.339422318624088,5018.019558538516,7392.0,7391.999999999999,10232.0,432,9765.980441461483
36047021200,342,0.3266377801890543,5472.489369287414,8377.0,8377.0,11767.0,432,11281.510630712584
36047021400,342,0.2256840912969792,1765.3009621249707,3911.0,3911.0,5241.0,432,6056.699037875029
36047021600,342,0.2654570024098729,3739.7582499502887,7044.0,7044.0,10300.0,432,10348.24175004971
36047021800,342,0.2391458820344332,2534.468057800924,5299.0,5299.0,7039.0,432,8063.531942199077
36047022000,342,0.27538860627604567,4187.008369820999,7602.0,7601.999999999998,9217.0,432,11016.991630179
36047022200,342,0.2565787400243372,3399.155147842417,6624.0,6624.0,8055.0,432,9848.844852157581
36047022400,342,0.3170045658026025,5489.88507056947,8659.0,8659.0,12295.0,432,11828.11492943053
36047022600,342,0.30958264051740425,2459.9436615512927,3973.0,3973.000000000001,5488.0,432,5486.056338448707
36047022800,342,0.282405642342911,2599.261532124153,4602.0,4602.0,6302.0,432,6604.738467875847
36047023000,342,0.24245992183278753,2923.096817616085,6028.0,6028.0,7358.0,432,9132.903182383914
36047023200,342,0.28310553913860403,4849.597885444286,8565.0,8564.999999999998,11519.0,432,12280.402114555713
36047023400,342,0.20992109568342265,2957.368395988058,7044.0,7043.999999999999,9244.0,432,11130.631604011942
36047023600,342,0.329036807046849,7463.212857436633,11341.0,11341.000000000002,14729.0,432,15218.787142563371
36047023800,342,0.25611092455042117,2872.027907908424,5607.0,5607.0,6881.0,432,8341.972092091577
36047024000,342,0.24923393705042673,3802.81141151541,7629.0,7629.0,8803.0,432,11455.188588484589
36047024200,342,0.1853919559439,1774.9425862068979,4787.0,4786.999999999999,5796.0,432,7799.057413793102
36047024400,342,0.2732590202939089,3053.396292764138,5587.0,5587.0,8114.0,432,8120.603707235861
36047024600,342,0.4002016261786606,4780.0082230779235,5972.0,5972.000000000001,7912.0,432,7163.991776922077
36047024800,342,0.3417912347450349,2889.5030985345265,4227.0,4227.0,6007.0,432,5564.496901465474
36047025000,342,0.27319250206761536,1217.8921742174302,2229.0,2229.0000000000005,3334.0,432,3240.1078257825707
36047025200,342,0.399178938573729,7597.971916812359,9517.0,9517.0,12866.0,432,11436.028083187643
36047025400,342,0.32712585444172126,4569.948186550846,6985.0,6985.0,9305.0,432,9400.051813449154
36047025600,342,0.2872973964227157,2950.5442612612887,5135.0,5135.0,6687.0,432,7319.45573873871
36047025800,342,0.3957513764114914,5986.1353196002165,7563.0,7563.0,10177.0,432,9139.864680399782
36047026000,342,0.32913514920623843,3660.6411294717846,5561.0,5561.0,7319.0,432,7461.358870528216
36047026200,342,0.3425848562225351,3044.2090323934463,4443.0,4442.999999999999,5454.0,432,5841.790967606553
36047026400,342,0.3848741373503448,6317.324090468558,8207.0,8207.0,10524.0,432,10096.675909531441
36047026600,342,0.35286955243337215,4439.098969611821,6290.0,6290.000000000001,8671.0,432,8140.901030388178
36047026800,342,0.43683268278921017,5743.476113312536,6574.0,6574.0,8656.0,432,7404.523886687465
36047027000,342,0.362227573150525,3220.927580454469,4446.0,4446.0,5640.0,432,5671.072419545531
36047027200,342,0.4089511481515501,6090.100498272884,7446.0,7446.0,8690.0,432,8801.899501727115
36047027400,342,0.3925213465049203,4521.060869043673,5759.0,5759.0,7960.0,432,6996.939130956328
36047027600,342,0.3838037325113599,5625.0275036864905,7328.0,7328.0,9927.0,432,9030.972496313509
36047027800,342,0.39966448212072614,4760.003982057848,5955.0,5955.0,7701.0,432,7149.996017942152
36047028000,342,0.2859266906003014,1622.3480424661102,2837.0,2836.9999999999995,3648.0,432,4051.65195753389
36047028200,342,0.3533084863908841,4123.816653154401,5836.0,5836.0,7709.0,432,7548.183346845601
36047028400,342,0.4612161269900076,7216.187522885657,7823.0,7822.999999999999,9871.0,432,8429.812477114341
36047028600,342,0.4017853336412174,6512.136687656852,8104.0,8104.0,11726.0,432,9695.863312343148
36047028800,342,0.3464670256107668,3777.876447259801,5452.0,5452.0,7382.0,432,7126.123552740199
36047029000,342,0.4056868388542336,5982.258125744528,7373.0,7373.000000000001,9369.0,432,8763.741874255471
36047029200,342,0.405210639956017,3930.543207573365,4850.0,4850.0,6542.0,432,5769.456792426635
36047029400,342,0.3085299667163022,1769.1108291512771,2867.0,2866.9999999999995,4549.0,432,3964.889170848723
36047029600,342,0.4535180364260071,9587.371290045792,10570.0,10570.000000000002,13812.0,432,11552.62870995421
36047029800,342,0.4248352479401345,7145.728870353063,8410.0,8410.0,10354.0,432,9674.271129646937
36047030000,342,0.40541885134247546,5821.81470527795,7180.0,7180.0,9058.0,432,8538.185294722052
36047030200,342,0.37440775732677933,5696.9884354842725,7608.0,7608.0,9630.0,432,9519.011564515726
36047030400,342,0.42590729928628235,6892.031917050623,8091.0,8090.999999999998,10557.0,432,9289.968082949377
36047030600,342,0.29694527310418195,2125.534264879735,3579.0,3578.999999999999,4650.0,432,5032.465735120265
36047030800,342,0.3216173894780854,2140.685344366137,3328.0,3328.0000000000005,4710.0,432,4515.314655633863
36047031401,342,0.0,0.0,0.0,0.0,0.0,432,0.0
36047031402,342,0.0,0.0,0.0,0.0,0.0,432,0.0
36047032600,342,0.3571005373747693,8670.4010474594,12140.0,12140.0,15821.0,432,15609.598952540602
36047032800,342,0.32701315874542225,2635.072033170613,4029.0,4029.0,5750.0,432,5422.9279668293875
36047033000,342,0.3539169448498267,5491.37531628991,7758.0,7758.0,9696.0,432,10024.624683710088
36047033600,342,0.4185658923826272,6461.820246602995,7719.0,7719.0,9396.0,432,8976.179753397002
36047034000,342,0.3269642630415587,2564.707679297985,3922.0,3922.0000000000005,4568.0,432,5279.292320702014
36047034200,342,0.4021200335871692,8192.793564304986,10187.0,10187.0,12969.0,432,12181.206435695016
36047034800,342,0.40019363423476473,3304.799031510687,4129.0,4129.000000000001,5235.0,432,4953.200968489313
36047035000,342,0.3901923277032169,4211.735985228522,5397.0,5397.0,6515.0,432,6582.264014771477
36047035200,342,0.24957431165621724,683.8336139380351,1370.0,1370.0,1754.0,432,2056.1663860619647
36047035400,342,0.43028783758939126,9287.33268652942,10792.0,10792.0,12850.0,432,12296.66731347058
36047035601,342,0.4204577813646766,4889.08308170846,5814.0,5814.0,6686.0,432,6738.91691829154
36047035602,342,0.44078343958013133,8802.445288415223,9985.0,9985.0,12349.0,432,11167.554711584777
36047036001,342,0.4099999620327691,4268.099604761128,5205.0,5205.0,6128.0,432,6141.900395238873
36047036002,342,0.4094436848979697,5713.377179066269,6977.0,6977.000000000001,8993.0,432,8240.622820933731
36047036200,342,0.47441033610171224,5472.797637269351,5768.0,5768.0,7495.0,432,6063.202362730648
36047036400,342,0.4466408573864247,3696.3997357300505,4138.0,4137.999999999999,5206.0,432,4579.60026426995
36047036600,342,0.4580507825853314,8882.520775894745,9696.0,9696.0,11860.0,432,10509.479224105253
36047037000,342,0.4248918461457418,6729.437059256257,7919.0,7918.999999999999,10276.0,432,9108.562940743741
36047037401,342,0.49062844890308877,8383.858934855982,8544.0,8544.0,10671.0,432,8704.14106514402
36047037402,342,0.4752349785234704,9092.195609111037,9566.0,9566.000000000002,12071.0,432,10039.804390888965
36047038200,342,0.4018223405571776,8394.872338920552,10446.0,10445.999999999996,13224.0,432,12497.127661079443
36047038600,342,0.3941196901127887,5360.027785533926,6800.0,6800.000000000002,8976.0,432,8239.972214466075
36047038800,342,0.4013533866435818,5157.391018370025,6425.0,6425.0,8081.0,432,7692.608981629975
36047039000,342,0.38491890076633417,4180.219262322388,5430.0,5430.0,6396.0,432,6679.780737677611
36047039200,342,0.3637085779171,3954.2396591147103,5436.0,5436.0,6414.0,432,6917.760340885289
36047039400,342,0.32520701776629113,3034.1814757594957,4665.0,4665.0,5816.0,432,6295.818524240503
36047039600,342,0.3309430288140026,2807.05877040037,4241.0,4241.0,5438.0,432,5674.94122959963
36047039800,342,0.3044444509716224,2266.8933819346994,3723.0,3723.0,5185.0,432,5179.1066180653
36047040000,342,0.3636519521436916,4412.552787311554,6067.0,6067.000000000001,8235.0,432,7721.447212688447
36047040200,342,0.30755420338212036,3081.6931178888462,5010.0,5010.0,6935.0,432,6938.306882111154
36047040400,342,0.2887079193573935,2462.1011362798536,4264.0,4264.0,5873.0,432,6065.898863720148
36047040600,342,0.34372450644251207,3600.170480478872,5237.0,5237.0,7507.0,432,6873.8295195211285
36047040800,342,0.3869989818901346,4960.552949867745,6409.0,6409.0,8869.0,432,7857.447050132255
36047041000,342,0.3213441161520536,2237.840424882901,3482.0,3482.0,4733.0,432,4726.159575117099
36047041200,342,0.38925570710481194,4498.238951303208,5778.0,5778.000000000001,7426.0,432,7057.761048696793
36047041401,342,0.2907772512130229,1638.2390333341714,2817.0,2817.0,3675.0,432,3995.760966665829
36047041402,342,0.339495842964775,2337.0893829695106,3442.0,3442.0,4243.0,432,4546.910617030489
36047041600,342,0.2940090778956366,3134.1367703674846,5330.0,5329.999999999999,6583.0,432,7525.863229632514
36047041800,342,0.34853208133364166,3526.447598933786,5059.0,5059.0,7083.0,432,6591.552401066214
36047042000,342,0.2686339668113875,1404.9556464235575,2615.0,2615.0,3076.0,432,3825.0443535764434
36047042200,342,0.39046043628075466,5542.195432569033,7097.0,7097.0,8602.0,432,8651.804567430969
36047042400,342,0.40148432007876256,5415.220509222349,6744.0,6744.000000000002,8888.0,432,8072.7794907776515
36047042600,342,0.41394923256274463,6527.151499049358,7884.0,7883.999999999998,10507.0,432,9240.848500950642
36047042800,342,0.4364000702416281,6655.10107118483,7625.0,7625.0,9670.0,432,8594.898928815172
36047043000,342,0.3910598392938166,4721.656499633542,6037.0,6037.0,7913.0,432,7352.343500366458
36047043200,342,0.3914220544954944,6698.79704063589,8557.0,8557.0,11161.0,432,10415.20295936411
36047043400,342,0.4133738528447821,4737.264353601202,5730.0,5730.0,7049.0,432,6722.735646398797
36047043600,342,0.44312481786289115,7705.054332999953,8694.0,8694.0,10859.0,432,9682.945667000049
36047043800,342,0.4037513650015264,4189.324163255838,5188.0,5188.0,6521.0,432,6186.675836744162
36047044000,342,0.3288140570299447,3818.1888302317184,5806.0,5806.0,7234.0,432,7793.811169768282
36047044200,342,0.3255139338094243,4812.397997438529,7392.0,7392.0,8652.0,432,9971.60200256147
36047044400,342,0.32608536972113744,3851.7203871460774,5906.0,5906.0,7479.0,432,7960.279612853924
36047044600,342,0.3393603527306627,2825.5142968354985,4163.0,4163.0,5187.0,432,5500.485703164502
36047044800,342,0.24561135377304966,1455.492882459093,2963.0,2963.0,3959.0,432,4470.5071175409075
36047045000,342,0.19317025748016403,180.03467997151293,466.0,466.00000000000006,702.0,432,751.9653200284871
36047045200,342,0.3090542848603529,3528.163715965791,5708.0,5708.000000000001,6956.0,432,7887.836284034211
36047045400,342,0.21166581722957944,1373.2878221855117,3244.0,3244.0,3756.0,432,5114.712177814488
36047045600,342,0.3307235547341236,2274.716609461302,3439.0,3439.0,4895.0,432,4603.283390538698
36047045800,342,0.21538347448984252,1337.9621435309018,3106.0,3106.0,3781.0,432,4874.037856469098
36047046000,342,0.3791842100214827,4384.127836268383,5781.0,5781.0,8578.0,432,7177.872163731617
36047046201,342,0.32615625854042807,3786.6741616543695,5805.0,5804.999999999999,7479.0,432,7823.3258383456305
36047046202,342,0.26906956212166844,2470.5967194011587,4591.0,4591.0,5168.0,432,6711.403280598841
36047046400,342,0.21864061676141588,1691.8410924998363,3869.0,3869.0,5455.0,432,6046.158907500164
36047046800,342,0.18904234527193875,1698.7345146136404,4493.0,4492.999999999999,5646.0,432,7287.265485386359
36047047000,342,0.08618638306983362,450.2376651568112,2612.0,2612.0000000000005,3323.0,432,4773.762334843189
36047047200,342,0.19054709692949634,1531.6175651192914,4019.0,4019.0000000000005,5061.0,432,6506.382434880708
36047047400,342,0.23941224803980488,2281.11989932326,4764.0,4764.0,5916.0,432,7246.880100676739
36047047600,342,0.18395946536887886,1584.9947536182603,4308.0,4308.0,5332.0,432,7031.00524638174
36047047800,342,0.3493005504090021,5240.905458336669,7502.0,7501.999999999999,10232.0,432,9763.094541663333
36047048000,342,0.3438671804323974,4580.998577720399,6661.0,6661.0,10111.0,432,8741.001422279602
36047048200,342,0.3828424899472621,6496.837054405038,8485.0,8485.000000000002,11141.0,432,10473.162945594962
36047048400,342,0.41821189122925395,9391.366229444126,11228.0,11228.0,16541.0,432,13064.633770555874
36047048600,342,0.35063670249212653,3641.011518678243,5192.0,5192.0,7360.0,432,6742.988481321758
36047048800,342,0.36782644232147754,4488.9539020913135,6102.0,6102.0,8718.0,432,7715.046097908687
36047049000,342,0.3707727104513123,7547.449293946913,10178.0,10178.0,14408.0,432,12808.550706053085
36047049200,342,0.35600000299589685,3504.4640294916076,4922.0,4922.0,7927.0,432,6339.535970508392
36047049400,342,0.34439883976851937,5303.053334755661,7699.0,7699.0,13025.0,432,10094.946665244339
36047049600,342,0.26816205260669035,2638.714597649834,4920.0,4920.0,8043.0,432,7201.285402350167
36047049800,342,0.2685801777481177,3367.4582686059002,6269.0,6268.999999999999,10723.0,432,9170.5417313941
36047050002,342,0.0,0.0,0.0,0.0,0.0,432,0.0
36047050402,342,0.0,0.0,0.0,0.0,0.0,432,0.0
36047051001,342,0.23026825916845628,2054.913944819304,4462.0,4462.000000000001,7643.0,432,6869.086055180696
36047051200,342,0.292274272866347,4253.175218751081,7276.0,7276.0,12997.0,432,10298.824781248919
36047051400,342,0.30929990839760324,5357.074413446489,8660.0,8659.999999999996,14864.0,432,11962.925586553509
36047051601,342,0.3058061848953674,4763.848748300034,7789.0,7789.0,11873.0,432,10814.151251699966
36047051602,342,0.2936549915099764,3461.017729936581,5893.0,5892.999999999999,10332.0,432,8324.982270063418
36047051800,342,0.25129909588203314,2445.642801123945,4866.0,4866.0,7858.0,432,7286.357198876053
36047052000,342,0.293718553608597,3982.2361498253567,6779.0,6779.0,10212.0,432,9575.763850174642
36047052600,342,0.3703525420403785,6482.650895874785,8752.0,8752.0,12092.0,432,11021.349104125215
36047052800,342,0.21364733366825106,1133.1854577764034,2652.0,2652.0,3871.0,432,4170.814542223597
36047053000,342,0.391782494762844,5832.074217039693,7443.0,7442.999999999999,10293.0,432,9053.925782960305
36047053200,342,0.2682830249493148,2466.057565334101,4596.0,4596.0,6335.0,432,6725.942434665899
36047053400,342,0.35195884455732684,4814.796993544231,6840.0,6840.0,9144.0,432,8865.20300645577
36047053800,342,0.3701815651937618,5666.739399986105,7654.0,7654.0,10520.0,432,9641.260600013895
36047054200,342,0.400990284969434,6759.89422401472,8429.0,8429.0,11280.0,432,10098.105775985281
36047054400,342,0.33099569374017834,3742.2373134264562,5653.0,5653.0,6871.0,432,7563.762686573544
36047054600,342,0.3936653040856103,6752.93462628456,8577.0,8577.0,10707.0,432,10401.06537371544
36047054800,342,0.3499970921468265,3095.374282946533,4422.0,4422.0,5334.0,432,5748.625717053466
36047055000,342,0.36780620397327046,5214.756359933028,7089.0,7089.000000000001,8815.0,432,8963.243640066972
36047055200,342,0.3996623601897933,4608.906337708698,5766.0,5766.0,7027.0,432,6923.093662291303
36047055400,342,0.42214179660972617,6328.749814773017,7496.0,7496.000000000001,9421.0,432,8663.250185226985
36047055600,342,0.41571424227845055,6015.38508576918,7235.0,7235.0,8907.0,432,8454.61491423082
36047055800,342,0.42747366891995175,4810.7886700251365,5627.0,5627.0,7178.0,432,6443.2113299748635
36047056000,342,0.41049449037855257,5949.707143546741,7247.0,7247.000000000001,9025.0,432,8544.29285645326
36047056200,342,0.3031695612157521,2050.0325729409165,3381.0,3381.0,4288.0,432,4711.967427059084
36047056400,342,0.40330268248682744,4064.484434102247,5039.0,5039.0,6685.0,432,6013.515565897753
36047056600,342,0.36579691305315354,2718.602657811037,3716.0,3716.0,4916.0,432,4713.397342188963
36047056800,342,0.2789645282504867,1249.2031575056794,2239.0,2238.9999999999995,3164.0,432,3228.7968424943206
36047057000,342,0.42528682463104595,5346.70595926151,6286.0,6285.999999999999,8372.0,432,7225.29404073849
36047057200,342,0.3460577933070559,5602.675673641235,8095.0,8095.000000000002,11309.0,432,10587.324326358766
36047057400,342,0.3480591541097793,3540.4577156046767,5086.0,5086.0,6658.0,432,6631.542284395325
36047057600,342,0.33372622053015466,2848.6870184454015,4268.0,4268.0,6284.0,432,5687.3129815546
36047057800,342,0.38258736103089075,4558.910994044094,5958.0,5958.0,8256.0,432,7357.089005955906
36047058000,342,0.3746268839380025,4776.492770209531,6375.0,6375.000000000001,8372.0,432,7973.507229790469
36047058200,342,0.37876603463035974,3875.5340663378415,5116.0,5116.0,6639.0,432,6356.465933662159
36047058400,342,0.4457644803209583,5372.353516828189,6026.0,6026.000000000001,7540.0,432,6679.646483171811
36047058600,342,0.3214326514790188,2871.6793083135544,4467.0,4467.0,6233.0,432,6062.3206916864465
36047058800,342,0.4512009098335912,6831.18177488057,7570.0,7570.0,9344.0,432,8308.81822511943
36047059000,342,0.3621313672781378,2538.5408846197465,3505.0,3505.0,4897.0,432,4471.459115380254
36047059200,342,0.41977964687765457,6690.44801193606,7969.0,7969.000000000002,10179.0,432,9247.551988063942
36047059402,342,0.40542474689166275,7519.007355852777,9273.0,9273.0,12760.0,432,11026.992644147223
36047059403,342,0.0,0.0,0.0,0.0,0.0,432,0.0
36047059404,342,0.0,0.0,0.0,0.0,0.0,432,0.0
36047059600,342,0.4253650248145284,4209.412285564573,4948.0,4947.999999999999,6037.0,432,5686.587714435426
36047059800,342,0.4251898539504204,5930.548082900463,6974.0,6973.999999999999,9166.0,432,8017.451917099536
36047060000,342,0.43345248127736213,9660.788902709843,11144.0,11143.999999999998,14222.0,432,12627.211097290154
36047060600,342,0.3899425882021975,3763.725861327609,4826.0,4826.0,5681.0,432,5888.27413867239
36047060800,342,0.43459931665572515,4489.410941053642,5165.0,5165.0,6876.0,432,5840.58905894636
36047061002,342,0.4581490379151908,7921.396865553646,8645.0,8645.0,10279.0,432,9368.603134446352
36047061003,342,0.3240238576525123,2080.8812138444337,3211.0,3211.0,4358.0,432,4341.118786155566
36047061004,342,0.40327143171970836,8392.885036950574,10406.0,10406.0,13250.0,432,12419.11496304943
36047061200,342,0.3640064760064665,1291.4949768709434,1774.0,1774.0000000000005,2238.0,432,2256.505023129057
36047061600,342,0.35589318709847007,2289.1049794173596,3216.0,3216.0,3986.0,432,4142.89502058264
36047062000,342,0.3999825071215658,3480.6477769718654,4351.0,4350.999999999999,4987.0,432,5221.352223028134
36047062200,342,0.41408604494811896,4814.164358566832,5813.0,5812.999999999999,8064.0,432,6811.835641433168
36047062600,342,0.3838995646860739,4460.912941652177,5810.0,5809.999999999999,7552.0,432,7159.087058347822
36047062800,342,0.4086578534666724,7780.028214298508,9519.0,9519.0,12482.0,432,11257.971785701491
36047063200,342,0.32442225355511267,2076.302422752721,3200.0,3200.0,4066.0,432,4323.697577247279
36047063600,342,0.35883854226214784,2168.8201494324207,3022.0,3022.0,4215.0,432,3875.1798505675783
36047063800,342,0.31383413495874524,1993.474425257949,3176.0,3176.0,4571.0,432,4358.525574742051
36047064000,342,0.28974421906405223,1991.7017618462949,3437.0,3437.0,4359.0,432,4882.298238153705
36047064200,342,0.3593115750300243,2768.1363740313072,3852.0,3852.000000000001,5164.0,432,4935.863625968694
36047064400,342,0.2954282711993076,2915.2861801947683,4934.0,4934.0,6239.0,432,6952.713819805233
36047064600,342,0.29101039117227234,2351.363960671961,4040.0,4040.0000000000005,5200.0,432,5728.636039328039
36047064800,342,0.27201626188805306,2278.4082095743333,4188.0,4188.0,5647.0,432,6097.591790425668
36047065000,342,0.2427189486179997,1175.730587105591,2422.0,2422.0,3578.0,432,3668.2694128944095
36047065200,342,0.21826660269509168,765.2427090489915,1753.0,1753.0000000000002,2688.0,432,2740.7572909510086
36047065400,342,0.30379233614087064,2044.52242222806,3365.0,3365.0,4387.0,432,4685.477577771941
36047065600,342,0.3466243631944914,2448.5545016058877,3532.0,3532.0,4901.0,432,4615.445498394112
36047065800,342,0.31849960458955195,2173.4413017191027,3412.0,3412.0000000000005,5007.0,432,4650.558698280897
36047066000,342,0.34521535205371945,2990.2553794893192,4331.0,4331.0,5832.0,432,5671.744620510682
36047066200,342,0.3427619631952108,2044.9178724226272,2983.0,2982.9999999999995,4312.0,432,3921.0821275773724
36047067200,342,0.2806252817850339,1043.9260482403256,1860.0,1859.9999999999998,3312.0,432,2676.073951759674
36047067400,342,0.30629177897909576,1957.81705123438,3196.0,3196.0,4998.0,432,4434.18294876562
36047067600,342,0.27119738049287556,1590.843833971208,2933.0,2933.0,4543.0,432,4275.156166028792
36047068000,342,0.2807707291515179,1739.093896364501,3097.0,3097.0,4903.0,432,4454.906103635498
36047068200,342,0.258859990587028,2308.5133960551166,4459.0,4459.000000000001,7142.0,432,6609.486603944884
36047072200,342,0.18551246754137218,1248.1278816183506,3364.0,3363.9999999999995,6290.0,432,5479.872118381648
36047072400,342,0.16389653124684567,719.5057721736528,2195.0,2195.0,4780.0,432,3670.4942278263475
36047072600,342,0.30999222978224183,2018.669400341959,3256.0,3256.0,5811.0,432,4493.330599658041
36047072800,342,0.28753024081476786,3109.3520241709,5407.0,5407.0,9754.0,432,7704.647975829101
36047073000,342,0.3152961224241657,2376.7021708333623,3769.0,3768.9999999999995,6857.0,432,5161.297829166639
36047073200,342,0.23455652919105663,1844.0834325000865,3931.0,3931.0,7141.0,432,6017.916567499913
36047073400,342,0.22851829048426986,1292.4994509790308,2828.0,2828.0,4478.0,432,4363.50054902097
36047073600,342,0.33324359971484563,4033.5805309484927,6052.0,6052.0,10023.0,432,8070.419469051509
36047073800,342,0.29669674225991205,3023.9331971130237,5096.0,5096.0,8066.0,432,7168.066802886976
36047074000,342,0.2899009769269828,3680.003001111119,6347.0,6347.0,10293.0,432,9013.99699888888
36047074200,342,0.3077448067796289,2876.1829641624113,4673.0,4673.0,6754.0,432,6469.817035837588
36047074400,342,0.2821647260214012,2878.0802054182927,5100.0,5100.0,7356.0,432,7321.919794581708
36047074600,342,0.31059019172557656,2346.198308295005,3777.0,3777.0,5210.0,432,5207.8016917049945
36047074800,342,0.2180534012224904,1521.576633730538,3489.0,3489.0000000000005,5434.0,432,5456.423366269462
36047075000,342,0.3112619460295549,3393.3777356142073,5451.0,5451.0,7243.0,432,7508.622264385793
36047075200,342,0.11267614099766643,288.90162551801666,1282.0,1282.0,1734.0,432,2275.0983744819832
36047075400,342,0.13084279531682053,605.8021423168788,2315.0,2315.0,3199.0,432,4024.197857683121
36047075600,342,0.232317192442546,1382.7519294180338,2976.0,2976.0,4296.0,432,4569.248070581966
36047075800,342,0.27266863736083413,1684.0015043405117,3088.0,3088.0,4104.0,432,4491.998495659488
36047076000,342,0.3533491926910389,3951.85737105658,5592.0,5592.000000000001,6746.0,432,7232.14262894342
36047076200,342,0.3645239101695974,5898.725914364427,8091.0,8091.0,10254.0,432,10283.274085635574
36047076400,342,0.2902542246653276,3386.105784945712,5833.0,5833.0,8422.0,432,8279.894215054288
36047076600,342,0.2581989892137,1866.262294036624,3614.0,3614.0,6162.0,432,5361.737705963376
36047076800,342,0.32517032430545856,4013.902483226581,6172.0,6172.0,7622.0,432,8330.09751677342
36047077000,342,0.2929255641480577,3102.081724327931,5295.0,5295.0,8364.0,432,7487.918275672068
36047077200,342,0.3154956029981717,3183.350634251552,5045.0,5045.0,7129.0,432,6906.649365748448
36047077400,342,0.3414962229092965,3652.643600237835,5348.0,5348.0,7797.0,432,7043.356399762165
36047077600,342,0.2418318315705097,2485.547564881699,5139.0,5139.0,9799.0,432,7792.452435118301
36047078000,342,0.26299301363579597,1961.4018956957661,3729.0,3729.0,5666.0,432,5496.598104304234
36047078200,342,0.30208271700671796,4301.053724741653,7119.0,7119.0,11877.0,432,9936.94627525835
36047078400,342,0.2669512048397894,2021.3545230468844,3786.0,3785.9999999999995,6160.0,432,5550.645476953115
36047078601,342,0.0,0.0,0.0,0.0,0.0,432,0.0
36047078602,342,0.0,0.0,0.0,0.0,0.0,432,0.0
36047078801,342,0.0,0.0,0.0,0.0,0.0,432,0.0
36047078802,342,0.0,0.0,0.0,0.0,0.0,432,0.0
36047079001,342,0.0,0.0,0.0,0.0,0.0,432,0.0
36047079002,342,0.0,0.0,0.0,0.0,0.0,432,0.0
36047079201,342,0.0,0.0,0.0,0.0,0.0,432,0.0
36047079202,342,0.0,0.0,0.0,0.0,0.0,432,0.0
36047082600,342,0.2661766924969119,3308.576287736617,6215.0,6215.0,12713.0,432,9121.423712263386
36047082800,342,0.2846350712525495,3001.761461429386,5273.0,5272.999999999999,8892.0,432,7544.238538570613
36047083000,342,0.28245170907074235,4396.078399977035,7782.0,7782.000000000002,13904.0,432,11167.921600022968
36047083200,342,0.28076494429166365,1856.4178116564797,3306.0,3306.0000000000005,5930.0,432,4755.58218834352
36047083400,342,0.22057541465521047,904.8003509156733,2051.0,2050.9999999999995,3371.0,432,3197.1996490843267
36047083600,342,0.2515540806465575,1293.9941908458914,2572.0,2572.0,4453.0,432,3850.005809154108
36047083800,342,0.2366310956722325,1337.9122149308018,2827.0,2827.0,5070.0,432,4316.087785069198
36047084000,342,0.20734026801851957,1139.5421130297839,2748.0,2748.0,4949.0,432,4356.457886970216
36047084600,342,0.21898904731604862,796.2441760411529,1818.0,1818.0,3655.0,432,2839.755823958847
36047084800,342,0.2302015509484694,849.4437229998522,1845.0,1845.0,3579.0,432,2840.556277000148
36047085000,342,0.22078674433637158,842.9637898762662,1909.0,1908.9999999999998,3689.0,432,2975.0362101237333
36047085200,342,0.010030541761292366,0.0401221670451703,2.0,2.0000000000000004,2.0,432,3.9598778329548305
36047085400,342,0.2791936930596196,1247.4374205903796,2234.0,2234.0,4203.0,432,3220.5625794096195
36047093200,342,0.254038427816188,967.3783331240438,1904.0,1904.0,3078.0,432,2840.621666875956
36047094401,342,0.27178244918184713,2781.9651498253866,5118.0,5118.0,9505.0,432,7454.034850174613
36047094600,342,0.18588304429426583,773.2734642641453,2080.0,2080.0,4114.0,432,3386.726535735854
36047152200,342,0.2282482684036934,2056.06040178047,4504.0,4504.0,7844.0,432,6951.93959821953
36081091604,342,0.0,0.0,0.0,0.0,0.0,432,0.0
36085000300,342,0.25761581811893575,1253.0433393305036,2432.0,2432.0,3515.0,432,3610.9566606694966
36085000600,342,0.34515256928667615,2634.8947139344846,3817.0,3816.9999999999995,5359.0,432,4999.1052860655145
36085000700,342,0.3655224327869402,7131.342663673204,9755.0,9755.0,13844.0,432,12378.657336326796
36085000800,342,0.39890979551543637,7892.829214068424,9893.0,9893.0,14184.0,432,11893.170785931576
36085000900,342,0.3645031093383715,1658.4891474895906,2275.0,2275.0,3370.0,432,2891.5108525104097
36085001100,342,0.3597857711432788,3363.9969601896582,4675.0,4675.0,6640.0,432,5986.003039810344
36085001700,342,0.33303152616258,1758.406458138423,2640.0,2640.0,3386.0,432,3521.5935418615773
36085001800,342,0.10293497958325992,155.43181917072235,755.0,755.0,926.0,432,1354.5681808292775
36085002001,342,0.3077922994317994,2179.785064576004,3541.0,3541.0,5109.0,432,4902.214935423996
36085002002,342,0.3719788135468439,4033.7382541019742,5422.0,5422.0,7410.0,432,6810.261745898025
36085002100,342,0.32617636806602157,3910.8546531116003,5995.0,5995.0,8505.0,432,8079.145346888401
36085002700,342,0.2818177411659534,1801.3790015327743,3196.0,3196.0,3907.0,432,4590.620998467226
36085002900,342,0.3740584786819203,6136.803401255585,8203.0,8203.0,11402.0,432,10269.196598744415
36085003300,342,0.41792745869303183,5290.961627053785,6330.0,6330.000000000001,9850.0,432,7369.038372946216
36085003600,342,0.3362484971132099,3138.5434720547,4667.0,4667.0,6577.0,432,6195.456527945299
36085003900,342,0.35690606139352765,2633.2529209614463,3689.0,3689.0,4930.0,432,4744.747079038553
36085004001,342,0.0,0.0,0.0,0.0,0.0,432,0.0
36085004002,342,0.0,0.0,0.0,0.0,0.0,432,0.0
36085004003,342,0.0,0.0,0.0,0.0,0.0,432,0.0
36085004004,342,0.0,0.0,0.0,0.0,0.0,432,0.0
36085004700,342,0.35060889409910034,3493.467020803436,4982.0,4981.999999999999,7045.0,432,6470.532979196564
36085005000,342,0.36828671203531127,4280.964740698459,5812.0,5812.000000000001,8347.0,432,7343.035259301541
36085005901,342,0.0,0.0,0.0,0.0,0.0,432,0.0
36085005902,342,0.0,0.0,0.0,0.0,0.0,432,0.0
36085006400,342,0.36500876607860333,3250.768070696041,4453.0,4453.0,6552.0,432,5655.231929303959
36085006700,342,0.3858566906063451,3232.7073538999603,4189.0,4189.0,5622.0,432,5145.292646100041
36085007001,342,0.0,0.0,0.0,0.0,0.0,432,0.0
36085007002,342,0.0,0.0,0.0,0.0,0.0,432,0.0
36085007400,342,0.42164385053119313,6876.167914462697,8154.0,8154.000000000001,11769.0,432,9431.832085537302
36085007500,342,0.35373676759093553,4588.6733491896175,6486.0,6486.0,8585.0,432,8383.326650810384
36085007700,342,0.3542321348900359,2000.7030978589232,2824.0,2824.0,3992.0,432,3647.296902141077
36085008100,342,0.36154312814569434,4565.566622223828,6314.0,6314.0,8573.0,432,8062.433377776171
36085009601,342,0.385913472226183,4579.249261435887,5933.0,5932.999999999998,8916.0,432,7286.750738564111
36085009602,342,0.43256192422280126,4933.801307685271,5703.0,5703.0,8241.0,432,6472.198692314729
36085009701,342,0.0,0.0,0.0,0.0,0.0,432,0.0
36085009702,342,0.0,0.0,0.0,0.0,0.0,432,0.0
36085010500,342,0.4615009173035496,7544.616996078427,8174.0,8174.0,11329.0,432,8803.383003921572
36085011201,342,0.4669477705798176,9341.757098219832,10003.0,10003.0,15037.0,432,10664.242901780168
36085011203,342,0.0,0.0,0.0,0.0,0.0,432,0.0
36085011204,342,0.0,0.0,0.0,0.0,0.0,432,0.0
36085011401,342,0.369446804411491,3349.4047287945773,4533.0,4533.0,6403.0,432,5716.595271205422
36085011402,342,0.4411542784695708,5822.354167241397,6599.0,6599.0,9191.0,432,7375.645832758604
36085012100,342,0.4104174361177082,4815.017360532951,5866.0,5865.999999999999,7787.0,432,6916.982639467047
36085012200,342,0.419634280157028,5211.8577595502875,6210.0,6210.000000000001,9421.0,432,7208.1422404497125
36085012500,342,0.4513555797139015,4323.083742499748,4789.0,4789.0,6344.0,432,5254.916257500252
36085012804,342,0.4627159163552599,6402.137418691377,6918.0,6918.000000000001,9722.0,432,7433.862581308625
36085012805,342,0.46688208257200015,4800.481573005305,5141.0,5141.0,6858.0,432,5481.518426994694
36085012806,342,0.5105301131018627,9698.030028482983,9498.0,9498.0,13001.0,432,9297.969971517015
36085013201,342,0.4316682842261128,1945.960625291316,2254.0,2254.0,3337.0,432,2562.0393747086837
36085013203,342,0.5180212579702945,8574.287861924317,8276.0,8276.000000000002,12930.0,432,7977.712138075685
36085013204,342,0.472927234554227,7130.796842608635,7539.0,7538.999999999999,11197.0,432,7947.203157391365
36085013301,342,0.4132261286543738,2107.4532561373057,2550.0,2549.9999999999995,3222.0,432,2992.546743862694
36085013302,342,0.44955440403608826,4457.781470421851,4958.0,4958.000000000001,6867.0,432,5458.218529578149
36085013400,342,0.45269000406097026,4812.094743168114,5315.0,5315.0,7831.0,432,5817.905256831887
36085013800,342,0.5081007205189538,10768.68667067871,10597.0,10597.0,15031.0,432,10425.313329321292
36085014100,342,0.43080373047034504,3274.9699590355635,3801.0,3801.0000000000005,5467.0,432,4327.030040964437
36085014606,342,0.5780110898573878,13442.22590572341,11628.0,11628.000000000004,18294.0,432,9813.77409427659
36085014700,342,0.4395888271482844,4759.867820361623,5414.0,5414.0,7993.0,432,6068.132179638376
36085015100,342,0.4431165436678617,7805.941033253052,8808.0,8808.0,12150.0,432,9810.058966746948
36085015400,342,0.0,0.0,0.0,0.0,0.0,432,0.0
36085015603,342,0.5161470614698505,6535.454092331246,6331.0,6330.999999999999,10738.0,432,6126.545907668754
36085016901,342,0.41363224323946,3951.015187423322,4776.0,4776.0,6966.0,432,5600.9848125766775
36085017300,342,0.33644719641579857,2470.1953160847934,3671.0,3671.0,5324.0,432,4871.804683915207
36085017701,342,0.0,0.0,0.0,0.0,0.0,432,0.0
36085017702,342,0.0,0.0,0.0,0.0,0.0,432,0.0
36085018100,342,0.4459493907042007,4826.06430620086,5411.0,5411.0,7733.0,432,5995.93569379914
36085018701,342,0.3890510024360416,2113.3250452325788,2716.0,2715.999999999999,4183.0,432,3318.6749547674212
36085018703,342,0.0,0.0,0.0,0.0,0.0,432,0.0
36085018704,342,0.0,0.0,0.0,0.0,0.0,432,0.0
36085018901,342,0.48886594848365617,8682.259245069734,8880.0,8880.0,12352.0,432,9077.740754930266
36085018902,342,0.40610509987635135,6091.576498145268,7500.0,7500.0,11091.0,432,8908.42350185473
36085019700,342,0.4135221167847001,2396.7741888841224,2898.0,2898.0,4356.0,432,3399.225811115878
36085020100,342,0.4570007843487778,5346.9091768807,5850.0,5850.0,8398.0,432,6353.0908231193
36085020701,342,0.0,0.0,0.0,0.0,0.0,432,0.0
36085020702,342,0.0,0.0,0.0,0.0,0.0,432,0.0
36085021300,342,0.4148481372366356,5631.978311124567,6788.0,6788.0,9675.0,432,7944.021688875435
36085024700,342,0.44791495770603307,3539.423995793074,3951.0,3950.999999999999,5577.0,432,4362.576004206926
36085025100,342,0.48005976360149605,9238.27009074719,9622.0,9622.0,14927.0,432,10005.72990925281
36085027302,342,0.39577683286578114,3947.4781310033013,4987.0,4987.0,8231.0,432,6026.521868996699
36085990100,342,0.0,0.0,0.0,0.0,0.0,432,0.0
36073040200,54,0.8806085993713282,6294.590268306254,3574.0,3574.0000000000005,6485.0,8,853.4097316937465
36073040300,54,0.7949938798049767,4366.106387888933,2746.0,2746.0000000000005,4396.0,8,1125.8936121110678
36073040400,54,0.9379470772786571,6458.703574140833,3443.0,3443.0,5099.0,8,427.2964258591671
36073040500,54,0.8696924585405656,5759.103460455625,3311.0,3311.0,4848.0,8,862.8965395443746
36073040601,54,0.0,0.0,0.0,0.0,0.0,8,0.0
36073040602,54,0.0,0.0,0.0,0.0,0.0,8,0.0
36073040603,54,0.0,0.0,0.0,0.0,0.0,8,0.0
36073040702,54,0.0,0.0,0.0,0.0,0.0,8,0.0
36065025601,210,0.0,0.0,0.0,0.0,0.0,2,0.0
36065025700,210,0.9999477331296468,4489.765321752114,2245.0,2244.9999999999995,3921.0,2,0.23467824788584427
36071001100,293,0.5176371022323164,7210.684834096168,6965.0,6965.0,10390.0,17,6719.315165903832
36071001200,293,0.5933636804477329,4197.454675487264,3537.0,3537.0000000000005,5019.0,17,2876.545324512737
36071001300,293,0.8526254541565332,8899.704490485894,5219.0,5218.999999999999,8019.0,17,1538.2955095141062
36071001500,293,0.8123290837289531,10924.20151798696,6724.0,6723.999999999999,10049.0,17,2523.798482013039
36071001601,293,0.0,0.0,0.0,0.0,0.0,17,0.0
36071001602,293,0.0,0.0,0.0,0.0,0.0,17,0.0
36071011101,293,0.8454053213513609,5402.140003435196,3195.0,3195.0,5831.0,17,987.8599965648039
36071011200,293,0.4991370256111508,5836.908377496798,5847.0,5846.999999999999,9584.0,17,5857.091622503202
36071011301,293,0.0,0.0,0.0,0.0,0.0,17,0.0
36071011302,293,0.0,0.0,0.0,0.0,0.0,17,0.0
36071011400,293,0.811759332886089,5437.164011671025,3349.0,3349.0000000000005,5869.0,17,1260.8359883289752
36071011500,293,0.7843359726849818,16613.80457341329,10591.0,10591.000000000004,16138.0,17,4568.195426586716
36071011701,293,0.752308706721512,8722.26714572921,5797.0,5797.0,9110.0,17,2871.73285427079
36071011702,293,0.764095439342798,10122.736380413387,6624.0,6623.999999999997,9175.0,17,3125.2636195866107
36071011801,293,0.5664312759146151,6807.371073941843,6009.0,6008.999999999999,9215.0,17,5210.628926058157
36071011802,293,0.8388890872396413,5852.090272583738,3488.0,3487.999999999999,5881.0,17,1123.9097274162618
36071015100,293,0.5293513937794492,7713.708510154135,7286.0,7286.0,10244.0,17,6858.291489845866
36029014701,43,0.9661871458473552,8666.698698250775,4485.0,4484.999999999999,11032.0,8,303.3013017492238
36029014703,43,0.0,0.0,0.0,0.0,0.0,8,0.0
36029014801,43,0.987580881019171,4732.487581843867,2396.0,2396.0,4935.0,8,59.51241815613295
36029014805,43,0.0,0.0,0.0,0.0,0.0,8,0.0
36029940100,43,0.0,0.0,0.0,0.0,0.0,8,0.0
36037940100,43,0.9601219204647926,825.7048515997217,430.0,430.00000000000006,1037.0,8,34.29514840027832
36063023402,43,0.995931479477812,8622.774749318894,4329.0,4328.999999999999,9619.0,8,35.22525068110389
36063024001,43,0.979308648912368,11796.751984798384,6023.0,6022.999999999999,12209.0,8,249.24801520161452
36003950300,49,0.9993273590513428,9455.635471343805,4731.0,4730.999999999999,7036.0,2,6.364528656194281
36009960100,49,0.9936136012904084,5953.732698932127,2996.0,2996.0000000000005,7265.0,2,38.267301067872964
36041950500,306,1.0,1698.0,849.0,849.0,1514.0,1,0.0
36011040900,146,0.9999534270159357,6477.698300209231,3239.0,3239.0,7425.0,3,0.3016997907687379
36023970201,146,0.0,0.0,0.0,0.0,0.0,3,0.0
36023970202,146,0.0,0.0,0.0,0.0,0.0,3,0.0
36105952300,246,0.9861766420759691,1832.3162009771506,929.0,928.9999999999999,1410.0,2,25.683799022849307
36105952400,246,0.989464485921173,4193.350491333931,2119.0,2119.0,3310.0,2,44.64950866606904
36029014204,42,0.9485723698088917,7548.73891893916,3979.0,3978.999999999999,7836.0,8,409.26108106084007
36029014206,42,0.8920837866834895,15557.941239760057,8720.0,8720.0,17389.0,8,1882.0587602399432
36029014208,42,0.9704670402820028,10737.24733368008,5532.0,5532.0,11762.0,8,326.7526663199205
36029014704,42,0.0,0.0,0.0,0.0,0.0,8,0.0
36029014804,42,0.0,0.0,0.0,0.0,0.0,8,0.0
36029014901,42,0.9467089474045234,5523.099999157989,2917.0,2917.0,5025.0,8,310.9000008420104
36029014903,42,0.9593035160081593,11296.758204512083,5888.0,5887.999999999999,10238.0,8,479.24179548791636
36029980400,42,0.0,0.0,0.0,0.0,0.0,8,0.0
36115082002,439,1.0,1960.0,980.0,980.0,2088.0,1,0.0
36057072500,278,0.9531669681144066,7957.037849819068,4174.0,4174.000000000001,7063.0,2,390.9621501809336
36057072600,278,0.9528120208332151,7643.458031124052,4011.0,4011.0,6900.0,2,378.5419688759483
36009961400,17,1.0,11332.0,5666.0,5666.0,9518.0,1,0.0
36015010100,118,0.8506677532901461,6832.563394426454,4016.0,4016.0000000000005,7274.0,4,1199.4366055735466
36015010400,118,0.9033220079182082,7394.593956818452,4093.0,4093.0000000000005,8117.0,4,791.4060431815482
36015010500,118,0.9006467098219373,5257.9754919404695,2919.0,2919.0,5483.0,4,580.0245080595305
36097950500,118,0.9673810624973579,9114.664370850107,4711.0,4711.0,7840.0,4,307.3356291498935
36021000700,408,0.9763138692134841,11475.593218735292,5877.0,5877.0,9641.0,4,278.4067812647083
36021000800,408,0.6390751673329885,1898.0532469789762,1485.0,1485.0000000000005,2553.0,4,1071.9467530210243
36021000900,408,0.9520392046159641,2549.560989961552,1339.0,1339.0,1988.0,4,128.43901003844806
36021001000,408,0.9913432838266664,10712.455525030957,5403.0,5402.999999999999,10527.0,4,93.54447496904308
36105951100,295,0.9382152488423312,5077.620926734696,2706.0,2705.9999999999995,6037.0,4,334.3790732653036
36111954600,295,0.7560247942831049,2978.7376894754334,1970.0,1970.0000000000002,3298.0,4,961.2623105245668
36111954700,295,0.7272944583972597,3025.5449469326,2080.0,2080.0,3128.0,4,1134.4550530673996
36111954800,295,0.9622634234369529,11331.614074393558,5888.0,5887.999999999999,8906.0,4,444.38592560644196
36117021000,113,0.909897250454277,11328.220768155748,6225.0,6224.999999999999,11804.0,3,1121.7792318442507
36117021400,113,0.9240722713693644,6372.402383363136,3448.0,3447.9999999999995,5744.0,3,523.597616636863
36117021800,113,0.9246745190539912,4198.02231650512,2270.0,2270.0,4086.0,3,341.97768349487984
36019101902,444,0.0,0.0,0.0,0.0,0.0,1,0.0
36105951600,270,0.9994099368933641,6216.329807476724,3110.0,3110.0000000000005,6798.0,5,3.6701925232756003
36105951701,270,0.0,0.0,0.0,0.0,0.0,5,0.0
36105951702,270,0.0,0.0,0.0,0.0,0.0,5,0.0
36105951801,270,0.0,0.0,0.0,0.0,0.0,5,0.0
36105951802,270,0.0,0.0,0.0,0.0,0.0,5,0.0
36077590101,277,0.0,0.0,0.0,0.0,0.0,2,0.0
36077590600,277,0.9999805093046119,2845.9445294809257,1423.0,1423.0000000000002,3203.0,2,0.055470519074467206
36089491900,241,0.7276500512774786,3184.1966243902466,2188.0,2188.0,2573.0,3,1191.8033756097536
36089492000,241,0.868959683195268,10477.915859968542,6029.0,6029.0,8813.0,3,1580.0841400314584
36089492100,241,0.8020810932919432,9872.014096237237,6154.0,6154.0,8416.0,3,2435.9859037627625
36055014501,73,0.9091883309703482,8862.767850298955,4874.0,4873.999999999999,9193.0,6,885.2321497010455
36055014505,73,0.8781806480051597,11660.482644212512,6639.0,6639.000000000001,11910.0,6,1617.517355787489
36055014601,73,0.8640086351819862,11638.196315901356,6735.0,6735.000000000001,12159.0,6,1831.8036840986451
36055014700,73,0.9569241216598967,8966.379019953232,4685.0,4684.999999999999,9150.0,6,403.62098004676795
36055014905,73,0.9279079043676602,11214.694932187542,6043.0,6043.0,11984.0,6,871.305067812458
36055015000,73,0.947300234573716,11939.772156567116,6302.0,6302.0,11540.0,6,664.2278434328834
36095740200,301,0.9624524899424902,13064.33009847936,6787.0,6786.999999999999,9475.0,3,509.669901520638
36095740300,301,0.9296190607262534,2260.8335556862485,1216.0,1216.0,1577.0,3,171.16644431375164
36095740400,301,0.781503107354979,9498.388766792414,6077.0,6077.0,9334.0,3,2655.6112332075854
36051031200,70,0.9878222741374155,6942.414942637757,3514.0,3514.0000000000005,5954.0,2,85.58505736224343
36051031300,70,0.9944826828423202,8351.665570509806,4199.0,4199.0,8108.0,2,46.3344294901945
36059300902,399,0.0,0.0,0.0,0.0,0.0,169,0.0
36059301400,399,0.37541963087911834,1820.7852097637242,2425.0,2424.9999999999995,4594.0,169,3029.214790236276
36059301600,399,0.4941913517973212,6908.795098126551,6990.0,6990.0,11680.0,169,7071.20490187345
36059301700,399,0.3917108039140922,2595.475786734774,3313.0,3313.000000000001,6408.0,169,4030.524213265226
36059301900,399,0.41987519063836476,2661.1689582659565,3169.0,3169.0,5845.0,169,3676.831041734044
36059302000,399,0.5331691050223386,9347.520749251642,8766.0,8765.999999999996,11882.0,169,8184.479250748358
36059302101,399,0.4782913374943538,9152.583034291954,9568.0,9567.999999999998,12387.0,169,9983.416965708046
36059302102,399,0.42282671528983184,6396.522548904578,7564.0,7564.0,9537.0,169,8731.477451095423
36059302200,399,0.478318754565767,6575.926237770163,6874.0,6873.999999999998,9420.0,169,7172.073762229835
36059302300,399,0.40888198694452305,5972.948065285592,7304.0,7303.999999999999,10473.0,169,8635.051934714407
36059302400,399,0.4909057552909729,8155.908218404224,8307.0,8307.0,11437.0,169,8458.091781595776
36059302501,399,0.4284067920881228,3810.2500088317665,4447.0,4447.000000000001,5920.0,169,5083.749991168235
36059302502,399,0.4591042981567206,4158.566732703575,4529.0,4529.0,6179.0,169,4899.433267296425
36059302700,399,0.3936271194137091,4869.16746714758,6185.0,6184.999999999999,10029.0,169,7500.832532852418
36059302800,399,0.4981507822897895,9624.273113838733,9660.0,9660.0,14575.0,169,9695.726886161267
36059302900,399,0.4658997257998977,7278.2855164460025,7811.0,7811.000000000001,10921.0,169,8343.714483553998
36059303000,399,0.412939806157807,7360.239104956754,8912.0,8912.0,13574.0,169,10463.760895043248
36059303101,399,0.41682243878296854,4860.9832810869775,5831.0,5831.000000000002,8948.0,169,6801.016718913022
36059303102,399,0.45734268944133927,6359.807439371264,6953.0,6952.999999999999,9783.0,169,7546.192560628737
36059303203,399,0.0,0.0,0.0,0.0,0.0,169,0.0
36059303204,399,0.0,0.0,0.0,0.0,0.0,169,0.0
36059303301,399,0.4558856264506057,5482.480543694983,6013.0,6013.0,8198.0,169,6543.519456305016
36059303302,399,0.4425560954947634,6470.170116133441,7310.0,7310.000000000001,9631.0,169,8149.82988386656
36059303400,399,0.45659369431681507,4734.876610065373,5185.0,5185.000000000001,6651.0,169,5635.123389934628
36059303500,399,0.42865265275378395,8077.530588492305,9422.0,9422.0,12472.0,169,10766.469411507695
36059303600,399,0.5427037739026392,11322.971538704667,10432.0,10432.0,14068.0,169,9541.028461295336
36059303700,399,0.45218792345877645,10733.132551217517,11868.0,11868.0,15595.0,169,13002.867448782483
36059303800,399,0.4136820524781307,6850.574789037843,8280.0,8280.0,10288.0,169,9709.425210962156
36059303900,399,0.46160202721416566,6838.1724311506505,7407.0,7407.0,9953.0,169,7975.82756884935
36059304001,399,0.37789507003348854,3296.7565909721534,4362.0,4362.000000000001,5824.0,169,5427.243409027846
36059304002,399,0.41565220966245275,6529.89621379713,7855.0,7855.0,9736.0,169,9180.103786202868
36059304100,399,0.4397239315304329,5310.985645024566,6039.0,6039.0,8167.0,169,6767.014354975432
36059304202,399,0.4226793243978767,4738.235226500199,5605.0,5605.0,7095.0,169,6471.764773499802
36059304203,399,0.4814435497323858,9682.792672217744,10056.0,10056.0,12295.0,169,10429.207327782256
36059304204,399,0.43835104130717883,7535.2544000704065,8595.0,8595.0,10457.0,169,9654.745599929596
36059404500,399,0.38350864965227616,4194.817609896597,5469.0,5469.0,8768.0,169,6743.182390103403
36059404700,399,0.45102474961199646,8658.773143051108,9599.0,9599.0,13488.0,169,10539.226856948892
36059405200,399,0.4485492204833107,9898.584197625702,11034.0,11034.0,19550.0,169,12169.4158023743
36059405301,399,0.5059130982108808,6349.209382546553,6275.0,6275.0,8794.0,169,6200.7906174534455
36059405302,399,0.4751162967876903,7035.522122832116,7404.0,7404.000000000002,9380.0,169,7772.477877167883
36059405400,399,0.5404477898891855,16190.734889500216,14979.0,14978.999999999998,22387.0,169,13767.265110499782
36059405500,399,0.52081107889952,10644.33683054839,10219.0,10218.999999999998,13701.0,169,9793.663169451609
36059405600,399,0.4953033411782968,8957.06562186832,9042.0,9042.0,11306.0,169,9126.93437813168
36059405700,399,0.46226513244061873,9468.114442648754,10241.0,10241.0,13013.0,169,11013.885557351246
36059405800,399,0.5151825334380611,8975.5100975579,8711.0,8711.0,10522.0,169,8446.489902442101
36059405900,399,0.5026096960914701,9098.24071864779,9051.0,9051.0,12293.0,169,9003.75928135221
36059406001,399,0.49917635477015865,8141.566346301287,8155.0,8154.999999999999,11151.0,169,8168.433653698713
36059406002,399,0.42434826572063433,5508.040489053833,6490.0,6490.0,8813.0,169,7471.959510946167
36059406100,399,0.5142900708444347,6243.4814600514355,6070.0,6069.999999999999,7700.0,169,5896.518539948564
36059406201,399,0.38347556101922686,3606.2041758248097,4702.0,4702.0,6366.0,169,5797.79582417519
36059406202,399,0.46762550856576013,10726.393915481407,11469.0,11469.0,14750.0,169,12211.606084518593
36059406300,399,0.4068103299265673,4895.555510336311,6017.0,6017.0,7671.0,169,7138.444489663689
36059406400,399,0.3957661080677676,9004.470490757845,11376.0,11375.999999999998,14486.0,169,13747.529509242153
36059406501,399,0.3532607850182301,9384.726014794307,13283.0,13283.000000000002,15804.0,169,17181.2739852057
36059406600,399,0.36820436855581584,5914.834976480625,8032.0,8032.0,9604.0,169,10149.165023519374
36059406701,399,0.49837453048311586,4891.0476421613,4907.0,4907.0,6051.0,169,4922.952357838701
36059406702,399,0.46502837717001555,7906.412468644605,8501.0,8501.0,10169.0,169,9095.587531355395
36059406801,399,0.4808164640519944,7439.192331812457,7736.0,7736.0,9559.0,169,8032.807668187543
36059406802,399,0.5278477875276082,8603.918936700014,8150.0,8149.999999999999,9741.0,169,7696.0810632999855
36059406900,399,0.49593092594828125,12993.390259844968,13100.0,13100.0,15888.0,169,13206.609740155032
36059407000,399,0.5010681830130852,14100.058669988219,14070.0,14070.000000000004,18432.0,169,14039.941330011785
36059407101,399,0.4824009038676017,8075.39113074365,8370.0,8370.0,10447.0,169,8664.608869256348
36059407102,399,0.5127286343903387,12325.996370743742,12020.0,12020.0,15439.0,169,11714.003629256258
36059407201,399,0.47116677584255606,7625.363100235927,8092.0,8092.0,9936.0,169,8558.636899764073
36059407203,399,0.5144564359118193,6345.305680536383,6167.0,6167.0,7735.0,169,5988.69431946362
36059407204,399,0.47243525115146523,5123.08786348649,5422.0,5422.0,6432.0,169,5720.912136513511
36059407301,399,0.515341931066427,10610.89036065773,10295.0,10294.999999999996,12552.0,169,9979.109639342267
36059407302,399,0.47121164901113377,9002.969766006721,9553.0,9553.000000000002,11729.0,169,10103.030233993279
36059407401,399,0.49312432164853437,10333.913284466687,10478.0,10478.0,12857.0,169,10622.086715533314
36059407402,399,0.4286780443363144,5367.049115090656,6260.0,6260.0,7673.0,169,7152.950884909344
36059407501,399,0.5030161653298559,10043.220756975903,9983.0,9983.0,13188.0,169,9922.779243024097
36059407502,399,0.4477065986388832,8453.595995499392,9441.0,9441.0,12226.0,169,10428.404004500608
36059407600,399,0.4504920557524379,9679.272309896878,10743.0,10743.0,12858.0,169,11806.72769010312
36059407700,399,0.48044734695917524,9354.309845295142,9735.0,9735.0,12033.0,169,10115.690154704858
36059407801,399,0.4670942207939752,10206.008724348358,10925.0,10925.0,13536.0,169,11643.99127565164
36059407802,399,0.37029371648848897,2235.833460157496,3019.0,3019.0,3851.0,169,3802.166539842504
36059407900,399,0.4458971021616275,10490.175225454452,11763.0,11763.0,14244.0,169,13035.824774545552
36059408000,399,0.468308170773317,11081.107936838227,11831.0,11831.0,14860.0,169,12580.892063161773
36059408100,399,0.4723319610641793,12446.891837963249,13176.0,13176.0,16195.0,169,13905.108162036748
36059408200,399,0.41348049174840906,8544.98784247262,10333.0,10333.0,12596.0,169,12121.012157527379
36059408300,399,0.4527550243841968,11395.843963750234,12585.0,12585.0,16084.0,169,13774.156036249768
36059408400,399,0.43970686355394695,7135.562981753451,8114.0,8114.0,10272.0,169,9092.437018246548
36059408500,399,0.48689465963676937,11871.465591263712,12191.0,12191.0,15385.0,169,12510.53440873629
36059408600,399,0.49926834969924583,9560.988896740557,9575.0,9574.999999999996,12386.0,169,9589.011103259441
36059408700,399,0.4702270002016897,7901.694511389196,8402.0,8402.000000000002,10788.0,169,8902.305488610806
36059408800,399,0.5251741204260632,14699.623630725506,13995.0,13995.0,17890.0,169,13290.37636927449
36059408900,399,0.44683852402120217,10405.081870357717,11643.0,11643.0,14119.0,169,12880.918129642287
36059409000,399,0.4619877058622244,8936.690182198869,9672.0,9672.0,12514.0,169,10407.309817801131
36059409100,399,0.46842013189812837,9480.823469618117,10120.0,10120.000000000002,12179.0,169,10759.176530381883
36059409200,399,0.45206609527396013,9624.48716838261,10645.0,10645.0,12976.0,169,11665.512831617389
36059409300,399,0.49667731174576346,9162.703047085844,9224.0,9224.0,11512.0,169,9285.296952914156
36059409400,399,0.5011575015221141,8262.082570093575,8243.0,8243.0,10391.0,169,8223.917429906427
36059409500,399,0.49875299977214715,7542.142862554409,7561.0,7561.0,9366.0,169,7579.857137445591
36059409600,399,0.4919006483294359,10070.190072600211,10236.0,10235.999999999998,12976.0,169,10401.809927399787
36059409700,399,0.5135338852226252,8324.384279458754,8105.0,8105.0,10106.0,169,7885.615720541245
36059410000,399,0.3893278909650023,4216.421059150975,5415.0,5414.999999999999,9138.0,169,6613.5789408490255
36059410100,399,0.49900763843648865,10691.737661140209,10713.0,10713.0,14176.0,169,10734.262338859793
36059410200,399,0.4995680226903271,6490.387750792732,6496.0,6496.0,8411.0,169,6501.61224920727
36059410600,399,0.4457593931617516,9229.89399480723,10353.0,10353.0,18164.0,169,11476.10600519277
36059410700,399,0.43030402852291594,6918.42817059144,8039.0,8038.999999999999,15414.0,169,9159.571829408558
36059411800,399,0.49019046827973467,9094.993948462197,9277.0,9276.999999999998,13370.0,169,9459.006051537803
36059411901,399,0.5095771446657809,5682.804317312788,5576.0,5576.0,8489.0,169,5469.195682687211
36059411902,399,0.49877410026790614,5785.779563107711,5800.0,5800.0,9579.0,169,5814.220436892289
36059412000,399,0.5364268874410245,10271.502040720736,9574.0,9574.0,13797.0,169,8876.497959279262
36059412301,399,0.47457137120247994,4965.914828262751,5232.0,5232.0,6693.0,169,5498.08517173725
36059412302,399,0.46376725497569216,5248.9177918148835,5659.0,5659.0,8669.0,169,6069.0822081851165
36059412400,399,0.48003558957304515,7685.369789064452,8005.0,8004.999999999999,11161.0,169,8324.630210935547
36059412500,399,0.38286030949427796,5677.052669181153,7414.0,7414.0,9301.0,169,9150.947330818846
36059412600,399,0.3588085578348823,5578.75545721675,7774.0,7774.000000000001,9391.0,169,9969.24454278325
36059412700,399,0.3537188919904486,4770.960415167169,6744.0,6744.0,8859.0,169,8717.03958483283
36059412800,399,0.43375057656981375,5508.632322436633,6350.0,6350.000000000001,8235.0,169,7191.367677563366
36059412900,399,0.44452962913507477,8876.367634569175,9984.0,9984.0,13551.0,169,11091.632365430827
36059413100,399,0.46619267753348825,6803.615935923726,7297.0,7297.0,11829.0,169,7790.384064076273
36059413500,399,0.44961626677190125,13578.411256511416,15100.0,15100.000000000004,21060.0,169,16621.588743488584
36059413600,399,0.4420330929133972,8075.944607527766,9135.0,9135.0,12883.0,169,10194.055392472234
36059413900,399,0.48012809008417234,12829.982823229257,13361.0,13361.0,17266.0,169,13892.017176770745
36059414001,399,0.483740675811836,7229.988140683699,7473.0,7473.0,9780.0,169,7716.011859316299
36059414002,399,0.46594172422091396,8554.690056695981,9180.0,9180.0,11492.0,169,9805.30994330402
36059414100,399,0.49604781626301697,12413.100554165734,12512.0,12512.0,15911.0,169,12610.899445834264
36059414201,399,0.5000233013068822,9232.430235330277,9232.0,9232.000000000002,12459.0,169,9231.569764669726
36059414202,399,0.44794787021452753,6733.552385064777,7516.0,7516.000000000002,9426.0,169,8298.447614935223
36059414301,399,0.48295456571622997,6223.352533819339,6443.0,6442.999999999998,9001.0,169,6662.64746618066
36059414303,399,0.4825365352097972,7462.910053554724,7733.0,7733.0,9758.0,169,8003.089946445276
36059414304,399,0.4886067848720582,5240.7963745376965,5363.0,5363.0,7033.0,169,5485.2036254623035
36059414400,399,0.4729912064645675,8802.366352305602,9305.0,9305.0,11323.0,169,9807.6336476944
36059414600,399,0.3778385790347486,5654.732173834049,7483.0,7483.0,9190.0,169,9311.267826165953
36059414700,399,0.4350414833960662,8492.879838858003,9761.0,9761.0,12054.0,169,11029.120161141997
36059414800,399,0.47070231851377653,11732.725991274394,12463.0,12463.0,15856.0,169,13193.274008725606
36059414900,399,0.43774143747160166,12480.883865190306,14256.0,14255.999999999998,18190.0,169,16031.116134809692
36059415000,399,0.43379857955749535,9488.042532081538,10936.0,10935.999999999998,13674.0,169,12383.95746791846
36059415101,399,0.43965156880820655,3835.5202862827946,4362.0,4362.000000000001,5969.0,169,4888.479713717206
36059415201,399,0.4300755651316559,4952.750208056149,5758.0,5758.0,7284.0,169,6563.249791943851
36059415300,399,0.4852230418025363,9069.789097373012,9346.0,9346.000000000002,12290.0,169,9622.210902626992
36059415401,399,0.48346193569273543,9019.465872283672,9328.0,9328.0,13090.0,169,9636.534127716328
36059415500,399,0.4631267361854965,4246.872170821002,4585.0,4584.999999999999,5995.0,169,4923.127829178998
36059415600,399,0.4810420245970993,8745.344007175267,9090.0,9090.000000000002,11688.0,169,9434.655992824735
36059415700,399,0.5209389611185347,11453.363999152101,10993.0,10993.0,14593.0,169,10532.636000847899
36059415802,399,0.48286466090303093,12836.474145446176,13292.0,13292.000000000002,17194.0,169,13747.525854553827
36059416000,399,0.47734865619660183,6409.83775540797,6714.0,6714.000000000002,9013.0,169,7018.162244592032
36059416100,399,0.48684785562057875,13279.262109906904,13638.0,13638.0,17510.0,169,13996.737890093094
36059517705,399,0.4363773474742073,4437.957623812687,5085.0,5085.0,6853.0,169,5732.042376187312
36059518501,399,0.33292641838151793,6990.12308033835,10498.0,10498.0,14189.0,169,14005.876919661649
36059518502,399,0.4522430474492586,5217.980281469544,5769.0,5768.999999999999,7407.0,169,6320.019718530455
36059518600,399,0.3915167510779005,5160.973812708883,6591.0,6591.0,9538.0,169,8021.026187291116
36059518700,399,0.4629075693853535,7522.248002511997,8125.0,8125.000000000001,12950.0,169,8727.751997488005
36059518800,399,0.460255657871913,5120.804449482905,5563.0,5563.0,8795.0,169,6005.195550517095
36059518900,399,0.48711622279370936,12397.107870099904,12725.0,12725.0,16438.0,169,13052.892129900098
36059519000,399,0.48079455776564695,10437.088259976665,10854.0,10854.0,13848.0,169,11270.911740023337
36059519100,399,0.5165102019182826,11751.640114044763,11376.0,11376.0,14782.0,169,11000.359885955237
36059519200,399,0.5249622114450934,12109.82829361541,11534.0,11534.0,14165.0,169,10958.171706384588
36059519300,399,0.5150380850790026,9996.889231383439,9705.0,9705.0,12598.0,169,9413.11076861656
36059519400,399,0.4924804552285189,7790.055840804713,7909.0,7909.0,10734.0,169,8027.944159195287
36059519500,399,0.5132975975029122,11585.126775640727,11285.0,11284.999999999998,14850.0,169,10984.873224359271
36059519601,399,0.48844224068460684,7719.341171779526,7902.0,7902.0,11391.0,169,8084.658828220473
36059519602,399,0.45598433449670217,2893.676586716071,3173.0,3173.000000000001,5063.0,169,3452.323413283929
36059519703,399,0.5089123336483774,5554.26920943839,5457.0,5457.000000000001,8470.0,169,5359.73079056161
36059519704,399,0.460022169371214,4242.3244459413345,4611.0,4610.999999999999,7894.0,169,4979.675554058665
36059519801,399,0.48492391420185976,4345.888119077067,4481.0,4481.0,6464.0,169,4616.111880922933
36059519900,399,0.5061860240917522,10663.314783516853,10533.0,10533.0,13437.0,169,10402.685216483147
36059520001,399,0.47239844614668336,11442.435162564965,12111.0,12111.0,16193.0,169,12779.564837435035
36059520002,399,0.48395263214598483,7392.8604086620635,7638.0,7637.999999999998,10148.0,169,7883.139591337935
36059520200,399,0.5193655780681041,5664.200994410743,5453.0,5453.0,7548.0,169,5241.799005589257
36059520300,399,0.4582768512334918,8979.476623069037,9797.0,9797.0,14847.0,169,10614.523376930962
36059520900,399,0.4239763949843519,6876.049173856219,8109.0,8108.999999999998,11174.0,169,9341.95082614378
36059521302,399,0.4988284944181107,7827.616734408991,7846.0,7846.0,14556.0,169,7864.383265591007
36059522700,399,0.5003315200734912,8239.459472570255,8234.0,8234.000000000002,11312.0,169,8228.540527429746
36059980100,399,0.26298253609365174,853.1153470878064,1622.0,1621.9999999999998,2342.0,169,2390.884652912194
36059981100,399,0.31674367309702833,668.9626375809241,1056.0,1056.0000000000002,1408.0,169,1443.037362419076
36059982100,399,0.2614994293033981,1164.7184581173346,2227.0,2227.0,3658.0,169,3289.281541882665
36063024102,45,1.0,5656.0,2828.0,2828.0,4702.0,1,0.0
36041950300,333,1.0,2132.0,1066.0,1066.0,1474.0,1,0.0
36089492600,240,1.0,11326.0,5663.0,5663.0,10313.0,1,0.0
36067010100,163,0.8520510367685018,5563.893270098316,3265.0,3264.999999999999,5897.0,10,966.1067299016833
36067010200,163,0.9077937329452608,10363.373255303097,5708.0,5708.000000000001,11021.0,10,1052.6267446969027
36067010301,163,0.8547639690022011,10759.768841799707,6294.0,6293.999999999999,11996.0,10,1828.2311582002924
36067010321,163,0.8794614291801699,5771.025898280275,3281.0,3281.0000000000005,5827.0,10,790.9741017197248
36067010322,163,0.8549306967949987,8993.870930283387,5260.0,5260.000000000001,8898.0,10,1526.129069716614
36067011242,163,0.8370881302302325,13781.818976110551,8232.0,8232.000000000004,14822.0,10,2682.181023889452
36075020600,163,0.9566471440106828,8669.13641902481,4531.0,4531.000000000001,9006.0,10,392.86358097519206
36075020704,163,0.0,0.0,0.0,0.0,0.0,10,0.0
36075020706,163,0.0,0.0,0.0,0.0,0.0,10,0.0
36075020707,163,0.0,0.0,0.0,0.0,0.0,10,0.0
36055011505,93,0.8911672614951487,14552.76138021578,8165.0,8165.000000000001,13391.0,25,1777.2386197842225
36055011601,93,0.8211127217513472,13295.457190597812,8096.0,8095.999999999999,12609.0,25,2896.542809402186
36055011603,93,0.6811912490727736,1588.5379928377079,1166.0,1165.9999999999998,2043.0,25,743.4620071622919
36055011604,93,0.7871653368314684,4212.9088827220185,2676.0,2676.0,4846.0,25,1139.0911172779809
36055011605,93,0.8524248239471639,4127.440997552168,2421.0,2421.0000000000005,3661.0,25,714.5590024478327
36055011705,93,0.7945608110053315,9328.14392120259,5870.0,5870.0,9194.0,25,2411.8560787974084
36055011707,93,0.8610374377047035,16958.993373031837,9848.0,9848.0,14998.0,25,2737.0066269681597
36055011708,93,0.8193543400473624,7785.504939130038,4751.0,4751.0,7124.0,25,1716.4950608699623
36055011709,93,0.0,0.0,0.0,0.0,0.0,25,0.0
36055011710,93,0.0,0.0,0.0,0.0,0.0,25,0.0
36055011711,93,0.0,0.0,0.0,0.0,0.0,25,0.0
36055011712,93,0.0,0.0,0.0,0.0,0.0,25,0.0
36055011800,93,0.8101459088557681,7793.603643192489,4810.0,4810.000000000001,8220.0,25,1826.396356807511
36055011901,93,0.7427165892006136,12537.056025706359,8440.0,8440.0,12720.0,25,4342.943974293642
36055011903,93,0.0,0.0,0.0,0.0,0.0,25,0.0
36055011904,93,0.0,0.0,0.0,0.0,0.0,25,0.0
36055012000,93,0.7260846583806186,4994.010280341895,3439.0,3438.999999999999,5258.0,25,1883.9897196581046
36055012100,93,0.6822637576132784,6053.044057545006,4436.0,4435.999999999999,7068.0,25,2818.955942454994
36055012202,93,0.7908644184455452,6537.2852828708765,4133.0,4133.0,7744.0,25,1728.7147171291233
36055012304,93,0.7519963590336965,7362.04435493989,4895.0,4895.0,8642.0,25,2427.955645060111
36055012305,93,0.859203713753919,8964.931549308392,5217.0,5217.000000000001,8458.0,25,1469.068450691609
36069050101,93,0.9049004144588115,6270.9598721995635,3465.0,3464.9999999999995,6586.0,25,659.0401278004365
36069050104,93,0.0,0.0,0.0,0.0,0.0,25,0.0
36069050204,93,0.0,0.0,0.0,0.0,0.0,25,0.0
36117020303,93,0.0,0.0,0.0,0.0,0.0,25,0.0
36109001500,132,0.9462469342153891,12747.838697749721,6736.0,6736.0,12939.0,2,724.1613022502789
36109002300,132,0.9075831147711918,11177.793641521997,6158.0,6158.0,10579.0,2,1138.2063584780024
36069050601,91,0.9998967357297638,10532.912214177331,5267.0,5266.999999999999,10701.0,4,1.0877858226684567
36069052003,91,0.0,0.0,0.0,0.0,0.0,4,0.0
36069052101,91,0.0,0.0,0.0,0.0,0.0,4,0.0
36069052102,91,0.0,0.0,0.0,0.0,0.0,4,0.0
36017970501,208,0.0,0.0,0.0,0.0,0.0,3,0.0
36017970502,208,0.0,0.0,0.0,0.0,0.0,3,0.0
36077591500,208,0.9999624578656598,5491.793818598204,2746.0,2746.0,6275.0,3,0.2061814017962586
36045061700,153,1.0,4156.0,2078.0,2078.0,4267.0,1,0.0
36065024101,235,1.0,2662.0,1331.0,1331.0,2550.0,1,0.0
36051030100,72,0.9862298857929159,8937.215225055405,4531.0,4531.0,8065.0,3,124.78477494459588
36051030201,72,0.977816836608388,9893.55075280367,5059.0,5059.0,9135.0,3,224.44924719632994
36051030300,72,0.9879131956934333,6186.312431432279,3131.0,3130.9999999999995,6152.0,3,75.68756856772082
36089490400,266,0.9755602194351971,4686.5912941666875,2402.0,2402.0000000000005,5156.0,2,117.40870583331298
36089490600,266,0.9679771538547729,9339.04358039085,4824.0,4824.0,8487.0,2,308.9564196091508
36045060201,169,0.0,0.0,0.0,0.0,0.0,3,0.0
36045060202,169,0.0,0.0,0.0,0.0,0.0,3,0.0
36045060203,169,0.0,0.0,0.0,0.0,0.0,3,0.0
36091060102,414,0.8702958772153964,12560.1100999726,7216.0,7215.999999999999,11318.0,14,1871.8899000273993
36091060104,414,0.0,0.0,0.0,0.0,0.0,14,0.0
36091060200,414,0.8134814863401467,7412.443303531417,4556.0,4556.0,6722.0,14,1699.556696468583
36091060800,414,0.8782426739967071,8859.71209527878,5044.0,5044.000000000001,10570.0,14,1228.2879047212184
36113070100,414,0.8778773085759095,5269.019606072609,3001.0,3001.0000000000014,4554.0,14,732.9803939273912
36113070200,414,0.8420842457096172,4048.7410533718394,2404.0,2404.0,3752.0,14,759.2589466281606
36113070300,414,0.7941553476616935,6226.177925667677,3920.0,3920.000000000001,6317.0,14,1613.822074332323
36113070500,414,0.7972956541718458,3675.5329657322095,2305.0,2305.0000000000005,3959.0,14,934.4670342677908
36113070801,414,0.0,0.0,0.0,0.0,0.0,14,0.0
36113070802,414,0.0,0.0,0.0,0.0,0.0,14,0.0
36115080100,414,0.8823823985239062,9773.267446050786,5538.0,5538.0,8793.0,14,1302.7325539492151
36115080200,414,0.7682571258580317,4351.408360859892,2832.0,2831.999999999999,5368.0,14,1312.5916391401076
36115088001,414,0.0,0.0,0.0,0.0,0.0,14,0.0
36115088002,414,0.0,0.0,0.0,0.0,0.0,14,0.0
36105950100,296,1.0,6464.0,3232.0,3232.0,6143.0,1,0.0
36033950601,367,0.0,0.0,0.0,0.0,0.0,1,0.0
36027070102,377,0.8384193434984005,6782.812488902061,4045.0,4045.0,6245.0,18,1307.1875110979395
36027070301,377,0.8659312505640626,11357.554282398245,6558.0,6558.000000000001,10195.0,18,1758.445717601754
36027070401,377,0.8299801206197057,9516.552063025545,5733.0,5733.000000000001,8762.0,18,1949.447936974454
36027080103,377,0.8570263855170905,8090.329079281335,4720.0,4720.0,8373.0,18,1349.670920718666
36027080104,377,0.8759687242284105,7913.501454679461,4517.0,4517.000000000001,8966.0,18,1120.4985453205395
36027130003,377,0.9056895756098287,12822.753011483954,7079.0,7079.000000000001,12115.0,18,1335.2469885160465
36027130004,377,0.8515374381599047,3506.631170342487,2059.0,2058.9999999999995,3374.0,18,611.3688296575125
36027130005,377,0.7817089385869875,5829.985263981753,3729.0,3728.999999999999,6266.0,18,1628.0147360182464
36027140101,377,0.7630292984252297,11111.232643668196,7281.0,7280.999999999999,11180.0,18,3450.7673563318044
36027140201,377,0.0,0.0,0.0,0.0,0.0,18,0.0
36027140202,377,0.0,0.0,0.0,0.0,0.0,18,0.0
36027140301,377,0.0,0.0,0.0,0.0,0.0,18,0.0
36027140302,377,0.0,0.0,0.0,0.0,0.0,18,0.0
36027220300,377,0.7609521933043065,8787.47592827813,5774.0,5773.999999999999,8517.0,18,2760.5240717218685
36027220901,377,0.8299854112616417,7702.264616508034,4640.0,4640.0,7299.0,18,1577.7353834919652
36027221001,377,0.7810390820478683,6293.6129231417235,4029.0,4029.0,8419.0,18,1764.3870768582772
36027221100,377,0.752044250504403,6945.880697658667,4618.0,4617.999999999999,7062.0,18,2290.1193023413334
36027410000,377,0.7580533967805619,5837.011155210326,3850.0,3850.0,6939.0,18,1862.9888447896733
36013030100,9,0.8837889000292724,11782.67361519026,6666.0,6666.000000000001,7741.0,12,1549.3263848097408
36013030200,9,0.8707864402649687,11530.954041988714,6621.0,6620.999999999998,7757.0,12,1711.0459580112847
36013030300,9,0.7990255894699463,3454.9866488680477,2162.0,2161.999999999999,2777.0,12,869.0133511319519
36013030400,9,0.8934221738980915,14546.699835408728,8141.0,8141.000000000001,9665.0,12,1735.300164591273
36013030500,9,0.778024630743125,7321.211775292806,4705.0,4705.0,5559.0,12,2088.7882247071934
36013030600,9,0.8674004181953477,8935.959108248473,5151.0,5151.0,5998.0,12,1366.0408917515276
36013030700,9,0.8909671406298794,13940.071882295093,7823.0,7822.999999999999,9079.0,12,1705.9281177049068
36013030800,9,0.8982913520231166,14282.832497167556,7950.0,7950.000000000001,9132.0,12,1617.167502832446
36013037000,9,0.8696467605531816,8322.519498493946,4785.0,4784.999999999999,6027.0,12,1247.4805015060526
36013037200,9,0.8954098122037504,9853.08957349007,5502.0,5501.999999999999,7101.0,12,1150.9104265099302
36013037300,9,0.9024002926392599,15064.670485319804,8347.0,8346.999999999998,10521.0,12,1629.3295146801945
36013037500,9,0.763703501779574,13265.5298259112,8685.0,8685.0,10307.0,12,4104.4701740887995
36031960501,364,0.0,0.0,0.0,0.0,0.0,2,0.0
36031960502,364,0.0,0.0,0.0,0.0,0.0,2,0.0
36071011102,319,0.9436147332610985,8441.577403753787,4473.0,4472.999999999999,9058.0,19,504.4225962462127
36071011900,319,0.8756413730817366,15878.88065946421,9067.0,9067.0,14721.0,19,2255.119340535789
36071012100,319,0.8500238500593332,7293.204633509079,4290.0,4289.999999999999,6097.0,19,1286.7953664909212
36071012200,319,0.8846586080014162,9349.072169358964,5284.0,5284.0,7610.0,19,1218.9278306410345
36071012300,319,0.8365735471319165,11089.618940780683,6628.0,6628.0,10264.0,19,2166.3810592193154
36071013202,319,0.9372056763997579,4179.93731674292,2230.0,2230.0000000000005,3810.0,19,280.0626832570797
36071013301,319,0.0,0.0,0.0,0.0,0.0,19,0.0
36071013302,319,0.0,0.0,0.0,0.0,0.0,19,0.0
36071013400,319,0.8604402581993442,6840.500052684786,3975.0,3974.9999999999986,6647.0,19,1109.4999473152127
36071014101,319,0.7974767144065695,5909.302453752681,3705.0,3705.0,7014.0,19,1500.6975462473195
36071014301,319,0.8995375513047679,11985.438333584727,6662.0,6662.0,9604.0,19,1338.5616664152735
36071015003,319,0.8168052347654184,8756.152116685284,5360.0,5359.999999999999,14740.0,19,1963.8478833147149
36071015005,319,0.7127322231319078,5862.9352674830725,4113.0,4113.0,6641.0,19,2363.064732516927
36071015007,319,0.0,0.0,0.0,0.0,0.0,19,0.0
36071015008,319,0.0,0.0,0.0,0.0,0.0,19,0.0
36071015009,319,0.0,0.0,0.0,0.0,0.0,19,0.0
36071015010,319,0.0,0.0,0.0,0.0,0.0,19,0.0
36071015201,319,0.0,0.0,0.0,0.0,0.0,19,0.0
36071015203,319,0.0,0.0,0.0,0.0,0.0,19,0.0
36031961202,440,0.0,0.0,0.0,0.0,0.0,1,0.0
36015000100,117,0.7410912288751741,5255.818995182734,3546.0,3546.0000000000014,4771.0,15,1836.1810048172663
36015000200,117,0.7992594973304239,5641.173532158132,3529.0,3528.999999999999,5037.0,15,1416.8264678418675
36015000300,117,0.0,0.0,0.0,0.0,0.0,15,0.0
36015000400,117,0.7692132946510465,4812.198371336946,3128.0,3128.0000000000005,4536.0,15,1443.801628663053
36015000500,117,0.7799599047384073,6493.946166851979,4163.0,4163.000000000001,6281.0,15,1832.0538331480209
36015000600,117,0.7941645829052603,7981.354058197865,5025.0,5025.000000000002,6191.0,15,2068.6459418021345
36015000700,117,0.768625450356526,4407.2983323443195,2867.0,2867.0,3618.0,15,1326.7016676556805
36015000900,117,0.827667282189948,7526.806264235389,4547.0,4547.0,6534.0,15,1567.1937357646125
36015001000,117,0.728319424201908,5966.39272306203,4096.0,4095.999999999999,5709.0,15,2225.6072769379693
36015001100,117,0.8283379134684637,7141.9294899250945,4311.0,4311.000000000002,6682.0,15,1480.0705100749058
36015010702,117,0.0,0.0,0.0,0.0,0.0,15,0.0
36015010800,117,0.8461335574459566,6418.769166785027,3793.0,3793.0,5746.0,15,1167.2308332149728
36015011000,117,0.8244465087681292,5950.8549002883565,3609.0,3609.000000000001,6398.0,15,1267.1450997116438
36015011101,117,0.0,0.0,0.0,0.0,0.0,15,0.0
36015011102,117,0.0,0.0,0.0,0.0,0.0,15,0.0
36009961100,37,0.7874839694988807,9681.32792101924,6147.0,6147.000000000001,8056.0,6,2612.6720789807614
36009961302,37,0.0,0.0,0.0,0.0,0.0,6,0.0
36009961500,37,0.8306109523395679,5638.187144480987,3394.0,3394.0,4158.0,6,1149.812855519013
36009961600,37,0.8789098765411125,10979.342177751576,6246.0,6246.0,7535.0,6,1512.6578222484231
36009961700,37,0.8925433354045579,9364.564675064621,5246.0,5246.0,6292.0,6,1127.4353249353787
36009961800,37,0.8787867584494065,11921.621165124649,6783.0,6783.000000000001,8481.0,6,1644.378834875352
36005000100,371,0.09364940116090681,1502.6982910279107,8023.0,8023.000000000002,12830.0,820,14543.30170897209
36005000200,371,0.15983237912927672,1757.8365056637826,5499.0,5499.0,12840.0,820,9240.163494336215
36005000400,371,0.17661755404684032,2346.8940581744137,6644.0,6644.0,15147.0,820,10941.105941825586
36005001902,371,0.0,0.0,0.0,0.0,0.0,820,0.0
36005001903,371,0.0,0.0,0.0,0.0,0.0,820,0.0
36005001904,371,0.0,0.0,0.0,0.0,0.0,820,0.0
36005002001,371,0.0,0.0,0.0,0.0,0.0,820,0.0
36005002002,371,0.0,0.0,0.0,0.0,0.0,820,0.0
36005002400,371,0.08046147574361107,19.14983122697945,119.0,118.99999999999999,246.0,820,218.85016877302056
36005002500,371,0.2857866691394757,4068.459021869574,7118.0,7118.0,11661.0,820,10167.540978130424
36005002701,371,0.3021243147261353,1941.450846430145,3213.0,3213.0000000000005,6018.0,820,4484.549153569855
36005002702,371,0.28224695672012023,3460.347689388675,6130.0,6130.0,10411.0,820,8799.652310611325
36005003100,371,0.2651714827644678,1105.76508312783,2085.0,2084.9999999999995,4749.0,820,3064.2349168721694
36005003300,371,0.31111436788587654,3046.4318903385024,4896.0,4896.0,8641.0,820,6745.568109661497
36005003500,371,0.27546792118021857,2650.552337596062,4811.0,4811.0,8071.0,820,6971.447662403937
36005003700,371,0.19152802925193935,162.41576880564457,424.0,424.0,713.0,820,685.5842311943554
36005003900,371,0.3279003121282089,4762.424133350107,7262.0,7261.999999999999,12462.0,820,9761.575866649893
36005004100,371,0.32866597837293476,5388.150049445891,8197.0,8197.0,13265.0,820,11005.849950554108
36005004300,371,0.27060906382374994,3898.9353915725915,7204.0,7204.0,11972.0,820,10509.06460842741
36005006500,371,0.17691793884530493,1992.4498272758249,5631.0,5631.0,10724.0,820,9269.550172724175
36005007300,371,0.28991539025535507,2692.734144691738,4644.0,4644.0,7915.0,820,6595.265855308262
36005007900,371,0.25551236294300916,4162.296392341624,8145.0,8144.999999999998,14852.0,820,12127.703607658379
36005008300,371,0.2424573758864128,4432.6057459554,9141.0,9141.0,16524.0,820,13849.3942540446
36005008400,371,0.1680077921189953,873.3045034345388,2599.0,2599.0000000000005,5688.0,820,4324.695496565462
36005008500,371,0.2364591580500781,3586.1395909874873,7583.0,7583.0,13770.0,820,11579.860409012515
36005009000,371,0.1714293229437729,1303.54857166445,3802.0,3801.999999999999,8592.0,820,6300.45142833555
36005009301,371,0.0,0.0,0.0,0.0,0.0,820,0.0
36005009302,371,0.0,0.0,0.0,0.0,0.0,820,0.0
36005011000,371,0.0597290839672997,3.5837450380379763,30.0,30.000000000000007,135.0,820,56.416254961962025
36005011701,371,0.0,0.0,0.0,0.0,0.0,820,0.0
36005011702,371,0.0,0.0,0.0,0.0,0.0,820,0.0
36005011800,371,0.1426964036054882,1601.0536484535767,5610.0,5610.0,10193.0,820,9618.946351546423
36005013200,371,0.1552078218860129,2529.887496742014,8150.0,8149.999999999998,17850.0,820,13770.112503257988
36047030100,371,0.23813296553140884,1470.2329291909182,3087.0,3087.0,5467.0,820,4703.767070809082
36047030300,371,0.27516396808761856,3264.5453173915075,5932.0,5932.0,10832.0,820,8599.454682608493
36047036100,371,0.25626210756559575,1706.7056363868676,3330.0,3330.0,5186.0,820,4953.294363613132
36047036300,371,0.31901768854635293,3199.7474161199198,5015.0,5015.0,8579.0,820,6830.25258388008
36047036501,371,0.2539151993525224,1898.7778607581606,3739.0,3739.0,5799.0,820,5579.222139241838
36047036502,371,0.2471758175356732,802.3327037207956,1623.0,1623.0,2663.0,820,2443.667296279205
36047036700,371,0.20668405618951935,820.1223349600131,1984.0,1984.0,2800.0,820,3147.8776650399873
36047036900,371,0.3221068402439503,4908.264031637314,7619.0,7619.0,12561.0,820,10329.735968362686
36047037100,371,0.30719961614031766,4021.2429752767584,6545.0,6545.0,11220.0,820,9068.757024723242
36047037300,371,0.23054637589338067,2137.6259972834264,4636.0,4636.0,7642.0,820,7134.374002716574
36047037500,371,0.2699421365152216,2150.359059480255,3983.0,3983.0000000000005,6833.0,820,5815.640940519745
36047037700,371,0.2651961022005557,2915.0355553885083,5496.0,5496.0,9376.0,820,8076.964444611493
36047037900,371,0.2592124237371869,1909.3587132481186,3683.0,3683.0,7277.0,820,5456.641286751881
36047039700,371,0.2216898650317416,1903.8725608925965,4294.0,4294.0,6810.0,820,6684.127439107403
36047039900,371,0.29482264748544285,2593.8496525769256,4399.0,4399.0,7112.0,820,6204.150347423074
36047040100,371,0.2780758731850136,2296.350560761842,4129.0,4129.0,6896.0,820,5961.649439238157
36047040300,371,0.28153331726460384,2555.196387493545,4538.0,4537.999999999999,6932.0,820,6520.8036125064555
36047040500,371,0.2315896471835075,971.2869802876301,2097.0,2097.0,3267.0,820,3222.7130197123697
36047040700,371,0.0,0.0,0.0,0.0,0.0,820,0.0
36047040900,371,0.28159871284282834,2979.877579302809,5291.0,5291.0,8349.0,820,7602.122420697191
36047041100,371,0.2818599041252815,2182.15937773793,3871.0,3871.0000000000005,5891.0,820,5559.840622262071
36047041300,371,0.30912426894175893,4113.207522539044,6653.0,6653.000000000001,9215.0,820,9192.792477460956
36047041500,371,0.31414714101075003,3829.4536489210413,6095.0,6095.0,9153.0,820,8360.546351078958
36047041700,371,0.31060517789539976,2911.6129375914775,4687.0,4687.0,6543.0,820,6462.387062408523
36047041900,371,0.31965886101355545,3666.4871358254804,5735.0,5735.0,8677.0,820,7803.51286417452
36047043100,371,0.2902340120388477,4509.656079059616,7769.0,7769.000000000001,11475.0,820,11028.343920940384
36047043300,371,0.2750348555774005,3414.28269713785,6207.0,6207.0,9427.0,820,8999.717302862151
36047043500,371,0.254069761059302,3352.19642741643,6597.0,6597.000000000001,10215.0,820,9841.803572583569
36047043700,371,0.27761399017698274,3902.142245927669,7028.0,7028.000000000001,10416.0,820,10153.85775407233
36047043900,371,0.2628468419374098,3133.6600495777993,5961.0,5961.0,8403.0,820,8788.3399504222
36047044100,371,0.3306269683653108,5892.433830206566,8911.0,8911.0,13395.0,820,11929.56616979343
36047044300,371,0.30677159228881723,4937.182006296225,8047.0,8046.999999999999,12078.0,820,11156.817993703775
36047044500,371,0.23898992374031092,3024.656474857375,6328.0,6328.0,9873.0,820,9631.343525142625
36047044700,371,0.1998193585076654,1367.9633283434769,3423.0,3423.0,5517.0,820,5478.036671656522
36047088600,371,0.2546254168533385,2719.9087028273616,5341.0,5340.999999999999,9676.0,820,7962.091297172638
36047088800,371,0.24760135506787506,2584.958146908616,5220.0,5220.0,9656.0,820,7855.041853091385
36047089000,371,0.275239356268844,4354.83709488565,7911.0,7911.0,14445.0,820,11467.16290511435
36047089200,371,0.2930346182586706,2798.4806043703034,4775.0,4775.0,8313.0,820,6751.519395629696
36047089400,371,0.28076678164148483,2836.306028142278,5051.0,5050.999999999999,8451.0,820,7265.6939718577205
36047089600,371,0.3195187770502639,3096.1369496170564,4845.0,4845.0,7548.0,820,6593.863050382943
36047089800,371,0.28313298111690877,992.6642317958825,1753.0,1753.0,2958.0,820,2513.335768204118
36047090000,371,0.2835045293221853,4245.763831129047,7488.0,7488.0,11472.0,820,10730.236168870953
36047090200,371,0.2708864714102671,2323.6641517572707,4289.0,4289.0,6852.0,820,6254.335848242728
36047090600,371,0.33024943563752474,3981.4871960459977,6028.0,6028.0,9189.0,820,8074.512803954001
36047090800,371,0.2987052471461775,5585.788121633521,9350.0,9350.000000000002,13473.0,820,13114.211878366481
36047091000,371,0.27262018180692627,3987.3427791081026,7313.0,7313.0,10489.0,820,10638.657220891897
36047091200,371,0.35077941346283203,7622.4366545473395,10865.0,10865.0,15714.0,820,14107.56334545266
36047091600,371,0.31489730032572183,3668.5535487946595,5825.0,5825.0,9202.0,820,7981.446451205341
36047091800,371,0.2537453488876601,1843.7137050177387,3633.0,3633.0000000000005,5005.0,820,5422.286294982262
36047092000,371,0.30612260113952794,2760.0013718739838,4508.0,4508.000000000002,6925.0,820,6255.998628126017
36047092200,371,0.26687346347203345,1948.7100302727881,3651.0,3650.9999999999995,5996.0,820,5353.289969727211
36047092400,371,0.32298950614275346,3041.915168852451,4709.0,4708.999999999999,7166.0,820,6376.084831147547
36047092800,371,0.21831774753043576,1529.9707746932927,3504.0,3503.9999999999995,6169.0,820,5478.029225306706
36047093000,371,0.25223173817675804,1757.0462881392957,3483.0,3483.0,6437.0,820,5208.953711860703
36047093400,371,0.19399741423139216,1054.1819489333852,2717.0,2716.999999999999,5270.0,820,4379.818051066614
36047093600,371,0.17269453742614382,655.893853144494,1899.0,1898.9999999999995,3941.0,820,3142.1061468555054
36047098200,371,0.2626763392305037,2934.094709204726,5585.0,5585.0,9251.0,820,8235.905290795274
36047105801,371,0.2814612350972051,4455.531351588758,7915.0,7915.0,14076.0,820,11374.468648411243
36047107001,371,0.0,0.0,0.0,0.0,0.0,820,0.0
36047107003,371,0.0,0.0,0.0,0.0,0.0,820,0.0
36047107800,371,0.22056145244758807,2292.0746138353347,5196.0,5196.0,8819.0,820,8099.925386164665
36047109800,371,0.2630272299862131,1445.5976560042282,2748.0,2747.999999999999,4954.0,820,4050.4023439957723
36047110400,371,0.30242768297858413,4174.711735836375,6902.0,6901.999999999999,10727.0,820,9629.288264163624
36047110600,371,0.25532742944710796,3189.5502486532723,6246.0,6246.0,8504.0,820,9302.449751346727
36047111000,371,0.27176814983446107,2745.4018496277263,5051.0,5051.0,7180.0,820,7356.598150372274
36047111600,371,0.24518427366986206,2523.43654461022,5146.0,5146.0,8243.0,820,7768.56345538978
36047111800,371,0.2840481596869294,2610.9706838422553,4596.0,4596.0,6397.0,820,6581.029316157745
36047112000,371,0.29070370961513536,2654.124868786186,4565.0,4565.0,6926.0,820,6475.875131213814
36047112200,371,0.26911523785970304,2608.803115811961,4847.0,4846.999999999999,7402.0,820,7085.196884188039
36047112400,371,0.31710562303922085,2923.7138444216143,4610.0,4610.0,7019.0,820,6296.286155578384
36047112600,371,0.3056724390757739,3271.917787867084,5352.0,5352.0,8234.0,820,7432.0822121329165
36047112800,371,0.26252552842815324,2550.1729831510816,4857.0,4857.0,7378.0,820,7163.82701684892
36047113000,371,0.3150835475803473,3753.275218777096,5956.0,5956.0,9442.0,820,8158.724781222903
36047113200,371,0.3016295973156343,1714.4626311420657,2842.0,2842.0,4164.0,820,3969.537368857935
36047113400,371,0.33614205081891213,3009.815923032538,4477.0,4477.000000000001,6133.0,820,5944.184076967461
36047114201,371,0.26359448866049784,1576.8222311670984,2991.0,2991.0000000000005,4449.0,820,4405.177768832902
36047114202,371,0.2510586226362016,2195.7587135762183,4373.0,4373.0,6258.0,820,6550.24128642378
36047114400,371,0.2811102275670576,1523.617433413452,2710.0,2710.0,4148.0,820,3896.382566586548
36047114600,371,0.2663746502065053,2904.5491858517335,5452.0,5452.0,7670.0,820,7999.450814148266
36047115000,371,0.29672228565690795,2449.739190383433,4128.0,4128.0,6213.0,820,5806.260809616568
36047115200,371,0.27668856606156,2399.443244885849,4336.0,4336.0,7182.0,820,6272.556755114151
36047115600,371,0.31553079867216405,3265.1127046595543,5174.0,5174.0,7190.0,820,7082.887295340446
36047115800,371,0.28123070304091335,2338.152065082156,4157.0,4157.000000000001,6045.0,820,5975.847934917846
36047116000,371,0.25333037825836335,1474.8894622201917,2911.0,2911.0,4526.0,820,4347.1105377798085
36047116200,371,0.2509541365975624,1546.37938971418,3081.0,3081.0,4663.0,820,4615.6206102858205
36047116400,371,0.30514920658835964,2849.483291122101,4669.0,4669.0,6580.0,820,6488.516708877898
36047116600,371,0.27855240327133646,2567.696053355179,4609.0,4609.0,6355.0,820,6650.303946644821
36047116800,371,0.20916065683275253,932.0198868467453,2228.0,2227.9999999999995,3076.0,820,3523.980113153255
36047117000,371,0.23124331876394522,1298.199991540789,2807.0,2807.0,3928.0,820,4315.800008459211
36047117201,371,0.245923818911435,1762.781933957165,3584.0,3584.000000000001,4614.0,820,5405.218066042835
36047117202,371,0.26046532779360165,2505.6764533744476,4810.0,4810.0,6340.0,820,7114.323546625552
36047117400,371,0.26798730448519226,3988.7230399576015,7442.0,7441.999999999999,10548.0,820,10895.276960042398
36047117601,371,0.2984001938376605,3391.6166031588505,5683.0,5683.0,7478.0,820,7974.383396841151
36047117602,371,0.32905117885692203,3564.9404717358925,5417.0,5417.0,7037.0,820,7269.059528264107
36047117800,371,0.24956954444758006,1462.4775304628195,2930.0,2930.0,4513.0,820,4397.522469537181
36047118000,371,0.0,0.0,0.0,0.0,0.0,820,0.0
36047118201,371,0.2822427988366749,2612.4393460322626,4628.0,4628.000000000001,6470.0,820,6643.560653967737
36047118202,371,0.30400061104228315,3374.406782569343,5550.0,5550.0,7379.0,820,7725.593217430657
36047118400,371,0.3185550363197729,5934.043216564728,9314.0,9314.0,13156.0,820,12693.956783435271
36047118600,371,0.2845505594545049,2470.4679571840115,4341.0,4341.0,6016.0,820,6211.5320428159885
36047118800,371,0.2736346076367705,4197.007611932782,7669.0,7669.0,10397.0,820,11140.992388067214
36047119000,371,0.25153147996510217,2110.8521798671377,4196.0,4196.000000000001,5750.0,820,6281.147820132863
36047119200,371,0.2888475984183484,3002.281937960314,5197.0,5196.999999999999,7578.0,820,7391.718062039687
36047119400,371,0.3290016381752253,4034.8760905809636,6132.0,6132.0,8473.0,820,8229.123909419037
36047119600,371,0.291980054180755,4147.868649691804,7103.0,7103.0,10623.0,820,10058.131350308195
36047119800,371,0.2857022076347403,3166.151865008192,5541.0,5541.0,7634.0,820,7915.848134991808
36047120000,371,0.21489935899947898,1368.9089168266808,3185.0,3185.0,4884.0,820,5001.091083173319
36047120200,371,0.2506142323004341,1712.6976635411665,3417.0,3417.0,4568.0,820,5121.302336458833
36047120801,371,0.0,0.0,0.0,0.0,0.0,820,0.0
36047120802,371,0.0,0.0,0.0,0.0,0.0,820,0.0
36047120803,371,0.0,0.0,0.0,0.0,0.0,820,0.0
36047121000,371,0.25709944108679605,3045.5999791141844,5923.0,5923.0,8911.0,820,8800.400020885814
36047121400,371,0.269084786652245,3823.6948183284007,7105.0,7105.0,10627.0,820,10386.305181671598
36047122000,371,0.2896228273306576,4960.080540864841,8563.0,8563.0,14529.0,820,12165.919459135159
36059300300,371,0.27763727337351274,4191.212278846548,7548.0,7548.0,10866.0,820,10904.787721153452
36059300400,371,0.3249230425801063,7404.346294315465,11394.0,11394.0,15196.0,820,15383.653705684537
36059300500,371,0.2163425781095477,4264.9775848516265,9857.0,9857.0,13198.0,820,15449.022415148376
36059300600,371,0.3585852250052042,7954.854631515451,11092.0,11092.0,15648.0,820,14229.145368484551
36059300700,371,0.36634328298516494,7099.732824252497,9690.0,9690.0,13821.0,820,12280.267175747504
36059300800,371,0.30910496582698377,4389.290514743171,7100.0,7100.0,10383.0,820,9810.70948525683
36059300901,371,0.0,0.0,0.0,0.0,0.0,820,0.0
36059301500,371,0.21040247570646708,1795.5747276789893,4267.0,4267.0,7385.0,820,6738.42527232101
36059301800,371,0.23417732115076284,3146.406486981652,6718.0,6718.000000000001,10752.0,820,10289.59351301835
36059302600,371,0.24114641298027872,1898.304562980753,3936.0,3936.0,6823.0,820,5973.695437019246
36059404300,371,0.24412508363868146,2324.559046407524,4761.0,4760.999999999999,7315.0,820,7197.440953592475
36059404400,371,0.254714910952193,3516.0846307840725,6902.0,6902.0,10761.0,820,10287.915369215927
36059404600,371,0.24155827825316079,2662.455342906339,5511.0,5511.0,9228.0,820,8359.544657093662
36059404800,371,0.3130921869406018,6707.687013015455,10712.0,10711.999999999998,16414.0,820,14716.312986984547
36059404901,371,0.35613316601106904,6376.920470594202,8953.0,8953.0,12480.0,820,11529.079529405797
36059404902,371,0.3147639839092913,5482.559071732035,8709.0,8709.0,12655.0,820,11935.440928267964
36059405000,371,0.2816055813071492,3823.640582988469,6789.0,6788.999999999999,10989.0,820,9754.359417011528
36059405100,371,0.34974046284303195,8439.23736840236,12065.0,12065.0,18361.0,820,15690.76263159764
36059409800,371,0.32760779296508313,6319.554326296453,9645.0,9645.0,14108.0,820,12970.445673703547
36059409900,371,0.3377325203937248,10362.984655761053,15342.0,15342.0,21967.0,820,20321.01534423895
36059410300,371,0.34705571843251104,7827.494673526852,11277.0,11277.0,17055.0,820,14726.505326473147
36059410400,371,0.34977792952489994,5711.873589141617,8165.0,8164.999999999999,12070.0,820,10618.126410858384
36059410500,371,0.34068316737479265,6485.926140481301,9519.0,9519.0,14855.0,820,12552.073859518698
36059410800,371,0.3428854203712518,4916.291157283009,7169.0,7169.0,12478.0,820,9421.708842716991
36059410900,371,0.34581990377954996,6188.792998038829,8948.0,8948.0,15095.0,820,11707.207001961173
36061024000,371,0.1472192054428043,450.49076865498085,1530.0,1530.0,4028.0,820,2609.5092313450186
36081000200,371,0.2901638961678489,3686.242136916353,6352.0,6351.999999999998,8020.0,820,9017.757863083647
36081000400,371,0.30677451086152874,4854.39985987283,7912.0,7911.999999999999,10670.0,820,10969.60014012717
36081000600,371,0.34660681355804324,5379.3377464208315,7760.0,7760.000000000001,10590.0,820,10140.662253579168
36081000800,371,0.306401971424895,3701.9486187555813,6041.0,6041.000000000001,7877.0,820,8380.051381244419
36081001000,371,0.3521196111458764,5516.3058282113,7833.0,7833.000000000001,9742.0,820,10149.6941717887
36081001200,371,0.28370837566080587,4537.064343567608,7996.0,7996.0,10586.0,820,11454.935656432393
36081001400,371,0.3073762523826603,4152.653169689741,6755.0,6755.0,8997.0,820,9357.34683031026
36081001600,371,0.32417136036044003,3683.23499641532,5681.0,5681.000000000001,7437.0,820,7678.76500358468
36081001800,371,0.31511824179004333,3417.772450454811,5423.0,5423.0,6963.0,820,7428.22754954519
36081002000,371,0.2806715656460991,2041.604968509725,3637.0,3637.0,4540.0,820,5232.395031490275
36081002200,371,0.25775959405970106,2319.8363465373095,4500.0,4500.0,5780.0,820,6680.1636534626905
36081002400,371,0.24499762909974132,2003.590610777684,4089.0,4089.0,5290.0,820,6174.409389222315
36081002600,371,0.2735390117578307,2435.0442826682074,4451.0,4451.0,5697.0,820,6466.955717331792
36081002800,371,0.32268098157892466,4114.18251513129,6375.0,6375.0,8099.0,820,8635.81748486871
36081003000,371,0.26903770652340575,1554.4998682922392,2889.0,2889.0000000000005,3655.0,820,4223.500131707761
36081003200,371,0.22416169676439923,1222.1295707595052,2726.0,2726.0,3401.0,820,4229.8704292404955
36081003400,371,0.24919537290746796,2273.1601916619234,4561.0,4561.0,5598.0,820,6848.839808338077
36081003600,371,0.30992025299598824,3978.1363674565036,6418.0,6417.999999999999,8842.0,820,8857.863632543495
36081003800,371,0.2792926724900868,2286.2898170038507,4093.0,4092.9999999999995,5512.0,820,5899.710182996149
36081004001,371,0.26959501976924627,2251.6576051127445,4176.0,4175.999999999999,5728.0,820,6100.342394887255
36081004002,371,0.21335023788231244,937.4609452548807,2197.0,2197.0,3014.0,820,3456.5390547451193
36081004200,371,0.2940921584569226,4397.85413756482,7477.0,7477.0,10234.0,820,10556.14586243518
36081004401,371,0.23495663913229503,3170.974801729454,6748.0,6748.000000000001,8786.0,820,10325.025198270547
36081005000,371,0.0,0.0,0.0,0.0,0.0,820,0.0
36081005200,371,0.26895926706801465,2694.433937487371,5009.0,5009.0,6251.0,820,7323.566062512629
36081005400,371,0.2971056675338496,4876.692426900605,8207.0,8206.999999999998,11056.0,820,11537.307573099393
36081005800,371,0.3086210086809126,6047.120044093801,9797.0,9797.0,13462.0,820,13546.879955906199
36081006100,371,0.2634876982946055,3902.7797871396942,7406.0,7405.999999999998,12906.0,820,10909.220212860302
36081006201,371,0.26302443506236906,5637.139692256693,10716.0,10716.0,15516.0,820,15794.860307743307
36081006202,371,0.3138343366308288,7712.792657039248,12288.0,12288.0,16562.0,820,16863.20734296075
36081006300,371,0.2660953751431038,3543.858206155854,6659.0,6658.999999999999,10931.0,820,9774.141793844145
36081006501,371,0.30294134525730587,2412.01899093867,3981.0,3981.000000000001,6682.0,820,5549.981009061331
36081006502,371,0.3885883479968051,5233.507870820974,6734.0,6734.0,9638.0,820,8234.492129179029
36081006900,371,0.2759378119225403,2927.1483088743103,5304.0,5304.0,9208.0,820,7680.851691125692
36081008600,371,0.25860052801266464,2601.521311807407,5030.0,5030.0,6519.0,820,7458.478688192594
36081008800,371,0.25323735826987315,3490.1172716753927,6891.0,6891.0,9534.0,820,10291.882728324608
36081009400,371,0.261636855517694,2825.6780395910946,5400.0,5400.0,6676.0,820,7974.3219604089045
36081009500,371,0.31332936100911246,2205.212042782134,3519.0,3519.0000000000005,5139.0,820,4832.787957217866
36081009600,371,0.30947779720888247,3963.1726710569483,6403.0,6403.0,8598.0,820,8842.82732894305
36081009700,371,0.27756945480927053,2846.7523285238767,5128.0,5127.999999999999,7456.0,820,7409.2476714761215
36081009800,371,0.29246347356528646,3149.8316102981357,5385.0,5385.0,6721.0,820,7620.168389701865
36081010000,371,0.3132514968293302,5663.58706267429,9040.0,9040.0,11752.0,820,12416.412937325711
36081010100,371,0.31276070511696963,2560.884653497749,4094.0,4094.0,6641.0,820,5627.115346502253
36081010200,371,0.28904203859952493,3180.0405086719734,5501.0,5501.0,7677.0,820,7821.959491328026
36081010300,371,0.32313622856718616,3020.6774646460563,4674.0,4674.0,6783.0,820,6327.322535353944
36081010400,371,0.34526755901708606,4393.184420933403,6362.0,6362.0,8111.0,820,8330.815579066597
36081010500,371,0.33013500223780023,4063.961877547322,6155.0,6155.000000000001,9020.0,820,8246.038122452679
36081010600,371,0.34464555921044104,4914.645674340889,7130.0,7130.0,8949.0,820,9345.354325659111
36081010701,371,0.0,0.0,0.0,0.0,0.0,820,0.0
36081010800,371,0.3436733327994337,4745.441379294579,6904.0,6903.999999999999,8748.0,820,9062.55862070542
36081011000,371,0.3287537411909054,4693.288409241366,7138.0,7138.0,8682.0,820,9582.711590758634
36081011100,371,0.23410940536049585,2096.2156155978796,4477.0,4477.0,7050.0,820,6857.78438440212
36081011200,371,0.23256235100455047,1741.8920090240822,3745.0,3745.0,4987.0,820,5748.107990975917
36081011300,371,0.3385886523069358,4322.422735350343,6383.0,6382.999999999999,8974.0,820,8443.577264649657
36081011400,371,0.22992988075461918,1008.0125972282506,2192.0,2191.9999999999995,2901.0,820,3375.9874027717497
36081011500,371,0.28248562775881036,1920.9022687599108,3400.0,3399.999999999999,5080.0,820,4879.097731240089
36081011600,371,0.30725205502246244,2545.890527916124,4143.0,4143.0,5295.0,820,5740.109472083876
36081011700,371,0.35773048910185123,4425.841611168104,6186.0,6186.0,9146.0,820,7946.158388831896
36081011800,371,0.3419452494313513,3645.136358938207,5330.0,5330.0,6518.0,820,7014.863641061795
36081011900,371,0.22666641380301056,1068.0521418397855,2356.0,2356.0,3713.0,820,3643.9478581602143
36081012000,371,0.2650462463198966,2622.8976535816964,4948.0,4948.0,6538.0,820,7273.102346418304
36081012100,371,0.30660666532715564,2262.143976783754,3689.0,3689.000000000001,5053.0,820,5115.856023216246
36081012200,371,0.3412140214952356,4663.71324579688,6834.0,6834.0,8166.0,820,9004.28675420312
36081012301,371,0.29759730763628833,2579.5734625913487,4334.0,4334.000000000001,5898.0,820,6088.426537408653
36081012400,371,0.2542187259012001,2951.4794077129322,5805.0,5805.0,7809.0,820,8658.520592287066
36081012500,371,0.23769909691037705,1067.744343321414,2246.0,2246.0,3918.0,820,3424.255656678586
36081012601,371,0.29321509513964694,3406.572975332418,5809.0,5809.0,7805.0,820,8211.427024667582
36081012602,371,0.3008121187865348,2935.9262793565795,4880.0,4880.0,6676.0,820,6824.0737206434205
36081012800,371,0.2998584254303216,3174.9010084562447,5294.0,5294.0,6601.0,820,7413.098991543755
36081013000,371,0.21373299292381986,1236.2316310713738,2892.0,2892.0000000000005,3877.0,820,4547.768368928626
36081013200,371,0.2332779384846866,2075.707096636741,4449.0,4449.000000000001,5637.0,820,6822.292903363259
36081013400,371,0.27254277994253273,4667.5676492958155,8563.0,8563.0,11382.0,820,12458.432350704185
36081013500,371,0.2731934584154362,1405.853537005835,2573.0,2573.0,3593.0,820,3740.146462994165
36081013600,371,0.21660186763067213,1353.3284689564396,3124.0,3124.0,4315.0,820,4894.67153104356
36081013700,371,0.306246979861887,1939.1558764854678,3166.0,3166.0,3839.0,820,4392.844123514532
36081013800,371,0.279376260861388,3454.7668418119247,6183.0,6183.0,8202.0,820,8911.233158188075
36081014000,371,0.256402971254995,3354.2636699578443,6541.0,6541.0,9692.0,820,9727.736330042155
36081014100,371,0.2831110767575843,1505.584706196833,2659.0,2659.0,3843.0,820,3812.4152938031666
36081014201,371,0.3165211719781992,5019.392745230283,7929.0,7929.0,10181.0,820,10838.607254769717
36081014202,371,0.2922494788587928,2603.358357674126,4454.0,4453.999999999999,5826.0,820,6304.641642325873
36081014300,371,0.34454877025438524,4455.015599389203,6465.0,6465.000000000002,10106.0,820,8474.9844006108
36081014400,371,0.30303048797471055,2594.5470380394718,4281.0,4281.0,5495.0,820,5967.452961960528
36081014500,371,0.29030929992514765,1982.812518488759,3415.0,3415.0,4921.0,820,4847.1874815112415
36081014700,371,0.30439798977926924,3071.9845128523853,5046.0,5045.999999999999,7454.0,820,7020.015487147614
36081014800,371,0.3445023004854807,2372.24284114302,3443.0,3442.9999999999995,4506.0,820,4513.75715885698
36081014900,371,0.3347796896547933,2062.2428882735285,3080.0,3079.999999999999,4701.0,820,4097.757111726472
36081015000,371,0.31368350291964175,3801.844055386059,6060.0,6060.000000000001,8223.0,820,8318.155944613942
36081015100,371,0.303943970660983,1820.624384259289,2995.0,2994.9999999999995,4531.0,820,4169.3756157407115
36081015200,371,0.34560703799587655,3953.053300596835,5719.0,5719.0,6988.0,820,7484.9466994031645
36081015300,371,0.24303486690373122,1188.4404991592457,2445.0,2445.0,4334.0,820,3701.5595008407545
36081015400,371,0.29912930944466887,2945.2271807922098,4923.0,4923.0,6239.0,820,6900.77281920779
36081015500,371,0.2938041536456333,2009.6204109361315,3420.0,3420.0,5767.0,820,4830.3795890638685
36081015600,371,0.37913365797077436,5284.364924796652,6969.0,6969.0,9077.0,820,8653.635075203347
36081015700,371,0.18794919808853183,667.5955516104649,1776.0,1775.9999999999995,2987.0,820,2884.4044483895345
36081015801,371,0.33049985680629124,4743.333944883892,7176.0,7175.999999999998,9848.0,820,9608.666055116108
36081015802,371,0.3572787924356239,5885.810826584467,8237.0,8237.0,11229.0,820,10588.189173415532
36081015900,371,0.22570543719104685,2348.690779410033,5203.0,5203.0,8402.0,820,8057.309220589967
36081016100,371,0.27192033807114524,1926.2836748959926,3542.0,3542.0,5918.0,820,5157.716325104007
36081016300,371,0.32762913933359006,4156.958519864591,6344.0,6344.0,8721.0,820,8531.041480135409
36081016400,371,0.3720830870965086,5960.771055286069,8010.0,8009.999999999998,9631.0,820,10059.22894471393
36081016600,371,0.3729070857460981,5394.473902403055,7233.0,7233.0,9529.0,820,9071.526097596945
36081016800,371,0.32075347688462474,3317.873964894559,5172.0,5172.000000000001,6794.0,820,7026.126035105442
36081016900,371,0.2828690173758289,4492.525733962913,7941.0,7941.0,11810.0,820,11389.474266037085
36081017000,371,0.3046087474983956,3716.226719480427,6100.0,6100.0,7647.0,820,8483.773280519574
36081017102,371,0.0,0.0,0.0,0.0,0.0,820,0.0
36081017200,371,0.2672234509501894,2326.9818108742497,4354.0,4354.0,5435.0,820,6381.018189125751
36081017400,371,0.2630119459907879,2493.353247992669,4740.0,4740.0,6059.0,820,6986.64675200733
36081017600,371,0.27160705190749934,2351.030641311314,4328.0,4328.0,6081.0,820,6304.969358688686
36081017800,371,0.29298598980114954,2403.6570603286295,4102.0,4102.0,5514.0,820,5800.342939671369
36081018000,371,0.27460034988832505,1571.8124027607726,2862.0,2862.0,3682.0,820,4152.187597239227
36081018102,371,0.23757425080072592,2053.1166754198716,4321.0,4321.0,7248.0,820,6588.883324580127
36081018200,371,0.30032609400654386,2744.379847031798,4569.0,4569.000000000001,5710.0,820,6393.620152968202
36081018300,371,0.267360089800333,4398.608197395079,8226.0,8226.000000000004,13565.0,820,12053.391802604925
36081018401,371,0.27357310256119827,1897.5030393644715,3468.0,3468.000000000001,4413.0,820,5038.49696063553
36081018402,371,0.29487317955546766,2545.9350322819078,4317.0,4317.0,5821.0,820,6088.064967718093
36081018501,371,0.24125832484475074,2207.031155679779,4574.0,4574.000000000001,7773.0,820,6940.96884432022
36081018502,371,0.2572427458743486,2181.418485014476,4240.0,4240.0,6868.0,820,6298.581514985524
36081018600,371,0.27933514979472496,2179.372838698443,3901.0,3900.9999999999995,4973.0,820,5622.627161301556
36081018800,371,0.24101841171355676,1397.9067879386293,2900.0,2900.0000000000005,3563.0,820,4402.093212061371
36081019000,371,0.29610811356365563,2577.3250204580568,4352.0,4352.0,5428.0,820,6126.674979541942
36081019200,371,0.29873311641446987,2711.899230810558,4539.0,4539.000000000001,5482.0,820,6366.100769189443
36081019400,371,0.36059052277051873,3836.6831622783197,5320.0,5320.0,6928.0,820,6803.316837721681
36081019600,371,0.3035265869689131,3131.1802711713085,5158.0,5158.0,6714.0,820,7184.819728828692
36081019800,371,0.31654240895396235,3706.711608850901,5855.0,5855.000000000001,7385.0,820,8003.288391149101
36081020200,371,0.24801746373315492,1458.3426867509509,2940.0,2940.0000000000005,3782.0,820,4421.657313249049
36081020400,371,0.26583018389768076,2222.340337384611,4180.0,4180.0,5530.0,820,6137.659662615389
36081020500,371,0.14657374637210585,392.2313452917549,1338.0,1338.0,2096.0,820,2283.768654708245
36081020600,371,0.23164042053797695,1633.5282456338134,3526.0,3526.0,4324.0,820,5418.471754366186
36081020800,371,0.29728074008539374,2666.608238565982,4485.0,4485.0,5857.0,820,6303.391761434018
36081021200,371,0.23649833259626052,1552.3750551618532,3282.0,3281.9999999999995,4295.0,820,5011.624944838146
36081021400,371,0.34549204028487623,8818.33883623118,12762.0,12762.0,16481.0,820,16705.66116376882
36081021601,371,0.0,0.0,0.0,0.0,0.0,820,0.0
36081021602,371,0.0,0.0,0.0,0.0,0.0,820,0.0
36081021603,371,0.0,0.0,0.0,0.0,0.0,820,0.0
36081021900,371,0.007813876304013312,0.031255505216052235,2.0,2.0,2.0,820,3.9687444947839468
36081022001,371,0.3317324647269345,7360.479927361221,11094.0,11094.0,15130.0,820,14827.520072638777
36081022002,371,0.32278353854022823,7094.136610037138,10989.0,10989.0,15049.0,820,14883.863389962864
36081022900,371,0.0,0.0,0.0,0.0,0.0,820,0.0
36081023000,371,0.26965201364060964,2009.9861096771047,3727.0,3727.0,4715.0,820,5444.013890322895
36081023200,371,0.3795344304165861,7587.652332888389,9996.0,9996.0,12931.0,820,12404.347667111611
36081023501,371,0.0,0.0,0.0,0.0,0.0,820,0.0
36081023502,371,0.0,0.0,0.0,0.0,0.0,820,0.0
36081023600,371,0.28511777762390256,2855.1694251257604,5007.0,5007.0,6385.0,820,7158.83057487424
36081023800,371,0.3160340261507951,5808.7054006516155,9190.0,9190.0,10953.0,820,12571.294599348386
36081024000,371,0.3316616969979942,6248.506371442214,9420.0,9420.0,11928.0,820,12591.49362855779
36081024300,371,0.3491763205144779,8043.625719371513,11518.0,11518.0,16014.0,820,14992.374280628486
36081024500,371,0.3064972529747525,5923.978905496016,9664.0,9664.0,13101.0,820,13404.021094503983
36081024600,371,0.0,0.0,0.0,0.0,0.0,820,0.0
36081024700,371,0.23079337887274265,1153.9668943637141,2500.0,2500.0000000000005,3998.0,820,3846.0331056362866
36081024900,371,0.3271310585837567,5555.339636869354,8491.0,8491.0,12455.0,820,11426.660363130644
36081025100,371,0.33249283770323856,5534.675776408108,8323.0,8323.0,12870.0,820,11111.324223591891
36081025301,371,0.26924481827180147,2713.987768179759,5040.0,5040.0,8319.0,820,7366.012231820241
36081025302,371,0.2870590659636951,2548.5103876256853,4439.0,4439.0,7465.0,820,6329.489612374315
36081025401,371,0.0,0.0,0.0,0.0,0.0,820,0.0
36081025402,371,0.0,0.0,0.0,0.0,0.0,820,0.0
36081025500,371,0.2366533084830318,1042.2211705592722,2202.0,2202.0,3487.0,820,3361.778829440728
36081025700,371,0.29467219083987384,1195.1904060465283,2028.0,2027.9999999999995,2966.0,820,2860.8095939534714
36081025800,371,0.3533532579839601,2948.379584618163,4172.0,4172.0,5571.0,820,5395.620415381837
36081025900,371,0.3119063807928969,3070.406412525277,4922.0,4922.0,7148.0,820,6773.593587474723
36081026000,371,0.29795988843771215,2577.3530349862112,4325.0,4325.0,5701.0,820,6072.64696501379
36081026100,371,0.3020892827650361,7280.35171463737,12050.0,12050.000000000002,17280.0,820,16819.64828536263
36081026200,371,0.1756393327238126,683.5882829610784,1946.0,1946.0,2967.0,820,3208.4117170389213
36081026300,371,0.32828902832597606,7327.411112235788,11160.0,11160.0,16660.0,820,14992.588887764214
36081026400,371,0.3375515257766102,3315.431086177864,4911.0,4911.0,6763.0,820,6506.568913822135
36081026501,371,0.0,0.0,0.0,0.0,0.0,820,0.0
36081026502,371,0.0,0.0,0.0,0.0,0.0,820,0.0
36081026600,371,0.2744272083266006,1818.3546823720553,3313.0,3313.0,4087.0,820,4807.645317627945
36081026700,371,0.34462441023884627,6499.616377104644,9430.0,9430.0,13794.0,820,12360.383622895359
36081026901,371,0.3579892122317404,6024.9584418601935,8415.0,8415.0,11115.0,820,10805.041558139808
36081026902,371,0.34184708199029734,5164.625714709413,7554.0,7554.0,10274.0,820,9943.374285290587
36081027000,371,0.28609709988304743,2025.5674671719767,3540.0,3540.0,4608.0,820,5054.432532828024
36081027101,371,0.0,0.0,0.0,0.0,0.0,820,0.0
36081027102,371,0.0,0.0,0.0,0.0,0.0,820,0.0
36081027200,371,0.2773356108165086,2362.8994041566534,4260.0,4260.0,5740.0,820,6157.100595843347
36081027301,371,0.0,0.0,0.0,0.0,0.0,820,0.0
36081027302,371,0.0,0.0,0.0,0.0,0.0,820,0.0
36081027400,371,0.3090323610789245,2248.519459210254,3638.0,3637.9999999999995,4702.0,820,5027.480540789746
36081027500,371,0.3189590683532201,6261.166511773708,9815.0,9815.0,15698.0,820,13368.83348822629
36081027600,371,0.2696805935516837,1197.381835369475,2220.0,2220.0,2843.0,820,3242.6181646305245
36081027701,371,0.0,0.0,0.0,0.0,0.0,820,0.0
36081027702,371,0.0,0.0,0.0,0.0,0.0,820,0.0
36081027800,371,0.29462999128275325,2411.8411086406177,4093.0,4093.0,5294.0,820,5774.158891359382
36081027900,371,0.34659879272595384,7041.501073020476,10158.0,10157.999999999998,15177.0,820,13274.498926979522
36081028000,371,0.2925217267501452,2038.8764354485115,3485.0,3484.9999999999995,4549.0,820,4931.123564551488
36081028100,371,0.33956114323906705,4311.068274563195,6348.0,6348.0,9050.0,820,8384.931725436805
36081028200,371,0.26025106891570304,1606.2695973477194,3086.0,3086.0,3987.0,820,4565.730402652281
36081028300,371,0.33737208548235953,7202.894025048375,10675.0,10675.0,15513.0,820,14147.105974951624
36081028400,371,0.3121543281470973,4333.326383338004,6941.0,6940.999999999998,9591.0,820,9548.673616661994
36081028500,371,0.3362873726816996,5646.264987325736,8395.0,8395.000000000002,12121.0,820,11143.735012674264
36081028700,371,0.30468818640860806,6319.84236248735,10371.0,10371.000000000002,14209.0,820,14422.157637512651
36081028801,371,0.0,0.0,0.0,0.0,0.0,820,0.0
36081028802,371,0.0,0.0,0.0,0.0,0.0,820,0.0
36081028803,371,0.0,0.0,0.0,0.0,0.0,820,0.0
36081028900,371,0.2965886667265595,4791.686499634297,8078.0,8078.0,10915.0,820,11364.313500365704
36081029100,371,0.31628973935088733,6637.02389053902,10492.0,10492.0,14914.0,820,14346.97610946098
36081029300,371,0.21693388676491265,643.4259081447311,1483.0,1483.0,2001.0,820,2322.574091855269
36081029400,371,0.38039003096394397,9149.901804806708,12027.0,12027.0,17226.0,820,14904.098195193292
36081029500,371,0.29711846588576074,3049.62393385145,5132.0,5132.0,7254.0,820,7214.376066148551
36081029700,371,0.24371594510578432,1610.4749652590217,3304.0,3304.0,4584.0,820,4997.525034740977
36081029900,371,0.0,0.0,0.0,0.0,0.0,820,0.0
36081030600,371,0.34233748592759483,4840.65205101619,7070.0,7070.000000000002,9499.0,820,9299.34794898381
36081030903,371,0.3162103088109892,6656.859421088946,10526.0,10526.0,15262.0,820,14395.140578911054
36081030904,371,0.3343243401131444,4255.94884964033,6365.0,6365.0,8809.0,820,8474.051150359672
36081030905,371,0.0,0.0,0.0,0.0,0.0,820,0.0
36081030906,371,0.0,0.0,0.0,0.0,0.0,820,0.0
36081031700,371,0.34839671207232226,7670.302012984248,11008.0,11008.0,15272.0,820,14345.697987015752
36081032000,371,0.3790061612166954,6240.715450594109,8233.0,8233.0,11316.0,820,10225.284549405893
36081032700,371,0.29785208213156245,3652.8579352614815,6132.0,6132.0,8193.0,820,8611.142064738518
36081032800,371,0.34362678277835823,3058.9656202929464,4451.0,4451.0,5936.0,820,5843.0343797070545
36081032900,371,0.3713987919423636,5824.275855240147,7841.0,7841.0,10869.0,820,9857.724144759854
36081033000,371,0.3724922520676899,8620.21569735048,11571.0,11571.0,16066.0,820,14521.784302649521
36081033100,371,0.0,0.0,0.0,0.0,0.0,820,0.0
36081033401,371,0.34619101113515915,4204.143639225373,6072.0,6072.0,8620.0,820,7939.856360774627
36081033403,371,0.0,0.0,0.0,0.0,0.0,820,0.0
36081033404,371,0.0,0.0,0.0,0.0,0.0,820,0.0
36081033405,371,0.0,0.0,0.0,0.0,0.0,820,0.0
36081033700,371,0.3702657857580869,4636.468169262763,6261.0,6261.0,9034.0,820,7885.531830737236
36081033900,371,0.2939222072436032,3174.9476826454015,5401.0,5401.0,7494.0,820,7627.052317354599
36081034700,371,0.302414665888053,3377.366988637776,5584.0,5584.0,7362.0,820,7790.633011362224
36081035100,371,0.3333994906337795,4746.275148662485,7118.0,7118.000000000001,10375.0,820,9489.724851337514
36081035200,371,0.25477175679542774,2257.277765207492,4430.0,4430.000000000001,5762.0,820,6602.72223479251
36081035300,371,0.3095127749197022,2674.190375306227,4320.0,4320.0,6611.0,820,5965.809624693773
36081035700,371,0.35060887785471284,4685.537043650382,6682.0,6682.0,9137.0,820,8678.462956349618
36081035800,371,0.35662434118771913,4633.263440710847,6496.0,6496.0,8554.0,820,8358.736559289153
36081036100,371,0.3219578861866752,2982.6178576333605,4632.0,4632.0,6198.0,820,6281.38214236664
36081036300,371,0.2918935358433067,1901.394492483299,3257.0,3257.0000000000005,4412.0,820,4612.6055075167005
36081036500,371,0.33648420437240745,4027.715926337717,5985.0,5985.0,8939.0,820,7942.284073662283
36081036600,371,0.3157703889098764,3791.7708300297963,6004.0,6004.0,8239.0,820,8216.229169970204
36081036700,371,0.30955324149136765,2630.5834461936424,4249.0,4249.0,6101.0,820,5867.416553806358
36081036800,371,0.29295565906162724,2514.1454660668846,4291.0,4291.0,6134.0,820,6067.854533933115
36081037100,371,0.2972047766686883,2009.1042902803329,3380.0,3380.0,4673.0,820,4750.895709719667
36081037300,371,0.32286058530287587,3246.68604580572,5028.0,5028.0,7388.0,820,6809.31395419428
36081037501,371,0.0,0.0,0.0,0.0,0.0,820,0.0
36081037502,371,0.0,0.0,0.0,0.0,0.0,820,0.0
36081037600,371,0.39805274866398577,9321.59926821322,11709.0,11709.0,15724.0,820,14096.400731786782
36081037700,371,0.32121079693633214,4095.4376609382352,6375.0,6375.0,9702.0,820,8654.562339061766
36081037900,371,0.303549376969648,6506.884444721378,10718.0,10718.0,16491.0,820,14929.115555278626
36081038100,371,0.36244963085701276,9169.975660682423,12650.0,12650.0,18499.0,820,16130.024339317577
36081038301,371,0.0,0.0,0.0,0.0,0.0,820,0.0
36081038302,371,0.0,0.0,0.0,0.0,0.0,820,0.0
36081038400,371,0.3159360061202282,2644.3843712263097,4185.0,4185.0,5699.0,820,5725.61562877369
36081039400,371,0.29685907620804297,2745.3527367719826,4624.0,4624.0,6056.0,820,6502.647263228018
36081039800,371,0.2787821565313672,1602.9974000553611,2875.0,2875.0,3829.0,820,4147.002599944639
36081039901,371,0.0,0.0,0.0,0.0,0.0,820,0.0
36081039902,371,0.0,0.0,0.0,0.0,0.0,820,0.0
36081040000,371,0.24371796779602484,872.9977606453609,1791.0,1791.0,2390.0,820,2709.002239354639
36081040101,371,0.0,0.0,0.0,0.0,0.0,820,0.0
36081040102,371,0.0,0.0,0.0,0.0,0.0,820,0.0
36081040200,371,0.2583901085428476,1504.347211936459,2911.0,2911.0,3853.0,820,4317.652788063541
36081040301,371,0.0,0.0,0.0,0.0,0.0,820,0.0
36081040302,371,0.0,0.0,0.0,0.0,0.0,820,0.0
36081040400,371,0.3650470368198008,5964.138487561902,8169.0,8168.999999999999,10759.0,820,10373.861512438096
36081040501,371,0.0,0.0,0.0,0.0,0.0,820,0.0
36081040502,371,0.0,0.0,0.0,0.0,0.0,820,0.0
36081040701,371,0.0,0.0,0.0,0.0,0.0,820,0.0
36081040702,371,0.0,0.0,0.0,0.0,0.0,820,0.0
36081040901,371,0.0,0.0,0.0,0.0,0.0,820,0.0
36081040902,371,0.0,0.0,0.0,0.0,0.0,820,0.0
36081041100,371,0.2619637460730725,2927.7068261126587,5588.0,5588.0,8762.0,820,8248.293173887341
36081041300,371,0.29322030699771784,4316.7893596204,7361.0,7361.0,10870.0,820,10405.210640379599
36081041400,371,0.32926174344430226,4631.395683287557,7033.0,7033.0,8969.0,820,9434.604316712444
36081041500,371,0.3095641958708558,4222.455631678473,6820.0,6820.0,10040.0,820,9417.544368321527
36081042400,371,0.21389039223282258,1714.545384138306,4008.0,4008.0000000000005,5544.0,820,6301.454615861694
36081042600,371,0.04507257384326413,39.12299409595309,434.0,433.99999999999994,434.0,820,828.8770059040468
36081042700,371,0.3417526662417385,6871.962612788877,10054.0,10054.0,14317.0,820,13236.037387211123
36081043200,371,0.2553465485833303,1280.818287693985,2508.0,2508.0,3698.0,820,3735.1817123060155
36081043400,371,0.24104918279244814,1712.8954929231372,3553.0,3553.0,4586.0,820,5393.104507076863
36081043701,371,0.2474815795390216,2991.557333467693,6044.0,6044.0,8371.0,820,9096.442666532306
36081043702,371,0.3647581560419575,7997.687329375962,10963.0,10963.0,13711.0,820,13928.31267062404
36081043900,371,0.3550163162948523,5249.271252735685,7393.0,7393.000000000002,9999.0,820,9536.728747264315
36081044000,371,0.4090806257017727,6011.84887531325,7348.0,7348.0,8985.0,820,8684.151124686749
36081044301,371,0.3820284687206734,5171.901409540477,6769.0,6769.000000000001,9428.0,820,8366.098590459524
36081044302,371,0.3474060584661498,5730.115528340674,8247.0,8247.0,11191.0,820,10763.884471659325
36081044400,371,0.3413506639940932,3877.0608416449095,5679.0,5678.999999999999,7359.0,820,7480.93915835509
36081044601,371,0.3119870157242607,3164.1723134754525,5071.0,5071.0,6358.0,820,6977.827686524548
36081044602,371,0.3569683078921213,6027.766847066361,8443.0,8443.0,10615.0,820,10858.233152933639
36081044800,371,0.33249350230336117,4071.7154292069604,6123.0,6123.0,7280.0,820,8174.284570793039
36081045000,371,0.258865852563552,1969.451406303503,3804.0,3804.000000000001,5567.0,820,5638.548593696497
36081045200,371,0.2574378058991601,745.0250102721693,1447.0,1446.9999999999998,1815.0,820,2148.9749897278307
36081045400,371,0.3101738030419663,4436.1057311061995,7151.0,7150.999999999999,9488.0,820,9865.894268893799
36081045500,371,0.3845971666344361,21125.922363229573,27465.0,27465.0,35732.0,820,33804.077636770424
36081045600,371,0.18754501525910428,704.0439872826778,1877.0,1876.9999999999998,2472.0,820,3049.9560127173227
36081045700,371,0.2533598517818455,2538.665714854093,5010.0,5009.999999999999,6976.0,820,7481.334285145908
36081045800,371,0.3005293312781325,2371.7774824470216,3946.0,3946.0,5147.0,820,5520.222517552978
36081045900,371,0.2876783254585318,3643.7336702577645,6333.0,6332.999999999998,8833.0,820,9022.266329742235
36081046000,371,0.3457772196427443,7438.35954895472,10756.0,10756.000000000002,13499.0,820,14073.640451045283
36081046100,371,0.3002350231395784,3077.4089871806787,5125.0,5125.0,7017.0,820,7172.591012819322
36081046200,371,0.39966404935118494,12449.535137289411,15575.0,15575.0,19987.0,820,18700.46486271059
36081046300,371,0.36091327167609866,4767.664318841264,6605.0,6605.0,9835.0,820,8442.335681158736
36081046400,371,0.23008788986129625,1399.394546136404,3041.0,3041.0,3977.0,820,4682.605453863596
36081046500,371,0.3196534100132147,3271.972304895266,5118.0,5118.0,7877.0,820,6964.027695104734
36081046600,371,0.30329080108306106,3573.3722183606264,5891.0,5891.000000000001,7508.0,820,8208.627781639374
36081046700,371,0.3284213997028722,6614.4069900158465,10070.0,10070.0,15246.0,820,13525.593009984153
36081046800,371,0.36017357687678386,4110.300859317857,5706.0,5706.0,7120.0,820,7301.699140682143
36081046901,371,0.0,0.0,0.0,0.0,0.0,820,0.0
36081046902,371,0.0,0.0,0.0,0.0,0.0,820,0.0
36081047000,371,0.30711485785703496,3054.5643762460686,4973.0,4973.0,6550.0,820,6891.4356237539305
36081047100,371,0.2659569894772156,3659.5681752064866,6880.0,6879.999999999999,10157.0,820,10100.431824793513
36081047200,371,0.27552119977196854,3610.980844211419,6553.0,6552.999999999999,8581.0,820,9495.019155788581
36081047300,371,0.2810055821533548,3685.6692155234023,6558.0,6558.000000000001,8831.0,820,9430.330784476599
36081047500,371,0.31964539731367636,4170.733144148848,6524.0,6523.999999999999,9484.0,820,8877.26685585115
36081047600,371,0.15930904544440838,739.5125889529436,2321.0,2321.0000000000005,3300.0,820,3902.4874110470564
36081047801,371,0.0,0.0,0.0,0.0,0.0,820,0.0
36081047802,371,0.0,0.0,0.0,0.0,0.0,820,0.0
36081047900,371,0.30833890185398527,5540.850066316115,8985.0,8985.0,12698.0,820,12429.149933683884
36081048000,371,0.30529218990821927,2921.0356730418425,4784.0,4784.000000000001,6381.0,820,6646.964326958158
36081048100,371,0.3208301164752845,6833.6814809235575,10650.0,10649.999999999998,14543.0,820,14466.318519076442
36081048200,371,0.2131147955408953,844.7870495241092,1982.0,1982.0,2606.0,820,3119.212950475891
36081048301,371,0.0,0.0,0.0,0.0,0.0,820,0.0
36081048302,371,0.0,0.0,0.0,0.0,0.0,820,0.0
36081048400,371,0.33124845190526875,6238.73334318383,9417.0,9417.0,12724.0,820,12595.26665681617
36081048500,371,0.3050712828821097,4507.123133300291,7387.0,7386.999999999998,11106.0,820,10266.87686669971
36081048900,371,0.2391169380353403,1585.345299174306,3315.0,3314.9999999999995,4467.0,820,5044.654700825694
36081049201,371,0.0,0.0,0.0,0.0,0.0,820,0.0
36081049202,371,0.0,0.0,0.0,0.0,0.0,820,0.0
36081049301,371,0.24411733956216286,1743.486039152967,3571.0,3571.0,4876.0,820,5398.513960847033
36081049302,371,0.24044738789666087,2015.4300053498112,4191.0,4191.000000000001,5453.0,820,6366.569994650188
36081049500,371,0.24249907236395596,1311.4349833442739,2704.0,2704.0,3412.0,820,4096.565016655726
36081049600,371,0.3635784303860147,4408.752046860813,6063.0,6063.0,7864.0,820,7717.247953139186
36081049700,371,0.24417565631277205,2265.4617392698988,4639.0,4639.0,6349.0,820,7012.538260730101
36081049900,371,0.26233781469403183,4685.35337043541,8930.0,8930.0,12851.0,820,13174.646629564591
36081050000,371,0.3664903955253307,5753.899209747689,7850.0,7850.0,9875.0,820,9946.100790252309
36081050201,371,0.14483349578174654,481.1368729869617,1661.0,1660.9999999999998,2373.0,820,2840.863127013038
36081050202,371,0.2885176886333656,1608.1975964423798,2787.0,2787.0,3333.0,820,3965.80240355762
36081050400,371,0.24345399101323995,1629.6810158426279,3347.0,3347.0,4364.0,820,5064.318984157372
36081050500,371,0.2501083424995859,1392.103034352696,2783.0,2783.0000000000005,4205.0,820,4173.896965647305
36081050600,371,0.27349591542630636,1994.8792071194782,3647.0,3647.0,4654.0,820,5299.120792880522
36081050700,371,0.31802907344937714,4481.66570304862,7046.0,7046.0,10299.0,820,9610.334296951378
36081050800,371,0.2851250565108091,1686.799834317947,2958.0,2958.0,3740.0,820,4229.200165682053
36081051000,371,0.3051849701201568,2039.2459703428874,3341.0,3341.0,4673.0,820,4642.754029657112
36081051100,371,0.26144594498515017,2001.63015480631,3828.0,3828.000000000001,5259.0,820,5654.369845193691
36081051200,371,0.30460438266808776,3147.172481726683,5166.0,5166.0,6330.0,820,7184.827518273318
36081051300,371,0.2874302502152659,2156.8765976153563,3752.0,3752.0000000000005,4996.0,820,5347.123402384645
36081051500,371,0.3090868379993671,3197.812425941452,5173.0,5173.0,6862.0,820,7148.187574058548
36081051600,371,0.3122320528087488,2005.1542431377852,3211.0,3211.0,4221.0,820,4416.845756862215
36081051700,371,0.25096190865302714,1469.6329370721253,2928.0,2928.0,4046.0,820,4386.367062927873
36081051800,371,0.3014497580956961,2643.714378499255,4385.0,4385.0,5469.0,820,6126.285621500745
36081052000,371,0.20710686378429088,1365.248446066045,3296.0,3295.9999999999995,4022.0,820,5226.751553933955
36081052100,371,0.275247000627421,1947.6477764396323,3538.0,3538.0,5068.0,820,5128.352223560369
36081052200,371,0.24386977522928543,1546.1343749536704,3170.0,3170.0000000000005,4219.0,820,4793.86562504633
36081052400,371,0.22909426560192026,968.1523664337145,2113.0,2113.0,2887.0,820,3257.847633566285
36081052500,371,0.21797031734492978,1427.2696379745996,3274.0,3274.0,4668.0,820,5120.7303620254
36081052600,371,0.3079002474702107,2057.3894535959475,3341.0,3341.0,4253.0,820,4624.610546404052
36081052800,371,0.3127785845462844,1816.6180190448204,2904.0,2904.0,3633.0,820,3991.3819809551806
36081053000,371,0.30545486213511674,2495.566223643904,4085.0,4085.0,5462.0,820,5674.433776356096
36081053100,371,0.2726909312756225,2242.0648369481687,4111.0,4111.0,6540.0,820,5979.935163051832
36081053200,371,0.33030987756275143,2287.726211999616,3463.0,3463.0,4703.0,820,4638.273788000383
36081053401,371,0.25789332737664916,1467.4130327731336,2845.0,2845.0,3928.0,820,4222.586967226866
36081053501,371,0.0,0.0,0.0,0.0,0.0,820,0.0
36081053502,371,0.0,0.0,0.0,0.0,0.0,820,0.0
36081053601,371,0.27092330609699466,1859.0757264375773,3431.0,3431.0,5065.0,820,5002.924273562423
36081053800,371,0.2543314237579808,1426.799287282272,2805.0,2805.0,3705.0,820,4183.200712717728
36081053901,371,0.0,0.0,0.0,0.0,0.0,820,0.0
36081053902,371,0.0,0.0,0.0,0.0,0.0,820,0.0
36081054000,371,0.3946165749471028,7099.152183298377,8995.0,8995.0,11967.0,820,10890.847816701622
36081054200,371,0.37305149889455735,7244.660108532305,9710.0,9710.0,12343.0,820,12175.339891467696
36081054500,371,0.33525657680800924,4127.678973660208,6156.0,6156.0,8967.0,820,8184.3210263397905
36081054700,371,0.3283603702551149,4903.077048649375,7466.0,7466.000000000001,11848.0,820,10028.922951350625
36081054800,371,0.3177317824477305,3081.3628261780887,4849.0,4849.0,6126.0,820,6616.6371738219095
36081054900,371,0.2962639931874427,5324.456485564722,8986.0,8986.0,12816.0,820,12647.54351443528
36081055100,371,0.3007732122455208,4375.047145323348,7273.0,7273.000000000001,10378.0,820,10170.952854676654
36081055200,371,0.31560002865220915,2883.953061823887,4569.0,4569.0,6081.0,820,6254.046938176113
36081055300,371,0.28941261222904757,2295.620840200805,3966.0,3966.0000000000005,5830.0,820,5636.379159799195
36081055400,371,0.2870649264638414,2433.7364465604473,4239.0,4239.0,5265.0,820,6044.263553439552
36081055500,371,0.2423306859154959,1469.493279391566,3032.0,3032.0,4292.0,820,4594.506720608433
36081055600,371,0.2924914499121334,2487.9322729526075,4253.0,4253.0,5472.0,820,6018.067727047393
36081055700,371,0.3134835149020522,3509.761432843376,5598.0,5598.0,7539.0,820,7686.238567156624
36081055800,371,0.28093090767704465,1470.9542325970053,2618.0,2618.0,3411.0,820,3765.045767402994
36081055900,371,0.2097648392077135,867.5873749631035,2068.0,2068.0,2838.0,820,3268.4126250368968
36081056000,371,0.2810339323827966,1753.0896702038854,3119.0,3118.9999999999995,4107.0,820,4484.910329796115
36081056100,371,0.0830476614947131,21.09410601965712,127.0,127.00000000000001,169.0,820,232.90589398034288
36081056200,371,0.3315487194132004,2405.054410623356,3627.0,3627.0,4564.0,820,4848.945589376644
36081056400,371,0.25392510483290043,1217.3169525689245,2397.0,2397.0,3291.0,820,3576.6830474310755
36081056500,371,0.255892070367833,1392.5646469417475,2721.0,2721.0,3832.0,820,4049.4353530582525
36081056600,371,0.2877581981841525,1677.6302954136083,2915.0,2914.9999999999995,3656.0,820,4152.369704586391
36081056700,371,0.3477823272156061,5064.406248913657,7281.0,7281.0,10154.0,820,9497.593751086344
36081056800,371,0.37372243244386916,5969.842135858365,7987.0,7987.000000000001,11017.0,820,10004.157864141634
36081057700,371,0.31468108965447794,4313.648376983582,6854.0,6854.0,8908.0,820,9394.351623016417
36081057900,371,0.24618285129577056,1416.0437606532726,2876.0,2876.0,4147.0,820,4335.956239346728
36081058000,371,0.35678535383745347,4432.701236076522,6212.0,6212.0,7913.0,820,7991.298763923478
36081058100,371,0.25851809989858043,2255.3119035152163,4362.0,4362.0,5455.0,820,6468.688096484784
36081058200,371,0.3715313151044266,5963.820670056256,8026.0,8026.000000000002,10923.0,820,10088.179329943745
36081058300,371,0.26914667057084396,2842.7271345692543,5281.0,5281.0,7231.0,820,7719.272865430747
36081058500,371,0.33026545317426415,5096.656473385247,7716.0,7716.0,10255.0,820,10335.343526614755
36081058700,371,0.2954939424324742,3297.121409661547,5579.0,5578.999999999999,7873.0,820,7860.878590338453
36081058900,371,0.27976331262452536,3857.376554466957,6894.0,6894.0,10176.0,820,9930.623445533045
36081059000,371,0.25660906173042386,1374.911352751611,2679.0,2679.0000000000005,3459.0,820,3983.088647248389
36081059100,371,0.3418183417042392,5389.107975309036,7883.0,7883.0,11929.0,820,10376.892024690966
36081059200,371,0.22074361088463734,974.8037856665583,2208.0,2208.0,2809.0,820,3441.1962143334413
36081059300,371,0.3230351747691984,4400.385150706023,6811.0,6811.0,9413.0,820,9221.61484929398
36081059400,371,0.29880409318789924,1828.6810503099425,3060.0,3059.9999999999995,4202.0,820,4291.318949690057
36081059501,371,0.0,0.0,0.0,0.0,0.0,820,0.0
36081059502,371,0.0,0.0,0.0,0.0,0.0,820,0.0
36081059600,371,0.1927500430493967,788.3476760720318,2045.0,2045.0,2710.0,820,3301.6523239279677
36081059800,371,0.296711426263932,1564.262639263449,2636.0,2636.0,3564.0,820,3707.7373607365503
36081059900,371,0.21842125332735784,950.5692944806613,2176.0,2176.0,2907.0,820,3401.4307055193385
36081060000,371,0.21874858157880794,780.9324362363446,1785.0,1784.9999999999998,2436.0,820,2789.0675637636555
36081060100,371,0.28109980622893094,2062.1481784954385,3668.0,3668.0,5110.0,820,5273.851821504562
36081060300,371,0.22865227996957938,1566.2681177916186,3425.0,3425.0,4884.0,820,5283.731882208382
36081060600,371,0.2635021192753544,1303.8084861744535,2474.0,2473.9999999999995,3200.0,820,3644.1915138255463
36081060701,371,0.0,0.0,0.0,0.0,0.0,820,0.0
36081060800,371,0.22191442109231574,1146.409899362904,2583.0,2583.0,3255.0,820,4019.590100637097
36081061000,371,0.25315947999373134,1256.1773397288946,2481.0,2481.000000000001,3306.0,820,3705.8226602711056
36081061200,371,0.23331651654205376,1507.2246968616666,3230.0,3230.0,4270.0,820,4952.775303138333
36081061301,371,0.3047178772144764,5773.18490170547,9473.0,9472.999999999998,13938.0,820,13172.81509829453
36081061302,371,0.0,0.0,0.0,0.0,0.0,820,0.0
36081061400,371,0.2524005350547256,1062.6062525803943,2105.0,2105.0,2847.0,820,3147.3937474196055
36081061601,371,0.3071240678658341,2659.0801795823922,4329.0,4329.0,5980.0,820,5998.919820417608
36081061602,371,0.2717825669192089,1283.9008461263438,2362.0,2362.0000000000005,3066.0,820,3440.099153873657
36081061800,371,0.28577350302311,1750.076932513526,3062.0,3061.999999999999,4346.0,820,4373.923067486474
36081061900,371,0.2787530598708341,2908.509426692284,5217.0,5217.0,6940.0,820,7525.490573307717
36081062000,371,0.2616852722353702,1538.186030199506,2939.0,2939.0,4105.0,820,4339.813969800494
36081062100,371,0.28140215603030105,2771.2484325864043,4924.0,4924.0,6618.0,820,7076.751567413596
36081062200,371,0.2348979960313441,1210.6642715455478,2577.0,2577.0000000000005,3704.0,820,3943.3357284544527
36081062300,371,0.2752119688850382,1978.2236323456548,3594.0,3593.9999999999995,4652.0,820,5209.776367654345
36081062400,371,0.0,0.0,0.0,0.0,0.0,820,0.0
36081062500,371,0.3284891089547197,3696.816432176416,5627.0,5627.000000000001,7146.0,820,7557.183567823585
36081062600,371,0.2890108675792662,2702.2516118661397,4675.0,4675.0,6198.0,820,6647.748388133861
36081062700,371,0.3115368727628781,3295.4370400857247,5289.0,5288.999999999999,7091.0,820,7282.562959914275
36081062900,371,0.3108202666960713,2722.163895724194,4379.0,4379.000000000001,5765.0,820,6035.836104275807
36081063000,371,0.2924582888974685,1806.8073088085594,3089.0,3089.0,4367.0,820,4371.19269119144
36081063200,371,0.31902386294288276,2991.1677389524684,4688.0,4688.0,7002.0,820,6384.832261047532
36081063301,371,0.16634940336023596,748.5723151210618,2250.0,2250.0000000000005,3152.0,820,3751.427684878938
36081063302,371,0.19153352133775248,1170.6528824163438,3056.0,3056.0,3470.0,820,4941.347117583657
36081063500,371,0.2528790242585077,2684.057963479799,5307.0,5306.999999999999,7079.0,820,7929.9420365201995
36081063700,371,0.2650421984856457,2747.957513899175,5184.0,5184.000000000001,6879.0,820,7620.042486100826
36081063800,371,0.35655626726609024,5289.868781159716,7418.0,7418.0,9797.0,820,9546.131218840284
36081063900,371,0.200525087725545,1818.7625456706933,4535.0,4535.0,5905.0,820,7251.237454329307
36081064101,371,0.21338790971991595,1576.936652830179,3695.0,3694.999999999999,4864.0,820,5813.06334716982
36081064102,371,0.20320204675161924,91.44092103822871,225.0,225.00000000000003,250.0,820,358.5590789617713
36081064500,371,0.2415889500974211,1794.0395434234495,3713.0,3713.0,4668.0,820,5631.960456576551
36081064600,371,0.31379311217688266,3309.2621610174047,5273.0,5273.0,7323.0,820,7236.737838982595
36081065000,371,0.30901916350012126,2987.5972727191715,4834.0,4833.999999999999,6880.0,820,6680.402727280827
36081065401,371,0.0,0.0,0.0,0.0,0.0,820,0.0
36081065402,371,0.0,0.0,0.0,0.0,0.0,820,0.0
36081065501,371,0.0,0.0,0.0,0.0,0.0,820,0.0
36081065600,371,0.416857861285035,8136.231736561314,9759.0,9759.000000000002,13846.0,820,11381.768263438687
36081065702,371,0.24677207515499733,1640.540755630422,3324.0,3324.000000000001,4380.0,820,5007.459244369578
36081065703,371,0.19020455164739203,1677.604145529998,4410.0,4410.0,5679.0,820,7142.395854470003
36081065900,371,0.21969939909017921,1535.2594008421722,3494.0,3494.0,4339.0,820,5452.740599157828
36081066000,371,0.2610024578478527,3080.8730124360536,5902.0,5902.000000000001,8709.0,820,8723.126987563946
36081066100,371,0.255064259436964,1473.7612910267778,2889.0,2889.0,4117.0,820,4304.238708973222
36081066301,371,0.0,0.0,0.0,0.0,0.0,820,0.0
36081066302,371,0.0,0.0,0.0,0.0,0.0,820,0.0
36081066402,371,0.0,0.0,0.0,0.0,0.0,820,0.0
36081066403,371,0.0,0.0,0.0,0.0,0.0,820,0.0
36081066404,371,0.0,0.0,0.0,0.0,0.0,820,0.0
36081066501,371,0.2890376450683688,3973.1114691097964,6873.0,6873.0,9026.0,820,9772.888530890203
36081066701,371,0.2731766432178442,2182.681379310574,3995.0,3994.9999999999995,5648.0,820,5807.318620689425
36081066900,371,0.25467491963841493,1385.4315628329778,2720.0,2720.0,3695.0,820,4054.5684371670227
36081067100,371,0.2634627647646569,1903.2550126598817,3612.0,3612.0,4920.0,820,5320.744987340118
36081067700,371,0.16407752501855444,1060.9252767699722,3233.0,3233.0,4215.0,820,5405.074723230027
36081067900,371,0.28596662237523074,3465.3435299430457,6059.0,6058.999999999999,8412.0,820,8652.656470056954
36081068000,371,0.3658471024540223,6417.689871248461,8771.0,8771.0,12088.0,820,11124.31012875154
36081068200,371,0.21902846517756325,732.8692444841263,1673.0,1673.0,2465.0,820,2613.1307555158733
36081068300,371,0.3140837008474041,3600.027379112945,5731.0,5731.0,7878.0,820,7861.972620887054
36081068700,371,0.2575891871572379,3495.485269723718,6785.0,6785.0,8948.0,820,10074.514730276282
36081069000,371,0.33919288187453,4139.5099303967645,6102.0,6102.0,7930.0,820,8064.490069603236
36081069300,371,0.2943323082124826,3476.0645599894206,5905.0,5905.0,8177.0,820,8333.93544001058
36081069400,371,0.3555127609134865,4834.973548423417,6800.0,6800.0,9703.0,820,8765.026451576583
36081069500,371,0.2786338042961769,2293.713476966128,4116.0,4116.0,5482.0,820,5938.286523033872
36081069701,371,0.29361003271515485,3631.368884621037,6184.0,6184.0,8622.0,820,8736.631115378965
36081069702,371,0.2919913541097383,3359.652520386651,5753.0,5753.0,7395.0,820,8146.3474796133505
36081070300,371,0.22009537100872423,1445.1462060432823,3283.0,3283.0,4275.0,820,5120.853793956717
36081070700,371,0.24269916910868883,2160.9934017437654,4452.0,4452.0,5481.0,820,6743.006598256235
36081070900,371,0.21784111197006406,1591.982846277228,3654.0,3653.9999999999995,5274.0,820,5716.017153722772
36081071100,371,0.2995177374681848,5987.359571989015,9995.0,9995.0,13687.0,820,14002.640428010985
36081071303,371,0.3233771632031116,5701.1393872708595,8815.0,8815.0,12927.0,820,11928.860612729142
36081071304,371,0.3508472541487716,8231.57827683848,11731.0,11731.0,14609.0,820,15230.42172316152
36081071305,371,0.29715423417673714,4847.7741763592885,8157.0,8157.0,11010.0,820,11466.22582364071
36081071306,371,0.36234167288880614,8019.345904375057,11066.0,11066.0,15024.0,820,14112.654095624943
36081071701,371,0.3359650104739239,6466.654521602087,9624.0,9624.0,12661.0,820,12781.345478397912
36081071702,371,0.3034129793579088,3896.429480914265,6421.0,6421.0,8572.0,820,8945.570519085735
36081071900,371,0.29972800773153385,2856.407913681518,4765.0,4765.0,5971.0,820,6673.592086318482
36081072100,371,0.31662296020288416,4979.212672150555,7863.0,7863.0,10612.0,820,10746.787327849444
36081072300,371,0.11309567956821198,531.0973112523235,2348.0,2348.0,3252.0,820,4164.902688747677
36081072900,371,0.1653981104659562,633.8055593055443,1916.0,1916.0,2907.0,820,3198.194440694456
36081073100,371,0.1571733075020353,960.3289088374357,3055.0,3055.0,4204.0,820,5149.671091162564
36081073700,371,0.16147240748253822,795.4130792589833,2463.0,2463.0,3785.0,820,4130.586920741017
36081073900,371,0.23967832980705928,3803.2157373784153,7934.0,7934.0,10442.0,820,12064.784262621584
36081074100,371,0.28658256989869757,2686.9981753701873,4688.0,4688.0,5949.0,820,6689.001824629811
36081074300,371,0.33588846815894113,5617.398741490133,8362.0,8362.000000000002,10708.0,820,11106.601258509869
36081074500,371,0.28697396069449754,4785.003820620053,8337.0,8337.0,10547.0,820,11888.996179379948
36081074700,371,0.23409872536360266,2408.87588399147,5145.0,5145.0,7273.0,820,7881.124116008529
36081074900,371,0.175311545986365,827.1198739636701,2359.0,2359.0,2981.0,820,3890.88012603633
36081075701,371,0.23398466999780365,3491.5192457072253,7461.0,7461.0,10933.0,820,11430.480754292774
36081075702,371,0.23574671121226465,2917.601297962987,6188.0,6188.0,8691.0,820,9458.398702037013
36081076901,371,0.24156053156520196,3374.6006259658725,6985.0,6985.000000000001,10007.0,820,10595.399374034128
36081076902,371,0.1891491496977401,952.9334161772147,2519.0,2519.0,3347.0,820,4085.066583822785
36081077300,371,0.20554370538352995,1238.1952812303837,3012.0,3012.0,3862.0,820,4785.804718769616
36081077500,371,0.2059152520896761,1347.9212401790207,3273.0,3273.0,4281.0,820,5198.07875982098
36081077902,371,0.22616934550539047,3973.343061838701,8784.0,8784.0,11757.0,820,13594.6569381613
36081077903,371,0.23897011196529028,2465.215675033933,5158.0,5158.0,7228.0,820,7850.7843249660655
36081077904,371,0.31851641604878433,7087.627289917547,11126.0,11126.0,14027.0,820,15164.37271008245
36081077905,371,0.24023988387941853,1953.630735707432,4066.0,4066.0,5578.0,820,6178.369264292569
36081077906,371,0.2934712249440583,3457.091029841006,5890.0,5889.999999999999,7270.0,820,8322.908970158993
36081077907,371,0.2783548429613645,3320.2165668431553,5964.0,5963.999999999999,7445.0,820,8607.783433156845
36081077908,371,0.2872212809976483,4283.043742236933,7456.0,7456.0,10017.0,820,10628.956257763068
36081078800,371,0.24585331483805384,1430.3745857277972,2909.0,2909.0,3638.0,820,4387.625414272203
36081079000,371,0.3320872607240415,3377.991616084949,5086.0,5086.0,6645.0,820,6794.00838391505
36081079200,371,0.325683629939881,2983.26205024931,4580.0,4580.0,6546.0,820,6176.73794975069
36081079300,371,0.0,0.0,0.0,0.0,0.0,820,0.0
36081079701,371,0.3657977295298551,8808.409327078913,12040.0,12040.0,15997.0,820,15271.590672921087
36081079702,371,0.2911895624981705,4900.1379577192165,8414.0,8414.0,10620.0,820,11927.862042280787
36081079900,371,0.22682269377277675,2399.330454728432,5289.0,5289.0,6903.0,820,8178.669545271568
36081080301,371,0.23960963312751793,3984.708198910622,8315.0,8315.0,11499.0,820,12645.291801089377
36081080302,371,0.27243363946798627,3274.6523464051947,6010.0,6010.0,7569.0,820,8745.347653594805
36081080900,371,0.3578684509559755,9426.970735082306,13171.0,13171.000000000002,17271.0,820,16915.02926491769
36081081400,371,0.32988774609810334,4840.77278624357,7337.0,7337.000000000002,10079.0,820,9833.227213756432
36081081800,371,0.35101136604488936,5831.702835469791,8307.0,8307.0,11377.0,820,10782.297164530208
36081083700,371,0.298901085007497,4600.08769826538,7695.0,7695.0,10040.0,820,10789.912301734621
36081083800,371,0.37387205801233914,8282.761573205364,11077.0,11077.000000000002,15375.0,820,13871.238426794638
36081084000,371,0.3506175491861163,7315.985781317503,10433.0,10433.0,13937.0,820,13550.014218682498
36081084500,371,0.3162158745900948,5029.097269480866,7952.0,7952.0,10322.0,820,10874.902730519132
36081084601,371,0.34838685599021935,3977.881121696324,5709.0,5709.0,7151.0,820,7440.118878303676
36081084602,371,0.20359846892645284,786.7044839318138,1932.0,1932.0000000000002,2522.0,820,3077.2955160681863
36081084901,371,0.0,0.0,0.0,0.0,0.0,820,0.0
36081084902,371,0.0,0.0,0.0,0.0,0.0,820,0.0
36081085300,371,0.27387960901713315,4174.4730006391455,7621.0,7620.999999999999,10303.0,820,11067.526999360856
36081085500,371,0.34459924336118575,8579.14276272008,12448.0,12448.0,16584.0,820,16316.85723727992
36081085700,371,0.3684793866358478,7143.341389322543,9693.0,9693.0,12061.0,820,12242.658610677456
36081085900,371,0.35313175121437934,6967.289451459704,9865.0,9865.0,11413.0,820,12762.710548540295
36081086100,371,0.18968713343682952,1208.6864142594782,3186.0,3186.0,3940.0,820,5163.313585740522
36081086300,371,0.3686791410581193,9295.138504357305,12606.0,12606.0,15727.0,820,15916.861495642695
36081086400,371,0.3066263109635978,3387.607483525829,5524.0,5524.0,7020.0,820,7660.392516474171
36081086500,371,0.2856382551834843,4618.199309806574,8084.0,8084.0,10022.0,820,11549.800690193426
36081086900,371,0.19167659212979793,1093.7066346926272,2853.0,2853.0,3995.0,820,4612.293365307373
36081087100,371,0.25131813053258856,1763.2480038166423,3508.0,3507.9999999999995,4841.0,820,5252.751996183359
36081088400,371,0.2911230817322913,6599.760262871041,11335.0,11334.999999999998,15644.0,820,16070.239737128955
36081088902,371,0.0,0.0,0.0,0.0,0.0,820,0.0
36081088903,371,0.0,0.0,0.0,0.0,0.0,820,0.0
36081089201,371,0.0,0.0,0.0,0.0,0.0,820,0.0
36081089202,371,0.0,0.0,0.0,0.0,0.0,820,0.0
36081090700,371,0.2507238103073076,1076.106593838964,2146.0,2146.0,2786.0,820,3215.8934061610357
36081091900,371,0.3113938208478265,7150.224914307793,11481.0,11481.0,15164.0,820,15811.775085692207
36081092500,371,0.30502442727993395,4660.773248837391,7640.0,7640.0,9064.0,820,10619.226751162609
36081092900,371,0.3508271768667486,9808.426210840556,13979.0,13979.0,17938.0,820,18149.573789159444
36081093900,371,0.33781710776338725,7021.866401969771,10393.0,10393.0,13072.0,820,13764.133598030232
36081094500,371,0.3606272989415743,5548.61162151506,7693.0,7693.0,10047.0,820,9837.388378484939
36081094700,371,0.348402970920932,4160.6282787377695,5971.0,5971.0,7719.0,820,7781.3717212622305
36081097300,371,0.3017460785724674,2258.8711441934906,3743.0,3743.0,4827.0,820,5227.128855806509
36081098100,371,0.2820282228381491,2424.3146035167297,4298.0,4298.0,5460.0,820,6171.68539648327
36081098700,371,0.2890971137043251,2735.4368898703246,4731.0,4731.0,5949.0,820,6726.563110129676
36081099100,371,0.37210643665184917,9438.1076592375,12682.0,12681.999999999998,15836.0,820,15925.892340762497
36081099701,371,0.3197362488971478,2931.3419298890517,4584.0,4584.0,5871.0,820,6236.658070110949
36081099703,371,0.35096081275101454,4688.836458353557,6680.0,6679.999999999999,8550.0,820,8671.163541646445
36081099704,371,0.3562545902412949,8750.325245506689,12281.0,12280.999999999996,16482.0,820,15811.674754493311
36081099705,371,0.28425881673909226,2652.1347601757298,4665.0,4664.999999999999,6126.0,820,6677.865239824269
36081099900,371,0.0,0.0,0.0,0.0,0.0,820,0.0
36081101700,371,0.3771141883523711,8725.668090097166,11569.0,11569.0,14291.0,820,14412.331909902838
36081102900,371,0.32846185091157853,3738.5527870755855,5691.0,5691.0,7007.0,820,7643.447212924413
36081103300,371,0.3419604607568869,5526.081045831292,8080.0,8080.000000000002,9617.0,820,10633.918954168708
36081103900,371,0.3450404555233092,8619.80065988331,12491.0,12491.0,15926.0,820,16362.19934011669
36081104700,371,0.37656857234542984,10381.242402418813,13784.0,13784.0,17505.0,820,17186.75759758119
36081105900,371,0.3402635724499601,5425.842926287063,7973.0,7972.999999999999,9973.0,820,10520.157073712937
36081108500,371,0.3309070527733907,3193.914873368768,4826.0,4826.0,5925.0,820,6458.085126631233
36081109300,371,0.3528006520066109,4052.9738902519457,5744.0,5743.999999999999,7205.0,820,7435.026109748054
36081109700,371,0.2947104491870457,1838.403782028791,3119.0,3118.9999999999995,4145.0,820,4399.596217971209
36081109900,371,0.32702974255972805,4169.629217636532,6375.0,6374.999999999999,7960.0,820,8580.370782363467
36081111300,371,0.29949104677142047,2887.692672970036,4821.0,4821.0,6428.0,820,6754.307327029964
36081112300,371,0.34993268704561,1991.11698928952,2845.0,2845.0,3545.0,820,3698.883010710479
36081112900,371,0.286918533373953,2185.1715501760254,3808.0,3808.0,4928.0,820,5430.828449823974
36081113300,371,0.24553034253636363,1542.9126724985092,3142.0,3142.0,4110.0,820,4741.087327501491
36081113900,371,0.35414714721843654,4584.080673595441,6472.0,6472.000000000002,8284.0,820,8359.919326404559
36081114100,371,0.2947170983478622,2806.8856446650398,4762.0,4761.999999999999,5971.0,820,6717.11435533496
36081114700,371,0.31498957716585185,2536.2960753394386,4026.0,4026.0000000000005,4925.0,820,5515.703924660561
36081115100,371,0.20234731305458642,814.6502823577651,2013.0,2013.0000000000005,2901.0,820,3211.3497176422356
36081115500,371,0.2696925164397651,2280.5199190146536,4228.0,4228.000000000002,6329.0,820,6175.480080985348
36081115700,371,0.29649303274352556,3512.2564658798037,5923.0,5922.999999999998,7270.0,820,8333.743534120194
36081115900,371,0.33245446989195204,5635.103264668587,8475.0,8475.0,10948.0,820,11314.896735331413
36081116100,371,0.29183238043984694,5171.853446154969,8861.0,8861.0,11957.0,820,12550.146553845032
36081116301,371,0.0,0.0,0.0,0.0,0.0,820,0.0
36081116302,371,0.0,0.0,0.0,0.0,0.0,820,0.0
36081116700,371,0.2580438272572376,1578.1960475052663,3058.0,3058.0,4105.0,820,4537.803952494734
36081117100,371,0.3420817906252587,3493.3392458651406,5106.0,5106.0,6576.0,820,6718.6607541348585
36081117500,371,0.3563928413292695,6726.558487248631,9437.0,9437.0,12303.0,820,12147.441512751368
36081118100,371,0.24961417576981115,1391.848644092467,2788.0,2788.0,3594.0,820,4184.151355907533
36081118500,371,0.3246490989442371,2434.21894388389,3749.0,3748.999999999999,5108.0,820,5063.7810561161095
36081118700,371,0.23113225793874637,1842.1240957718096,3985.0,3985.0,5542.0,820,6127.875904228192
36081118900,371,0.29055392002577185,2543.5090159056062,4377.0,4377.0,5695.0,820,6210.490984094393
36081119100,371,0.3315815606992629,4700.500204472752,7088.0,7087.999999999998,9287.0,820,9475.499795527248
36081119300,371,0.27288495427774107,2395.929898558568,4390.0,4390.0,5645.0,820,6384.0701014414335
36081119500,371,0.2922721951317617,1779.353123962165,3044.0,3044.0,3397.0,820,4308.646876037835
36081119900,371,0.21926956633234151,1021.357639976047,2329.0,2329.0,3224.0,820,3636.642360023953
36081120100,371,0.25641694866851406,1524.1423428856467,2972.0,2972.000000000001,3734.0,820,4419.857657114353
36081120300,371,0.18175444857681866,899.6845204552526,2475.0,2475.0,3231.0,820,4050.3154795447476
36081120500,371,0.25580837988866245,2508.968589948003,4904.0,4904.0,5773.0,820,7299.031410051998
36081120701,371,0.0,0.0,0.0,0.0,0.0,820,0.0
36081120702,371,0.0,0.0,0.0,0.0,0.0,820,0.0
36081121100,371,0.0,0.0,0.0,0.0,0.0,820,0.0
36081121500,371,0.2566613258753693,3865.3195676830605,7530.0,7529.999999999998,9663.0,820,11194.680432316938
36081122300,371,0.27901208336454586,3877.709934600461,6949.0,6949.0,9516.0,820,10020.290065399542
36081122702,371,0.3234373596391005,8483.115068614326,13114.0,13114.0,16652.0,820,17744.884931385674
36081122703,371,0.0,0.0,0.0,0.0,0.0,820,0.0
36081122704,371,0.0,0.0,0.0,0.0,0.0,820,0.0
36081124100,371,0.25388923549821907,2836.9583174570994,5587.0,5587.0,7516.0,820,8337.0416825429
36081124700,371,0.3011095401146916,3542.252629909231,5882.0,5882.0,7674.0,820,8221.747370090769
36081125700,371,0.29843236059137,3511.952019439243,5884.0,5884.0,7994.0,820,8256.047980560757
36081126500,371,0.20015013386619473,1029.572288607705,2572.0,2572.0,3463.0,820,4114.427711392294
36081126700,371,0.24104949509971152,3692.3961659373817,7659.0,7659.0,9265.0,820,11625.603834062618
36081127700,371,0.2825510618450984,3784.4889223532477,6697.0,6697.0,8871.0,820,9609.511077646752
36081128300,371,0.05767274524508359,5.536583543528028,48.0,48.0,115.0,820,90.46341645647198
36081129102,371,0.34262115844023233,4632.923304428823,6761.0,6760.999999999998,9005.0,820,8889.076695571177
36081129103,371,0.24868876970522902,3253.843862823216,6542.0,6541.999999999999,8408.0,820,9830.156137176784
36081129104,371,0.296941873259862,4196.976436654891,7067.0,7067.000000000001,9324.0,820,9937.02356334511
36081130100,371,0.33248286967171603,4525.091856232054,6805.0,6805.0,9134.0,820,9084.908143767945
36081133300,371,0.25535947749621757,2696.5960823600594,5280.0,5280.0,7790.0,820,7863.403917639942
36081133900,371,0.1813513014068847,679.3419750701902,1873.0,1873.0,2573.0,820,3066.65802492981
36081134100,371,0.3122852372275817,3291.4864003787106,5270.0,5270.0,7433.0,820,7248.513599621288
36081134701,371,0.0,0.0,0.0,0.0,0.0,820,0.0
36081134702,371,0.0,0.0,0.0,0.0,0.0,820,0.0
36081136700,371,0.35153306036889287,7815.986064241966,11117.0,11117.0,14076.0,820,14418.013935758036
36081137700,371,0.3538352795481301,8376.696408022433,11837.0,11836.999999999996,15380.0,820,15297.303591977565
36081138501,371,0.3380758415591366,6489.703854569186,9598.0,9598.0,12124.0,820,12706.296145430813
36081138502,371,0.13607547765570838,11.430340123079494,42.0,42.0,52.0,820,72.5696598769205
36081139900,371,0.22565925316796243,1432.4849391102248,3174.0,3174.0,4234.0,820,4915.515060889775
36081140300,371,0.26362835474458146,1911.3055718982162,3625.0,3625.000000000001,4689.0,820,5338.694428101785
36081140901,371,0.18031696542992715,569.4409768277104,1579.0,1579.0000000000002,2149.0,820,2588.55902317229
36081140902,371,0.30751384549861394,3359.8962759178553,5463.0,5462.999999999999,7259.0,820,7566.103724082144
36081141700,371,0.32323947181620805,5590.103425589502,8647.0,8647.0,11678.0,820,11703.896574410497
36081142900,371,0.37332811917411324,4980.197109782668,6670.0,6670.0,8967.0,820,8359.80289021733
36081143500,371,0.31155795882220794,2561.00642151855,4110.0,4110.000000000001,5295.0,820,5658.993578481451
36081144100,371,0.30731321663988376,3408.718198969592,5546.0,5546.0,7329.0,820,7683.281801030409
36081144700,371,0.31775003138733005,3392.2993350911347,5338.0,5338.0,6730.0,820,7283.700664908864
36081145101,371,0.29283107469550607,1968.996146252583,3362.0,3362.0,4122.0,820,4755.003853747417
36081145102,371,0.32454696072493516,3148.1055190318707,4850.0,4850.0,6110.0,820,6551.894480968129
36081145900,371,0.31038013481717963,3564.4054682404912,5742.0,5742.000000000002,7968.0,820,7919.594531759511
36081146300,371,0.30174925835505917,4119.480875063267,6826.0,6826.000000000001,8338.0,820,9532.519124936733
36081146700,371,0.28643847685597346,3055.1527941458125,5333.0,5333.0,6941.0,820,7610.8472058541865
36081147100,371,0.29387450268516724,3485.3516018460828,5930.0,5930.000000000001,8248.0,820,8374.648398153917
36081147900,371,0.3273435242840401,5587.099272479994,8534.0,8534.0,11155.0,820,11480.900727520004
36081148300,371,0.28852588838395843,3082.610591494211,5342.0,5342.0,7084.0,820,7601.389408505788
36081150701,371,0.2803945028582482,2943.58149100589,5249.0,5249.0,7125.0,820,7554.418508994111
36081150702,371,0.33272125826813614,4022.600012461766,6045.0,6045.000000000001,7735.0,820,8067.399987538234
36081152901,371,0.3291529383761872,7480.987983413981,11364.0,11364.000000000004,15662.0,820,15247.01201658602
36081152902,371,0.32111989832503784,6125.683180448422,9538.0,9537.999999999998,12793.0,820,12950.316819551577
36081155101,371,0.10959567771270029,454.3836797968555,2073.0,2073.0,3793.0,820,3691.616320203145
36081155103,371,0.0,0.0,0.0,0.0,0.0,820,0.0
36081155104,371,0.0,0.0,0.0,0.0,0.0,820,0.0
36081156700,371,0.2579084529452834,1352.9877441509568,2623.0,2623.0,3451.0,820,3893.012255849043
36081157101,371,0.38710789956397385,10307.134933790367,13313.0,13313.000000000002,18772.0,820,16318.865066209633
36081157102,371,0.3259295096158651,2514.2202371767844,3857.0,3857.0,5628.0,820,5199.7797628232165
36081157901,371,0.3519577891711543,4664.144622096139,6626.0,6626.000000000001,10721.0,820,8587.855377903863
36081157902,371,0.31813721812379725,3778.8338768744643,5939.0,5939.0,8603.0,820,8099.166123125537
36081157903,371,0.37836438318794585,5297.101364631241,7000.0,7000.0,9738.0,820,8702.898635368758
36081161700,371,0.33088214087635615,4523.158865779787,6835.0,6835.0,9828.0,820,9146.84113422021
36081162100,371,0.38438337841101455,9558.077087568285,12433.0,12433.000000000002,17330.0,820,15307.922912431713
36035970602,303,0.0,0.0,0.0,0.0,0.0,2,0.0
36035971300,303,0.9998707996646466,10428.652440502265,5215.0,5215.0,9562.0,2,1.347559497735086
36075020303,151,0.0,0.0,0.0,0.0,0.0,1,0.0
36111953000,321,0.919722691754087,3211.6716396052716,1746.0,1746.0,3238.0,4,280.3283603947282
36111954200,321,0.9956828341009322,9911.026930640679,4977.0,4977.000000000001,10645.0,4,42.97306935932157
36111954500,321,0.9409591268393659,8617.303683594913,4579.0,4579.0,8867.0,4,540.6963164050874
36111955002,321,0.0,0.0,0.0,0.0,0.0,4,0.0
36029000500,22,0.6155151839257486,2287.2544234680813,1858.0,1857.9999999999995,3248.0,38,1428.7455765319182
36029005000,22,0.4819900146020799,2742.5231830858343,2845.0,2844.9999999999995,4511.0,38,2947.4768169141653
36029005400,22,0.5355756292160547,4903.730461102196,4578.0,4578.0,7566.0,38,4252.269538897804
36029005500,22,0.5302135205805789,5080.505954203107,4791.0,4791.0,6394.0,38,4501.494045796893
36029005600,22,0.5070765400862716,4843.595110904067,4776.0,4776.000000000001,7143.0,38,4708.404889095934
36029005700,22,0.5618837096425566,3942.1761068521773,3508.0,3508.000000000001,5004.0,38,3073.8238931478236
36029005801,22,0.6706181011370762,6977.110724230141,5202.0,5201.999999999998,7877.0,38,3426.8892757698577
36029005802,22,0.5771606428610958,8356.131787342945,7239.0,7238.999999999999,9632.0,38,6121.868212657054
36029005900,22,0.5913225064829873,6622.8120726094585,5600.0,5600.0,7930.0,38,4577.1879273905415
36029006100,22,0.6228267202504237,7343.127031752495,5895.0,5894.999999999999,8708.0,38,4446.872968247504
36029006301,22,0.5593804753744334,6222.548408065195,5562.0,5561.999999999999,8395.0,38,4901.451591934804
36029006302,22,0.4659735360703535,2467.795847028593,2648.0,2648.0,4661.0,38,2828.204152971408
36029006501,22,0.6475383202923413,4197.343392134955,3241.0,3240.9999999999995,5305.0,38,2284.656607865044
36029006601,22,0.49288420395618904,2493.9940720183167,2530.0,2529.999999999999,4270.0,38,2566.0059279816833
36029006602,22,0.4339631187762871,2310.419644364952,2662.0,2661.9999999999995,4385.0,38,3013.5803556350475
36029006701,22,0.5129906043433584,3419.5953685528266,3333.0,3333.0000000000005,4891.0,38,3246.404631447173
36029006702,22,0.49358731231867825,3218.189276317782,3260.0,3259.9999999999995,4931.0,38,3301.8107236822175
36029006801,22,0.0,0.0,0.0,0.0,0.0,38,0.0
36029006802,22,0.0,0.0,0.0,0.0,0.0,38,0.0
36029006901,22,0.5714907031519363,5102.268997740487,4464.0,4464.000000000001,6341.0,38,3825.7310022595134
36029006903,22,0.0,0.0,0.0,0.0,0.0,38,0.0
36029006904,22,0.0,0.0,0.0,0.0,0.0,38,0.0
36029007000,22,0.6013294854313009,5306.1313794457965,4412.0,4411.999999999999,6093.0,38,3517.8686205542012
36029007102,22,0.5816090843449037,3466.390142695626,2980.0,2979.999999999999,4467.0,38,2493.6098573043737
36029007103,22,0.0,0.0,0.0,0.0,0.0,38,0.0
36029007104,22,0.0,0.0,0.0,0.0,0.0,38,0.0
36029007202,22,0.6690473042221174,3710.536349215864,2773.0,2773.0000000000005,4274.0,38,1835.4636507841367
36029007306,22,0.0,0.0,0.0,0.0,0.0,38,0.0
36029008101,22,0.6113357172219259,7854.441294867305,6424.0,6424.000000000002,11353.0,38,4993.558705132697
36029008201,22,0.607867361863048,3390.6841444720812,2789.0,2789.0,4793.0,38,2187.3158555279183
36029008202,22,0.5692776118602615,4764.853611270388,4185.0,4184.999999999999,7033.0,38,3605.1463887296113
36029008400,22,0.550867378539077,2733.4039323109,2481.0,2481.0000000000005,4240.0,38,2228.5960676891004
36029008700,22,0.5118639468606738,5523.0119866266705,5395.0,5395.0,9035.0,38,5266.988013373329
36029008800,22,0.5568158386418889,5181.728194401419,4653.0,4653.000000000001,7272.0,38,4124.271805598582
36029016500,22,0.6035778147281667,1393.0575963926087,1154.0,1154.0000000000002,1767.0,38,914.9424036073912
36029016900,22,0.5893700900847567,4789.221352028733,4063.0,4062.9999999999995,7013.0,38,3336.7786479712668
36029017100,22,0.6321384791931248,11104.14452550643,8783.0,8783.000000000002,12369.0,38,6461.85547449357
36029980000,22,0.0,0.0,0.0,0.0,0.0,38,0.0
36115082001,438,1.0,10880.0,5440.0,5440.0,8053.0,1,0.0
36009962200,38,1.0,4848.0,2424.0,2424.0,5166.0,1,0.0
36033951100,311,1.0,7476.0,3738.0,3738.0,6482.0,1,0.0
36077590102,253,0.0,0.0,0.0,0.0,0.0,2,0.0
36077590202,253,0.9999675853702404,6947.77478315243,3474.0,3474.0,4955.0,2,0.22521684756967558
36101962200,97,0.9780465990231955,5596.382639610724,2861.0,2860.9999999999995,5277.0,4,125.61736038927526
36101962301,97,0.0,0.0,0.0,0.0,0.0,4,0.0
36101962400,97,0.9899777271387602,5599.314024696827,2828.0,2827.9999999999995,5990.0,4,56.685975303172334
36101963000,97,0.9801894841909641,5985.0369904700265,3053.0,3052.9999999999995,6944.0,4,120.9630095299733
36089490100,267,0.8678838674695951,6401.511406455734,3688.0,3688.0,6145.0,2,974.4885935442662
36089490200,267,0.9595080733373125,6140.8516693588,3200.0,3200.0,5520.0,2,259.1483306412
36117020800,114,0.8554546575712568,5083.111575288409,2971.0,2971.0000000000005,5006.0,3,858.8884247115919
36117020900,114,0.9849601342324508,10084.021854271832,5119.0,5119.000000000001,9821.0,3,153.9781457281686
36117021501,114,0.9510146060629349,4055.126280252354,2132.0,2132.0,3517.0,3,208.87371974764585
36023970100,160,0.9547810614761573,5153.908169848296,2699.0,2698.999999999999,6463.0,3,244.09183015170285
36067016901,160,0.9959099824391954,5264.380167173586,2643.0,2643.0,4946.0,3,21.619832826413464
36067016902,160,0.9252056082558135,4494.648844906742,2429.0,2429.0,4510.0,3,363.35115509325783
36057072200,302,0.9398710727960066,7646.79104826831,4068.0,4068.0000000000005,7016.0,3,489.2089517316905
36057072300,302,0.9789591201668106,6173.3162117719085,3153.0,3153.0000000000005,6129.0,3,132.68378822809194
36057072700,302,0.8365161672419111,7035.100966504472,4205.0,4205.0,7500.0,3,1374.8990334955274
36123150101,110,0.0,0.0,0.0,0.0,0.0,4,0.0
36123150102,110,0.0,0.0,0.0,0.0,0.0,4,0.0
36123150501,110,0.0,0.0,0.0,0.0,0.0,4,0.0
36123150502,110,0.0,0.0,0.0,0.0,0.0,4,0.0
36007011903,158,0.9173048020627823,4562.6740854602795,2487.0,2487.0,5611.0,3,411.3259145397205
36023971100,158,0.9693439351875481,9173.871002614957,4732.0,4732.000000000001,7943.0,3,290.1289973850446
36023971200,158,0.9069216873008078,7003.249269336838,3861.0,3861.0,8432.0,3,718.7507306631624
36013036901,10,0.9956600460494065,4771.202940668756,2396.0,2396.0,5535.0,2,20.797059331244036
36013037400,10,0.9772966369164884,7345.361523064326,3758.0,3758.0,7752.0,2,170.63847693567374
36019103512,396,0.0,0.0,0.0,0.0,0.0,1,0.0
36103169905,463,0.0,0.0,0.0,0.0,0.0,13,0.0
36103170003,463,0.0,0.0,0.0,0.0,0.0,13,0.0
36103170004,463,0.0,0.0,0.0,0.0,0.0,13,0.0
36103190403,463,0.728283995692221,6127.781539754348,4207.0,4207.000000000002,6439.0,13,2286.2184602456528
36103190603,463,0.8447224842533161,10611.403847190159,6281.0,6281.000000000001,9906.0,13,1950.5961528098428
36103190604,463,0.8282594698398382,8274.312103699984,4995.0,4995.0,7947.0,13,1715.6878963000167
36103190606,463,0.0,0.0,0.0,0.0,0.0,13,0.0
36103190706,463,0.9639056156277205,7408.57856171466,3843.0,3843.000000000001,7543.0,13,277.42143828534057
36103190709,463,0.0,0.0,0.0,0.0,0.0,13,0.0
36103190710,463,0.0,0.0,0.0,0.0,0.0,13,0.0
36103190713,463,0.0,0.0,0.0,0.0,0.0,13,0.0
36103190801,463,0.0,0.0,0.0,0.0,0.0,13,0.0
36103190802,463,0.0,0.0,0.0,0.0,0.0,13,0.0
36119012400,402,0.8662614965337914,10246.140981001683,5914.0,5914.0,8589.0,8,1581.8590189983165
36119012501,402,0.836892016596002,6646.596395805448,3971.0,3971.0,5803.0,8,1295.403604194552
36119012502,402,0.9110988084646148,12185.035464405759,6687.0,6687.0,10611.0,8,1188.9645355942414
36119012503,402,0.8716243897901552,7039.238571945292,4038.0,4037.9999999999995,5773.0,8,1036.7614280547068
36119012600,402,0.9214043252260625,8851.009948121557,4803.0,4803.0,7663.0,8,754.990051878443
36119012700,402,0.9577419570719683,8608.184710162852,4494.0,4494.000000000001,7975.0,8,379.8152898371492
36119012804,402,0.0,0.0,0.0,0.0,0.0,8,0.0
36119983000,402,0.7833886031178681,1190.7506767391594,760.0,760.0000000000001,1900.0,8,329.2493232608406
36007012501,187,0.0,0.0,0.0,0.0,0.0,2,0.0
36007012502,187,0.0,0.0,0.0,0.0,0.0,2,0.0
36019101901,422,0.0,0.0,0.0,0.0,0.0,3,0.0
36019102800,422,0.0,0.0,0.0,0.0,0.0,3,0.0
36031960100,422,0.9999250122375143,4653.6510069533915,2327.0,2327.0,4832.0,3,0.34899304660870556
36029013802,41,0.0,0.0,0.0,0.0,0.0,6,0.0
36029013900,41,0.9104630679407486,4616.047754459595,2535.0,2535.0,4715.0,6,453.95224554040476
36029014000,41,0.8926148338134094,5516.359672966871,3090.0,3089.9999999999995,6012.0,6,663.6403270331294
36029014101,41,0.9580321294618307,11643.92250147909,6077.0,6077.0,11830.0,6,510.0774985209095
36029015001,41,0.9141557270583623,10123.360521444303,5537.0,5536.999999999999,10277.0,6,950.639478555695
36029015002,41,0.8665860164862221,5809.592654523633,3352.0,3352.0,6479.0,6,894.4073454763668
36095740700,326,1.0,10698.0,5349.0,5349.0,9432.0,1,0.0
36027010000,405,0.910270852299743,8310.772881496654,4565.0,4564.999999999999,6597.0,5,819.2271185033461
36027040001,405,0.950877277054684,9297.678015040698,4889.0,4888.999999999998,7760.0,5,480.32198495930027
36027180001,405,0.9271257842331518,8972.723339808445,4839.0,4839.000000000001,10135.0,5,705.2766601915566
36027200001,405,0.9717976558348921,5624.764831972355,2894.0,2893.9999999999995,5574.0,5,163.2351680276448
36027200002,405,0.9668666342203354,2734.298841575109,1414.0,1414.0000000000002,2665.0,5,93.70115842489157
36003950402,59,0.0,0.0,0.0,0.0,0.0,3,0.0
36003951301,59,0.0,0.0,0.0,0.0,0.0,3,0.0
36003951302,59,0.0,0.0,0.0,0.0,0.0,3,0.0
36083051800,412,0.8979194641446513,10193.181756970082,5676.0,5676.000000000001,11595.0,7,1158.8182430299191
36083051901,412,0.9596405905738279,9154.971234074317,4770.0,4770.0,8018.0,7,385.0287659256822
36091062002,412,0.0,0.0,0.0,0.0,0.0,7,0.0
36091062100,412,0.9345570398426024,3622.3430864299276,1938.0,1938.0000000000005,3725.0,7,253.65691357007307
36091062200,412,0.7896691003908164,5432.923410688816,3440.0,3440.0,6568.0,7,1447.0765893111834
36091062300,412,0.8207988283502078,3706.7275088295382,2258.0,2258.0,4618.0,7,809.2724911704615
36091062404,412,0.8895242427687198,2835.803285946679,1594.0,1594.0000000000002,4123.0,7,352.19671405332133
36075021504,138,0.0,0.0,0.0,0.0,0.0,1,0.0
36029015201,30,0.9161458004737226,6072.214365539833,3314.0,3313.9999999999995,6815.0,5,555.7856344601663
36029015202,30,0.9820186767324897,9170.09040332799,4669.0,4669.0,10190.0,5,167.90959667201162
36029015302,30,0.9574758669968114,5223.988330334602,2728.0,2727.9999999999995,6000.0,5,232.011669665397
36029015800,30,0.7524576218708147,8111.493163767383,5390.0,5390.000000000001,8449.0,5,2668.5068362326183
36029015900,30,0.9415051288709291,9303.953683502521,4941.0,4941.000000000001,8037.0,5,578.0463164974792
36039080404,323,0.0,0.0,0.0,0.0,0.0,3,0.0
36111950600,323,0.9765960689649572,4377.103581100938,2241.0,2240.9999999999995,5358.0,3,104.89641889906156
36111955300,323,0.937479566576395,3879.2904464931225,2069.0,2069.0000000000005,4133.0,3,258.7095535068777
36063024002,44,0.9899086611889484,3448.841775582296,1742.0,1742.0,3885.0,2,35.15822441770386
36063024101,44,0.9449359245634358,7121.0371275100515,3768.0,3767.9999999999995,8502.0,2,414.96287248994804
36073401200,55,1.0,6302.0,3151.0,3151.0,6279.0,1,0.0
36113074000,360,1.0,3126.0,1563.0,1563.0,2615.0,1,0.0
36053030601,192,0.0,0.0,0.0,0.0,0.0,4,0.0
36053030701,192,0.0,0.0,0.0,0.0,0.0,4,0.0
36053031000,192,0.9999559308935497,9067.600381342709,4534.0,4534.0,9092.0,4,0.39961865729136475
36065025602,192,0.0,0.0,0.0,0.0,0.0,4,0.0
36017970300,190,0.9042227950493025,8807.130023780206,4870.0,4870.0,6059.0,3,932.8699762197936
36017970400,190,0.9263880569351919,8426.425765882504,4548.0,4548.0,5317.0,3,669.574234117495
36017970601,190,0.8536053949502522,8216.805531791128,4813.0,4813.0,7315.0,3,1409.194468208872
36069051501,111,0.0,0.0,0.0,0.0,0.0,1,0.0
36117020104,104,0.0,0.0,0.0,0.0,0.0,6,0.0
36117020106,104,0.0,0.0,0.0,0.0,0.0,6,0.0
36117020201,104,0.9754382254480229,7969.330301910348,4085.0,4085.0,9207.0,6,200.66969808965234
36117020401,104,0.847945519129696,4651.829117945512,2743.0,2743.0,4699.0,6,834.1708820544878
36117020402,104,0.9797185222463701,8862.533752240664,4523.0,4523.0,8016.0,6,183.46624775933606
36117020500,104,0.9775585456616366,9822.508266808123,5024.0,5023.999999999999,8329.0,6,225.49173319187582
