origin,tile,cpc,cpc_numerator,observed_mass,predicted_mass,full_domain_observed_mass,destination_count,l1_error
36031961300,390,1.0,1912.0,956.0,956.0,1275.0,1,0.0
36055011203,94,0.8818445902358742,3402.156429130003,1929.0,1928.9999999999995,4016.0,18,455.8435708699971
36055011205,94,0.9698806411286853,9735.661875649743,5019.0,5019.0,9098.0,18,302.33812435025686
36055011207,94,0.9415512614083387,9592.524251228155,5094.0,5094.0,10506.0,18,595.4757487718456
36055011209,94,0.0,0.0,0.0,0.0,0.0,18,0.0
36055011210,94,0.0,0.0,0.0,0.0,0.0,18,0.0
36055011302,94,0.8298412695261304,11627.735868600139,7006.0,7006.0,13886.0,18,2384.2641313998615
36055011303,94,0.0,0.0,0.0,0.0,0.0,18,0.0
36055011304,94,0.0,0.0,0.0,0.0,0.0,18,0.0
36055011401,94,0.0,0.0,0.0,0.0,0.0,18,0.0
36055011402,94,0.0,0.0,0.0,0.0,0.0,18,0.0
36055011403,94,0.0,0.0,0.0,0.0,0.0,18,0.0
36055011503,94,0.9590169477808932,11312.563916023417,5898.0,5897.999999999998,12636.0,18,483.4360839765835
36055011504,94,0.9730081858011559,11617.7177384658,5970.0,5969.999999999999,13011.0,18,322.28226153419894
36055011506,94,0.0,0.0,0.0,0.0,0.0,18,0.0
36055011507,94,0.0,0.0,0.0,0.0,0.0,18,0.0
36117020103,94,0.0,0.0,0.0,0.0,0.0,18,0.0
36117020105,94,0.0,0.0,0.0,0.0,0.0,18,0.0
36117020202,94,0.9718826847889703,8842.188666210053,4549.0,4549.000000000001,10869.0,18,255.81133378994775
36039080403,352,0.0,0.0,0.0,0.0,0.0,4,0.0
36039080501,352,0.8580256538189646,4763.75843000289,2776.0,2775.9999999999995,5246.0,4,788.241569997109
36039080502,352,0.9676871192552958,7534.411910521732,3893.0,3892.999999999999,6528.0,4,251.58808947826685
36039081101,352,0.9032063750457648,7789.251778394676,4312.0,4312.0,8602.0,4,834.7482216053241
36097950100,119,0.975168575390039,9459.135181283378,4850.0,4850.0,9530.0,2,240.86481871662215
36109001700,119,0.9937033741470216,8229.851344685634,4141.0,4141.000000000001,8586.0,2,52.14865531436685
36049950301,216,0.0,0.0,0.0,0.0,0.0,1,0.0
36069051302,101,0.0,0.0,0.0,0.0,0.0,3,0.0
36123150200,101,0.9998826163621501,10744.738595427665,5373.0,5372.999999999999,10368.0,3,1.261404572334118
36123150301,101,0.0,0.0,0.0,0.0,0.0,3,0.0
36095740500,300,0.9836290412614357,6899.1740954077095,3507.0,3506.9999999999995,6559.0,2,114.82590459229019
36095740600,300,0.9900433726350213,4294.808150490722,2169.0,2169.0,4601.0,2,43.19184950927784
36041950400,331,1.0,2770.0,1385.0,1385.0,2526.0,1,0.0
36029007303,23,0.7773052797407718,18182.72510369613,11696.0,11695.999999999998,16963.0,39,5209.274896303867
36029007304,23,0.7411421202267893,9791.96969243634,6606.0,6606.000000000002,10230.0,39,3420.0303075636607
36029007305,23,0.0,0.0,0.0,0.0,0.0,39,0.0
36029007700,23,0.6346577943843368,6215.838438200195,4897.0,4897.000000000001,7942.0,39,3578.1615617998054
36029007800,23,0.8463935402413204,11558.350185535473,6828.0,6828.000000000002,11518.0,39,2097.649814464529
36029008300,23,0.5173603809639815,2452.2882057692723,2370.0,2370.0,5191.0,39,2287.7117942307277
36029017200,23,0.6166951397056093,3447.3258309543558,2795.0,2794.9999999999995,4497.0,39,2142.6741690456442
36063020100,23,0.7694543548945263,10186.03675009374,6619.0,6619.000000000001,8180.0,39,3051.963249906262
36063020200,23,0.7834812410453571,6050.042143352248,3861.0,3861.000000000002,4485.0,39,1671.957856647753
36063020300,23,0.5954990246927484,3297.8735987484415,2769.0,2769.0000000000005,3490.0,39,2240.1264012515594
36063020400,23,0.6470221594998775,3346.398608933366,2586.0,2585.9999999999995,3207.0,39,1825.6013910666331
36063020500,23,0.7578473600295356,4619.8375067400475,3048.0,3048.0,3336.0,39,1476.1624932599514
36063020600,23,0.7089433309068955,3390.1670083967747,2391.0,2391.0000000000005,2673.0,39,1391.8329916032258
36063020700,23,0.7249334893457391,6905.716419507508,4763.0,4763.0,5408.0,39,2620.28358049249
36063020900,23,0.7546853413125023,6890.277166183145,4565.0,4565.000000000003,5447.0,39,2239.7228338168547
36063021000,23,0.6488742154363808,5416.8019504629065,4174.0,4174.000000000001,4947.0,39,2931.198049537093
36063021100,23,0.8002541721450797,2477.5869169611665,1548.0,1548.0,2005.0,39,618.4130830388333
36063021200,23,0.758507460015627,4849.896699339919,3197.0,3197.0000000000005,3797.0,39,1544.1033006600808
36063021300,23,0.7271755220555519,4736.821350669866,3257.0,3257.0,3792.0,39,1777.178649330135
36063021400,23,0.7182186035239442,5082.114838535428,3538.0,3538.0,4088.0,39,1993.8851614645714
36063021700,23,0.7616754934017861,7144.516128108754,4690.0,4690.0,5678.0,39,2235.4838718912465
36063022000,23,0.7139793441629185,7086.9589701611285,4963.0,4962.999999999999,5989.0,39,2839.041029838871
36063022100,23,0.7001899497400195,5405.466411992951,3860.0,3860.0000000000005,5180.0,39,2314.5335880070493
36063022200,23,0.7040730917582794,9007.911135955424,6397.0,6397.000000000001,7951.0,39,3786.0888640445746
36063022300,23,0.6825369448573244,6369.434769408551,4666.0,4666.0,5707.0,39,2962.5652305914487
36063022401,23,0.5682746083399168,3459.655815573414,3044.0,3044.000000000001,3827.0,39,2628.3441844265863
36063022500,23,0.6941374815327515,6486.020627442031,4672.0,4672.000000000001,6267.0,39,2857.9793725579702
36063022601,23,0.7120506400166002,4249.51821961907,2984.0,2984.0,3965.0,39,1718.48178038093
36063022602,23,0.7733913155049724,12485.629397512273,8072.0,8071.999999999998,10969.0,39,3658.3706024877247
36063022713,23,0.0,0.0,0.0,0.0,0.0,39,0.0
36063022714,23,0.0,0.0,0.0,0.0,0.0,39,0.0
36063022715,23,0.0,0.0,0.0,0.0,0.0,39,0.0
36063022901,23,0.6564156675333729,3199.3699635576595,2437.0,2437.0,3969.0,39,1674.6300364423405
36063022902,23,0.710584849274688,6008.705485466762,4228.0,4228.0,6376.0,39,2447.294514533238
36063023001,23,0.5938967775191687,3873.394782980018,3261.0,3261.0,4859.0,39,2648.605217019982
36063023100,23,0.5415958345741497,3087.096257072653,2850.0,2850.0,4771.0,39,2612.9037429273467
36063023200,23,0.6286762780031576,3806.006187031115,3027.0,3026.9999999999995,4829.0,39,2247.993812968884
36063024406,23,0.6869827451006988,5674.477474531772,4130.0,4129.999999999999,5572.0,39,2585.522525468228
36063024600,23,0.738535505456908,8404.534052099614,5690.0,5690.0,9897.0,39,2975.465947900386
36075020101,165,0.0,0.0,0.0,0.0,0.0,6,0.0
36075020201,165,0.0,0.0,0.0,0.0,0.0,6,0.0
36075020202,165,0.0,0.0,0.0,0.0,0.0,6,0.0
36075020301,165,0.9996181460417173,3682.5932500176864,1842.0,1841.9999999999998,3475.0,6,1.4067499823134295
36075020304,165,0.0,0.0,0.0,0.0,0.0,6,0.0
36075020501,165,0.0,0.0,0.0,0.0,0.0,6,0.0
36007012900,156,0.747025160670686,3173.3628825290743,2124.0,2124.0,2982.0,23,1074.6371174709257
36007013000,156,0.8466879275720036,13040.687460464002,7701.0,7701.000000000001,9255.0,23,2361.3125395359993
36007013100,156,0.8373421639273005,6708.785417385532,4006.0,4006.000000000001,4618.0,23,1303.2145826144683
36007013201,156,0.7747203241807635,5629.117875497428,3633.0,3632.9999999999995,4418.0,23,1636.882124502572
36007013202,156,0.8306998226664609,9787.305310656242,5891.0,5891.0,7039.0,23,1994.6946893437575
36007013301,156,0.849002878396134,11909.812378140969,7014.0,7013.999999999999,8816.0,23,2118.1876218590323
36007013303,156,0.7864569057899651,4569.3146226396975,2905.0,2904.999999999999,3774.0,23,1240.6853773603025
36007013304,156,0.8243895790336695,16064.05533705008,9743.0,9743.0,11868.0,23,3421.9446629499175
36007013400,156,0.8390473398392078,10662.613594676652,6354.0,6353.999999999999,7884.0,23,2045.3864053233474
36007013500,156,0.728560529807734,3262.494052479033,2239.0,2238.9999999999995,2943.0,23,1215.5059475209669
36007013600,156,0.8528582024918929,9091.468438563577,5330.0,5329.999999999999,6516.0,23,1568.5315614364215
36007013700,156,0.7930459899385067,8024.039326197812,5059.0,5059.0,6408.0,23,2093.9606738021894
36007013800,156,0.7528491339984451,6379.643561502822,4237.0,4237.0,5946.0,23,2094.3564384971764
36007013900,156,0.8361013628336496,5217.272504081974,3120.0,3120.000000000001,4080.0,23,1022.7274959180271
36007014000,156,0.7017371366618095,5671.439538500745,4041.0,4041.0,5230.0,23,2410.5604614992562
36007014100,156,0.7725268296174859,8133.162462212892,5264.0,5264.000000000002,7123.0,23,2394.837537787109
36007014200,156,0.7913120729252667,5710.107918228726,3608.0,3608.000000000001,4739.0,23,1505.8920817712751
36007014301,156,0.7502978547860855,10007.472787136809,6669.0,6669.000000000001,9050.0,23,3330.5272128631927
36007014302,156,0.9124480985786172,20873.162703084443,11438.0,11437.999999999996,14228.0,23,2002.8372969155525
36007014400,156,0.8391864150380928,13089.62970176417,7799.0,7799.0,9855.0,23,2508.3702982358295
36007014500,156,0.7304586495895055,8562.436290488184,5861.0,5861.0,7164.0,23,3159.563709511817
36007014600,156,0.7095393992060033,13556.459761229897,9553.0,9552.999999999998,11313.0,23,5549.5402387701015
36107020402,156,0.7541273102765105,8464.324930543553,5612.0,5612.0,7208.0,23,2759.675069456447
36089491300,221,0.9540104800087705,7487.074247108831,3924.0,3924.0,6707.0,2,360.9257528911692
36089491700,221,0.9888193033274725,7904.621510799815,3997.0,3997.0000000000005,6740.0,2,89.37848920018543
36113073000,388,0.9999284421742871,8529.389611746668,4265.0,4264.999999999999,7000.0,2,0.6103882533306706
36113075001,388,0.0,0.0,0.0,0.0,0.0,2,0.0
36025970101,275,0.0,0.0,0.0,0.0,0.0,1,0.0
36031961400,362,1.0,1414.0,707.0,707.0,1026.0,1,0.0
36049950601,214,0.0,0.0,0.0,0.0,0.0,1,0.0
36021001400,379,0.8904148882019455,6930.989489763942,3892.0,3891.999999999999,7634.0,7,853.0105102360565
36021001800,379,0.8788348369071544,3056.587562763083,1739.0,1739.0,3216.0,7,421.41243723691696
36021001900,379,0.8854139614202375,3720.5094658878375,2101.0,2100.9999999999995,3354.0,7,481.49053411216187
36021002000,379,0.9674530404827445,3701.47533288698,1913.0,1913.0,2754.0,7,124.52466711301967
36027150003,379,0.91592886862119,6303.422473851029,3441.0,3440.9999999999995,5201.0,7,578.5775261489703
36027150004,379,0.9128762420106113,7701.023977601517,4218.0,4218.000000000001,7752.0,7,734.9760223984829
36027150005,379,0.9610026927495618,4189.9717403880895,2180.0,2180.0,4631.0,7,170.02825961191033
36003951202,47,0.0,0.0,0.0,0.0,0.0,3,0.0
36009961000,47,0.9198946026706531,7033.514132019815,3823.0,3823.000000000001,7761.0,3,612.4858679801857
36009961200,47,0.9832946458491656,8509.43186517868,4327.0,4327.0,7911.0,3,144.56813482132125
36019100800,445,0.953359717134677,9588.892034940582,5029.0,5028.999999999999,8171.0,8,469.1079650594188
36019100901,445,0.0,0.0,0.0,0.0,0.0,8,0.0
36019100902,445,0.0,0.0,0.0,0.0,0.0,8,0.0
36019102100,445,0.9121843077367039,4418.620786676594,2422.0,2422.000000000001,3528.0,8,425.37921332340665
36019102200,445,0.8551123570172394,3593.18212418644,2101.0,2101.0,4988.0,8,608.8178758135598
36019103000,445,0.0,0.0,0.0,0.0,0.0,8,0.0
36019103100,445,0.0,0.0,0.0,0.0,0.0,8,0.0
36019103200,445,0.0,0.0,0.0,0.0,0.0,8,0.0
36041950100,284,1.0,1082.0,541.0,541.0,902.0,1,0.0
36101961100,88,0.9948288025857773,8883.821207090992,4465.0,4465.0,7091.0,2,46.17879290900809
36101961800,88,0.9401945583612688,5879.976767991374,3127.0,3126.9999999999995,5572.0,2,374.0232320086255
36121970800,50,0.9862403656518185,4893.724694364324,2481.0,2481.0000000000005,4402.0,3,68.27530563567649
36121970900,50,0.8705085057837163,3168.6509610527273,1820.0,1820.0,3340.0,3,471.3490389472729
36121971000,50,0.9925578038744661,7593.067199639666,3825.0,3825.0,6801.0,3,56.932800360334454
36019100101,447,0.0,0.0,0.0,0.0,0.0,2,0.0
36019100102,447,0.0,0.0,0.0,0.0,0.0,2,0.0
36101960800,78,0.862564477251127,6065.553404029925,3516.0,3516.0000000000005,5932.0,3,966.4465959700751
36101960900,78,0.9881285643706357,4399.1483685780695,2226.0,2225.9999999999995,3807.0,3,52.85163142192977
36101961900,78,0.8908194612132333,8297.092461740056,4657.0,4657.0,7171.0,3,1016.9075382599453
36103158116,456,0.734787060739126,2676.0944752118976,1821.0,1821.0000000000002,4255.0,38,965.9055247881028
36103158304,456,0.8335824518249245,14566.019763188731,8737.0,8737.0,17669.0,38,2907.9802368112687
36103158306,456,0.7893071043461387,9796.879779144274,6206.0,6206.000000000002,13543.0,38,2615.120220855727
36103158309,456,0.8383835621117204,11207.511458309478,6684.0,6683.999999999999,12166.0,38,2160.4885416905213
36103158310,456,0.7985802184690951,9281.099299047826,5811.0,5811.000000000001,9738.0,38,2340.900700952176
36103158315,456,0.7607647805382783,9816.908728065944,6452.0,6451.999999999999,12250.0,38,3087.091271934056
36103158317,456,0.8498697760779397,14738.441656743631,8671.0,8671.000000000004,15891.0,38,2603.5583432563703
36103158318,456,0.8091176619903476,9507.132528386584,5875.0,5875.000000000001,9396.0,38,2242.867471613415
36103158320,456,0.7237407357949857,9738.655340857325,6728.0,6728.0,15525.0,38,3717.344659142674
36103158322,456,0.7363699462667348,3113.3721328157544,2114.0,2113.9999999999995,4829.0,38,1114.6278671842454
36103158324,456,0.0,0.0,0.0,0.0,0.0,38,0.0
36103158325,456,0.0,0.0,0.0,0.0,0.0,38,0.0
36103158328,456,0.0,0.0,0.0,0.0,0.0,38,0.0
36103158329,456,0.0,0.0,0.0,0.0,0.0,38,0.0
36103158401,456,0.7611858476476574,1892.3080172520763,1243.0,1242.9999999999998,2237.0,38,593.6919827479237
36103158402,456,0.8494417443808657,10339.404912603894,6086.0,6085.999999999999,10812.0,38,1832.595087396103
36103158403,456,0.7696738472865423,4927.451970328444,3201.0,3201.0,5721.0,38,1474.548029671556
36103158407,456,0.7890333593560368,14781.750954175992,9367.0,9367.0,14439.0,38,3952.2490458240077
36103158408,456,0.778048765732558,10559.677848522277,6786.0,6785.999999999999,10547.0,38,3012.3221514777224
36103158409,456,0.780451456976718,8313.368919715998,5326.0,5326.0,8433.0,38,2338.6310802840003
36103158410,456,0.7531735874055925,5594.573407248741,3714.0,3714.000000000001,5878.0,38,1833.426592751259
36103158411,456,0.0,0.0,0.0,0.0,0.0,38,0.0
36103158412,456,0.0,0.0,0.0,0.0,0.0,38,0.0
36103158705,456,0.7606157238441047,6661.47250942667,4379.0,4379.0,7538.0,38,2096.527490573331
36103158707,456,0.7286667453436301,2977.332321474072,2043.0,2042.9999999999998,3795.0,38,1108.6676785259276
36103158708,456,0.80834833893925,8933.86584195659,5526.0,5526.000000000001,8637.0,38,2118.1341580434096
36103158709,456,0.8488526945638909,4307.078572217182,2537.0,2537.0,4894.0,38,766.9214277828178
36103158710,456,0.8238273460694303,8777.05654502371,5327.0,5327.0,8785.0,38,1876.94345497629
36103158711,456,0.7884340107113015,9558.973945863818,6062.0,6061.999999999999,11900.0,38,2565.026054136181
36103158712,456,0.8088779570229343,13315.748928511544,8231.0,8231.000000000002,16460.0,38,3146.2510714884565
36103158713,456,0.0,0.0,0.0,0.0,0.0,38,0.0
36103158714,456,0.0,0.0,0.0,0.0,0.0,38,0.0
36103158715,456,0.0,0.0,0.0,0.0,0.0,38,0.0
36103159407,456,0.8198656721156894,14724.787471197782,8980.0,8980.000000000002,16941.0,38,3235.2125288022185
36103159411,456,0.7520278779026174,5465.7386165962225,3634.0,3633.9999999999995,9118.0,38,1802.2613834037768
36103159413,456,0.0,0.0,0.0,0.0,0.0,38,0.0
36103159414,456,0.0,0.0,0.0,0.0,0.0,38,0.0
36103169701,456,0.95840359185601,17669.1286194574,9218.0,9218.0,18382.0,38,766.8713805426004
36025970401,206,0.0,0.0,0.0,0.0,0.0,3,0.0
36025970402,206,0.0,0.0,0.0,0.0,0.0,3,0.0
36025970502,206,0.0,0.0,0.0,0.0,0.0,3,0.0
36011040201,135,0.0,0.0,0.0,0.0,0.0,3,0.0
36011040400,135,0.9257035505924355,9003.392733062028,4863.0,4863.000000000001,8493.0,3,722.6072669379722
36067012000,135,0.9732533633159755,12932.590691742682,6644.0,6644.0,11450.0,3,355.4093082573176
36103134704,450,0.7948653208674049,5180.932161413745,3259.0,3259.0,5831.0,64,1337.0678385862548
36103134902,450,0.7412343572601102,9671.62589352992,6524.0,6524.0,11811.0,64,3376.3741064700816
36103134906,450,0.8757875139907243,16068.949306701808,9174.0,9174.0,15530.0,64,2279.05069329819
36103134907,450,0.8123828953356075,9400.89486482365,5786.0,5785.999999999998,11120.0,64,2171.10513517635
36103134908,450,0.0,0.0,0.0,0.0,0.0,64,0.0
36103134909,450,0.0,0.0,0.0,0.0,0.0,64,0.0
36103135002,450,0.8646611632955858,13135.93239278654,7596.0,7595.999999999998,12947.0,64,2056.0676072134597
36103135003,450,0.7578973499767878,11482.144852148336,7575.0,7575.0,11208.0,64,3667.8551478516656
36103135004,450,0.7478686696584846,6331.456157328732,4233.0,4233.0,6780.0,64,2134.5438426712694
36103135005,450,0.6657633659959297,7866.659932607907,5908.0,5908.000000000001,9325.0,64,3949.340067392094
36103135104,450,0.8931660284603802,11998.792426336746,6717.0,6717.0,12742.0,64,1435.207573663252
36103135303,450,0.683835564379168,7801.196118437547,5704.0,5703.999999999998,10342.0,64,3606.8038815624514
36103135305,450,0.0,0.0,0.0,0.0,0.0,64,0.0
36103135306,450,0.0,0.0,0.0,0.0,0.0,64,0.0
36103135401,450,0.8271514485486123,17997.16121752071,10879.0,10879.0,17782.0,64,3760.8387824792935
36103135402,450,0.7682470910256135,17187.223920425025,11186.0,11185.999999999998,17766.0,64,5184.776079574975
36103135403,450,0.6741154138913754,7830.524647762219,5808.0,5808.0,9649.0,64,3785.4753522377823
36103135500,450,0.0,0.0,0.0,0.0,0.0,64,0.0
36103145803,450,0.8440903018727896,9982.21190994761,5913.0,5912.999999999999,10117.0,64,1843.7880900523903
36103145809,450,0.0,0.0,0.0,0.0,0.0,64,0.0
36103145810,450,0.0,0.0,0.0,0.0,0.0,64,0.0
36103158001,450,0.7160102245162832,7566.79605268808,5284.0,5284.000000000001,8588.0,64,3001.2039473119203
36103158009,450,0.6455498123364867,5609.827869204069,4345.0,4345.0,7671.0,64,3080.17213079593
36103158010,450,0.736260277035961,8284.400637208633,5626.0,5626.000000000001,8743.0,64,2967.5993627913667
36103158011,450,0.8109928281841932,10302.85288925199,6352.0,6352.0,10577.0,64,2401.14711074801
36103158012,450,0.0,0.0,0.0,0.0,0.0,64,0.0
36103158013,450,0.0,0.0,0.0,0.0,0.0,64,0.0
36103158014,450,0.0,0.0,0.0,0.0,0.0,64,0.0
36103158015,450,0.0,0.0,0.0,0.0,0.0,64,0.0
36103158016,450,0.0,0.0,0.0,0.0,0.0,64,0.0
36103158017,450,0.0,0.0,0.0,0.0,0.0,64,0.0
36103158102,450,0.6803587700142151,9171.23621979162,6740.0,6740.0,12357.0,64,4308.763780208381
36103158103,450,0.8173425687326339,9448.480094549248,5780.0,5780.0,10162.0,64,2111.519905450753
36103158107,450,0.7955550886329196,9700.998750789822,6097.0,6097.0,10084.0,64,2493.0012492101787
36103158108,450,0.6098974344951984,4903.575373341396,4020.0,4020.0,7291.0,64,3136.4246266586047
36103158111,450,0.6389926740867509,5519.618718761355,4319.0,4319.000000000001,7370.0,64,3118.3812812386454
36103158112,450,0.8217431179768904,9903.648057857481,6026.0,6026.000000000001,10457.0,64,2148.351942142517
36103158114,450,0.6191321935659717,6178.939291788398,4990.0,4990.000000000001,9090.0,64,3801.060708211602
36103158117,450,0.0,0.0,0.0,0.0,0.0,64,0.0
36103158118,450,0.0,0.0,0.0,0.0,0.0,64,0.0
36103158119,450,0.0,0.0,0.0,0.0,0.0,64,0.0
36103158120,450,0.0,0.0,0.0,0.0,0.0,64,0.0
36103158205,450,0.8390318475853924,4015.6064225436876,2393.0,2393.0,4483.0,64,770.3935774563122
36103158206,450,0.8656846820028131,8428.306063979388,4868.0,4868.0,8187.0,64,1307.6939360206118
36103158207,450,0.7722681677424841,9451.017836832518,6119.0,6118.999999999999,9958.0,64,2786.982163167479
36103158208,450,0.0,0.0,0.0,0.0,0.0,64,0.0
36103158209,450,0.0,0.0,0.0,0.0,0.0,64,0.0
36103158319,450,0.8113123744166002,7147.662018610248,4405.0,4405.000000000001,8720.0,64,1662.3379813897523
36103158326,450,0.0,0.0,0.0,0.0,0.0,64,0.0
36103158327,450,0.0,0.0,0.0,0.0,0.0,64,0.0
36103158502,450,0.8791042712137033,8207.317476051134,4668.0,4668.0,7886.0,64,1128.6825239488662
36103158505,450,0.8145418170466249,9984.653593357527,6129.0,6129.0,10202.0,64,2273.346406642472
36103158506,450,0.7242790687222804,5233.640550587197,3613.0,3613.0,6125.0,64,1992.3594494128022
36103158509,450,0.7226954409469086,9361.796742026252,6477.0,6476.999999999998,11395.0,64,3592.2032579737456
36103158510,450,0.8710477927328392,15410.57754902939,8846.0,8846.0,16491.0,64,2281.422450970609
36103158511,450,0.8057969106490744,13675.985167536091,8486.0,8486.0,15482.0,64,3296.014832463908
36103158512,450,0.6580898156761135,7350.863241102186,5585.0,5585.0,8904.0,64,3819.1367588978133
36103158513,450,0.0,0.0,0.0,0.0,0.0,64,0.0
36103158514,450,0.0,0.0,0.0,0.0,0.0,64,0.0
36103158604,450,0.6882640671695209,8864.84118514343,6440.0,6440.0,11955.0,64,4015.1588148565706
36103158605,450,0.870523857436658,12333.582012162573,7084.0,7084.0,12048.0,64,1834.4179878374282
36103158606,450,0.858969201390545,10929.524118493293,6362.0,6361.999999999999,11596.0,64,1794.4758815067057
36103158607,450,0.6156400129150191,4790.910580504678,3891.0,3891.0000000000005,7099.0,64,2991.089419495321
36103159700,450,0.0,0.0,0.0,0.0,0.0,64,0.0
36105950201,248,0.0,0.0,0.0,0.0,0.0,3,0.0
36105950300,248,0.9975416844023759,2252.4491233805647,1129.0,1129.0,1994.0,3,5.5508766194352415
36105950400,248,0.9952766749532541,5157.523729607763,2591.0,2591.0,5306.0,3,24.476270392236927
36055000200,84,0.6457922589547074,4062.033308825109,3145.0,3144.999999999999,4210.0,89,2227.9666911748905
36055000700,84,0.5454946798847032,3763.9132912044524,3450.0,3450.000000000001,4577.0,89,3136.086708795548
36055001000,84,0.6768309368622614,4657.950507486083,3441.0,3441.0000000000005,5934.0,89,2224.049492513917
36055001300,84,0.5729697490681722,3450.423828888534,3011.0,3011.0,4358.0,89,2571.5761711114665
36055001600,84,0.0,0.0,0.0,0.0,0.0,89,0.0
36055001800,84,0.6864164764450371,8981.07317780687,6542.0,6542.000000000001,9344.0,89,4102.926822193134
36055001900,84,0.6295591164268858,4905.524635198294,3896.0,3895.9999999999995,5307.0,89,2886.475364801706
36055002000,84,0.7649898128606425,7960.483992627847,5203.0,5203.000000000001,7322.0,89,2445.5160073721536
36055002100,84,0.5644380178926598,5762.912162684056,5105.0,5105.0,7317.0,89,4447.087837315943
36055002200,84,0.5623506364106354,4323.351692724966,3844.0,3844.0000000000005,5312.0,89,3364.6483072750348
36055002300,84,0.537848465040373,5460.237617089868,5076.0,5076.000000000001,7143.0,89,4691.762382910133
36055002400,84,0.595508702978266,5202.364029218132,4368.0,4368.0,6297.0,89,3533.635970781869
36055003900,84,0.6276638638808965,4319.582711228329,3441.0,3441.0,4324.0,89,2562.4172887716704
36055004000,84,0.5201157740966957,2358.204919754418,2267.0,2267.0,3223.0,89,2175.7950802455816
36055004100,84,0.4173951907806832,1197.0894071589998,1434.0,1434.0000000000002,2253.0,89,1670.9105928410006
36055004602,84,0.613034384083561,5066.116150066548,4132.0,4132.0,4944.0,89,3197.8838499334515
36055004701,84,0.5846668914025804,5561.351471021346,4756.0,4756.000000000001,5743.0,89,3950.6485289786547
36055004702,84,0.42279220302392917,2223.04140349982,2629.0,2629.0000000000005,3622.0,89,3034.9585965001806
36055004800,84,0.5984964620290681,3857.908194239373,3223.0,3223.0,4295.0,89,2588.091805760627
36055004900,84,0.49623526169366683,2701.504764660322,2722.0,2722.0,3378.0,89,2742.495235339678
36055005000,84,0.5287381459383476,3254.9120263964674,3078.0,3078.0,3837.0,89,2901.087973603532
36055005100,84,0.49322851382921395,1957.130742874321,1984.0,1984.0000000000002,2544.0,89,2010.869257125679
36055005200,84,0.5627042727509437,3261.4339648644695,2898.0,2898.000000000001,3759.0,89,2534.566035135531
36055005400,84,0.5681164883705687,6032.260873518697,5309.0,5309.0,7433.0,89,4585.739126481301
36055005500,84,0.49821356121243243,3006.220628355818,3017.0,3017.0000000000005,3975.0,89,3027.779371644183
36055005600,84,0.43446399739618735,2880.4963027367216,3315.0,3314.9999999999995,4456.0,89,3749.503697263278
36055005700,84,0.5710397891264476,2647.340462390211,2318.0,2317.9999999999995,3231.0,89,1988.6595376097891
36055005800,84,0.6130223483184847,8156.875366725755,6653.0,6653.0,9390.0,89,5149.124633274244
36055005900,84,0.4770915701820778,1840.619277762456,1929.0,1928.9999999999998,2909.0,89,2017.3807222375438
36055006000,84,0.5751888668399607,3778.9908551385424,3285.0,3285.0000000000005,5203.0,89,2791.009144861458
36055006100,84,0.3405424448030141,1745.6205720602502,2563.0,2562.9999999999995,4559.0,89,3380.37942793975
36055007600,84,0.5726098826147312,4349.544668341498,3798.0,3798.0000000000005,5825.0,89,3246.4553316585016
36055007900,84,0.5832077115327235,3071.171808931322,2633.0,2633.0,3770.0,89,2194.828191068678
36055008000,84,0.5774420412605663,3835.3700380526816,3321.0,3321.000000000001,4343.0,89,2806.629961947319
36055008100,84,0.8330188553933643,10654.31116048113,6395.0,6394.999999999999,8705.0,89,2135.6888395188707
36055008200,84,0.60574281952373,6178.576759142046,5100.0,5100.0,7134.0,89,4021.4232408579533
36055008301,84,0.5983164992435193,6239.244454111418,5214.0,5214.0,7163.0,89,4188.755545888582
36055008400,84,0.5174808687579003,3969.078263373095,3835.0,3835.0000000000005,4949.0,89,3700.9217366269045
36055008500,84,0.6358615944295685,6507.407557392205,5117.0,5117.0,6698.0,89,3726.592442607796
36055008600,84,0.6398312241620795,7218.575870996581,5641.0,5641.000000000001,7798.0,89,4063.4241290034192
36055008801,84,0.0,0.0,0.0,0.0,0.0,89,0.0
36055009200,84,0.5073679090377805,1831.5981516263873,1805.0,1805.0000000000002,2553.0,89,1778.4018483736127
36055009301,84,0.5104321102614064,3466.8548928954724,3396.0,3395.999999999999,4742.0,89,3325.145107104527
36055009401,84,0.0,0.0,0.0,0.0,0.0,89,0.0
36055009402,84,0.0,0.0,0.0,0.0,0.0,89,0.0
36055009404,84,0.0,0.0,0.0,0.0,0.0,89,0.0
36055009605,84,0.0,0.0,0.0,0.0,0.0,89,0.0
36055010100,84,0.6591491654946257,8044.256415696411,6102.0,6101.999999999999,7840.0,89,4159.743584303588
36055010200,84,0.5701612097579335,6303.702335083713,5528.0,5527.999999999999,7882.0,89,4752.297664916287
36055010300,84,0.47105318750907765,5129.769211973856,5445.0,5445.0,7613.0,89,5760.230788026144
36055010400,84,0.6310031334431896,9129.353334656069,7234.0,7234.000000000001,10157.0,89,5338.646665343932
36055010500,84,0.5238559576595441,6322.941408950695,6035.0,6035.0,8684.0,89,5747.058591049304
36055010601,84,0.5067100884586593,4040.506245369348,3987.0,3986.9999999999995,5654.0,89,3933.4937546306514
36055010602,84,0.5296513967286866,5520.026856706373,5211.0,5211.000000000001,7525.0,89,4901.973143293629
36055010700,84,0.6055055212074638,6681.147921003156,5517.0,5517.0,7545.0,89,4352.852078996844
36055010800,84,0.6359986469123498,5032.021294370511,3956.0,3956.000000000001,5540.0,89,2879.9787056294895
36055010901,84,0.5667496954577207,8721.144313703408,7694.0,7694.0,10302.0,89,6666.855686296594
36055010902,84,0.5717946184150906,4697.864584898385,4108.0,4108.0,5938.0,89,3518.1354151016153
36055011000,84,0.5391065319953863,6882.233987453102,6383.0,6383.000000000001,9805.0,89,5883.766012546899
36055011100,84,0.5193087533134548,5438.201264698498,5236.0,5235.999999999999,8475.0,89,5033.798735301501
36055011201,84,0.626123794173201,4583.22617334783,3660.0,3660.0,7591.0,89,2736.773826652169
36055013401,84,0.6108452426637123,8410.11730099399,6884.0,6884.0,9027.0,89,5357.88269900601
36055013402,84,0.6785019625741553,6086.162604290173,4485.0,4484.999999999999,6059.0,89,2883.837395709827
36055013503,84,0.6706912664945075,11244.809774046913,8383.0,8383.0,12115.0,89,5521.190225953088
36055013505,84,0.6179945526851518,6507.482639774648,5265.0,5264.999999999999,7091.0,89,4022.517360225351
36055013507,84,0.5948454737897192,11356.789785593319,9546.0,9546.0,13125.0,89,7735.210214406681
36055013508,84,0.6599211277451097,7816.1058370130795,5922.0,5922.0,8948.0,89,4027.894162986921
36055013509,84,0.0,0.0,0.0,0.0,0.0,89,0.0
36055013510,84,0.0,0.0,0.0,0.0,0.0,89,0.0
36055013601,84,0.6529052738523564,10749.432428705197,8232.0,8232.0,10533.0,89,5714.567571294804
36055013603,84,0.6770133790888938,11103.019417057858,8200.0,8200.0,10715.0,89,5296.980582942141
36055013604,84,0.6736531477071339,11957.343371801628,8875.0,8875.0,11724.0,89,5792.656628198373
36055013701,84,0.6029271707595949,4968.119887059063,4120.0,4120.000000000001,5437.0,89,3271.8801129409376
36055013702,84,0.5767298816975646,6354.409836543767,5509.0,5509.0,7191.0,89,4663.590163456233
36055013800,84,0.595355917921749,10454.449918705912,8780.0,8780.0,11902.0,89,7105.550081294087
36055013901,84,0.6219711175807205,7101.6662205366665,5709.0,5709.0,8067.0,89,4316.3337794633335
36055013902,84,0.6158833418021339,7914.10094215742,6425.0,6424.999999999999,8184.0,89,4935.899057842579
36055014001,84,0.8026374637459481,11957.692934887134,7449.0,7449.000000000002,9817.0,89,2940.3070651128655
36055014003,84,0.6839702452667413,9768.463042899602,7141.0,7141.0,9493.0,89,4513.536957100399
36055014004,84,0.6580687234445854,7194.0072846962075,5466.0,5465.999999999999,7158.0,89,3737.992715303791
36055014102,84,0.5645744874836772,7022.177475321978,6219.0,6219.0,8861.0,89,5415.822524678023
36055014103,84,0.6222441233716856,7751.91728896446,6229.0,6229.000000000001,8243.0,89,4706.08271103554
36055014104,84,0.6497502203155958,6784.691800535451,5221.0,5221.0,8015.0,89,3657.308199464549
36055014205,84,0.0,0.0,0.0,0.0,0.0,89,0.0
36055014206,84,0.0,0.0,0.0,0.0,0.0,89,0.0
36055014301,84,0.5407398214255923,4390.807349975809,4060.0,4060.0000000000005,6413.0,89,3729.1926500241907
36055014302,84,0.5107035616127199,6607.482680145371,6469.0,6469.0,10447.0,89,6330.51731985463
36055980100,84,0.15890544331412637,5.720595959308547,18.0,17.999999999999996,22.0,89,30.27940404069145
36055980200,84,0.0,0.0,0.0,0.0,0.0,89,0.0
36003951100,57,0.9997970881362394,7730.431085469403,3866.0,3866.0000000000005,7248.0,2,1.5689145305973438
36003951201,57,0.0,0.0,0.0,0.0,0.0,2,0.0
36119007800,401,0.9591609609548178,10368.52998792158,5405.0,5404.999999999999,8268.0,8,441.4700120784189
36119007901,401,0.0,0.0,0.0,0.0,0.0,8,0.0
36119007902,401,0.0,0.0,0.0,0.0,0.0,8,0.0
36119008000,401,0.9280748460601982,12963.349449768846,6984.0,6983.999999999999,9864.0,8,1004.6505502311525
36119008100,401,0.918054186362901,11729.060284972424,6388.0,6388.0,9842.0,8,1046.9397150275768
36119008301,401,0.9176861510675935,6282.479390208745,3423.0,3423.0,5321.0,8,563.520609791255
36119008302,401,0.9479753557763008,15575.235095404621,8215.0,8215.0,13409.0,8,854.764904595379
36119012304,401,0.9880404297736074,10520.654496229372,5324.0,5324.000000000001,10526.0,8,127.34550377062797
36103180300,467,0.9836341826502113,6238.20798636764,3171.0,3171.0,4507.0,6,103.7920136323601
36103190708,467,0.9585589438659444,2668.6280997227896,1392.0,1392.0,2933.0,6,115.37190027721066
36103190711,467,0.0,0.0,0.0,0.0,0.0,6,0.0
36103200905,467,0.0,0.0,0.0,0.0,0.0,6,0.0
36103200906,467,0.0,0.0,0.0,0.0,0.0,6,0.0
36103201009,467,0.0,0.0,0.0,0.0,0.0,6,0.0
36015010302,107,0.0,0.0,0.0,0.0,0.0,9,0.0
36015010600,107,0.9391583411491001,5633.071730212303,2999.0,2999.0000000000005,5457.0,9,364.92826978769733
36015010900,107,0.9344687661563402,10892.1679383183,5828.0,5827.999999999999,11203.0,9,763.8320616816989
36015011200,107,0.9421385026204399,9347.898223000004,4961.0,4960.999999999999,9528.0,9,574.1017769999958
36101962500,107,0.8605398731588015,5822.412781792452,3383.0,3383.0000000000005,4766.0,9,943.5872182075485
36101962600,107,0.8118086540041559,7247.827662949105,4464.0,4464.0,6606.0,9,1680.1723370508957
36101962700,107,0.8632154768327629,6113.292006929627,3541.0,3541.0,4723.0,9,968.7079930703733
36101962800,107,0.7802689939371743,7487.4612658211245,4798.0,4797.999999999999,7369.0,9,2108.5387341788755
36101962900,107,0.830260975323353,7414.230509637541,4465.0,4465.0,6349.0,9,1515.7694903624586
36029000110,32,0.5606672441577826,4622.140760836759,4122.0,4122.000000000001,5646.0,127,3621.8592391632405
36029000200,32,0.5601350345250071,6857.173092655136,6121.0,6120.999999999999,9157.0,127,5384.826907344863
36029000600,32,0.5955348254142608,9031.881162232681,7583.0,7583.0,10670.0,127,6134.11883776732
36029000700,32,0.533240474883968,5231.089058611727,4905.0,4905.000000000002,7016.0,127,4578.910941388275
36029000800,32,0.6564146294890723,7752.256774265944,5905.0,5904.999999999999,8874.0,127,4057.743225734056
36029000900,32,0.5215143745726672,3903.0135793018426,3742.0,3742.000000000001,5172.0,127,3580.986420698159
36029001000,32,0.6080418722411414,9884.328675151995,8128.0,8128.0,10862.0,127,6371.671324848005
36029001100,32,0.6056036617479121,5151.264746827741,4253.0,4253.0,5499.0,127,3354.7352531722595
36029001403,32,0.0,0.0,0.0,0.0,0.0,127,0.0
36029001404,32,0.0,0.0,0.0,0.0,0.0,127,0.0
36029001500,32,0.4621652989250902,1732.195540371238,1874.0,1874.0,2988.0,127,2015.804459628762
36029001601,32,0.0,0.0,0.0,0.0,0.0,127,0.0
36029001602,32,0.0,0.0,0.0,0.0,0.0,127,0.0
36029001700,32,0.49580425199224976,2510.752732088753,2532.0,2531.999999999999,3407.0,127,2553.247267911247
36029001900,32,0.5428939707260354,5078.230202171335,4677.0,4676.999999999999,5777.0,127,4275.769797828665
36029002300,32,0.590654325014975,6687.388267819548,5661.0,5661.000000000001,7813.0,127,4634.611732180453
36029002400,32,0.5548971641909521,6468.991140138122,5829.0,5829.000000000001,7692.0,127,5189.0088598618795
36029002502,32,0.505399075885185,2797.8892841003835,2768.0,2767.9999999999995,4169.0,127,2738.1107158996165
36029002703,32,0.0,0.0,0.0,0.0,0.0,127,0.0
36029002704,32,0.0,0.0,0.0,0.0,0.0,127,0.0
36029002801,32,0.0,0.0,0.0,0.0,0.0,127,0.0
36029002802,32,0.0,0.0,0.0,0.0,0.0,127,0.0
36029002900,32,0.44145405751008615,1900.9011716384312,2153.0,2152.9999999999986,2973.0,127,2405.098828361568
36029003000,32,0.5454922406169662,4513.402798864779,4137.0,4137.000000000001,5775.0,127,3760.597201135222
36029003100,32,0.6413929668374765,3622.5874766980683,2824.0,2824.0,4269.0,127,2025.4125233019324
36029003301,32,0.555301807048467,5982.821669140185,5387.0,5387.000000000001,7968.0,127,4791.178330859817
36029003302,32,0.5287649984174796,4410.957616798615,4171.0,4171.0,6048.0,127,3931.0423832013853
36029003400,32,0.4661787464631114,3028.2971370243704,3248.0,3247.999999999999,4650.0,127,3467.702862975628
36029003501,32,0.0,0.0,0.0,0.0,0.0,127,0.0
36029003502,32,0.0,0.0,0.0,0.0,0.0,127,0.0
36029003600,32,0.4827439808347719,3952.7077150751124,4094.0,4094.0000000000014,5279.0,127,4235.292284924889
36029003700,32,0.5775224833522015,7488.1565191446425,6483.0,6483.0,8321.0,127,5477.843480855357
36029003800,32,0.596062524899854,6123.946380821102,5137.0,5137.000000000001,6610.0,127,4150.0536191789
36029003901,32,0.4354794934711965,1234.148884497371,1417.0,1417.0,1846.0,127,1599.851115502629
36029004002,32,0.0,0.0,0.0,0.0,0.0,127,0.0
36029004003,32,0.0,0.0,0.0,0.0,0.0,127,0.0
36029004100,32,0.5838703122115353,8412.403458343802,7204.0,7204.0,9781.0,127,5995.596541656199
36029004200,32,0.5827060736988802,6304.8797174218835,5410.0,5410.000000000003,7183.0,127,4515.120282578118
36029004300,32,0.603760281950809,10975.154405301804,9089.0,9089.000000000002,11703.0,127,7202.845594698195
36029004401,32,0.6177856887947641,8200.4872330617,6637.0,6637.0,8838.0,127,5073.512766938302
36029004402,32,0.49471872437278586,4052.7357900618626,4096.0,4095.999999999999,5317.0,127,4139.264209938137
36029004500,32,0.5815107464656455,8786.627379095902,7555.0,7554.999999999999,12249.0,127,6323.372620904098
36029004601,32,0.45025558855597103,3797.4556338810603,4217.0,4217.0,5927.0,127,4636.54436611894
36029004701,32,0.0,0.0,0.0,0.0,0.0,127,0.0
36029004702,32,0.0,0.0,0.0,0.0,0.0,127,0.0
36029004800,32,0.5307208311630796,6085.245050115869,5733.0,5732.999999999998,8006.0,127,5380.754949884129
36029004901,32,0.0,0.0,0.0,0.0,0.0,127,0.0
36029004902,32,0.0,0.0,0.0,0.0,0.0,127,0.0
36029005100,32,0.5507698883606088,5689.452946765091,5165.0,5165.000000000003,8084.0,127,4640.547053234913
36029005201,32,0.4314757489646929,2449.9193026215257,2839.0,2838.9999999999995,4730.0,127,3228.080697378474
36029005202,32,0.5205096671206062,4918.81635428973,4725.0,4725.000000000001,6970.0,127,4531.183645710271
36029005300,32,0.38014962440754807,1401.2315155662216,1843.0,1843.0000000000007,3162.0,127,2284.768484433778
36029007903,32,0.5516306719054027,4332.507297145034,3927.0,3927.0,6530.0,127,3521.492702854967
36029007904,32,0.5276918505438484,5613.585906085458,5319.0,5319.0,7353.0,127,5024.414093914542
36029008001,32,0.5237365903346496,8546.333681080812,8159.0,8158.999999999999,11924.0,127,7771.666318919188
36029008002,32,0.5929328138841088,9348.17874369686,7883.0,7883.000000000003,11577.0,127,6417.821256303142
36029008003,32,0.5369674550018739,9043.60587714156,8421.0,8420.999999999998,11305.0,127,7798.394122858438
36029008102,32,0.523104707447025,5544.9098989384665,5300.0,5300.000000000001,8757.0,127,5055.090101061535
36029008500,32,0.5641732438216418,4563.033196029438,4044.0,4043.9999999999995,5946.0,127,3524.9668039705616
36029008600,32,0.520141959702167,6057.573262691438,5823.0,5823.0,8706.0,127,5588.426737308562
36029008900,32,0.5427897975004602,6153.065144465216,5668.0,5668.000000000001,9636.0,127,5182.934855534783
36029009011,32,0.0,0.0,0.0,0.0,0.0,127,0.0
36029009012,32,0.0,0.0,0.0,0.0,0.0,127,0.0
36029009104,32,0.5236655597426405,6478.79030513595,6186.0,6186.0,10323.0,127,5893.209694864051
36029009109,32,0.49003399822973526,3637.032334861096,3711.0,3710.9999999999986,6275.0,127,3784.967665138904
36029009200,32,0.45438020104992893,4710.105164083564,5183.0,5183.000000000001,7716.0,127,5655.894835916437
36029009301,32,0.5225176432378537,8676.927983607795,8303.0,8303.0,11182.0,127,7929.072016392202
36029009302,32,0.49403946675011345,3966.1488390699114,4014.0,4014.0000000000005,5439.0,127,4061.8511609300895
36029009401,32,0.7027199429832252,10913.240714529487,7765.0,7765.000000000002,11063.0,127,4616.759285470514
36029009402,32,0.63270478197841,7333.0484231297705,5795.0,5794.999999999998,8325.0,127,4256.951576870228
36029009501,32,0.5530731257571135,8616.87929929583,7790.0,7789.999999999999,11384.0,127,6963.12070070417
36029009503,32,0.0,0.0,0.0,0.0,0.0,127,0.0
36029009504,32,0.0,0.0,0.0,0.0,0.0,127,0.0
36029009601,32,0.0,0.0,0.0,0.0,0.0,127,0.0
36029009602,32,0.0,0.0,0.0,0.0,0.0,127,0.0
36029009701,32,0.5380379571084513,4643.2675698459325,4315.0,4315.000000000001,6159.0,127,3986.732430154066
36029009702,32,0.6284429977350565,9612.664093355424,7648.0,7647.999999999998,9907.0,127,5683.335906644574
36029009800,32,0.4368775203165076,2492.823130925992,2853.0,2853.0,3727.0,127,3213.1768690740078
36029009900,32,0.6424969592634886,7559.619222694208,5883.0,5882.999999999998,7736.0,127,4206.3807773057915
36029010001,32,0.6228845029150719,4107.3004122219845,3297.0,3297.0,4762.0,127,2486.699587778016
36029010002,32,0.5109115399386499,6406.83071083067,6270.0,6270.000000000001,7754.0,127,6133.16928916933
36029010003,32,0.5307576568944332,5765.089669187334,5431.0,5431.000000000002,7251.0,127,5096.910330812668
36029010101,32,0.5476425206853595,7317.599361397772,6681.0,6681.000000000001,8879.0,127,6044.400638602227
36029010102,32,0.5519596180847592,6344.223850266224,5747.0,5746.999999999999,6986.0,127,5149.776149733778
36029010103,32,0.5587680628627163,7645.0646360876835,6841.0,6841.000000000002,9085.0,127,6036.935363912317
36029010201,32,0.5266929243073957,4159.820716179811,3949.0,3949.000000000001,5704.0,127,3738.17928382019
36029010202,32,0.607474769686088,7424.55663510337,6111.0,6111.000000000002,8096.0,127,4797.443364896632
36029010300,32,0.4575387092721085,2070.8201981655634,2263.0,2263.0000000000005,3231.0,127,2455.179801834437
36029010400,32,0.4426741151308409,2733.0699868178117,3087.0,3086.9999999999995,3732.0,127,3440.9300131821883
36029010500,32,0.5069254794428929,3021.275857479642,2980.0,2980.000000000001,3744.0,127,2938.724142520359
36029010600,32,0.49202301254141734,4209.748895304368,4278.0,4278.000000000001,5640.0,127,4346.251104695633
36029010700,32,0.5738202779912656,3667.85921692017,3196.0,3196.0000000000005,3956.0,127,2724.1407830798303
36029010803,32,0.5496822117356971,2834.1614837092548,2578.0,2578.000000000001,3530.0,127,2321.838516290746
36029010804,32,0.5311224168755311,5053.098674153802,4757.0,4757.0,6450.0,127,4460.901325846197
36029010805,32,0.603075333375272,10270.37292738088,8515.0,8515.000000000002,10692.0,127,6759.627072619119
36029010807,32,0.5852427861970085,10556.609377421642,9019.0,9019.000000000004,12174.0,127,7481.390622578361
36029010808,32,0.4863905374744034,5154.766916153728,5299.0,5299.000000000001,7282.0,127,5443.233083846273
36029010809,32,0.4952302468861909,5136.528120703571,5186.0,5186.0,6470.0,127,5235.471879296429
36029010901,32,0.579538317173058,4536.6259468307,3914.0,3914.0000000000005,4937.0,127,3291.3740531693015
36029010902,32,0.6213132799683565,8933.24233938503,7189.0,7188.999999999999,9148.0,127,5444.75766061497
36029011000,32,0.3918807578347936,2105.967192604181,2687.0,2687.0,3451.0,127,3268.032807395819
36029011100,32,0.5055039618004661,3733.6522618582426,3693.0,3693.0000000000014,4451.0,127,3652.3477381417583
36029011201,32,0.0,0.0,0.0,0.0,0.0,127,0.0
36029011202,32,0.0,0.0,0.0,0.0,0.0,127,0.0
36029011300,32,0.5259568980676717,8179.681678748428,7776.0,7775.999999999998,10422.0,127,7372.31832125157
36029011400,32,0.5078606977149919,3611.9052821490227,3556.0,3556.0000000000005,4823.0,127,3500.0947178509778
36029011500,32,0.545926924411068,2688.1441758000983,2462.0,2461.9999999999986,3305.0,127,2235.8558241999003
36029011600,32,0.4481632495450897,2651.33378430875,2958.0,2957.999999999999,4025.0,127,3264.666215691249
36029011700,32,0.566440408751679,5392.512691315985,4760.0,4760.000000000001,7337.0,127,4127.487308684015
36029011800,32,0.5887730483026679,5084.644045141839,4318.0,4318.0,6833.0,127,3551.3559548581607
36029014207,32,0.5547792890523384,8893.112003508984,8015.0,8015.0,11634.0,127,7136.887996491016
36029014209,32,0.6448836028738989,7407.133062609604,5743.0,5743.000000000002,8056.0,127,4078.866937390397
36029014300,32,0.6933184241552943,13738.79789306131,9908.0,9908.000000000004,13703.0,127,6077.20210693869
36029014400,32,0.7974498824783893,7980.87842384372,5004.0,5004.000000000001,6862.0,127,2027.1215761562794
36029014501,32,0.5957930310815365,6470.312317545486,5430.0,5430.000000000002,7396.0,127,4389.687682454514
36029014502,32,0.5622624521768763,3407.3104601918712,3030.0,3030.0000000000005,3890.0,127,2652.6895398081297
36029014601,32,0.6928849084022102,9988.628839526262,7208.0,7208.000000000001,11750.0,127,4427.371160473739
36029014603,32,0.502980138557115,5553.906689947665,5521.0,5520.999999999998,9512.0,127,5488.093310052335
36029016300,32,0.4401871275069069,2565.410579110254,2914.0,2913.9999999999995,3851.0,127,3262.589420889746
36029016400,32,0.559465250890357,4038.220180926596,3609.0,3608.9999999999995,5468.0,127,3179.7798190734034
36029016600,32,0.5700348733947489,4744.970286137891,4162.0,4162.000000000001,5949.0,127,3579.02971386211
36029016700,32,0.4698152506886426,2367.8688634707587,2520.0,2520.0,3162.0,127,2672.1311365292413
36029016801,32,0.0,0.0,0.0,0.0,0.0,127,0.0
36029016802,32,0.0,0.0,0.0,0.0,0.0,127,0.0
36029017000,32,0.4868707696043585,4150.086440107552,4262.0,4262.000000000001,5581.0,127,4373.913559892449
36029017301,32,0.0,0.0,0.0,0.0,0.0,127,0.0
36029980500,32,0.0,0.0,0.0,0.0,0.0,127,0.0
36067016001,147,0.9396197710915515,5921.483797418958,3151.0,3151.000000000001,6232.0,5,380.5162025810427
36067016501,147,0.9196822100119402,3110.365234260382,1691.0,1691.0000000000002,2714.0,5,271.6347657396183
36067016502,147,0.9793255711407607,9834.38738539552,5021.0,5020.999999999999,9737.0,5,207.612614604481
36067016801,147,0.9583304717108329,3528.572796839286,1841.0,1840.9999999999995,4072.0,5,153.42720316071345
36067016802,147,0.9201406334337664,4786.5715751224525,2601.0,2601.0,5060.0,5,415.4284248775472
36065021900,212,0.8945859285893245,5022.205403100467,2807.0,2806.9999999999995,3333.0,14,591.7945968995324
36065022000,212,0.7997085006778835,9981.961505461342,6241.0,6241.0,7457.0,14,2500.038494538658
36065022100,212,0.8380508243504037,7711.743685672416,4601.0,4601.000000000002,5855.0,14,1490.2563143275856
36065022200,212,0.6696603891842676,6533.206756881714,4878.0,4877.999999999999,6414.0,14,3222.793243118285
36065022400,212,0.8337302993027331,9419.484921522277,5649.0,5648.999999999999,6969.0,14,1878.515078477721
36065022500,212,0.7361263545508212,9696.256342143415,6586.0,6585.999999999998,7766.0,14,3475.7436578565826
36065022701,212,0.8416985593888084,5430.639105176592,3226.0,3225.9999999999995,4131.0,14,1021.3608948234082
36065022702,212,0.7586818490975653,8133.0694223259,5360.0,5360.000000000002,7315.0,14,2586.9305776741
36065023702,212,0.8682332256393409,8473.956282239966,4880.0,4879.999999999998,8677.0,14,1286.0437177600325
36065024301,212,0.7125329011476067,8191.278231592884,5748.0,5748.0,7176.0,14,3304.7217684071143
36065025900,212,0.0,0.0,0.0,0.0,0.0,14,0.0
36065026300,212,0.9116974919123014,8478.786674784402,4650.0,4649.999999999999,6339.0,14,821.2133252155967
36065026600,212,0.0,0.0,0.0,0.0,0.0,14,0.0
36065980100,212,0.0,0.0,0.0,0.0,0.0,14,0.0
36001012700,411,0.6669691408979994,3261.479098991218,2445.0,2445.0,5144.0,28,1628.5209010087826
36001013100,411,0.6012965106824144,3363.6526807574255,2797.0,2796.999999999999,4429.0,28,2230.3473192425736
36083040100,411,0.7177599242370594,9211.730867658418,6417.0,6416.999999999999,9087.0,28,3622.269132341581
36083040200,411,0.6842369816265392,8384.63997285161,6127.0,6126.999999999999,8824.0,28,3869.360027148389
36083040300,411,0.6900934693111052,4557.377271330538,3302.0,3301.999999999999,4864.0,28,2046.6227286694611
36083040400,411,0.7129311946502626,4083.6698829567035,2864.0,2864.0000000000014,3924.0,28,1644.330117043297
36083040500,411,0.6668198537621344,3199.40165835072,2399.0,2399.0000000000005,3777.0,28,1598.5983416492795
36083040600,411,0.7618609270308851,5976.037111630263,3922.0,3922.0,4702.0,28,1867.9628883697364
36083040701,411,0.0,0.0,0.0,0.0,0.0,28,0.0
36083040702,411,0.0,0.0,0.0,0.0,0.0,28,0.0
36083040800,411,0.5343481165279527,2074.339388361512,1941.0,1940.9999999999998,3233.0,28,1807.6606116384878
36083040900,411,0.7038389758421815,4579.176376829232,3253.0,3253.0,4725.0,28,1926.8236231707679
36083041000,411,0.7290883209850478,7327.3376258997305,5025.0,5024.999999999999,8610.0,28,2722.662374100269
36083041101,411,0.0,0.0,0.0,0.0,0.0,28,0.0
36083041102,411,0.0,0.0,0.0,0.0,0.0,28,0.0
36083041200,411,0.6992575906393432,4843.058072768093,3463.0,3462.9999999999995,5232.0,28,2082.9419272319083
36083041300,411,0.7313546696452007,10142.426558639641,6934.0,6934.0,8659.0,28,3725.5734413603573
36083041400,411,0.6942020633946611,7525.150367198126,5420.0,5420.000000000001,7975.0,28,3314.8496328018746
36083051902,411,0.7924766310365797,7593.511078592507,4791.0,4791.000000000002,7457.0,28,1988.4889214074933
36083052002,411,0.7486184775856158,3419.689205611093,2284.0,2284.0000000000005,3412.0,28,1148.310794388907
36083052003,411,0.7952329921619883,9630.271535081678,6055.0,6054.999999999999,9362.0,28,2479.728464918322
36083052004,411,0.787042263082546,10821.831117385005,6875.0,6874.999999999999,11253.0,28,2928.1688826149925
36083052201,411,0.8763606101226824,8174.691771224382,4664.0,4664.000000000002,8861.0,28,1153.3082287756192
36083052303,411,0.5902243903351776,1429.5234733918,1211.0,1211.0,2390.0,28,992.4765266082001
36083052305,411,0.0,0.0,0.0,0.0,0.0,28,0.0
36083052306,411,0.0,0.0,0.0,0.0,0.0,28,0.0
36091062700,411,0.9237070207680127,12573.49996669419,6806.0,6806.000000000001,11794.0,28,1038.5000333058115
36091062800,411,0.6424271694189299,3304.645359490975,2572.0,2572.0,4432.0,28,1839.3546405090249
36113075002,389,0.0,0.0,0.0,0.0,0.0,1,0.0
36025970102,251,0.0,0.0,0.0,0.0,0.0,2,0.0
36025970200,251,0.9999097672146564,3923.6459265503117,1962.0,1961.9999999999998,3497.0,2,0.354073449688064
36067000100,148,0.63297609613488,786.156311399521,621.0,621.0,1216.0,37,455.84368860047897
36067002000,148,0.6324410065939183,3518.901760688561,2782.0,2781.9999999999995,3772.0,37,2045.0982393114386
36067002101,148,0.6029456122523114,3583.9087192277384,2972.0,2972.0000000000005,4648.0,37,2360.0912807722616
36067002700,148,0.7216172308507192,3833.2307302790214,2656.0,2656.0000000000005,3761.0,37,1478.7692697209795
36067002901,148,0.712500459805905,4588.502961150029,3220.0,3220.000000000001,5110.0,37,1851.4970388499717
36067003800,148,0.6333484963346805,3149.0087237760317,2486.0,2486.0000000000005,4314.0,37,1822.9912762239685
36067004800,148,0.7202079988221854,3387.8584264595597,2352.0,2352.0,3310.0,37,1316.1415735404398
36067004900,148,0.6349967901972489,2252.9686116198386,1774.0,1773.9999999999998,2466.0,37,1295.031388380161
36067005000,148,0.7899595976487465,5583.434436181339,3534.0,3534.0,5467.0,37,1484.5655638186602
36067011011,148,0.8038956614025619,7379.7621716755175,4590.0,4590.0,7365.0,37,1800.237828324482
36067011012,148,0.6981786207483915,6927.32827506554,4961.0,4960.999999999998,8058.0,37,2994.6717249344583
36067011101,148,0.7377546516696256,10471.689525798665,7097.0,7097.0,11286.0,37,3722.3104742013343
36067011102,148,0.7639505127052751,7560.054273731403,4948.0,4948.0,7335.0,37,2335.9457262685974
36067011500,148,0.742204850928643,11576.911264784972,7799.0,7798.999999999999,13569.0,37,4021.0887352150266
36067011700,148,0.7574945565105529,6161.460722656835,4067.0,4066.999999999999,6571.0,37,1972.5392773431631
36067011800,148,0.7876312770243961,12852.567178484092,8159.0,8159.0,11987.0,37,3465.432821515906
36067011900,148,0.7587891137841931,7522.635274056491,4957.0,4957.0,7053.0,37,2391.3647259435093
36067012100,148,0.7632450857783895,11151.010703222268,7305.0,7304.999999999998,10029.0,37,3458.9892967777287
36067012200,148,0.7086139276457565,2599.1958866046343,1834.0,1834.0,2378.0,37,1068.8041133953652
36067012300,148,0.7129304653005972,7598.412899173767,5329.0,5329.000000000001,7315.0,37,3059.587100826235
36067012400,148,0.7585347630123007,9945.907812617288,6556.0,6556.0,8503.0,37,3166.0921873827124
36067012500,148,0.7197530702674035,8840.00720902425,6141.0,6140.999999999999,8142.0,37,3441.9927909757503
36067012600,148,0.685237491602738,12334.274848849283,9000.0,9000.0,11694.0,37,5665.7251511507175
36067012700,148,0.6751489211289519,3890.2080835450215,2881.0,2881.000000000001,3731.0,37,1871.7919164549796
36067012800,148,0.6578478896726749,6062.726151223372,4608.0,4607.999999999999,6600.0,37,3153.2738487766273
36067012900,148,0.6374337630496033,5206.55897658916,4084.0,4084.0,5657.0,37,2961.44102341084
36067013000,148,0.6993768040291567,7556.06699073101,5402.0,5401.999999999999,7280.0,37,3247.933009268991
36067013100,148,0.7553250216045074,10258.824443432419,6791.0,6791.0,9132.0,37,3323.1755565675803
36067013200,148,0.7006446875935873,6067.582994560467,4330.0,4330.000000000001,5783.0,37,2592.4170054395336
36067013300,148,0.5967873180777616,3534.174497656504,2961.0,2961.0000000000005,4484.0,37,2387.825502343496
36067013400,148,0.7621940906215474,12201.20300266973,8004.0,8004.0,11037.0,37,3806.7969973302693
36067013500,148,0.8245718810551785,12111.31178893846,7344.0,7343.999999999998,11822.0,37,2576.6882110615384
36067013600,148,0.6446144189401959,4152.606086812742,3221.0,3221.0000000000005,5010.0,37,2289.393913187258
36067013701,148,0.6670088005434971,8499.02613652524,6371.0,6371.0,9902.0,37,4242.973863474759
36067016002,148,0.788692570539,7800.169522630708,4945.0,4944.999999999999,6836.0,37,2089.8304773692907
36067016300,148,0.8125642110771496,17931.66701005054,11034.0,11034.0,15904.0,37,4136.332989949462
36067016400,148,0.7818940753041531,10397.627413394628,6649.0,6648.999999999999,9017.0,37,2900.3725866053724
36049950700,196,1.0,9462.0,4731.0,4731.0,8564.0,1,0.0
36071010601,320,0.0,0.0,0.0,0.0,0.0,12,0.0
36071010602,320,0.0,0.0,0.0,0.0,0.0,12,0.0
36071010701,320,0.0,0.0,0.0,0.0,0.0,12,0.0
36071010702,320,0.0,0.0,0.0,0.0,0.0,12,0.0
36071010801,320,0.878248147167115,6597.4000815193685,3756.0,3756.0000000000005,6821.0,12,914.599918480632
36071010802,320,0.8931562274707481,13356.258225597567,7477.0,7476.999999999999,11747.0,12,1597.7417744024326
36071010901,320,0.9139911697093756,6736.1149207580975,3685.0,3684.9999999999995,6179.0,12,633.8850792419025
36071010902,320,0.8103408818835294,12223.181862331157,7542.0,7541.999999999999,12967.0,12,2860.8181376688426
36071011000,320,0.96929933935995,8975.711882473139,4630.0,4630.000000000002,8773.0,12,284.2881175268621
36111954401,320,0.0,0.0,0.0,0.0,0.0,12,0.0
36111954402,320,0.0,0.0,0.0,0.0,0.0,12,0.0
36111955400,320,0.9520799332639895,8702.010590032864,4570.0,4570.0,9107.0,12,437.9894099671355
36077590302,230,0.0,0.0,0.0,0.0,0.0,2,0.0
36077590401,230,0.0,0.0,0.0,0.0,0.0,2,0.0
36115081002,437,0.0,0.0,0.0,0.0,0.0,2,0.0
36115085000,437,0.9999383763367973,2943.818579935531,1472.0,1472.0,3679.0,2,0.18142006446889647
36025971000,274,1.0,4574.0,2287.0,2287.0,5174.0,1,0.0
36067015701,161,0.0,0.0,0.0,0.0,0.0,6,0.0
36067015702,161,0.0,0.0,0.0,0.0,0.0,6,0.0
36067015800,161,0.9574686146796721,9251.061755034993,4831.0,4831.000000000001,8193.0,6,410.938244965008
36067016100,161,0.9536959829809906,4694.091628232436,2461.0,2461.0000000000005,5278.0,6,227.90837176756463
36067016200,161,0.89925908146649,3850.62738683951,2141.0,2141.0,3958.0,6,431.37261316048995
36067940000,161,0.8479290238760502,176.36923696621844,104.0,104.0,158.0,6,31.63076303378156
36105950500,271,0.964451616218021,5815.643245794667,3015.0,3015.0,5229.0,9,214.356754205333
36105950701,271,0.0,0.0,0.0,0.0,0.0,9,0.0
36105950702,271,0.0,0.0,0.0,0.0,0.0,9,0.0
36105950801,271,0.0,0.0,0.0,0.0,0.0,9,0.0
36105950802,271,0.0,0.0,0.0,0.0,0.0,9,0.0
36105950900,271,0.7764068577030556,6618.092055060846,4262.0,4262.0,6535.0,9,1905.907944939154
36105951000,271,0.8579492328238183,3555.341620821903,2072.0,2072.0,3396.0,9,588.6583791780969
36105951500,271,0.9588558383956426,4404.983721589581,2297.0,2296.9999999999995,3943.0,9,189.01627841041812
36105951900,271,0.8742377755142677,2734.6157618086295,1564.0,1564.0,2284.0,9,393.3842381913705
36029015003,40,0.9917870438741534,5974.525152297901,3012.0,3012.0000000000005,6689.0,3,49.47484770209962
36029015101,40,0.9594544522322441,5948.617603839913,3100.0,3099.999999999999,6320.0,3,251.38239616008659
36029015102,40,0.9260692053185982,4982.252324614058,2690.0,2690.0,5158.0,3,397.74767538594176
36107020200,143,1.0,10560.0,5280.0,5280.0,9563.0,1,0.0
36113073500,359,1.0,3030.0,1515.0,1515.0,3988.0,1,0.0
36031960300,365,0.9998750273108741,4129.48386279391,2065.0,2064.9999999999995,4514.0,3,0.5161372060898645
36031960401,365,0.0,0.0,0.0,0.0,0.0,3,0.0
36031960402,365,0.0,0.0,0.0,0.0,0.0,3,0.0
36009960500,18,1.0,8844.0,4422.0,4422.0,9273.0,1,0.0
36027070201,349,0.9128193828036961,5316.260085448726,2912.0,2911.9999999999995,5535.0,13,507.7399145512735
36027140500,349,0.9074275998066829,4876.515921361114,2687.0,2687.0,5627.0,13,497.4840786388862
36027220101,349,0.0,0.0,0.0,0.0,0.0,13,0.0
36027220102,349,0.0,0.0,0.0,0.0,0.0,13,0.0
36027220201,349,0.8983344233897758,5079.182829845791,2827.0,2827.0,5413.0,13,574.817170154208
36027220700,349,0.8672237254273292,3942.3990557926386,2273.0,2273.0000000000005,3860.0,13,603.6009442073614
36027220801,349,0.8549355303199452,7667.061835909268,4484.0,4483.999999999999,8530.0,13,1300.9381640907318
36111952800,349,0.8335788306298683,6605.278653911077,3962.0,3962.0000000000005,6602.0,13,1318.721346088924
36111953300,349,0.8127843611381448,9620.11569843108,5918.0,5918.0,8563.0,13,2215.884301568918
36111953400,349,0.8657539663550746,10652.23680203284,6152.0,6152.000000000001,8228.0,13,1651.763197967162
36111953500,349,0.8095800671551736,12796.222541454676,7903.0,7903.0,9929.0,13,3009.777458545325
36111953600,349,0.6887550837154011,10197.70776949023,7403.0,7403.0,10800.0,13,4608.292230509773
36111953700,349,0.8359815386253893,10986.469380614864,6571.0,6570.999999999999,9020.0,13,2155.530619385135
36071014102,318,0.9196114285263942,11245.008548020749,6114.0,6114.000000000002,13131.0,13,982.9914519792515
36071014201,318,0.8880723797810172,5841.740114199531,3289.0,3288.9999999999986,6482.0,13,736.259885800469
36071014202,318,0.9094024553134452,11167.462151249105,6140.0,6139.999999999998,12865.0,13,1112.5378487508933
36071014302,318,0.911108683771207,13528.141736634881,7424.0,7424.0,15360.0,13,1319.8582633651183
36071014400,318,0.932285523838584,9645.42602963399,5173.0,5173.0,8672.0,13,700.5739703660099
36071014502,318,0.9697200304224622,11413.604758072379,5885.0,5885.0,9237.0,13,356.3952419276194
36071014601,318,0.0,0.0,0.0,0.0,0.0,13,0.0
36071014602,318,0.0,0.0,0.0,0.0,0.0,13,0.0
36071014700,318,0.8078247753996328,7281.732525452291,4507.0,4506.999999999999,7069.0,13,1732.2674745477093
36071014801,318,0.0,0.0,0.0,0.0,0.0,13,0.0
36071014802,318,0.0,0.0,0.0,0.0,0.0,13,0.0
36071014900,318,0.9246161951186092,6777.4367102194055,3665.0,3665.0,5227.0,13,552.5632897805945
36087011700,318,0.9686439807385623,6346.55536179906,3276.0,3276.0,5380.0,13,205.4446382009399
36029012001,31,0.7401062397261213,8392.804758494216,5670.0,5670.0,9216.0,26,2947.1952415057835
36029012002,31,0.7856546062136026,6179.959132476198,3933.0,3933.0,7063.0,26,1686.040867523802
36029012003,31,0.8286977059380856,11646.517559253856,7027.0,7027.000000000001,11119.0,26,2407.482440746145
36029012300,31,0.7950046669641353,6507.908203768411,4093.0,4093.0000000000005,6385.0,26,1678.091796231589
36029012400,31,0.7623670253931194,4278.4037465061865,2806.0,2805.9999999999995,3975.0,26,1333.5962534938137
36029012501,31,0.8127565048160044,9884.744611572245,6081.0,6080.999999999999,9341.0,26,2277.2553884277545
36029012502,31,0.7292549658081726,3512.091915332159,2408.0,2408.0000000000005,3598.0,26,1303.908084667841
36029012800,31,0.7509953016361859,3771.498404816926,2511.0,2511.0,4646.0,26,1250.5015951830744
36029012902,31,0.7920576794976424,7061.986270400979,4458.0,4457.999999999999,6695.0,26,1854.0137295990207
36029012903,31,0.0,0.0,0.0,0.0,0.0,26,0.0
36029012904,31,0.0,0.0,0.0,0.0,0.0,26,0.0
36029013001,31,0.8806475710506326,7126.200144941719,4046.0,4045.9999999999995,6519.0,26,965.7998550582805
36029013002,31,0.8889737231813589,14561.389585710658,8190.0,8189.999999999999,12469.0,26,1818.6104142893414
36029013202,31,0.7711156048904794,10487.17222651052,6800.0,6800.000000000001,10174.0,26,3112.827773489481
36029013300,31,0.779467394977216,8920.22486811926,5722.0,5722.0,7868.0,26,2523.7751318807414
36029013400,31,0.9374495802682674,16281.624310099267,8684.0,8683.999999999998,13104.0,26,1086.3756899007326
36029013501,31,0.7708199978041402,15123.48835691723,9810.0,9809.999999999998,14180.0,26,4496.511643082769
36029013502,31,0.7787444953767516,17513.963701023145,11245.0,11245.000000000002,16273.0,26,4976.036298976856
36029013600,31,0.7770843725830174,5789.278575743481,3725.0,3725.0000000000005,5343.0,26,1660.7214242565205
36029013701,31,0.7650262339733013,13528.72392158386,8842.0,8842.0,14137.0,26,4155.27607841614
36029013702,31,0.8347768463905063,13855.626096389624,8299.0,8299.000000000002,12681.0,26,2742.373903610376
36029013801,31,0.0,0.0,0.0,0.0,0.0,26,0.0
36029014102,31,0.8565370630677226,9817.627816882237,5731.0,5731.0,11943.0,26,1644.3721831177634
36029016200,31,0.7236179231246054,3050.7731638933365,2108.0,2108.0,3235.0,26,1165.2268361066638
36029017302,31,0.0,0.0,0.0,0.0,0.0,26,0.0
36029017400,31,0.7814794443332587,8619.718270995843,5515.0,5515.0,8108.0,26,2410.281729004157
36051030204,82,0.0,0.0,0.0,0.0,0.0,6,0.0
36051030600,82,0.8866301303716771,8236.793911152881,4645.0,4645.0,7385.0,6,1053.2060888471192
36055012401,82,0.8922560508016972,4889.563158393302,2740.0,2740.0,4980.0,6,590.4368416066989
36055012402,82,0.8631923466803135,10912.477646732525,6321.0,6321.000000000001,12696.0,6,1729.5223532674765
36055013300,82,0.9791504184447424,6779.637497311397,3462.0,3462.0000000000005,7004.0,6,144.36250268860346
36069050502,82,0.0,0.0,0.0,0.0,0.0,6,0.0
36101962100,87,1.0,5816.0,2908.0,2908.0,6746.0,1,0.0
36043011400,256,0.9999385487365905,8763.46144112748,4382.0,4382.0,8138.0,2,0.5385588725204733
36043011504,256,0.0,0.0,0.0,0.0,0.0,2,0.0
36045062500,166,1.0,5118.0,2559.0,2559.0,5115.0,1,0.0
36027060100,348,0.875564531664616,9266.975003138296,5292.0,5292.000000000001,8865.0,27,1317.0249968617043
36027140602,348,0.6962492186431983,3642.775911941214,2616.0,2615.999999999999,5554.0,27,1589.224088058786
36027140801,348,0.6232913761833478,3556.5005925021833,2853.0,2853.0,5681.0,27,2149.499407497817
36027190301,348,0.7756065908647193,6484.071099629053,4180.0,4179.999999999999,7522.0,27,1875.9289003709466
36027210101,348,0.7680331145220713,10551.238927304217,6869.0,6869.0,10432.0,27,3186.761072695784
36027210201,348,0.7826412333208677,8457.221167265296,5403.0,5403.000000000001,7802.0,27,2348.778832734704
36027210301,348,0.7856517256560986,8840.153217082421,5626.0,5626.0,8540.0,27,2411.8467829175784
36027640001,348,0.0,0.0,0.0,0.0,0.0,27,0.0
36027640002,348,0.0,0.0,0.0,0.0,0.0,27,0.0
36071000100,348,0.8511701725072816,9538.212953116596,5603.0,5602.999999999999,7938.0,27,1667.7870468834035
36071000200,348,0.7877650654261232,6614.07548931773,4198.0,4198.0,6016.0,27,1781.9245106822698
36071000301,348,0.0,0.0,0.0,0.0,0.0,27,0.0
36071000302,348,0.0,0.0,0.0,0.0,0.0,27,0.0
36071000400,348,0.834551511420022,10485.305189481156,6282.0,6282.000000000001,8329.0,27,2078.6948105188435
36071000501,348,0.7835246674897448,6391.994237381338,4079.0,4078.999999999999,5879.0,27,1766.0057626186615
36071000600,348,0.7127913125434308,7241.959735441257,5080.0,5080.0,7407.0,27,2918.0402645587437
36071010101,348,0.848654714646209,11098.706358143123,6539.0,6539.000000000002,10773.0,27,1979.2936418568788
36071010102,348,0.7991519255007309,11402.299673044428,7134.0,7134.000000000002,10379.0,27,2865.7003269555717
36071010200,348,0.7809488456181974,11117.58776622066,7118.0,7118.000000000001,10369.0,27,3118.412233779341
36071010300,348,0.8865121058709149,6393.525307541036,3606.0,3605.9999999999995,5965.0,27,818.4746924589621
36071010400,348,0.7640224453468346,7566.87829871505,4952.0,4951.999999999999,7591.0,27,2337.1217012849497
36071010501,348,0.0,0.0,0.0,0.0,0.0,27,0.0
36071010502,348,0.0,0.0,0.0,0.0,0.0,27,0.0
36111953800,348,0.8310944823969855,7885.424448982599,4744.0,4744.0,6643.0,27,1602.5755510174015
36111953900,348,0.7873249146864071,10813.120378303116,6867.0,6866.999999999999,10543.0,27,2920.879621696885
36111954000,348,0.8487496478452181,9370.196112211208,5520.0,5520.0,10272.0,27,1669.8038877887923
36111954100,348,0.8401994234774997,12868.494369981387,7658.0,7658.0,12043.0,27,2447.5056300186143
36025970602,227,0.0,0.0,0.0,0.0,0.0,1,0.0
36065024302,195,0.971875726353878,6122.8170760294315,3150.0,3150.0,6712.0,2,177.1829239705686
36065024400,195,0.9934873833276239,6489.459587896039,3266.0,3266.0,7695.0,2,42.5404121039611
36089493000,287,0.0,0.0,0.0,0.0,0.0,1,0.0
36075020502,164,0.0,0.0,0.0,0.0,0.0,3,0.0
36075020703,164,0.9995283776772524,8483.996869724519,4244.0,4244.000000000001,8873.0,3,4.003130275481682
36075020705,164,0.0,0.0,0.0,0.0,0.0,3,0.0
36101961400,99,0.9810716388431062,4650.279568116323,2370.0,2370.0,4110.0,2,89.72043188367668
36101961500,99,0.9746599584056568,3192.9860237369317,1638.0,1638.0,3951.0,2,83.0139762630683
36017970101,191,0.0,0.0,0.0,0.0,0.0,2,0.0
36053030900,191,0.9999963828972656,9419.965926892242,4710.0,4710.000000000001,6170.0,2,0.034073107758827256
36013036801,4,0.0,0.0,0.0,0.0,0.0,4,0.0
36013036802,4,0.0,0.0,0.0,0.0,0.0,4,0.0
36013036902,4,0.9526075044181683,8081.92206748374,4242.0,4242.0,7124.0,4,402.07793251626
36013037100,4,0.8874040025876757,6740.720803655984,3798.0,3798.0,7282.0,4,855.2791963440156
36001000100,383,0.623628372766947,2661.64589496933,2134.0,2133.9999999999995,3375.0,60,1606.35410503067
36001000202,383,0.0,0.0,0.0,0.0,0.0,60,0.0
36001000301,383,0.0,0.0,0.0,0.0,0.0,60,0.0
36001000302,383,0.0,0.0,0.0,0.0,0.0,60,0.0
36001000401,383,0.5689760788555205,2446.5971390787386,2150.0,2150.0,3612.0,60,1853.4028609212617
36001000403,383,0.7535116790773093,8014.350218666261,5318.0,5318.0,8763.0,60,2621.6497813337382
36001000404,383,0.6900772828944723,7988.3346267864135,5788.0,5788.000000000002,6966.0,60,3587.6653732135883
36001000501,383,0.5024819263217862,4782.622974730762,4759.0,4759.000000000001,6814.0,60,4735.377025269238
36001000502,383,0.6081208158794658,5245.65015777627,4313.0,4313.0,6359.0,60,3380.3498422237285
36001000600,383,0.5618541854197563,4816.21407741815,4286.0,4286.0,6573.0,60,3755.7859225818493
36001000700,383,0.5360334420260554,5144.848976566081,4799.0,4799.0,7142.0,60,4453.15102343392
36001001802,383,0.6581544855060408,6885.6122273642,5231.0,5231.0,8172.0,60,3576.3877726358
36001001803,383,0.0,0.0,0.0,0.0,0.0,60,0.0
36001012800,383,0.6283409317921684,6350.013456691653,5053.0,5053.0,7418.0,60,3755.986543308346
36001012900,383,0.6569850217114745,5483.196991203966,4173.0,4172.999999999999,5907.0,60,2862.8030087960337
36001013000,383,0.6988104925321985,13445.1138763195,9620.0,9619.999999999998,13882.0,60,5794.8861236805005
36001013200,383,0.6163143544641954,5096.9197114188955,4135.0,4135.0,5623.0,60,3173.080288581104
36001013300,383,0.6868145165885746,8843.423715594487,6438.0,6437.999999999999,9957.0,60,4032.5762844055134
36001013400,383,0.5303175608038653,3264.6349043085947,3078.0,3078.0,4595.0,60,2891.3650956914053
36001013503,383,0.6857838686382419,8761.57470572218,6388.0,6388.000000000001,9780.0,60,4014.425294277821
36001013505,383,0.5721710792285917,4120.776112604317,3601.0,3600.9999999999986,5508.0,60,3081.2238873956826
36001013507,383,0.6117441754263568,3391.509708563722,2772.0,2771.9999999999995,4314.0,60,2152.490291436278
36001013509,383,0.0,0.0,0.0,0.0,0.0,60,0.0
36001013510,383,0.0,0.0,0.0,0.0,0.0,60,0.0
36001013511,383,0.0,0.0,0.0,0.0,0.0,60,0.0
36001013512,383,0.0,0.0,0.0,0.0,0.0,60,0.0
36001013602,383,0.6625703138617949,6139.37652824339,4633.0,4632.999999999999,7298.0,60,3126.623471756609
36001013603,383,0.0,0.0,0.0,0.0,0.0,60,0.0
36001013604,383,0.0,0.0,0.0,0.0,0.0,60,0.0
36001013703,383,0.6618274787395643,4548.078433898285,3436.0,3436.0,5565.0,60,2323.9215661017142
36001013706,383,0.5267578377195017,3059.4095214748654,2904.0,2904.0,4354.0,60,2748.590478525134
36001013707,383,0.7820171609189817,12823.51740474946,8199.0,8199.0,12128.0,60,3574.4825952505394
36001013708,383,0.0,0.0,0.0,0.0,0.0,60,0.0
36001013709,383,0.0,0.0,0.0,0.0,0.0,60,0.0
36001013802,383,0.6388605042732927,7984.478582407611,6249.0,6249.0,9347.0,60,4513.521417592389
36001013803,383,0.0,0.0,0.0,0.0,0.0,60,0.0
36001013804,383,0.0,0.0,0.0,0.0,0.0,60,0.0
36001013901,383,0.6238102013732966,4354.19520558561,3490.0,3490.0000000000005,5077.0,60,2625.80479441439
36001013902,383,0.6005507636300399,7987.32515627953,6650.0,6650.0,9881.0,60,5312.67484372047
36001014001,383,0.5594958697081136,6038.079425889962,5396.0,5396.000000000001,8655.0,60,4753.920574110039
36001014002,383,0.5550991553533675,6892.111112867411,6208.0,6208.0,8584.0,60,5523.88888713259
36001014608,383,0.6738531515886121,6398.909527485461,4748.0,4748.000000000002,7095.0,60,3097.0904725145397
36001014609,383,0.5716229933298177,7435.671897234268,6504.0,6503.999999999999,9824.0,60,5572.328102765731
36001014614,383,0.6355144644882549,9739.894682746994,7663.0,7663.000000000001,11480.0,60,5586.105317253006
36001014615,383,0.6493507383416106,5287.013711577395,4071.0,4071.0,5551.0,60,2854.986288422606
36001014617,383,0.0,0.0,0.0,0.0,0.0,60,0.0
36091062407,383,0.0,0.0,0.0,0.0,0.0,60,0.0
36091062506,383,0.5327431444070159,6290.631049158046,5904.0,5904.000000000001,11749.0,60,5517.368950841956
36091062507,383,0.5750841921002554,4875.563780625966,4239.0,4238.999999999999,7946.0,60,3602.436219374034
36093020101,383,0.6255671086927432,2901.380250116943,2319.0,2318.9999999999995,4457.0,60,1736.6197498830568
36093020500,383,0.745394939334883,8266.429877223854,5545.0,5545.000000000002,8621.0,60,2823.5701227761483
36093020600,383,0.6664928163860568,4942.710726318999,3708.0,3708.000000000002,5724.0,60,2473.2892736810027
36093020700,383,0.7268721520986039,10260.527299023894,7058.0,7058.000000000002,11777.0,60,3855.472700976107
36093021700,383,0.6091915145809152,5496.125844549016,4511.0,4510.999999999999,7533.0,60,3525.874155450982
36093021801,383,0.0,0.0,0.0,0.0,0.0,60,0.0
36093021802,383,0.0,0.0,0.0,0.0,0.0,60,0.0
36093031901,383,0.0,0.0,0.0,0.0,0.0,60,0.0
36093031902,383,0.0,0.0,0.0,0.0,0.0,60,0.0
36093032101,383,0.8608412324334227,11561.097751580866,6715.0,6715.0,10904.0,60,1868.9022484191325
36093032102,383,0.4487391450276481,1496.993787812234,1668.0,1668.0,2574.0,60,1839.0062121877659
36091060504,358,0.0,0.0,0.0,0.0,0.0,2,0.0
36091060505,358,0.0,0.0,0.0,0.0,0.0,2,0.0
36029013101,21,0.9738122960687853,12671.245596447034,6506.0,6505.999999999999,13982.0,6,340.75440355296644
36029013103,21,0.0,0.0,0.0,0.0,0.0,6,0.0
36029013104,21,0.0,0.0,0.0,0.0,0.0,6,0.0
36029013201,21,0.9532400309877859,9696.357595207759,5086.0,5086.000000000001,12179.0,6,475.6424047922421
36029015401,21,0.9531760939991368,5196.716064483294,2726.0,2726.0,4882.0,6,255.28393551670624
36029015402,21,0.9207458061512896,10338.13391146668,5614.0,5614.000000000001,10711.0,6,889.8660885333196
36003950600,58,1.0,7064.0,3532.0,3532.0,6462.0,1,0.0
36017970602,207,0.9998586451377997,6923.0212589341245,3462.0,3461.9999999999995,7153.0,3,0.9787410658753
36077591601,207,0.0,0.0,0.0,0.0,0.0,3,0.0
36077591602,207,0.0,0.0,0.0,0.0,0.0,3,0.0
36007011901,173,0.984878027606286,5426.677932110636,2755.0,2755.0,5286.0,3,83.32206788936409
36017970700,173,0.9682881702852524,3185.668080238481,1645.0,1645.0000000000005,3584.0,3,104.33191976151976
36017970802,173,0.9682263816535986,6808.567915788105,3516.0,3516.0,6748.0,3,223.43208421189456
36053030200,177,0.9130997979796471,7719.345692119938,4227.0,4227.0,6876.0,7,734.6543078800628
36053030300,177,0.9304571799528703,10854.713461330186,5833.0,5833.000000000001,9619.0,7,811.2865386698156
36053030401,177,0.9170538936668658,14775.57233476054,8056.0,8055.999999999998,16152.0,7,1336.4276652394576
36053030402,177,0.8075297401435042,6234.129593907853,3860.0,3860.0000000000005,6422.0,7,1485.870406092148
36053030403,177,0.9303595219112132,10931.724382456756,5875.0,5875.000000000002,10577.0,7,818.275617543245
36053030602,177,0.0,0.0,0.0,0.0,0.0,7,0.0
36067015602,177,0.0,0.0,0.0,0.0,0.0,7,0.0
36065024200,213,0.990946592083369,9526.960536289509,4807.0,4807.0,7629.0,2,87.03946371049094
36065024303,213,0.9285885151109653,4797.088269063247,2583.0,2583.0000000000005,5733.0,2,368.9117309367535
36089490700,290,1.0,10068.0,5034.0,5034.0,10521.0,1,0.0
36101961300,98,0.942577690573969,7502.918416968793,3980.0,3980.0,7369.0,3,457.08158303120666
36101961700,98,0.955905135591533,5398.952205820979,2824.0,2824.0000000000005,5524.0,3,249.04779417902162
36101962302,98,0.0,0.0,0.0,0.0,0.0,3,0.0
36111950900,297,1.0,1472.0,736.0,736.0,1797.0,1,0.0
36013036401,5,0.9498601665273357,6660.419487689677,3506.0,3505.9999999999995,5183.0,2,351.5805123103221
36013036402,5,0.8979861379789188,6569.66658545377,3658.0,3658.0,7224.0,2,746.3334145462302
36017970102,209,0.0,0.0,0.0,0.0,0.0,2,0.0
36053031100,209,0.9999523390331309,4513.784858395553,2257.0,2257.0,4506.0,2,0.2151416044472243
36087010902,373,0.7047529615909481,5253.228575698927,3727.0,3727.0000000000005,7968.0,51,2200.771424301073
36087011000,373,0.5835438556297834,2637.6182274466214,2260.0,2260.0,4574.0,51,1882.3817725533788
36087013102,373,0.0,0.0,0.0,0.0,0.0,51,0.0
36087013200,373,0.588211947971999,3810.4369989626102,3239.0,3239.0000000000005,6893.0,51,2667.56300103739
36087013300,373,0.5292920655041994,2574.4766066124253,2432.0,2431.9999999999995,3742.0,51,2289.5233933875743
36087013402,373,0.8434001159957039,7015.402164852266,4159.0,4159.000000000002,7412.0,51,1302.5978351477352
36119008500,373,0.7883036520698925,5748.310230893657,3646.0,3645.9999999999995,7419.0,51,1543.6897691063434
36119008602,373,0.6146025846382108,8315.572970154994,6765.0,6765.0,12018.0,51,5214.427029845008
36119008902,373,0.5947192417892607,5370.314753357023,4515.0,4514.999999999999,7308.0,51,3659.6852466429755
36119009600,373,0.5968389536983569,5823.954510188568,4879.0,4879.000000000001,8930.0,51,3934.0454898114335
36119009701,373,0.634061603595643,3401.1064416870286,2682.0,2681.9999999999995,5117.0,51,1962.8935583129708
36119009703,373,0.6916408455196659,5108.459285008252,3693.0,3692.999999999999,7113.0,51,2277.540714991748
36119009900,373,0.6549310649302641,5513.209704582963,4209.0,4209.000000000001,6830.0,51,2904.7902954170368
36119010000,373,0.707694718198137,9814.310351971766,6934.0,6934.0,10857.0,51,4053.6896480282358
36119010200,373,0.8550105472497045,11872.676459109396,6943.0,6943.000000000002,9878.0,51,2013.3235408906041
36119010300,373,0.800860868395044,6567.059120839362,4100.0,4100.0,6471.0,51,1632.9408791606397
36119010400,373,0.726523947000967,8792.392806605703,6051.0,6051.0,8585.0,51,3309.6071933942967
36119010500,373,0.7329882747331224,15622.91208766177,10657.0,10657.000000000002,14151.0,51,5691.087912338229
36119010600,373,0.7121776820690751,11087.182154451359,7784.0,7784.000000000001,10305.0,51,4480.81784554864
36119010701,373,0.6627771561782336,11501.834768317063,8677.0,8677.0,12238.0,51,5852.165231682935
36119010702,373,0.7155760787921326,9574.407934238734,6690.0,6690.0,10976.0,51,3805.592065761265
36119010801,373,0.5665374401488901,3834.3253949276886,3384.0,3384.0000000000005,6399.0,51,2933.674605072312
36119010901,373,0.6714195930961673,4162.801477196237,3100.0,3099.999999999999,4735.0,51,2037.198522803763
36119010902,373,0.7690632634152873,11349.83564148281,7379.0,7379.000000000002,12295.0,51,3408.16435851719
36119010903,373,0.6261725524883734,7491.5284179709,5982.0,5981.999999999998,9590.0,51,4472.471582029099
36119011000,373,0.5944897778870224,4521.689250608693,3803.0,3803.0000000000005,5645.0,51,3084.310749391308
36119011101,373,0.7204258337736762,12293.34642751401,8532.0,8532.0,13487.0,51,4770.65357248599
36119011102,373,0.5729531384750103,5682.549227395153,4959.0,4959.000000000002,6959.0,51,4235.450772604849
36119011200,373,0.6799101460167722,7881.518412626426,5796.0,5796.0,8768.0,51,3710.481587373576
36119011300,373,0.8015739257028744,16225.459404077586,10121.0,10120.999999999998,13590.0,51,4016.540595922416
36119011401,373,0.0,0.0,0.0,0.0,0.0,51,0.0
36119011402,373,0.0,0.0,0.0,0.0,0.0,51,0.0
36119011500,373,0.7739601708266197,9809.171205056577,6337.0,6336.999999999998,10527.0,51,2864.828794943422
36119011601,373,0.0,0.0,0.0,0.0,0.0,51,0.0
36119011602,373,0.0,0.0,0.0,0.0,0.0,51,0.0
36119011700,373,0.7994198484160147,6027.62565705675,3770.0,3770.0,6309.0,51,1512.3743429432498
36119011800,373,0.8502447474532693,11559.927586374648,6798.0,6798.000000000001,12304.0,51,2036.072413625351
36119011902,373,0.672419015452844,8563.928580807422,6368.0,6368.0,8955.0,51,4172.071419192579
36119012000,373,0.6743975986288244,11141.048329348183,8260.0,8260.000000000002,11380.0,51,5378.95167065182
36119012101,373,0.7843875991664627,11597.955041275316,7393.0,7393.000000000001,12045.0,51,3188.044958724682
36119012102,373,0.763193001922768,12238.562978833508,8018.0,8018.000000000003,11955.0,51,3797.437021166493
36119012201,373,0.0,0.0,0.0,0.0,0.0,51,0.0
36119012202,373,0.0,0.0,0.0,0.0,0.0,51,0.0
36119012301,373,0.696209531702613,5725.627188722289,4112.0,4112.0,6149.0,51,2498.3728112777108
36119012303,373,0.7928828660844339,9455.92106092296,5963.0,5963.0,9649.0,51,2470.0789390770406
36119013201,373,0.7578442525642856,10089.9383786409,6657.0,6657.000000000001,10287.0,51,3224.061621359102
36119013202,373,0.7096975801062793,5606.610882839606,3950.0,3949.9999999999995,6077.0,51,2293.3891171603937
36119013304,373,0.8201954453841244,10030.990297047843,6115.0,6115.000000000001,10423.0,51,2199.009702952159
36119013401,373,0.0,0.0,0.0,0.0,0.0,51,0.0
36119981000,373,0.731669699217839,2866.681881535493,1959.0,1958.9999999999998,3237.0,51,1051.3181184645068
36119982000,373,0.0,0.0,0.0,0.0,0.0,51,0.0
36073990000,56,0.0,0.0,0.0,0.0,0.0,1,0.0
36009960200,39,0.9713036236098496,9299.2608924407,4787.0,4787.0,8227.0,2,274.73910755930075
36009960800,39,0.9768535996907863,8885.460342787392,4548.0,4548.0,7842.0,2,210.539657212608
36001014501,354,0.8914989928411257,3951.123536271869,2216.0,2215.9999999999995,4996.0,5,480.8764637281312
36001014502,354,0.9601710913387643,6356.33262466262,3310.0,3310.000000000001,6746.0,5,263.6673753373805
36001014503,354,0.8805453242257859,5720.022426170705,3248.0,3248.0000000000005,6316.0,5,775.9775738292948
36001014801,354,0.9654745670060069,4392.909279877331,2275.0,2274.9999999999995,4067.0,5,157.09072012266864
36001014803,354,0.957378216983636,6025.738497695005,3147.0,3147.0,6253.0,5,268.2615023049949
36089492800,202,1.0,4144.0,2072.0,2072.0,4025.0,1,0.0
36091060103,386,0.0,0.0,0.0,0.0,0.0,5,0.0
36091060301,386,0.0,0.0,0.0,0.0,0.0,5,0.0
36091060400,386,0.9987400059060607,4614.178827286,2310.0,2310.0,4195.0,5,5.821172713999692
36091060703,386,0.0,0.0,0.0,0.0,0.0,5,0.0
36091062900,386,0.0,0.0,0.0,0.0,0.0,5,0.0
36089492301,264,0.0,0.0,0.0,0.0,0.0,2,0.0
36089492302,264,0.0,0.0,0.0,0.0,0.0,2,0.0
36017970801,189,1.0,6080.0,3040.0,3040.0,6265.0,1,0.0
36027060202,347,0.6826614331495979,4741.766314657108,3473.0,3473.0,8770.0,17,2204.2336853428924
36071000502,347,0.8082565535046425,6532.32946542452,4041.0,4041.0,7279.0,17,1549.6705345754792
36071012601,347,0.8489083346921659,7616.405578858113,4486.0,4486.000000000001,7827.0,17,1355.5944211418878
36071012602,347,0.7677305082404192,6653.152584411474,4333.0,4333.0,7711.0,17,2012.847415588527
36071012700,347,0.8300535356926746,8869.952082411919,5343.0,5342.999999999999,8719.0,17,1816.0479175880798
36071012800,347,0.8221291548532156,11384.844536407329,6924.0,6924.0,10996.0,17,2463.155463592671
36071012900,347,0.7367930439438752,6261.267287435052,4249.0,4249.000000000001,6157.0,17,2236.7327125649485
36071013000,347,0.7164778796322009,10509.297538445122,7334.0,7334.000000000002,10005.0,17,4158.702461554878
36071013100,347,0.8529120755902635,9469.029863203106,5551.0,5551.000000000002,8712.0,17,1632.9701367968942
36071013201,347,0.8683959316158785,9927.502290232724,5716.0,5716.000000000002,10968.0,17,1504.497709767277
36071013500,347,0.769684938369257,9841.191621989321,6393.0,6393.000000000001,13333.0,17,2944.80837801068
36071013600,347,0.8063713704975151,10831.180248522624,6716.0,6716.0,7688.0,17,2600.819751477378
36071013700,347,0.7680157572966612,5621.87534341156,3660.0,3660.0000000000005,5429.0,17,1698.12465658844
36071013800,347,0.7675773475393582,6409.270851953642,4175.0,4175.0,5791.0,17,1940.729148046359
36071015202,347,0.0,0.0,0.0,0.0,0.0,17,0.0
36079010700,347,0.7900391368321803,3503.0335327138873,2217.0,2217.0,3963.0,17,930.9664672861127
36079010800,347,0.7348955909407622,3614.216516246668,2459.0,2459.0,5798.0,17,1303.7834837533317
36087010804,345,0.8931862260547389,9123.004112923103,5107.0,5106.999999999999,7731.0,54,1090.9958870768978
36087010901,345,0.8565879960623216,13463.85012210757,7859.0,7858.999999999997,11434.0,54,2254.1498778924283
36087011101,345,0.8809667729692667,16667.891344578522,9460.0,9459.999999999998,14242.0,54,2252.108655421474
36087011102,345,0.8683416745296317,16967.396320309002,9770.0,9770.0,13952.0,54,2572.6036796909966
36087011200,345,0.8649241527247065,16341.876941580605,9447.0,9447.000000000004,12748.0,54,2552.1230584193963
36087011302,345,0.7417962993980822,12831.592386988024,8649.0,8649.0,11649.0,54,4466.407613011975
36087011303,345,0.9106618472496067,14643.442503773675,8040.0,8040.000000000002,10996.0,54,1436.5574962263236
36087011304,345,0.0,0.0,0.0,0.0,0.0,54,0.0
36087011305,345,0.0,0.0,0.0,0.0,0.0,54,0.0
36087011401,345,0.822682330857158,10296.692053008186,6258.0,6258.0,8934.0,54,2219.3079469918107
36087011403,345,0.8363624969421607,14937.434195386988,8930.0,8929.999999999996,12512.0,54,2922.5658046130093
36087011404,345,0.7219449448141377,7451.915720371531,5161.0,5161.0,6830.0,54,2870.084279628471
36087011405,345,0.8222869866105011,10525.273428614417,6400.0,6399.999999999999,9730.0,54,2274.726571385586
36087011505,345,0.5109788081968281,3291.7254824039655,3221.0,3220.9999999999995,4923.0,54,3150.274517596034
36087011506,345,0.7341879313654156,7968.875807040219,5427.0,5427.0,11727.0,54,2885.1241929597795
36087011510,345,0.0,0.0,0.0,0.0,0.0,54,0.0
36087011511,345,0.0,0.0,0.0,0.0,0.0,54,0.0
36087011512,345,0.0,0.0,0.0,0.0,0.0,54,0.0
36087011602,345,0.8301199054701269,11882.336326899396,7157.0,7157.000000000001,10613.0,54,2431.6636731006024
36087011603,345,0.8268363958652019,13394.749613016269,8100.0,8099.999999999997,10475.0,54,2805.25038698373
36087011901,345,0.7789084191379259,8932.521750673734,5734.0,5733.999999999999,7221.0,54,2535.4782493262665
36087011902,345,0.7710922757188032,7741.766448216785,5020.0,5019.999999999998,6476.0,54,2298.2335517832157
36087012000,345,0.777982323340144,8357.086117319828,5371.0,5370.999999999997,7068.0,54,2384.913882680172
36087012107,345,0.0,0.0,0.0,0.0,0.0,54,0.0
36087012108,345,0.0,0.0,0.0,0.0,0.0,54,0.0
36087012109,345,0.0,0.0,0.0,0.0,0.0,54,0.0
36087012110,345,0.0,0.0,0.0,0.0,0.0,54,0.0
36087012111,345,0.0,0.0,0.0,0.0,0.0,54,0.0
36087012112,345,0.0,0.0,0.0,0.0,0.0,54,0.0
36087012113,345,0.0,0.0,0.0,0.0,0.0,54,0.0
36087012114,345,0.0,0.0,0.0,0.0,0.0,54,0.0
36087012115,345,0.0,0.0,0.0,0.0,0.0,54,0.0
36087012116,345,0.0,0.0,0.0,0.0,0.0,54,0.0
36087012203,345,0.6915827052290946,5806.528393103476,4198.0,4197.999999999998,7978.0,54,2589.4716068965213
36087012204,345,0.6046999542264021,5286.286999847207,4371.0,4371.0,7699.0,54,3455.713000152793
36087012205,345,0.0,0.0,0.0,0.0,0.0,54,0.0
36087012206,345,0.0,0.0,0.0,0.0,0.0,54,0.0
36087012301,345,0.0,0.0,0.0,0.0,0.0,54,0.0
36087012302,345,0.0,0.0,0.0,0.0,0.0,54,0.0
36087012401,345,0.8663357559732452,10089.346214064413,5823.0,5823.0,9736.0,54,1556.653785935586
36087012403,345,0.0,0.0,0.0,0.0,0.0,54,0.0
36087012404,345,0.0,0.0,0.0,0.0,0.0,54,0.0
36087012503,345,0.0,0.0,0.0,0.0,0.0,54,0.0
36087012504,345,0.0,0.0,0.0,0.0,0.0,54,0.0
36087012505,345,0.0,0.0,0.0,0.0,0.0,54,0.0
36087012506,345,0.0,0.0,0.0,0.0,0.0,54,0.0
36087012600,345,0.8091068784100407,17476.70857365688,10800.0,10800.0,13752.0,54,4123.29142634312
36087012700,345,0.8052261794536653,10630.596021147287,6601.0,6600.999999999998,8162.0,54,2571.4039788527116
36087012800,345,0.855207961016737,16621.8219303213,9718.0,9718.0,12283.0,54,2814.1780696787
36087013001,345,0.703010177657438,5924.9697772968875,4214.0,4214.0,5173.0,54,2503.0302227031125
36087013002,345,0.8440941005947907,14229.73834782698,8429.0,8429.0,10309.0,54,2628.261652173018
36087013003,345,0.8300056247269222,6940.5070339665235,4181.0,4181.000000000001,6258.0,54,1421.4929660334765
36087013101,345,0.0,0.0,0.0,0.0,0.0,54,0.0
36087013401,345,0.7952947911186093,10817.599748795325,6801.0,6801.0,8576.0,54,2784.400251204676
36001014802,325,0.9930590559443699,3179.7750971338724,1601.0,1600.9999999999998,3513.0,2,22.22490286612732
36095740800,325,0.9856901895964597,4754.969474613322,2412.0,2412.0,4653.0,2,69.03052538667815
36053030404,178,0.0,0.0,0.0,0.0,0.0,2,0.0
36065026700,178,0.9998851547180709,9942.857978516497,4972.0,4971.999999999999,10273.0,2,1.1420214835023734
36121971100,60,1.0,4720.0,2360.0,2360.0,4860.0,1,0.0
36001014606,355,0.6319764240312149,5538.641380209567,4382.0,4382.0,7809.0,27,3225.3586197904333
36001014611,355,0.6941242170290174,2993.063623829122,2156.0,2156.0,3965.0,27,1318.9363761708769
36001014612,355,0.7080388310264069,3251.31431207326,2296.0,2296.0,4211.0,27,1340.6856879267398
36001014613,355,0.7515534306722855,5287.929938210202,3518.0,3518.0000000000005,6036.0,27,1748.0700617897987
36001014616,355,0.0,0.0,0.0,0.0,0.0,27,0.0
36001014700,355,0.8174037535488199,4910.961751321311,3004.0,3004.0,5618.0,27,1097.0382486786898
36093020300,355,0.5477881156114863,2056.3965860055196,1877.0,1876.9999999999998,3066.0,27,1697.6034139944802
36093020800,355,0.5915032498320432,3919.3005333871183,3313.0,3313.0000000000005,5238.0,27,2706.699466612882
36093020900,355,0.6103513054321478,4262.693517138119,3492.0,3491.9999999999995,5250.0,27,2721.30648286188
36093021001,355,0.6900809283693259,1193.840006078934,865.0,865.0,1796.0,27,536.1599939210661
36093021002,355,0.5229369221677413,2634.5562138810806,2519.0,2519.0,3757.0,27,2403.4437861189194
36093021200,355,0.6749531148566796,5098.5958296273575,3777.0,3777.0000000000005,5676.0,27,2455.404170372642
36093021400,355,0.5752298822024986,4071.4771062292857,3539.0,3538.999999999999,5070.0,27,3006.5228937707143
36093021500,355,0.7027632878703851,6180.100353532166,4397.0,4397.0,6046.0,27,2613.899646467834
36093021600,355,0.6112234692466825,5777.284231319643,4726.0,4726.0,7923.0,27,3674.7157686803575
36093032601,355,0.7190044258364734,3550.4438547805057,2469.0,2469.0,3567.0,27,1387.5561452194947
36093032700,355,0.702733212104121,7103.227307948456,5054.0,5053.999999999999,7318.0,27,3004.7726920515443
36093032901,355,0.6302344987689136,6999.384343327554,5553.0,5553.0,9043.0,27,4106.615656672446
36093032902,355,0.5945355515925614,6575.563200613729,5530.0,5529.999999999998,8256.0,27,4484.43679938627
36093033002,355,0.5487677799371793,3827.1064972818886,3487.0,3487.0000000000005,5129.0,27,3146.8935027181114
36093033003,355,0.6948921676452379,6552.833140894593,4715.0,4715.0,6721.0,27,2877.1668591054067
36093033004,355,0.578043486975907,4175.786149913952,3612.0,3611.9999999999995,5260.0,27,3048.213850086048
36093033101,355,0.7034305089917842,3293.4616430995334,2341.0,2341.0000000000005,3933.0,27,1388.5383569004666
36093033200,355,0.6028795780144477,4856.79788048439,4028.0,4027.9999999999995,6261.0,27,3199.2021195156094
36093033300,355,0.595692110993481,3370.4259640011155,2829.0,2828.9999999999995,4357.0,27,2287.5740359988845
36093033400,355,0.7781740287326441,5187.308075531806,3333.0,3333.0000000000005,4881.0,27,1478.6919244681947
36093033500,355,0.7950117786744684,3485.331637708869,2192.0,2192.0,3561.0,27,898.6683622911307
36017970201,174,0.0,0.0,0.0,0.0,0.0,1,0.0
36051031101,80,0.0,0.0,0.0,0.0,0.0,3,0.0
36051031400,80,0.9963956397476479,11229.378859955992,5635.0,5635.0,8170.0,3,40.621140044008044
36101960400,80,0.9095330332610101,8940.70971695573,4915.0,4914.999999999999,7084.0,3,889.2902830442706
36091061600,356,0.8874184490791746,7621.149640691951,4294.0,4294.000000000001,8156.0,10,966.8503593080487
36093020200,356,0.677350455027423,2624.055662776236,1937.0,1936.9999999999995,3711.0,10,1249.9443372237636
36093032200,356,0.8254208788070604,9997.497684111115,6056.0,6055.999999999999,9077.0,10,2114.5023158888844
36093032300,356,0.8871757436972787,6786.894439284182,3825.0,3825.0,5744.0,10,863.1055607158175
36093032402,356,0.7495880205016137,4987.758688417737,3327.0,3327.0,6095.0,10,1666.2413115822628
36093032403,356,0.8794588016433245,4905.621195566463,2789.0,2788.999999999999,4257.0,10,672.3788044335361
36093032404,356,0.9064683876775494,14108.273985813377,7782.0,7781.999999999999,12633.0,10,1455.72601418662
36093032503,356,0.8859181690209371,8292.194062035971,4680.0,4680.0,8600.0,10,1067.805937964029
36093032504,356,0.8428847346241004,4384.686389514571,2601.0,2601.0000000000005,4195.0,10,817.31361048543
36093032602,356,0.8720439844789417,7129.831617099828,4088.0,4088.0,8162.0,10,1046.1683829001722
36057070200,328,0.8752525400206772,5717.149591415063,3266.0,3266.0,4419.0,10,814.8504085849363
36057070300,328,0.8963175424416405,6268.844891836834,3497.0,3497.0,4265.0,10,725.155108163166
36057070400,328,0.9199662782809062,5059.814530544983,2750.0,2750.0,3550.0,10,440.18546945501606
36057070500,328,0.8832138667248909,7623.902097569258,4316.0,4316.0,5356.0,10,1008.0979024307416
36057070600,328,0.8048775361326221,5561.703774676418,3455.0,3454.9999999999995,4050.0,10,1348.2962253235814
36057070700,328,0.9019467494029471,7625.057819452514,4227.0,4227.0,5731.0,10,828.9421805474853
36057070800,328,0.8497258952039953,6374.643665820373,3751.0,3751.0,4681.0,10,1127.3563341796273
36057070900,328,0.8310165421796645,3176.1452242106784,1911.0,1911.0000000000007,2375.0,10,645.8547757893223
36057072100,328,0.8897966196462714,13551.602517212714,7615.0,7615.0,10748.0,10,1678.3974827872864
36057072800,328,0.8606937119745086,8402.092016295153,4881.0,4880.999999999999,7509.0,10,1359.9079837048469
36113076000,417,1.0,4108.0,2054.0,2054.0,3421.0,1,0.0
36069050304,103,0.0,0.0,0.0,0.0,0.0,7,0.0
36117020302,103,0.8694103181391002,10067.771484050778,5790.0,5789.999999999997,10614.0,7,1512.2285159492199
36117020601,103,0.0,0.0,0.0,0.0,0.0,7,0.0
36117020602,103,0.0,0.0,0.0,0.0,0.0,7,0.0
36117020700,103,0.8840744864289137,6849.809120851222,3874.0,3873.999999999999,6228.0,7,898.1908791487763
36117021100,103,0.9151842750028383,12195.745648687822,6663.0,6662.999999999999,10007.0,7,1130.2543513121764
36117021200,103,0.8376284822534561,8947.547447431418,5341.0,5341.0,8087.0,7,1734.4525525685822
36007010200,157,0.9913944648901902,8639.011367053117,4357.0,4357.0,10229.0,3,74.98863294688279
36007012000,157,0.9894530195176918,2578.514568863105,1303.0,1303.0000000000002,2797.0,3,27.48543113689502
36107020102,157,0.0,0.0,0.0,0.0,0.0,3,0.0
36043010400,255,0.9388341540957115,8704.870276775437,4636.0,4635.999999999999,6893.0,7,567.129723224563
36043010501,255,0.8690231972995038,6230.896324637442,3585.0,3585.0,4594.0,7,939.1036753625573
36043010701,255,0.8234077779610407,7176.8221927084305,4358.0,4357.999999999998,6356.0,7,1539.1778072915688
36043010702,255,0.9020740155598731,4129.694843233099,2289.0,2289.0,3320.0,7,448.3051567669008
36043011100,255,0.7069195889900186,4169.41173586313,2949.0,2949.0000000000005,3516.0,7,1728.5882641368698
36043011200,255,0.8844305343504286,16558.308464108726,9361.0,9361.000000000002,12370.0,7,2163.6915358912743
36043011301,255,0.6570346316374768,3082.806491643041,2346.0,2346.0,3342.0,7,1609.193508356959
36047002200,342,0.4909377966101294,8438.238848134904,8594.0,8594.0,12588.0,432,8749.761151865096
36047003000,342,0.24520537243802654,1275.0679366777383,2600.0,2600.0,3536.0,432,3924.932063322262
36047003400,342,0.29241889580372504,2586.737552279752,4423.0,4423.0,6424.0,432,6259.262447720248
36047003600,342,0.3016431199379226,4140.353464267926,6863.0,6863.000000000001,9512.0,432,9585.646535732074
36047003800,342,0.1797223200067728,866.980471712673,2412.0,2412.0,3471.0,432,3957.019528287328
36047004400,342,0.2854539484995976,2445.1985228475532,4283.0,4283.000000000001,5421.0,432,6120.801477152447
36047004600,342,0.27554987392755237,1389.873564090575,2522.0,2522.0,3238.0,432,3654.1264359094257
36047005000,342,0.2907138309968069,2694.335785678406,4634.0,4634.0,5936.0,432,6573.664214321593
36047005201,342,0.2536742692089775,996.9398779912817,1965.0,1965.0,2665.0,432,2933.0601220087183
36047005202,342,0.24128751775084645,1967.9409947759045,4078.0,4078.0000000000005,6010.0,432,6188.059005224096
36047005400,342,0.32580286363312316,3054.727649424164,4688.0,4688.0,6584.0,432,6321.272350575837
36047005601,342,0.24510252168695157,1776.0128721436517,3623.0,3623.0,5289.0,432,5469.987127856349
36047005602,342,0.23027464883391735,1433.229414342301,3112.0,3111.9999999999995,3994.0,432,4790.770585657699
36047005800,342,0.4036348786922186,3734.429897660406,4626.0,4626.000000000001,6712.0,432,5517.570102339594
36047006000,342,0.4601240505285996,3972.7110522639277,4317.0,4317.0,5964.0,432,4661.288947736071
36047006200,342,0.31966392937830446,2428.167207557601,3798.0,3798.0,5539.0,432,5167.832792442399
36047006400,342,0.3307391835219492,3194.9405128220305,4830.0,4830.0,6715.0,432,6465.05948717797
36047006600,342,0.286378777971086,2941.682807318995,5136.0,5136.0,7016.0,432,7330.317192681005
36047006800,342,0.4672354797896756,7601.921256178022,8135.0,8135.0,11634.0,432,8668.078743821978
36047007000,342,0.3117126121667333,3077.850332534325,4937.0,4937.0,6848.0,432,6796.1496674656755
36047007200,342,0.2577200841327647,1791.6700248909801,3476.0,3476.0000000000005,4706.0,432,5160.32997510902
36047007400,342,0.34000811939885756,5489.771095813954,8073.0,8072.999999999999,11776.0,432,10656.228904186046
36047007600,342,0.3041487940221147,4694.23248693732,7717.0,7717.0,10798.0,432,10739.767513062681
36047007800,342,0.3164818762886954,4563.668656082989,7210.0,7210.0,11369.0,432,9856.331343917012
36047008600,342,0.0,0.0,0.0,0.0,0.0,432,0.0
36047009001,342,0.0,0.0,0.0,0.0,0.0,432,0.0
36047009002,342,0.0,0.0,0.0,0.0,0.0,432,0.0
36047009201,342,0.0,0.0,0.0,0.0,0.0,432,0.0
36047009202,342,0.0,0.0,0.0,0.0,0.0,432,0.0
36047009401,342,0.0,0.0,0.0,0.0,0.0,432,0.0
36047009402,342,0.0,0.0,0.0,0.0,0.0,432,0.0
36047009600,342,0.23799429635198188,3450.9172971037365,7250.0,7250.0,13144.0,432,11049.082702896263
36047009800,342,0.3695063415564137,9385.46107553291,12700.0,12700.0,19820.0,432,16014.538924467091
36047010000,342,0.31515838324476675,5996.203399614933,9513.0,9513.0,14536.0,432,13029.796600385067
36047010200,342,0.2728811403751522,4502.538816190012,8250.0,8250.0,13131.0,432,11997.461183809988
36047010401,342,0.0,0.0,0.0,0.0,0.0,432,0.0
36047010402,342,0.0,0.0,0.0,0.0,0.0,432,0.0
36047010601,342,0.0,0.0,0.0,0.0,0.0,432,0.0
36047010602,342,0.0,0.0,0.0,0.0,0.0,432,0.0
36047010801,342,0.0,0.0,0.0,0.0,0.0,432,0.0
36047010802,342,0.0,0.0,0.0,0.0,0.0,432,0.0
36047011000,342,0.2906555866457372,2629.2704367973392,4523.0,4522.999999999999,6277.0,432,6416.729563202661
36047011200,342,0.3819072517625922,7760.355355815873,10160.0,10160.0,16292.0,432,12559.644644184125
36047011400,342,0.3059984235673735,3430.2423281902575,5605.0,5605.0,8483.0,432,7779.757671809743
36047011600,342,0.2935075596164253,3385.3161926158486,5767.0,5767.0,8850.0,432,8148.683807384151
36047011800,342,0.2514497642254647,1558.988538197881,3100.0,3100.0,4778.0,432,4641.011461802119
36047012000,342,0.19331331237528426,740.0033597725882,1914.0,1913.9999999999998,2378.0,432,3087.9966402274117
36047012200,342,0.29415476979269717,5531.28629118188,9402.0,9402.000000000002,12869.0,432,13272.713708818123
36047012600,342,0.26726396472596026,2091.6077879453646,3913.0,3913.0,5671.0,432,5734.392212054635
36047012801,342,0.28142519183179804,1996.993161238438,3548.0,3547.9999999999995,5164.0,432,5099.006838761561
36047013000,342,0.3151940780112644,5763.008522357961,9142.0,9142.0,12768.0,432,12520.991477642041
36047013200,342,0.2849184278115904,2270.799869658375,3985.0,3985.0,5565.0,432,5699.200130341625
36047013400,342,0.29612915158665,3441.020741436872,5810.0,5810.0,8459.0,432,8178.979258563128
36047013600,342,0.28739502102789927,3760.2764551290347,6542.0,6542.000000000001,9072.0,432,9323.723544870965
36047013800,342,0.3806490842192568,4458.923372544375,5857.0,5857.0,8342.0,432,7255.076627455626
36047014000,342,0.2810493222932332,1674.4918622230837,2979.0,2979.0,3874.0,432,4283.508137776917
36047014200,342,0.33436853664341726,4121.4265826667615,6163.0,6163.0,7854.0,432,8204.573417333238
36047014800,342,0.2866202171556772,1241.065540284082,2165.0,2165.0,3007.0,432,3088.934459715918
36047015000,342,0.3370749461397453,2124.2463105726747,3151.0,3151.0000000000005,3826.0,432,4177.753689427325
36047015200,342,0.42198725425156525,3692.388474701196,4375.0,4374.999999999999,6460.0,432,5057.611525298804
36047015400,342,0.0,0.0,0.0,0.0,0.0,432,0.0
36047016000,342,0.37080596145404876,5171.259938438164,6973.0,6973.0,9644.0,432,8774.740061561835
36047016200,342,0.233142834364792,1750.9026860795873,3755.0,3755.0,4898.0,432,5759.0973139204125
36047016400,342,0.15268903171399395,267.8165616263456,877.0,877.0,1219.0,432,1486.1834383736546
36047016600,342,0.33737603592181187,2415.6124172001723,3580.0,3579.9999999999995,4267.0,432,4744.387582799827
36047016800,342,0.30374439076987625,2344.2992079619057,3859.0,3859.0,5382.0,432,5373.700792038095
36047017000,342,0.36338349247346824,5027.774001862907,6918.0,6918.0,9787.0,432,8808.225998137093
36047017200,342,0.34612608678471235,4593.785423806705,6636.0,6636.0,8760.0,432,8678.214576193297
36047017400,342,0.2805979347543889,1863.7314826386507,3321.0,3320.9999999999995,4917.0,432,4778.268517361349
36047017600,342,0.33742558807504563,3349.961238409053,4964.0,4964.000000000001,6464.0,432,6578.038761590947
36047017800,342,0.44420785271306196,5639.662898045032,6348.0,6348.0,8809.0,432,7056.337101954966
36047018000,342,0.3763164591975362,4296.781331117468,5709.0,5709.0,7901.0,432,7121.218668882531
36047018200,342,0.35596122187370116,4359.813045509092,6124.0,6124.0,8563.0,432,7888.186954490908
36047018400,342,0.3545810080108054,3440.8541017368557,4852.0,4852.0,6451.0,432,6263.145898263145
36047018600,342,0.2928958908989837,2219.565061232499,3789.0,3788.9999999999995,5253.0,432,5358.434938767501
36047018800,342,0.39178689445364434,4530.623647461943,5782.0,5782.000000000001,7720.0,432,7033.376352538056
36047019000,342,0.46219532135201846,8273.296252201131,8950.0,8950.0,11969.0,432,9626.703747798869
36047019200,342,0.28706698333086955,3228.9294285056194,5624.0,5624.0,8017.0,432,8019.07057149438
36047019400,342,0.3325677949120961,3843.818573594008,5779.0,5779.000000000001,7666.0,432,7714.181426405993
36047019600,342,0.39544285733749385,6959.003403425217,8799.0,8799.0,11592.0,432,10638.996596574783
36047019800,342,0.2983716355950923,1940.0123746392906,3251.0,3251.0,4479.0,432,4561.98762536071
36047020000,342,0.33612586841354997,2789.1724560956386,4149.0,4149.0,5708.0,432,5508.827543904363
36047020200,342,0.3524283807799502,2827.88532737832,4012.0,4012.0,4913.0,432,5196.114672621679
36047020400,342,0.34291227854550854,3020.371349428841,4404.0,4404.000000000001,5885.0,432,5787.6286505711605
36047020600,342,0.36654851467550764,3676.481602195341,5015.0,5015.000000000001,6072.0,432,6353.518397804659
36047020800,342,0.3208289720358667,3514.360559680884,5477.0,5477.0,7401.0,432,7439.639440319116
36047021000,342,0.357807844199463,5289.831168644861,7392.0,7392.0,10232.0,432,9494.168831355139
36047021200,342,0.3655145784227041,6123.831246893986,8377.0,8377.0,11767.0,432,10630.168753106016
36047021400,342,0.27215659139554693,2128.8088578959682,3911.0,3910.999999999999,5241.0,432,5693.191142104031
36047021600,342,0.25329364718836256,3568.4009015896504,7044.0,7043.999999999999,10300.0,432,10519.599098410348
36047021800,342,0.22389443726948777,2372.833246182031,5299.0,5299.0,7039.0,432,8225.166753817968
36047022000,342,0.2938080907190608,4467.0582112925995,7602.0,7602.0,9217.0,432,10736.9417887074
36047022200,342,0.2376157678923928,3147.9336930384175,6624.0,6623.999999999999,8055.0,432,10100.06630696158
36047022400,342,0.31867459060039394,5518.806560017621,8659.0,8659.0,12295.0,432,11799.193439982379
36047022600,342,0.26541981686348637,2109.0258647972623,3973.0,3973.0,5488.0,432,5836.974135202738
36047022800,342,0.24872955760589022,2289.3068482046137,4602.0,4602.0,6302.0,432,6914.693151795386
36047023000,342,0.2292747201162143,2764.13602572108,6028.0,6028.0,7358.0,432,9291.86397427892
36047023200,342,0.30655388702504915,5251.268084739092,8565.0,8565.0,11519.0,432,11878.731915260909
36047023400,342,0.22514935721229123,3171.90414440676,7044.0,7044.0,9244.0,432,10916.095855593241
36047023600,342,0.2934073082549902,6655.064565839686,11341.0,11341.0,14729.0,432,16026.935434160314
36047023800,342,0.2761707181173355,3096.9784329678,5607.0,5607.0,6881.0,432,8117.0215670321995
36047024000,342,0.23950159427940254,3654.315325515126,7629.0,7629.000000000001,8803.0,432,11603.684674484875
36047024200,342,0.1671409129920186,1600.2071009855872,4787.0,4787.0,5796.0,432,7973.792899014414
36047024400,342,0.30666340945259396,3426.6569372232852,5587.0,5587.0,8114.0,432,7747.343062776715
36047024600,342,0.43046266642916575,5141.446087829955,5972.0,5972.0,7912.0,432,6802.553912170045
36047024800,342,0.3442268430774369,2910.0937313766512,4227.0,4227.0,6007.0,432,5543.906268623348
36047025000,342,0.31739131223106487,1414.9304699260874,2229.0,2229.0,3334.0,432,3043.069530073913
36047025200,342,0.42545734922456,8098.155185140276,9517.0,9517.0,12866.0,432,10935.844814859724
36047025400,342,0.3762719745882348,5256.519484997639,6985.0,6985.000000000001,9305.0,432,8713.48051500236
36047025600,342,0.34495888592726476,3542.7277584730095,5135.0,5135.0,6687.0,432,6727.272241526991
36047025800,342,0.40813899449772917,6173.5104307726515,7563.0,7563.0,10177.0,432,8952.48956922735
36047026000,342,0.4213254309335953,4685.9814428434465,5561.0,5561.0,7319.0,432,6436.0185571565535
36047026200,342,0.3227351753698865,2867.8247683368113,4443.0,4443.0,5454.0,432,6018.175231663188
36047026400,342,0.4341839885856227,7126.695988644409,8207.0,8206.999999999998,10524.0,432,9287.304011355589
36047026600,342,0.3926018673766549,4938.931491598319,6290.0,6290.0,8671.0,432,7641.06850840168
36047026800,342,0.4239501037898519,5574.095964628971,6574.0,6574.0,8656.0,432,7573.904035371028
36047027000,342,0.40084901657750693,3564.3494554071917,4446.0,4446.0,5640.0,432,5327.650544592809
36047027200,342,0.3929243916450136,5851.430040377539,7446.0,7446.0,8690.0,432,9040.569959622459
36047027400,342,0.3792150840933274,4367.799338586946,5759.0,5758.999999999999,7960.0,432,7150.200661413055
36047027600,342,0.3628350155994601,5317.7099886256865,7328.0,7328.000000000001,9927.0,432,9338.290011374313
36047027800,342,0.3903415592743007,4648.967970956921,5955.0,5954.999999999999,7701.0,432,7261.032029043079
36047028000,342,0.3305776592807699,1875.6976387590885,2837.0,2837.0000000000005,3648.0,432,3798.3023612409115
36047028200,342,0.398323282784226,4649.229356657486,5836.0,5836.0,7709.0,432,7022.770643342514
36047028400,342,0.4423505844051786,6921.0172436034245,7823.0,7823.0,9871.0,432,8724.982756396575
36047028600,342,0.37275779986089363,6041.658420145364,8104.0,8104.000000000002,11726.0,432,10166.341579854638
36047028800,342,0.3449301586815736,3761.1184502638794,5452.0,5452.0,7382.0,432,7142.881549736121
36047029000,342,0.3974235531807221,5860.407715202926,7373.0,7373.0,9369.0,432,8885.592284797072
36047029200,342,0.4038990406840265,3917.820694635057,4850.0,4850.0,6542.0,432,5782.1793053649435
36047029400,342,0.28541467699873757,1636.5677579107612,2867.0,2867.0000000000005,4549.0,432,4097.432242089239
36047029600,342,0.45208617350322033,9557.101707858079,10570.0,10570.0,13812.0,432,11582.898292141923
36047029800,342,0.4545356141342216,7645.289029737606,8410.0,8410.0,10354.0,432,9174.710970262393
36047030000,342,0.38751762321076044,5564.753069306519,7180.0,7179.999999999999,9058.0,432,8795.24693069348
36047030200,342,0.40753070793566604,6200.987251949096,7608.0,7607.999999999999,9630.0,432,9015.012748050905
36047030400,342,0.477698163481202,7730.111681452809,8091.0,8090.999999999999,10557.0,432,8451.88831854719
36047030600,342,0.304327037232199,2178.37293250808,3579.0,3579.0,4650.0,432,4979.62706749192
36047030800,342,0.3721921127848583,2477.3107026960174,3328.0,3327.9999999999995,4710.0,432,4178.689297303983
36047031401,342,0.0,0.0,0.0,0.0,0.0,432,0.0
36047031402,342,0.0,0.0,0.0,0.0,0.0,432,0.0
36047032600,342,0.40590273977535085,9855.318521745518,12140.0,12140.000000000002,15821.0,432,14424.681478254482
36047032800,342,0.32003546261558413,2578.845757756377,4029.0,4029.0,5750.0,432,5479.154242243623
36047033000,342,0.39182218441598626,6079.513013398442,7758.0,7757.999999999999,9696.0,432,9436.486986601558
36047033600,342,0.3822991076824037,5901.933624400949,7719.0,7719.000000000002,9396.0,432,9536.066375599052
36047034000,342,0.35538860906502445,2787.6682495060513,3922.0,3922.0,4568.0,432,5056.331750493948
36047034200,342,0.4249951260205417,8658.850697542515,10187.0,10187.0,12969.0,432,11715.149302457485
36047034800,342,0.37211330561086975,3072.911677734562,4129.0,4129.0,5235.0,432,5185.0883222654375
36047035000,342,0.4059471363254171,4381.793389496554,5397.0,5397.000000000001,6515.0,432,6412.206610503447
36047035200,342,0.21068475597529235,577.276231372301,1370.0,1370.0,1754.0,432,2162.723768627699
36047035400,342,0.4971578381226135,10730.654778038488,10792.0,10792.0,12850.0,432,10853.34522196151
36047035601,342,0.38669870701557163,4496.532565177066,5814.0,5814.0,6686.0,432,7131.467434822933
36047035602,342,0.5120937630237334,10226.512447583957,9985.0,9984.999999999998,12349.0,432,9743.487552416042
36047036001,342,0.3806307966175838,3962.366592789047,5205.0,5205.0,6128.0,432,6447.633407210953
36047036002,342,0.39438231295354376,5503.210794953748,6977.0,6976.999999999999,8993.0,432,8450.78920504625
36047036200,342,0.5810460467357023,6702.94719514306,5768.0,5768.0,7495.0,432,4833.052804856939
36047036400,342,0.4920065209195542,4071.8459671302307,4138.0,4138.0,5206.0,432,4204.154032869769
36047036600,342,0.5309346167414479,10295.884087850161,9696.0,9696.0,11860.0,432,9096.11591214984
36047037000,342,0.5029882593075082,7966.328050912314,7919.0,7919.0,10276.0,432,7871.671949087685
36047037401,342,0.5154435619105935,8807.899585928222,8544.0,8544.0,10671.0,432,8280.100414071778
36047037402,342,0.5090247070515621,9738.66069531049,9566.0,9566.0,12071.0,432,9393.339304689513
36047038200,342,0.39396639118499555,8230.745844636926,10446.0,10446.0,13224.0,432,12661.254155363073
36047038600,342,0.4585330422973152,6236.049375243485,6800.0,6800.0,8976.0,432,7363.950624756514
36047038800,342,0.44112177045323253,5668.4147503240365,6425.0,6424.999999999999,8081.0,432,7181.585249675962
36047039000,342,0.3684126073974914,4000.960916336757,5430.0,5430.000000000001,6396.0,432,6859.039083663244
36047039200,342,0.3513781574592446,3820.183327896909,5436.0,5436.0,6414.0,432,7051.816672103092
36047039400,342,0.30848337469132336,2878.1498858700465,4665.0,4665.0,5816.0,432,6451.850114129953
36047039600,342,0.2944726968562926,2497.717414735073,4241.0,4241.0,5438.0,432,5984.282585264926
36047039800,342,0.3224258233998357,2400.782681035176,3723.0,3722.9999999999995,5185.0,432,5045.217318964823
36047040000,342,0.40455854369844235,4908.9133692369,6067.0,6067.000000000001,8235.0,432,7225.0866307631
36047040200,342,0.31696056774998127,3175.9448888548122,5010.0,5010.0,6935.0,432,6844.055111145188
36047040400,342,0.2966493367451417,2529.825543762568,4264.0,4264.0,5873.0,432,5998.1744562374315
36047040600,342,0.37926043364190365,3972.373781965298,5237.0,5237.0,7507.0,432,6501.626218034701
36047040800,342,0.3728560974167193,4779.269456687509,6409.0,6409.0,8869.0,432,8038.730543312491
36047041000,342,0.343455212651788,2391.8221009070526,3482.0,3482.0,4733.0,432,4572.177899092948
36047041200,342,0.3572957904830195,4128.910154821773,5778.0,5778.0,7426.0,432,7427.089845178227
36047041401,342,0.2800814073310244,1577.9786489029905,2817.0,2816.9999999999995,3675.0,432,4056.0213510970084
36047041402,342,0.31671958745256357,2180.2976400234475,3442.0,3442.0,4243.0,432,4703.7023599765525
36047041600,342,0.3221981035823893,3434.631784188271,5330.0,5330.0,6583.0,432,7225.36821581173
36047041800,342,0.3505206875308414,3546.568316437054,5059.0,5059.0,7083.0,432,6571.431683562947
36047042000,342,0.31795490696855233,1662.9041634455282,2615.0,2615.0,3076.0,432,3567.095836554471
36047042200,342,0.39902124650448567,5663.70757288467,7097.0,7097.000000000002,8602.0,432,8530.292427115332
36047042400,342,0.4320759574012961,5827.840513428681,6744.0,6744.000000000001,8888.0,432,7660.159486571318
36047042600,342,0.38284593565323777,6036.714713380256,7884.0,7884.0,10507.0,432,9731.285286619746
36047042800,342,0.4468131751453692,6813.90092096688,7625.0,7624.999999999999,9670.0,432,8436.09907903312
36047043000,342,0.4107652405608714,4959.579514531961,6037.0,6037.0,7913.0,432,7114.420485468038
36047043200,342,0.4228040028369384,7235.867704551364,8557.0,8557.0,11161.0,432,9878.132295448635
36047043400,342,0.39109059448860317,4481.898212839392,5730.0,5730.0,7049.0,432,6978.101787160607
36047043600,342,0.4306140173121886,7487.516533024336,8694.0,8694.0,10859.0,432,9900.483466975664
36047043800,342,0.3851004109453524,3995.8018639689767,5188.0,5188.000000000001,6521.0,432,6380.198136031024
36047044000,342,0.3397992228907529,3945.748576207423,5806.0,5806.0,7234.0,432,7666.251423792577
36047044200,342,0.3256449171678605,4814.334455409649,7392.0,7392.0,8652.0,432,9969.66554459035
36047044400,342,0.3589818803017705,4240.293970124512,5906.0,5906.0,7479.0,432,7571.706029875488
36047044600,342,0.38149897428649326,3176.3604599093433,4163.0,4163.000000000001,5187.0,432,5149.639540090657
36047044800,342,0.2550759271481342,1511.5799442798439,2963.0,2963.0,3959.0,432,4414.420055720157
36047045000,342,0.17768324434920924,165.60078373346306,466.0,466.0,702.0,432,766.399216266537
36047045200,342,0.34396295728844006,3926.6811204048304,5708.0,5708.0,6956.0,432,7489.318879595168
36047045400,342,0.28695099722144235,1861.7380699727178,3244.0,3244.0,3756.0,432,4626.261930027282
36047045600,342,0.3990165191471725,2744.4356186942523,3439.0,3439.0,4895.0,432,4133.564381305748
36047045800,342,0.2645662181168862,1643.4853469420968,3106.0,3105.999999999999,3781.0,432,4568.514653057902
36047046000,342,0.3843678932219996,4444.061581432759,5781.0,5781.0,8578.0,432,7117.938418567241
36047046201,342,0.31447853161923656,3651.095752099336,5805.0,5805.0,7479.0,432,7958.904247900664
36047046202,342,0.2747728006687664,2522.963855740613,4591.0,4591.0,5168.0,432,6659.036144259387
36047046400,342,0.24625352857348726,1905.5098041016442,3869.0,3869.0000000000005,5455.0,432,5832.4901958983555
36047046800,342,0.21282630184331341,1912.4571483640157,4493.0,4493.0,5646.0,432,7073.542851635985
36047047000,342,0.12102715265215958,632.2458454548812,2612.0,2612.0,3323.0,432,4591.754154545119
36047047200,342,0.21346745306780524,1715.851387759019,4019.0,4019.0,5061.0,432,6322.1486122409815
36047047400,342,0.2327145648299831,2217.304373700079,4764.0,4764.0,5916.0,432,7310.695626299921
36047047600,342,0.20627791328855183,1777.2905008941616,4308.0,4307.999999999999,5332.0,432,6838.7094991058375
36047047800,342,0.3423697136677575,5136.915183871033,7502.0,7502.000000000001,10232.0,432,9867.084816128967
36047048000,342,0.3468690646207284,4620.989678877343,6661.0,6661.0,10111.0,432,8701.010321122656
36047048200,342,0.41226594910721126,6996.153156349377,8485.0,8485.0,11141.0,432,9973.846843650625
36047048400,342,0.4167626163272674,9358.821312245114,11228.0,11227.999999999998,16541.0,432,13097.178687754884
36047048600,342,0.36460695236734697,3786.078593382532,5192.0,5192.0,7360.0,432,6597.921406617469
36047048800,342,0.3990874266494173,4870.46295482949,6102.0,6102.0,8718.0,432,7333.537045170511
36047049000,342,0.4386764382847025,8929.697577723404,10178.0,10178.0,14408.0,432,11426.302422276596
36047049200,342,0.36426125515696584,3585.7877957651717,4922.0,4922.0,7927.0,432,6258.212204234828
36047049400,342,0.3641777732787562,5607.609352946288,7699.0,7699.0,13025.0,432,9790.390647053711
36047049600,342,0.32582896279900064,3206.156993942166,4920.0,4920.0,8043.0,432,6633.843006057834
36047049800,342,0.3058738514490087,3835.0463494676724,6269.0,6269.0,10723.0,432,8702.953650532329
36047050002,342,0.0,0.0,0.0,0.0,0.0,432,0.0
36047050402,342,0.0,0.0,0.0,0.0,0.0,432,0.0
36047051001,342,0.21357780922944636,1905.968369563579,4462.0,4462.0,7643.0,432,7018.0316304364205
36047051200,342,0.31372715139306195,4565.357507071837,7276.0,7276.000000000002,12997.0,432,9986.642492928164
36047051400,342,0.2992033245028338,5182.201580389086,8660.0,8660.0,14864.0,432,12137.798419610917
36047051601,342,0.30891630157655914,4812.298145959636,7789.0,7789.0,11873.0,432,10765.701854040362
36047051602,342,0.27431391628099167,3233.063817287768,5893.0,5893.0,10332.0,432,8552.936182712232
36047051800,342,0.27983600790396335,2723.3640289213727,4866.0,4866.000000000001,7858.0,432,7008.635971078629
36047052000,342,0.36389641398826955,4933.707580852957,6779.0,6779.0,10212.0,432,8624.292419147041
36047052600,342,0.3971301995484676,6951.367012896376,8752.0,8751.999999999998,12092.0,432,10552.632987103623
36047052800,342,0.22505346177718988,1193.6835612662153,2652.0,2652.0,3871.0,432,4110.316438733785
36047053000,342,0.411517188763877,6125.844871939071,7443.0,7443.0,10293.0,432,8760.155128060927
36047053200,342,0.29743767024401346,2734.047064882971,4596.0,4596.0,6335.0,432,6457.952935117029
36047053400,342,0.3438940921650504,4704.471180817888,6840.0,6840.0,9144.0,432,8975.528819182111
36047053800,342,0.4260705735624687,6522.288340094272,7654.0,7654.000000000001,10520.0,432,8785.71165990573
36047054200,342,0.42580724069352316,7178.258463611415,8429.0,8429.0,11280.0,432,9679.741536388587
36047054400,342,0.33431864140400847,3779.8065597137183,5653.0,5653.0,6871.0,432,7526.193440286281
36047054600,342,0.4522130368537709,7757.262434189586,8577.0,8577.0,10707.0,432,9396.737565810414
36047054800,342,0.32475634674822595,2872.14513064131,4422.0,4422.0,5334.0,432,5971.85486935869
36047055000,342,0.4042234172182919,5731.079609320943,7089.0,7088.999999999999,8815.0,432,8446.920390679057
36047055200,342,0.42840563284766353,4940.373757999256,5766.0,5766.0,7027.0,432,6591.626242000744
36047055400,342,0.4245239830295513,6364.463553579033,7496.0,7496.0,9421.0,432,8627.536446420967
36047055600,342,0.42815254578073314,6195.367337447209,7235.0,7235.000000000001,8907.0,432,8274.63266255279
36047055800,342,0.48897507998143097,5502.925550111024,5627.0,5627.0,7178.0,432,5751.074449888976
36047056000,342,0.41296385462446106,5985.498108926939,7247.0,7247.0,9025.0,432,8508.501891073061
36047056200,342,0.28969177640895005,1958.8957920773198,3381.0,3381.0,4288.0,432,4803.10420792268
36047056400,342,0.39883576568778467,4019.466846601494,5039.0,5039.0,6685.0,432,6058.533153398506
36047056600,342,0.36837570693990007,2737.7682539773373,3716.0,3716.0,4916.0,432,4694.231746022662
36047056800,342,0.2800023407093183,1253.850481696327,2239.0,2239.0000000000005,3164.0,432,3224.1495183036727
36047057000,342,0.44687626975070416,5618.128463305854,6286.0,6285.999999999999,8372.0,432,6953.871536694147
36047057200,342,0.34889434021517596,5648.5993680837,8095.0,8095.0,11309.0,432,10541.400631916302
36047057400,342,0.3447052782208525,3506.3420900625115,5086.0,5086.000000000001,6658.0,432,6665.6579099374885
36047057600,342,0.3344760629321082,2855.087673188476,4268.0,4268.000000000001,6284.0,432,5680.9123268115245
36047057800,342,0.44631522711321336,5318.29224628105,5958.0,5958.0,8256.0,432,6597.70775371895
36047058000,342,0.45889614579569327,5850.925858895091,6375.0,6375.0,8372.0,432,6899.07414110491
36047058200,342,0.3952916416204587,4044.6240770605355,5116.0,5116.0,6639.0,432,6187.375922939466
36047058400,342,0.47661439199950884,5744.15665237808,6026.0,6026.0,7540.0,432,6307.84334762192
36047058600,342,0.3246665801411076,2900.571226980655,4467.0,4467.0,6233.0,432,6033.428773019345
36047058800,342,0.4418189634702556,6689.139106939671,7570.0,7570.0,9344.0,432,8450.86089306033
36047059000,342,0.3461337902970867,2426.3978699825775,3505.0,3504.9999999999995,4897.0,432,4583.6021300174225
36047059200,342,0.45236404355384996,7209.77812616126,7969.0,7969.000000000002,10179.0,432,8728.22187383874
36047059402,342,0.4129632258154533,7658.815985973396,9273.0,9273.0,12760.0,432,10887.184014026603
36047059403,342,0.0,0.0,0.0,0.0,0.0,432,0.0
36047059404,342,0.0,0.0,0.0,0.0,0.0,432,0.0
36047059600,342,0.47739263628239414,4724.277528650573,4948.0,4948.0,6037.0,432,5171.722471349427
36047059800,342,0.40963503949349833,5713.589530855317,6974.0,6974.0,9166.0,432,8234.410469144685
36047060000,342,0.46974541613961507,10469.685834919741,11144.0,11144.0,14222.0,432,11818.314165080259
36047060600,342,0.38077892734172725,3675.278206702351,4826.0,4826.0,5681.0,432,5976.721793297649
36047060800,342,0.4345685650557126,4489.09327702551,5165.0,5165.0,6876.0,432,5840.906722974489
36047061002,342,0.4083370220201481,7060.14711072836,8645.0,8645.0,10279.0,432,10229.852889271639
36047061003,342,0.332782315824971,2137.1280322279626,3211.0,3210.9999999999995,4358.0,432,4284.871967772036
36047061004,342,0.4466640367559721,9295.97193296529,10406.0,10406.0,13250.0,432,11516.02806703471
36047061200,342,0.3107983889177537,1102.7126838801903,1774.0,1774.0,2238.0,432,2445.28731611981
36047061600,342,0.5068876040578868,3260.301069300328,3216.0,3216.0,3986.0,432,3171.698930699672
36047062000,342,0.4230487501512319,3681.3702238160186,4351.0,4351.0,4987.0,432,5020.6297761839805
36047062200,342,0.38330122538374656,4456.260046311438,5813.0,5813.0,8064.0,432,7169.739953688562
36047062600,342,0.3917976116619698,4552.688247512089,5810.0,5809.999999999999,7552.0,432,7067.311752487911
36047062800,342,0.43883387955259734,8354.519398922346,9519.0,9519.0,12482.0,432,10683.480601077652
36047063200,342,0.309155349714786,1978.5942381746304,3200.0,3200.0000000000005,4066.0,432,4421.40576182537
36047063600,342,0.3570616883292156,2158.080844261779,3022.0,3022.0,4215.0,432,3885.919155738221
36047063800,342,0.29694819249711724,1886.2149187416899,3176.0,3176.0,4571.0,432,4465.785081258311
36047064000,342,0.26775187161727254,1840.5263654971325,3437.0,3437.0,4359.0,432,5033.473634502869
36047064200,342,0.37805579040796555,2912.541809302966,3852.0,3851.9999999999995,5164.0,432,4791.458190697033
36047064400,342,0.27619709312107465,2725.5129149187637,4934.0,4934.0,6239.0,432,7142.487085081236
36047064600,342,0.33021922824905947,2668.1713642524005,4040.0,4040.0,5200.0,432,5411.828635747599
36047064800,342,0.30533644796922454,2557.4980881902243,4188.0,4188.0,5647.0,432,5818.501911809775
36047065000,342,0.26964239511630295,1306.1477619433715,2422.0,2422.0,3578.0,432,3537.8522380566287
36047065200,342,0.23708787231484463,831.2300803358448,1753.0,1753.0,2688.0,432,2674.7699196641547
36047065400,342,0.31003254174899453,2086.519005970732,3365.0,3365.0,4387.0,432,4643.480994029267
36047065600,342,0.3641475044021064,2572.337971096479,3532.0,3532.0,4901.0,432,4491.66202890352
36047065800,342,0.31925587897584795,2178.6021181311858,3412.0,3411.9999999999995,5007.0,432,4645.397881868814
36047066000,342,0.32723424456180905,2834.503026394389,4331.0,4331.0,5832.0,432,5827.49697360561
36047066200,342,0.2921338602964034,1742.8706105283422,2983.0,2983.0,4312.0,432,4223.129389471657
36047067200,342,0.27685905730243443,1029.9156931650564,1860.0,1860.0000000000002,3312.0,432,2690.084306834944
36047067400,342,0.29210265254460477,1867.1201550651142,3196.0,3196.0,4998.0,432,4524.879844934886
36047067600,342,0.23381548026891674,1371.5616072574653,2933.0,2933.0,4543.0,432,4494.438392742534
36047068000,342,0.29759192333224604,1843.2843731199328,3097.0,3097.0,4903.0,432,4350.715626880068
36047068200,342,0.2584449223372238,2304.8118174033634,4459.0,4459.0,7142.0,432,6613.1881825966375
36047072200,342,0.2269498843399066,1526.9188218388904,3364.0,3364.0,6290.0,432,5201.081178161108
36047072400,342,0.1390563468875592,610.4573628363848,2195.0,2195.0,4780.0,432,3779.5426371636154
36047072600,342,0.27316681469898185,1778.8622973197698,3256.0,3256.0,5811.0,432,4733.13770268023
36047072800,342,0.3248470845383974,3512.896372198229,5407.0,5406.999999999999,9754.0,432,7301.103627801771
36047073000,342,0.323016295192208,2434.8968331588635,3769.0,3769.000000000001,6857.0,432,5103.103166841137
36047073200,342,0.26520057745757997,2085.0069399714944,3931.0,3931.0000000000005,7141.0,432,5776.993060028506
36047073400,342,0.2363313589525603,1336.6901662356815,2828.0,2828.0000000000005,4478.0,432,4319.309833764319
36047073600,342,0.31974149903810345,3870.151104357205,6052.0,6052.0,10023.0,432,8233.848895642795
36047073800,342,0.2893479757926277,2949.0345692784617,5096.0,5096.0,8066.0,432,7242.965430721538
36047074000,342,0.289555174400261,3675.6133838369124,6347.0,6346.999999999999,10293.0,432,9018.386616163087
36047074200,342,0.25625943314845123,2395.000662205425,4673.0,4673.0,6754.0,432,6950.999337794575
36047074400,342,0.2544183657593204,2595.067330745069,5100.0,5100.0,7356.0,432,7604.932669254932
36047074600,342,0.43214427793327226,3264.4178755079383,3777.0,3776.9999999999995,5210.0,432,4289.582124492062
36047074800,342,0.24195238997032087,1688.3437772128996,3489.0,3489.0000000000005,5434.0,432,5289.656222787101
36047075000,342,0.3246759271822046,3539.6169581403947,5451.0,5451.0,7243.0,432,7362.383041859605
36047075200,342,0.09809123966674915,251.5059385055447,1282.0,1282.0,1734.0,432,2312.4940614944553
36047075400,342,0.15255575694728896,706.333154665948,2315.0,2314.9999999999995,3199.0,432,3923.666845334052
36047075600,342,0.27471646138321426,1635.1123781528906,2976.0,2976.0,4296.0,432,4316.887621847109
36047075800,342,0.26222616751083383,1619.50881054691,3088.0,3088.0,4104.0,432,4556.491189453091
36047076000,342,0.38328698436151565,4286.6816330991915,5592.0,5592.000000000001,6746.0,432,6897.3183669008085
36047076200,342,0.3985345529745592,6449.086136234317,8091.0,8091.000000000001,10254.0,432,9732.913863765683
36047076400,342,0.29960768362377976,3495.223237155016,5833.0,5833.000000000001,8422.0,432,8170.776762844986
36047076600,342,0.23870225810846224,1725.3399216079638,3614.0,3614.0,6162.0,432,5502.660078392035
36047076800,342,0.3879932907917554,4789.389181533426,6172.0,6172.0,7622.0,432,7554.610818466572
36047077000,342,0.3081095415958006,3262.880045499529,5295.0,5295.000000000001,8364.0,432,7327.119954500471
36047077200,342,0.3459692808866197,3490.830044145992,5045.0,5045.0,7129.0,432,6599.169955854008
36047077400,342,0.35969281507248574,3847.2743500153083,5348.0,5348.000000000002,7797.0,432,6848.7256499846935
36047077600,342,0.22619028887521042,2324.7837890594124,5139.0,5139.0,9799.0,432,7953.216210940587
36047078000,342,0.27391840054762584,2042.8834312841932,3729.0,3728.9999999999995,5666.0,432,5415.116568715806
36047078200,342,0.28301214225405935,4029.526881413298,7119.0,7119.0,11877.0,432,10208.473118586702
36047078400,342,0.24720535991703807,1871.8389852918112,3786.0,3785.9999999999995,6160.0,432,5700.161014708187
36047078601,342,0.0,0.0,0.0,0.0,0.0,432,0.0
36047078602,342,0.0,0.0,0.0,0.0,0.0,432,0.0
36047078801,342,0.0,0.0,0.0,0.0,0.0,432,0.0
36047078802,342,0.0,0.0,0.0,0.0,0.0,432,0.0
36047079001,342,0.0,0.0,0.0,0.0,0.0,432,0.0
36047079002,342,0.0,0.0,0.0,0.0,0.0,432,0.0
36047079201,342,0.0,0.0,0.0,0.0,0.0,432,0.0
36047079202,342,0.0,0.0,0.0,0.0,0.0,432,0.0
36047082600,342,0.26943015186347063,3349.01678766294,6215.0,6214.999999999999,12713.0,432,9080.98321233706
36047082800,342,0.3062818101614523,3230.047969962676,5273.0,5273.0,8892.0,432,7315.952030037324
36047083000,342,0.3274691843561127,5096.7303853185385,7782.0,7781.999999999999,13904.0,432,10467.269614681461
36047083200,342,0.28570722706364915,1889.0961853448478,3306.0,3305.9999999999995,5930.0,432,4722.903814655152
36047083400,342,0.19374499565696446,794.7419721848688,2051.0,2050.9999999999995,3371.0,432,3307.2580278151318
36047083600,342,0.2637273726757021,1356.6136050438122,2572.0,2571.9999999999995,4453.0,432,3787.3863949561883
36047083800,342,0.28483286836078137,1610.4450377118578,2827.0,2827.0,5070.0,432,4043.554962288142
36047084000,342,0.22182915112868473,1219.1730146032519,2748.0,2748.0,4949.0,432,4276.826985396749
36047084600,342,0.223892065184785,814.0715490118782,1818.0,1818.0,3655.0,432,2821.9284509881218
36047084800,342,0.19066633631613172,703.5587810065268,1845.0,1845.0,3579.0,432,2986.4412189934737
36047085000,342,0.1835579993743668,700.8244416113326,1909.0,1909.0,3689.0,432,3117.1755583886675
36047085200,342,0.013312855244998478,0.053251420979994156,2.0,2.0,2.0,432,3.946748579020006
36047085400,342,0.2793110935385468,1247.9619659302277,2234.0,2234.0,4203.0,432,3220.038034069773
36047093200,342,0.1996781949986508,760.3745665548619,1904.0,1904.0,3078.0,432,3047.625433445138
36047094401,342,0.24971357840297148,2556.0681885328167,5118.0,5117.999999999999,9505.0,432,7679.931811467184
36047094600,342,0.22814162318849207,949.0691524641268,2080.0,2079.9999999999995,4114.0,432,3210.930847535873
36047152200,342,0.29662075065350135,2671.9597218867398,4504.0,4504.0,7844.0,432,6336.04027811326
36081091604,342,0.0,0.0,0.0,0.0,0.0,432,0.0
36085000300,342,0.3600588050403498,1751.3260277162617,2432.0,2432.0,3515.0,432,3112.6739722837383
36085000600,342,0.3081734794130312,2352.5963418390797,3817.0,3816.9999999999995,5359.0,432,5281.40365816092
36085000700,342,0.39935774080290753,7791.469523064727,9755.0,9755.000000000002,13844.0,432,11718.530476935273
36085000800,342,0.37377866277226357,7395.584621612004,9893.0,9893.0,14184.0,432,12390.415378387994
36085000900,342,0.3505911944997896,1595.1899349740431,2275.0,2275.0,3370.0,432,2954.8100650259576
36085001100,342,0.35963767785307754,3362.612287926275,4675.0,4675.0,6640.0,432,5987.387712073725
36085001700,342,0.24725668904701392,1305.515318168234,2640.0,2640.0000000000005,3386.0,432,3974.4846818317665
36085001800,342,0.07345592395020872,110.9184451648153,755.0,755.0000000000001,926.0,432,1399.0815548351848
36085002001,342,0.24039515951357637,1702.478519675148,3541.0,3541.0,5109.0,432,5379.521480324852
36085002002,342,0.3591275910830215,3894.379597704284,5422.0,5421.999999999999,7410.0,432,6949.620402295715
36085002100,342,0.39684633067858444,4758.187504836227,5995.0,5995.000000000001,8505.0,432,7231.812495163773
36085002700,342,0.3939964867358179,2518.425543215348,3196.0,3196.0,3907.0,432,3873.5744567846523
36085002900,342,0.3377131174604183,5540.5214050556215,8203.0,8203.0,11402.0,432,10865.478594944378
36085003300,342,0.37141586996834586,4702.124913799256,6330.0,6330.0,9850.0,432,7957.875086200742
36085003600,342,0.2832689035699619,2644.0319459220264,4667.0,4667.000000000001,6577.0,432,6689.9680540779755
36085003900,342,0.30502576838093154,2250.480119114512,3689.0,3688.9999999999995,4930.0,432,5127.5198808854875
36085004001,342,0.0,0.0,0.0,0.0,0.0,432,0.0
36085004002,342,0.0,0.0,0.0,0.0,0.0,432,0.0
36085004003,342,0.0,0.0,0.0,0.0,0.0,432,0.0
36085004004,342,0.0,0.0,0.0,0.0,0.0,432,0.0
36085004700,342,0.33613892804888845,3349.2882790791245,4982.0,4982.0,7045.0,432,6614.711720920875
36085005000,342,0.34520500280873234,4012.662952648704,5812.0,5812.0,8347.0,432,7611.337047351295
36085005901,342,0.0,0.0,0.0,0.0,0.0,432,0.0
36085005902,342,0.0,0.0,0.0,0.0,0.0,432,0.0
36085006400,342,0.33022689361015656,2941.0007144920555,4453.0,4453.0,6552.0,432,5964.999285507945
36085006700,342,0.3705419559540064,3104.4005069826653,4189.0,4189.0,5622.0,432,5273.599493017335
36085007001,342,0.0,0.0,0.0,0.0,0.0,432,0.0
36085007002,342,0.0,0.0,0.0,0.0,0.0,432,0.0
36085007400,342,0.3921463755581992,6395.123092603112,8154.0,8154.0,11769.0,432,9912.876907396887
36085007500,342,0.3082094539675658,3998.0930368672616,6486.0,6485.999999999999,8585.0,432,8973.906963132737
36085007700,342,0.2613196008751477,1475.9331057428337,2824.0,2824.0,3992.0,432,4172.066894257166
36085008100,342,0.3011879698088251,3803.4016827458454,6314.0,6314.0,8573.0,432,8824.598317254156
36085009601,342,0.3191388852571201,3786.9020124609856,5933.0,5933.0,8916.0,432,8079.097987539013
36085009602,342,0.4239575360074954,4835.659655701493,5703.0,5703.0,8241.0,432,6570.340344298507
36085009701,342,0.0,0.0,0.0,0.0,0.0,432,0.0
36085009702,342,0.0,0.0,0.0,0.0,0.0,432,0.0
36085010500,342,0.44699221852646365,7307.428788470628,8174.0,8174.0,11329.0,432,9040.571211529372
36085011201,342,0.40394803730583506,8081.384434340536,10003.0,10003.0,15037.0,432,11924.615565659464
36085011203,342,0.0,0.0,0.0,0.0,0.0,432,0.0
36085011204,342,0.0,0.0,0.0,0.0,0.0,432,0.0
36085011401,342,0.2789429317922383,2528.8966196284327,4533.0,4533.0,6403.0,432,6537.103380371567
36085011402,342,0.3544953359063341,4678.629443291797,6599.0,6599.0,9191.0,432,8519.370556708203
36085012100,342,0.38050870530580105,4464.1281306476585,5866.0,5866.0,7787.0,432,7267.8718693523415
36085012200,342,0.30138276381301765,3743.1739265576803,6210.0,6210.0,9421.0,432,8676.82607344232
36085012500,342,0.4429136418364725,4242.226861509734,4789.0,4789.0,6344.0,432,5335.773138490266
36085012804,342,0.31322189037062365,4333.738075167948,6918.0,6918.000000000001,9722.0,432,9502.261924832052
36085012805,342,0.3167073426513948,3256.38489714164,5141.0,5141.0,6858.0,432,7025.615102858359
36085012806,342,0.38886157027821977,7386.814389005063,9498.0,9498.0,13001.0,432,11609.185610994937
36085013201,342,0.3437180411122629,1549.4809293340809,2254.0,2254.0,3337.0,432,2958.519070665919
36085013203,342,0.46184939027298744,7644.531107798489,8276.0,8276.0,12930.0,432,8907.468892201512
36085013204,342,0.3626300944395817,5467.736563960014,7539.0,7539.000000000001,11197.0,432,9610.263436039986
36085013301,342,0.26870584561494126,1370.3998126361996,2550.0,2549.9999999999995,3222.0,432,3729.6001873637997
36085013302,342,0.34981448314105923,3468.7604148267446,4958.0,4958.0,6867.0,432,6447.239585173256
36085013400,342,0.36350766728559025,3864.086503245824,5315.0,5315.0,7831.0,432,6765.913496754176
36085013800,342,0.40643511637484897,8613.985856448548,10597.0,10597.000000000004,15031.0,432,12580.014143551454
36085014100,342,0.35761795808536523,2718.6117173649454,3801.0,3800.999999999999,5467.0,432,4883.388282635053
36085014606,342,0.5697115268230188,13249.211267796125,11628.0,11627.999999999998,18294.0,432,10006.788732203873
36085014700,342,0.370626019318676,4013.138537182624,5414.0,5414.0,7993.0,432,6814.861462817376
36085015100,342,0.3458684915516721,6092.819347174255,8808.0,8808.0,12150.0,432,11523.180652825744
36085015400,342,0.0,0.0,0.0,0.0,0.0,432,0.0
36085015603,342,0.38222139703270663,4839.68732922813,6331.0,6331.0,10738.0,432,7822.312670771869
36085016901,342,0.3606691518802614,3445.1117387602585,4776.0,4776.000000000001,6966.0,432,6106.888261239743
36085017300,342,0.24491700218932155,1798.1806300739981,3671.0,3671.0,5324.0,432,5543.819369926001
36085017701,342,0.0,0.0,0.0,0.0,0.0,432,0.0
36085017702,342,0.0,0.0,0.0,0.0,0.0,432,0.0
36085018100,342,0.422172491793,4568.750706183847,5411.0,5411.0,7733.0,432,6253.249293816154
36085018701,342,0.2927757046753032,1590.3576277962468,2716.0,2715.9999999999995,4183.0,432,3841.642372203753
36085018703,342,0.0,0.0,0.0,0.0,0.0,432,0.0
36085018704,342,0.0,0.0,0.0,0.0,0.0,432,0.0
36085018901,342,0.3974882404991785,7059.39115126541,8880.0,8880.000000000002,12352.0,432,10700.60884873459
36085018902,342,0.3915221452797121,5872.83217919568,7500.0,7500.0,11091.0,432,9127.16782080432
36085019700,342,0.2992061447293558,1734.1988148513462,2898.0,2898.0,4356.0,432,4061.801185148654
36085020100,342,0.3583917095163969,4193.183001341843,5850.0,5850.0,8398.0,432,7506.816998658157
36085020701,342,0.0,0.0,0.0,0.0,0.0,432,0.0
36085020702,342,0.0,0.0,0.0,0.0,0.0,432,0.0
36085021300,342,0.4195125620432246,5695.3025422988185,6788.0,6788.0,9675.0,432,7880.697457701182
36085024700,342,0.37956735250991525,2999.341219533351,3951.0,3951.0,5577.0,432,4902.65878046665
36085025100,342,0.3960129412197889,7620.87304083362,9622.0,9621.999999999998,14927.0,432,11623.126959166382
36085027302,342,0.29934296184284526,2985.646701420539,4987.0,4987.0,8231.0,432,6988.353298579461
36085990100,342,0.0,0.0,0.0,0.0,0.0,432,0.0
36073040200,54,0.8587135277534588,6138.084296381723,3574.0,3573.9999999999995,6485.0,8,1009.9157036182762
36073040300,54,0.747811006914566,4106.978049974797,2746.0,2745.9999999999995,4396.0,8,1385.021950025203
36073040400,54,0.8949291516968539,6162.482138584536,3443.0,3443.0,5099.0,8,723.5178614154637
36073040500,54,0.8178757565787931,5415.9732600647685,3311.0,3311.0000000000005,4848.0,8,1206.0267399352324
36073040601,54,0.0,0.0,0.0,0.0,0.0,8,0.0
36073040602,54,0.0,0.0,0.0,0.0,0.0,8,0.0
36073040603,54,0.0,0.0,0.0,0.0,0.0,8,0.0
36073040702,54,0.0,0.0,0.0,0.0,0.0,8,0.0
36065025601,210,0.0,0.0,0.0,0.0,0.0,2,0.0
36065025700,210,0.9999771320451407,4489.897322882682,2245.0,2245.0,3921.0,2,0.10267711731832503
36071001100,293,0.6905497985574325,9619.358693905035,6965.0,6965.0,10390.0,17,4310.641306094965
36071001200,293,0.766362937029573,5421.2514165471985,3537.0,3537.0,5019.0,17,1652.7485834528006
36071001300,293,0.7684089170212886,8020.6522758682095,5219.0,5218.999999999999,8019.0,17,2417.3477241317905
36071001500,293,0.8461148041433445,11378.551886119698,6724.0,6724.0,10049.0,17,2069.448113880303
36071001601,293,0.0,0.0,0.0,0.0,0.0,17,0.0
36071001602,293,0.0,0.0,0.0,0.0,0.0,17,0.0
36071011101,293,0.8261981172240807,5279.405969061876,3195.0,3195.0000000000005,5831.0,17,1110.594030938125
36071011200,293,0.6553280766680079,7663.406528555684,5847.0,5847.000000000001,9584.0,17,4030.5934714443156
36071011301,293,0.0,0.0,0.0,0.0,0.0,17,0.0
36071011302,293,0.0,0.0,0.0,0.0,0.0,17,0.0
36071011400,293,0.8606709693267849,5764.774152550805,3349.0,3349.0,5869.0,17,933.2258474491948
36071011500,293,0.7904335120179191,16742.96265156356,10591.0,10590.999999999998,16138.0,17,4439.037348436436
36071011701,293,0.7812989563065438,9058.380099418067,5797.0,5797.000000000001,9110.0,17,2535.619900581932
36071011702,293,0.8101256539645747,10732.544663722687,6624.0,6624.000000000001,9175.0,17,2515.455336277314
36071011801,293,0.7940228348292506,9542.566428977932,6009.0,6008.999999999999,9215.0,17,2475.4335710220666
36071011802,293,0.8284655725424676,5779.3758340562545,3488.0,3488.0000000000005,5881.0,17,1196.6241659437462
36071015100,293,0.5965008262242777,8692.210039740177,7286.0,7286.0,10244.0,17,5879.7899602598245
36029014701,43,0.9695282269398853,8696.668195650771,4485.0,4485.0,11032.0,8,273.33180434922906
36029014703,43,0.0,0.0,0.0,0.0,0.0,8,0.0
36029014801,43,0.9818308559830098,4704.933461870583,2396.0,2396.0,4935.0,8,87.06653812941715
36029014805,43,0.0,0.0,0.0,0.0,0.0,8,0.0
36029940100,43,0.0,0.0,0.0,0.0,0.0,8,0.0
36037940100,43,0.9254536417725225,795.8901319243694,430.0,430.0,1037.0,8,64.1098680756306
36063023402,43,0.979063373888959,8476.730691130608,4329.0,4329.0,9619.0,8,181.26930886939266
36063024001,43,0.9774484242039152,11774.343717960362,6023.0,6022.999999999999,12209.0,8,271.65628203963723
36003950300,49,0.999977717535362,9461.789163319594,4731.0,4730.999999999999,7036.0,2,0.21083668040474635
36009960100,49,0.9827692638367684,5888.753428909917,2996.0,2996.0,7265.0,2,103.24657109008352
36041950500,306,1.0,1698.0,849.0,849.0,1514.0,1,0.0
36011040900,146,0.9996221494111659,6475.552283885532,3239.0,3239.0,7425.0,3,2.4477161144675637
36023970201,146,0.0,0.0,0.0,0.0,0.0,3,0.0
36023970202,146,0.0,0.0,0.0,0.0,0.0,3,0.0
36105952300,246,0.9737692646735283,1809.2632937634157,929.0,929.0000000000001,1410.0,2,48.736706236584354
36105952400,246,0.9979486238435631,4229.3062678490205,2119.0,2119.0,3310.0,2,8.693732150979464
36029014204,42,0.9487256004725012,7549.958328560165,3979.0,3979.0,7836.0,8,408.0416714398356
36029014206,42,0.8745490908194784,15252.136143891703,8720.0,8719.999999999998,17389.0,8,2187.8638561082976
36029014208,42,0.9871501982705603,10921.829793665478,5532.0,5532.0,11762.0,8,142.17020633452103
36029014704,42,0.0,0.0,0.0,0.0,0.0,8,0.0
36029014804,42,0.0,0.0,0.0,0.0,0.0,8,0.0
36029014901,42,0.9020967953637056,5262.832704151859,2917.0,2917.0,5025.0,8,571.1672958481415
36029014903,42,0.880730989950982,10371.488137662762,5888.0,5888.0,10238.0,8,1404.5118623372366
36029980400,42,0.0,0.0,0.0,0.0,0.0,8,0.0
36115082002,439,1.0,1960.0,980.0,980.0,2088.0,1,0.0
36057072500,278,0.949418496875967,7925.745611920573,4174.0,4174.0,7063.0,2,422.2543880794273
36057072600,278,0.9447263016397175,7578.594391753813,4011.0,4011.0,6900.0,2,443.4056082461864
36009961400,17,1.0,11332.0,5666.0,5666.0,9518.0,1,0.0
36015010100,118,0.8689970931846928,6979.784652459452,4016.0,4016.0,7274.0,4,1052.215347540548
36015010400,118,0.9090322682396234,7441.338147809556,4093.0,4092.999999999999,8117.0,4,744.6618521904433
36015010500,118,0.9672543695505134,5646.831009435897,2919.0,2918.9999999999995,5483.0,4,191.168990564103
36097950500,118,0.9859711450167569,9289.820128347883,4711.0,4711.0,7840.0,4,132.17987165211676
36021000700,408,0.9778486684297351,11493.633248723107,5877.0,5877.000000000001,9641.0,4,260.3667512768941
36021000800,408,0.6692540143090959,1987.6844224980148,1485.0,1485.0,2553.0,4,982.3155775019851
36021000900,408,0.966475276600141,2588.2207907351776,1339.0,1339.0,1988.0,4,89.77920926482231
36021001000,408,0.968035070344757,10460.586970145445,5403.0,5403.0,10527.0,4,345.4130298545556
36105951100,295,0.8364053524584111,4526.625767504921,2706.0,2706.0,6037.0,4,885.3742324950791
36111954600,295,0.780423563621476,3074.868840668616,1970.0,1970.0000000000002,3298.0,4,865.1311593313844
36111954700,295,0.7134779026815118,2968.0680751550885,2080.0,2079.9999999999995,3128.0,4,1191.931924844911
36111954800,295,0.8762463297572081,10318.676779220881,5888.0,5888.0,8906.0,4,1457.3232207791184
36117021000,113,0.903702641899895,11251.097891653693,6225.0,6225.0,11804.0,3,1198.9021083463065
36117021400,113,0.9366801969702928,6459.346638307139,3448.0,3447.9999999999995,5744.0,3,436.6533616928607
36117021800,113,0.9219135038483663,4185.487307471583,2270.0,2270.0,4086.0,3,354.5126925284168
36019101902,444,0.0,0.0,0.0,0.0,0.0,1,0.0
36105951600,270,0.9990867004519745,6214.319276811281,3110.0,3110.0,6798.0,5,5.6807231887189005
36105951701,270,0.0,0.0,0.0,0.0,0.0,5,0.0
36105951702,270,0.0,0.0,0.0,0.0,0.0,5,0.0
36105951801,270,0.0,0.0,0.0,0.0,0.0,5,0.0
36105951802,270,0.0,0.0,0.0,0.0,0.0,5,0.0
36077590101,277,0.0,0.0,0.0,0.0,0.0,2,0.0
36077590600,277,0.9998249590287533,2845.501833395832,1423.0,1423.0,3203.0,2,0.498166604168066
36089491900,241,0.6707656107654014,2935.2703127093964,2188.0,2188.0,2573.0,3,1440.7296872906036
36089492000,241,0.8242652845595748,9938.990801219354,6029.0,6029.0,8813.0,3,2119.0091987806463
36089492100,241,0.7725988008936259,9509.146041398746,6154.0,6153.999999999999,8416.0,3,2798.853958601253
36055014501,73,0.8742367175331812,8522.05952251345,4874.0,4873.999999999998,9193.0,6,1225.9404774865495
36055014505,73,0.8754811116038211,11624.638199875537,6639.0,6639.0,11910.0,6,1653.3618001244627
36055014601,73,0.8373977441409528,11279.747613578633,6735.0,6734.999999999999,12159.0,6,2190.252386421366
36055014700,73,0.9565491171215058,8962.865227428509,4685.0,4684.999999999999,9150.0,6,407.1347725714909
36055014905,73,0.9173907717362878,11087.584867204772,6043.0,6042.999999999998,11984.0,6,998.4151327952259
36055015000,73,0.9505709958030913,11980.996831102162,6302.0,6302.0,11540.0,6,623.0031688978372
36095740200,301,0.9524627380462121,12928.72920623928,6787.0,6786.999999999999,9475.0,3,645.2707937607181
36095740300,301,0.9237269795856188,2246.5040143522247,1216.0,1216.0,1577.0,3,185.49598564777517
36095740400,301,0.7834754167564633,9522.360215258053,6077.0,6077.0,9334.0,3,2631.6397847419457
36051031200,70,0.9867186581203259,6934.6587292696495,3514.0,3513.9999999999995,5954.0,2,93.34127073034996
36051031300,70,0.9991756279013249,8391.076923115326,4199.0,4199.0,8108.0,2,6.923076884673733
36059300902,399,0.0,0.0,0.0,0.0,0.0,169,0.0
36059301400,399,0.43255518937497095,2097.8926684686094,2425.0,2425.0,4594.0,169,2752.1073315313906
36059301600,399,0.396855008854348,5548.033023783784,6990.0,6990.0,11680.0,169,8431.966976216216
36059301700,399,0.3932482027232471,2605.662591244236,3313.0,3313.0,6408.0,169,4020.3374087557645
36059301900,399,0.43250636960340816,2741.2253705464,3169.0,3169.0,5845.0,169,3596.774629453599
36059302000,399,0.5492738950269169,9629.869927611908,8766.0,8766.0,11882.0,169,7902.130072388092
36059302101,399,0.5047859859785677,9659.584627685876,9568.0,9568.000000000002,12387.0,169,9476.415372314128
36059302102,399,0.44244922841249357,6693.371927424205,7564.0,7564.000000000001,9537.0,169,8434.628072575797
36059302200,399,0.4875249961922997,6702.493647651738,6874.0,6874.0,9420.0,169,7045.506352348263
36059302300,399,0.5200732874408065,7597.230582935302,7304.0,7304.0,10473.0,169,7010.769417064698
36059302400,399,0.5059732431153159,8406.239461117859,8307.0,8307.0,11437.0,169,8207.760538882141
36059302501,399,0.41255541845712096,3669.267891757633,4447.0,4447.0,5920.0,169,5224.732108242366
36059302502,399,0.4833216300327342,4377.927324836504,4529.0,4529.0,6179.0,169,4680.072675163494
36059302700,399,0.3525430610782635,4360.957665538119,6185.0,6185.0,10029.0,169,8009.042334461881
36059302800,399,0.545123289334865,10531.781949949593,9660.0,9660.0,14575.0,169,8788.21805005041
36059302900,399,0.48142163281142714,7520.7687477801155,7811.0,7810.999999999998,10921.0,169,8101.2312522198845
36059303000,399,0.3729269172828146,6647.049373648887,8912.0,8911.999999999998,13574.0,169,11176.950626351114
36059303101,399,0.36912879286156874,4304.779982351613,5831.0,5831.0,8948.0,169,7357.220017648386
36059303102,399,0.507685421102485,7059.873465851157,6953.0,6953.0,9783.0,169,6846.126534148843
36059303203,399,0.0,0.0,0.0,0.0,0.0,169,0.0
36059303204,399,0.0,0.0,0.0,0.0,0.0,169,0.0
36059303301,399,0.486401585319044,5849.465465046823,6013.0,6013.0,8198.0,169,6176.534534953177
36059303302,399,0.5260516347037479,7690.874899368794,7310.0,7310.0,9631.0,169,6929.125100631205
36059303400,399,0.5031023276293486,5217.171137516346,5185.0,5185.0,6651.0,169,5152.828862483655
36059303500,399,0.5439216999448666,10249.660513761064,9422.0,9422.000000000002,12472.0,169,8594.339486238934
36059303600,399,0.6712985460818266,14005.972865451231,10432.0,10431.999999999998,14068.0,169,6858.027134548771
36059303700,399,0.5273965390890251,12518.284251817098,11868.0,11868.000000000002,15595.0,169,11217.715748182902
36059303800,399,0.439690287776739,7281.271165582798,8280.0,8280.0,10288.0,169,9278.728834417201
36059303900,399,0.5575526339196115,8259.584718885126,7407.0,7407.0,9953.0,169,6554.415281114874
36059304001,399,0.4382460618418972,3823.2586435087105,4362.0,4362.0,5824.0,169,4900.741356491289
36059304002,399,0.4741896328202334,7449.519131605867,7855.0,7855.0,9736.0,169,8260.480868394134
36059304100,399,0.47981421100523014,5795.19604052117,6039.0,6038.999999999999,8167.0,169,6282.80395947883
36059304202,399,0.44254205085245923,4960.896390056068,5605.0,5605.0,7095.0,169,6249.1036099439325
36059304203,399,0.5678904222324048,11421.412171938127,10056.0,10055.999999999998,12295.0,169,8690.587828061874
36059304204,399,0.4763693337084107,8188.788846447582,8595.0,8595.000000000002,10457.0,169,9001.21115355242
36059404500,399,0.4492256791686283,4913.630478746456,5469.0,5469.0,8768.0,169,6024.369521253543
36059404700,399,0.466650925133444,8958.764460711858,9599.0,9599.000000000002,13488.0,169,10239.235539288142
36059405200,399,0.4461242104555937,9845.069076334043,11034.0,11034.0,19550.0,169,12222.930923665957
36059405301,399,0.44217840340649883,5549.33896275156,6275.0,6275.0,8794.0,169,7000.66103724844
36059405302,399,0.48774913792954855,7222.589234460756,7404.0,7404.0,9380.0,169,7585.4107655392445
36059405400,399,0.5499079212553704,16474.141504968386,14979.0,14979.0,22387.0,169,13483.858495031613
36059405500,399,0.5831908827601815,11919.255261852588,10219.0,10219.0,13701.0,169,8518.744738147412
36059405600,399,0.4400024810113706,7957.004866609626,9042.0,9042.000000000002,11306.0,169,10126.995133390374
36059405700,399,0.503408726564407,10310.817537492187,10241.0,10241.0,13013.0,169,10171.182462507815
36059405800,399,0.5264186507304491,9171.265733025883,8711.0,8711.0,10522.0,169,8250.734266974116
36059405900,399,0.6191045958309024,11207.031393730995,9051.0,9051.0,12293.0,169,6894.968606269005
36059406001,399,0.5598663722265487,9131.42053101501,8155.0,8155.0,11151.0,169,7178.579468984991
36059406002,399,0.5184748151497632,6729.803100643928,6490.0,6490.000000000001,8813.0,169,6250.196899356073
36059406100,399,0.561648438346859,6818.412041530867,6070.0,6070.0,7700.0,169,5321.587958469132
36059406201,399,0.4260116673260105,4006.2137195338028,4702.0,4702.0,6366.0,169,5397.786280466197
36059406202,399,0.4763893734322344,10927.419447788594,11469.0,11469.0,14750.0,169,12010.580552211408
36059406300,399,0.4262568318274662,5129.574714211728,6017.0,6017.000000000002,7671.0,169,6904.425285788273
36059406400,399,0.5473928227852936,12454.281504010998,11376.0,11376.000000000002,14486.0,169,10297.718495989002
36059406501,399,0.5048578761086113,13412.054336701369,13283.0,13282.999999999998,15804.0,169,13153.945663298631
36059406600,399,0.5010349349786314,8048.625195496735,8032.0,8032.0,9604.0,169,8015.374804503266
36059406701,399,0.5608842266700818,5504.517800540182,4907.0,4906.999999999998,6051.0,169,4309.482199459817
36059406702,399,0.5006801844065618,8512.564495280361,8501.0,8501.0,10169.0,169,8489.435504719637
36059406801,399,0.5961562880869642,9223.73008928151,7736.0,7736.0,9559.0,169,6248.269910718491
36059406802,399,0.6090979493389522,9928.296574224923,8150.0,8150.0,9741.0,169,6371.703425775078
36059406900,399,0.4687192657328906,12280.444762201732,13100.0,13100.0,15888.0,169,13919.555237798266
36059407000,399,0.4687354388576165,13190.215249453331,14070.0,14070.000000000002,18432.0,169,14949.78475054667
36059407101,399,0.4866017918993919,8145.713996395818,8370.0,8370.0,10447.0,169,8594.28600360418
36059407102,399,0.5330398500926457,12814.277996227202,12020.0,12020.0,15439.0,169,11225.722003772797
36059407201,399,0.4689943444831558,7590.204471115395,8092.0,8092.0,9936.0,169,8593.795528884606
36059407203,399,0.5725903617718493,7062.329522093988,6167.0,6167.0,7735.0,169,5271.670477906011
36059407204,399,0.593827288182114,6439.463113046844,5422.0,5422.0,6432.0,169,4404.536886953156
36059407301,399,0.47301582346994975,9739.395805246268,10295.0,10295.0,12552.0,169,10850.604194753734
36059407302,399,0.5500313349560074,10508.898685669476,9553.0,9553.0,11729.0,169,8597.101314330523
36059407401,399,0.4995989534734676,10469.595668989987,10478.0,10478.000000000002,12857.0,169,10486.404331010013
36059407402,399,0.48706372137120435,6098.037791567478,6260.0,6260.0,7673.0,169,6421.962208432522
36059407501,399,0.5371127772159692,10723.99370989404,9983.0,9983.0,13188.0,169,9242.006290105961
36059407502,399,0.49969645093757886,9435.268386603368,9441.0,9441.0,12226.0,169,9446.731613396636
36059407600,399,0.48527299571494364,10426.575585931281,10743.0,10743.000000000002,12858.0,169,11059.42441406872
36059407700,399,0.565264414067095,11005.69814188634,9735.0,9735.0,12033.0,169,8464.30185811366
36059407801,399,0.4651755856372084,10164.086546173003,10925.0,10925.0,13536.0,169,11685.913453826997
36059407802,399,0.357280172692062,2157.2576827146704,3019.0,3019.0,3851.0,169,3880.7423172853296
36059407900,399,0.4789658148099589,11268.149759219094,11763.0,11763.0,14244.0,169,12257.850240780906
36059408000,399,0.46443742984842984,10989.518465073546,11831.0,11831.0,14860.0,169,12672.481534926454
36059408100,399,0.5406366210605731,14246.856238188222,13176.0,13175.999999999998,16195.0,169,12105.143761811778
36059408200,399,0.381449725300123,7883.040023052343,10333.0,10332.999999999998,12596.0,169,12782.959976947657
36059408300,399,0.49150754507134387,12371.244909445726,12585.0,12585.0,16084.0,169,12798.755090554274
36059408400,399,0.46773563660614526,7590.413910844524,8114.0,8114.0,10272.0,169,8637.586089155475
36059408500,399,0.5216753901103193,12719.489361669806,12191.0,12190.999999999998,15385.0,169,11662.510638330194
36059408600,399,0.45073262379092194,8631.529745596155,9575.0,9575.0,12386.0,169,10518.470254403845
36059408700,399,0.5268817195596036,8853.720415479576,8402.0,8402.0,10788.0,169,7950.279584520422
36059408800,399,0.5670822105922442,15872.631074476918,13995.0,13995.0,17890.0,169,12117.368925523084
36059408900,399,0.5427433539126311,12638.321739209528,11643.0,11643.0,14119.0,169,10647.678260790473
36059409000,399,0.574063650195103,11104.68724937407,9672.0,9671.999999999998,12514.0,169,8239.312750625928
36059409100,399,0.5432266366896934,10994.907126599397,10120.0,10120.0,12179.0,169,9245.092873400605
36059409200,399,0.5527585116513627,11768.228713057511,10645.0,10645.0,12976.0,169,9521.771286942487
36059409300,399,0.6209929473801328,11456.07789326869,9224.0,9224.0,11512.0,169,6991.92210673131
36059409400,399,0.42636815767086644,7029.105447361905,8243.0,8243.0,10391.0,169,9456.894552638096
36059409500,399,0.5393236626614644,8155.652426766665,7561.0,7561.0,9366.0,169,6966.347573233336
36059409600,399,0.536277322771229,10978.669351772598,10236.0,10235.999999999998,12976.0,169,9493.330648227402
36059409700,399,0.49561025260598957,8033.842194743091,8105.0,8105.000000000001,10106.0,169,8176.157805256909
36059410000,399,0.4824295320397982,5224.711831991013,5415.0,5414.999999999998,9138.0,169,5605.288168008985
36059410100,399,0.5731221123294503,12279.714378770803,10713.0,10713.0,14176.0,169,9146.285621229197
36059410200,399,0.5661784384452435,7355.790272280605,6496.0,6496.0,8411.0,169,5636.209727719395
36059410600,399,0.4769230566479389,9875.168810952222,10353.0,10353.0,18164.0,169,10830.831189047778
36059410700,399,0.49699023320671454,7990.608969497558,8039.0,8039.000000000002,15414.0,169,8087.391030502444
36059411800,399,0.5587443974624888,10366.94355051902,9277.0,9277.0,13370.0,169,8187.056449480982
36059411901,399,0.5809398270015436,6478.640950721215,5576.0,5576.0,8489.0,169,4673.359049278786
36059411902,399,0.4429956433701532,5138.749463093776,5800.0,5800.0,9579.0,169,6461.250536906224
36059412000,399,0.6286007748210104,12036.447636272707,9574.0,9574.0,13797.0,169,7111.552363727293
36059412301,399,0.5726910578249129,5992.639229079888,5232.0,5232.0,6693.0,169,4471.3607709201115
36059412302,399,0.48552380432130704,5495.158417308553,5659.0,5659.0,8669.0,169,5822.841582691447
36059412400,399,0.5480418413776424,8774.149880456056,8005.0,8005.0,11161.0,169,7235.850119543944
36059412500,399,0.412604332374514,6118.097040449293,7414.0,7414.0,9301.0,169,8709.902959550707
36059412600,399,0.4819196311844506,7492.886425655838,7774.0,7773.999999999999,9391.0,169,8055.113574344162
36059412700,399,0.4546927024476156,6132.895170613439,6744.0,6744.0,8859.0,169,7355.104829386561
36059412800,399,0.5185693284877131,6585.830471793957,6350.0,6349.999999999999,8235.0,169,6114.169528206043
36059412900,399,0.5108112817712066,10199.879674407453,9984.0,9984.0,13551.0,169,9768.120325592547
36059413100,399,0.5237252294789894,7643.2459990163725,7297.0,7296.999999999998,11829.0,169,6950.7540009836275
36059413500,399,0.5756499756780857,17384.629265478186,15100.0,15100.0,21060.0,169,12815.370734521812
36059413600,399,0.4522738384801186,8263.043029031765,9135.0,9135.0,12883.0,169,10006.956970968233
36059413900,399,0.47170446082263706,12604.886602102506,13361.0,13360.999999999996,17266.0,169,14117.11339789749
36059414001,399,0.54677886512758,8172.15691819681,7473.0,7473.0,9780.0,169,6773.843081803188
36059414002,399,0.49602091822257177,9106.944058566416,9180.0,9180.0,11492.0,169,9253.055941433582
36059414100,399,0.5125952917139709,12827.18457985041,12512.0,12512.0,15911.0,169,12196.815420149593
36059414201,399,0.4710732750224528,8697.896950014569,9232.0,9232.0,12459.0,169,9766.103049985431
36059414202,399,0.4205105181415084,6321.114108703155,7516.0,7516.0,9426.0,169,8710.885891296846
36059414301,399,0.585153907714953,7540.293254814886,6443.0,6442.999999999999,9001.0,169,5345.706745185114
36059414303,399,0.4866543672205754,7526.596443433419,7733.0,7733.0,9758.0,169,7939.40355656658
36059414304,399,0.4410254106085062,4730.438554186838,5363.0,5363.0,7033.0,169,5995.561445813162
36059414400,399,0.4146474701408467,7716.589419321156,9305.0,9305.0,11323.0,169,10893.410580678843
36059414600,399,0.42371297231827987,6341.288343715377,7483.0,7483.0,9190.0,169,8624.711656284624
36059414700,399,0.42458399282536685,8288.72870793681,9761.0,9761.0,12054.0,169,11233.27129206319
36059414800,399,0.5363677154853302,13369.501676187341,12463.0,12463.0,15856.0,169,11556.498323812659
36059414900,399,0.4995655054649998,14243.611691818076,14256.0,14256.000000000002,18190.0,169,14268.388308181926
36059415000,399,0.5252372578601238,11487.989303916629,10936.0,10936.0,13674.0,169,10384.010696083373
36059415101,399,0.4739957947694362,4135.139313568562,4362.0,4362.0,5969.0,169,4588.860686431439
36059415201,399,0.41371494073671844,4764.341257524052,5758.0,5758.0,7284.0,169,6751.658742475951
36059415300,399,0.549655258834427,10274.15609813311,9346.0,9345.999999999998,12290.0,169,8417.84390186689
36059415401,399,0.5844371251066439,10903.25900598955,9328.0,9328.0,13090.0,169,7752.740994010451
36059415500,399,0.4770386957949748,4374.444840439919,4585.0,4585.0,5995.0,169,4795.555159560081
36059415600,399,0.5181901232139339,9420.696440029315,9090.0,9089.999999999998,11688.0,169,8759.303559970684
36059415700,399,0.5017334699127461,11031.112069501636,10993.0,10993.0,14593.0,169,10954.887930498364
36059415802,399,0.5815080262581844,15458.809370047575,13292.0,13292.0,17194.0,169,11125.190629952427
36059416000,399,0.4440665139220191,5962.925148944872,6714.0,6714.0,9013.0,169,7465.0748510551275
36059416100,399,0.48860135584457176,13327.09058201654,13638.0,13638.0,17510.0,169,13948.90941798346
36059517705,399,0.545480168818977,5547.533316888996,5085.0,5084.999999999999,6853.0,169,4622.466683111004
36059518501,399,0.43453247398536066,9123.443823796631,10498.0,10498.0,14189.0,169,11872.556176203367
36059518502,399,0.49162248313686807,5672.340210433183,5769.0,5768.999999999999,7407.0,169,5865.6597895668165
36059518600,399,0.42325775805854426,5579.38376672773,6591.0,6591.0,9538.0,169,7602.616233272269
36059518700,399,0.4307093950128712,6999.027668959157,8125.0,8124.999999999999,12950.0,169,9250.972331040843
36059518800,399,0.458419001675165,5100.369812637887,5563.0,5562.999999999998,8795.0,169,6025.630187362112
36059518900,399,0.5214539828584256,13271.00386374693,12725.0,12725.000000000002,16438.0,169,12178.996136253068
36059519000,399,0.560112566927369,12158.92360285933,10854.0,10854.0,13848.0,169,9549.076397140674
36059519100,399,0.6238092497600807,14192.908050541355,11376.0,11376.0,14782.0,169,8559.091949458643
36059519200,399,0.6500958822994116,14996.411812882829,11534.0,11534.0,14165.0,169,8071.588187117171
36059519300,399,0.5056070967247293,9813.833747426994,9705.0,9704.999999999998,12598.0,169,9596.166252573004
36059519400,399,0.539708233976683,8537.104845043174,7909.0,7909.0,10734.0,169,7280.895154956828
36059519500,399,0.524024071664269,11827.223297462553,11285.0,11285.0,14850.0,169,10742.776702537449
36059519601,399,0.5084083388697302,8034.885387497216,7902.0,7901.999999999999,11391.0,169,7769.114612502783
36059519602,399,0.47514487818466644,3015.269396959892,3173.0,3173.0,5063.0,169,3330.730603040107
36059519703,399,0.5121939184244385,5590.084425684322,5457.0,5457.000000000001,8470.0,169,5323.915574315678
36059519704,399,0.48057220007650636,4431.836829105543,4611.0,4611.0,7894.0,169,4790.163170894458
36059519801,399,0.431688605517215,3868.793282645281,4481.0,4481.0,6464.0,169,5093.206717354719
36059519900,399,0.49739259571357264,10478.072421302119,10533.0,10533.0,13437.0,169,10587.92757869788
36059520001,399,0.4800909362684318,11628.762658293952,12111.0,12111.0,16193.0,169,12593.237341706044
36059520002,399,0.4958889734552706,7575.199958502713,7638.0,7638.0,10148.0,169,7700.800041497286
36059520200,399,0.5917107471905756,6453.197408860418,5453.0,5453.000000000001,7548.0,169,4452.8025911395835
36059520300,399,0.44012902064682735,8623.888030553935,9797.0,9797.0,14847.0,169,10970.111969446065
36059520900,399,0.5010924694181463,8126.7176690234965,8109.0,8109.000000000002,11174.0,169,8091.2823309765035
36059521302,399,0.4483047792468523,7034.798595941606,7846.0,7846.0,14556.0,169,8657.201404058394
36059522700,399,0.4966766865547768,8179.271674184066,8234.0,8234.000000000002,11312.0,169,8288.728325815935
36059980100,399,0.33950047441372677,1101.33953899813,1622.0,1622.0,2342.0,169,2142.6604610018703
36059981100,399,0.42327280675206125,893.9521678603535,1056.0,1056.0,1408.0,169,1218.0478321396467
36059982100,399,0.3887779963496675,1731.6171957414183,2227.0,2227.0,3658.0,169,2722.382804258581
36063024102,45,1.0,5656.0,2828.0,2828.0,4702.0,1,0.0
36041950300,333,1.0,2132.0,1066.0,1066.0,1474.0,1,0.0
36089492600,240,1.0,11326.0,5663.0,5663.0,10313.0,1,0.0
36067010100,163,0.8129846872974086,5308.790008052078,3265.0,3265.0,5897.0,10,1221.209991947922
36067010200,163,0.9396549910018448,10727.101377277062,5708.0,5708.000000000002,11021.0,10,688.8986227229401
36067010301,163,0.9570347442495807,12047.15336061372,6294.0,6293.999999999999,11996.0,10,540.846639386279
36067010321,163,0.8223299055305648,5396.128840091567,3281.0,3281.0,5827.0,10,1165.8711599084331
36067010322,163,0.8425980904060527,8864.131911071676,5260.0,5260.000000000002,8898.0,10,1655.868088928326
36067011242,163,0.8426233083429442,13872.950148558233,8232.0,8232.000000000002,14822.0,10,2591.0498514417673
36075020600,163,0.9605946459225468,8704.90868135012,4531.0,4531.000000000001,9006.0,10,357.0913186498807
36075020704,163,0.0,0.0,0.0,0.0,0.0,10,0.0
36075020706,163,0.0,0.0,0.0,0.0,0.0,10,0.0
36075020707,163,0.0,0.0,0.0,0.0,0.0,10,0.0
36055011505,93,0.8532134602726736,13932.97580625276,8165.0,8164.999999999999,13391.0,25,2397.024193747239
36055011601,93,0.899141649956853,14558.901596101361,8096.0,8096.0,12609.0,25,1633.0984038986364
36055011603,93,0.6923941285982624,1614.6631078911478,1166.0,1166.0,2043.0,25,717.336892108852
36055011604,93,0.8058639866395005,4312.984056494607,2676.0,2676.0,4846.0,25,1039.0159435053934
36055011605,93,0.7983536269039108,3865.628261468736,2421.0,2421.000000000001,3661.0,25,976.3717385312644
36055011705,93,0.82897961400804,9732.22066845439,5870.0,5870.000000000001,9194.0,25,2007.7793315456104
36055011707,93,0.8878197488512811,17486.497773374835,9848.0,9848.000000000002,14998.0,25,2209.5022266251663
36055011708,93,0.7797563702491129,7409.245030107071,4751.0,4751.0,7124.0,25,2092.754969892929
36055011709,93,0.0,0.0,0.0,0.0,0.0,25,0.0
36055011710,93,0.0,0.0,0.0,0.0,0.0,25,0.0
36055011711,93,0.0,0.0,0.0,0.0,0.0,25,0.0
36055011712,93,0.0,0.0,0.0,0.0,0.0,25,0.0
36055011800,93,0.8860786598232511,8524.076707499675,4810.0,4810.000000000001,8220.0,25,1095.9232925003248
36055011901,93,0.882677764627868,14899.600666918413,8440.0,8440.000000000002,12720.0,25,1980.3993330815883
36055011903,93,0.0,0.0,0.0,0.0,0.0,25,0.0
36055011904,93,0.0,0.0,0.0,0.0,0.0,25,0.0
36055012000,93,0.8355118952714483,5746.6508156770215,3439.0,3438.9999999999995,5258.0,25,1131.3491843229783
36055012100,93,0.7426035655963276,6588.378833970618,4436.0,4436.000000000001,7068.0,25,2283.621166029382
36055012202,93,0.830675111426538,6866.360471051763,4133.0,4133.0,7744.0,25,1399.6395289482366
36055012304,93,0.8792824845857482,8608.175524094475,4895.0,4895.000000000001,8642.0,25,1181.8244759055249
36055012305,93,0.818179633386705,8536.88629475688,5217.0,5217.0,8458.0,25,1897.1137052431204
36069050101,93,0.8085553303390858,5603.2884392498645,3465.0,3465.0,6586.0,25,1326.7115607501355
36069050104,93,0.0,0.0,0.0,0.0,0.0,25,0.0
36069050204,93,0.0,0.0,0.0,0.0,0.0,25,0.0
36117020303,93,0.0,0.0,0.0,0.0,0.0,25,0.0
36109001500,132,0.9616349845207747,12955.146511463878,6736.0,6736.000000000001,12939.0,2,516.853488536123
36109002300,132,0.9107582659360884,11216.898803268865,6158.0,6158.0,10579.0,2,1099.1011967311351
36069050601,91,0.9996875640124989,10530.708799307664,5267.0,5267.000000000001,10701.0,4,3.291200692336229
36069052003,91,0.0,0.0,0.0,0.0,0.0,4,0.0
36069052101,91,0.0,0.0,0.0,0.0,0.0,4,0.0
36069052102,91,0.0,0.0,0.0,0.0,0.0,4,0.0
36017970501,208,0.0,0.0,0.0,0.0,0.0,3,0.0
36017970502,208,0.0,0.0,0.0,0.0,0.0,3,0.0
36077591500,208,0.9998418205137152,5491.131278261324,2746.0,2746.0,6275.0,3,0.8687217386760523
36045061700,153,1.0,4156.0,2078.0,2078.0,4267.0,1,0.0
36065024101,235,1.0,2662.0,1331.0,1331.0,2550.0,1,0.0
36051030100,72,0.9667190547487825,8760.408074133467,4531.0,4531.0,8065.0,3,301.5919258665332
36051030201,72,0.9860804894083075,9977.162391833255,5059.0,5059.000000000001,9135.0,3,140.8376081667451
36051030300,72,0.9938365485209665,6223.404466838292,3131.0,3131.0000000000005,6152.0,3,38.59553316170808
36089490400,266,0.9733337081971554,4675.895134179134,2402.0,2402.0,5156.0,2,128.1048658208658
36089490600,266,0.9692505345545175,9351.329157381984,4824.0,4824.0,8487.0,2,296.6708426180154
36045060201,169,0.0,0.0,0.0,0.0,0.0,3,0.0
36045060202,169,0.0,0.0,0.0,0.0,0.0,3,0.0
36045060203,169,0.0,0.0,0.0,0.0,0.0,3,0.0
36091060102,414,0.8567910021383358,12365.207742860463,7216.0,7216.000000000001,11318.0,14,2066.792257139538
36091060104,414,0.0,0.0,0.0,0.0,0.0,14,0.0
36091060200,414,0.8883062724850654,8094.246754883917,4556.0,4556.000000000001,6722.0,14,1017.7532451160843
36091060800,414,0.9067167671789247,9146.95874730099,5044.0,5043.999999999998,10570.0,14,941.0412526990074
36113070100,414,0.7864744774364085,4720.419813573323,3001.0,3000.9999999999995,4554.0,14,1281.5801864266757
36113070200,414,0.906700020562753,4359.4136988657165,2404.0,2404.0,3752.0,14,448.5863011342834
36113070300,414,0.92704678241986,7268.046774171703,3920.0,3920.000000000001,6317.0,14,571.9532258282969
36113070500,414,0.9294639651509979,4284.828879346101,2305.0,2305.0000000000005,3959.0,14,325.17112065389944
36113070801,414,0.0,0.0,0.0,0.0,0.0,14,0.0
36113070802,414,0.0,0.0,0.0,0.0,0.0,14,0.0
36115080100,414,0.9230918040262738,10224.164821395008,5538.0,5538.0,8793.0,14,851.8351786049918
36115080200,414,0.9299989555246261,5267.514084091482,2832.0,2832.0,5368.0,14,396.48591590851794
36115088001,414,0.0,0.0,0.0,0.0,0.0,14,0.0
36115088002,414,0.0,0.0,0.0,0.0,0.0,14,0.0
36105950100,296,1.0,6464.0,3232.0,3232.0,6143.0,1,0.0
36033950601,367,0.0,0.0,0.0,0.0,0.0,1,0.0
36027070102,377,0.8477914628938424,6858.632934811185,4045.0,4045.0,6245.0,18,1231.3670651888146
36027070301,377,0.8810337329385365,11555.638441221843,6558.0,6558.0,10195.0,18,1560.3615587781549
36027070401,377,0.8921080487459467,10228.910886921027,5733.0,5733.000000000001,8762.0,18,1237.0891130789748
36027080103,377,0.9051301077448817,8544.428217111685,4720.0,4720.000000000001,8373.0,18,895.5717828883165
36027080104,377,0.8635393669122058,7801.214640684867,4517.0,4517.0,8966.0,18,1232.7853593151335
36027130003,377,0.9112376715577218,12901.30295391423,7079.0,7079.000000000002,12115.0,18,1256.6970460857738
36027130004,377,0.8463224359269064,3485.155791147001,2059.0,2059.0,3374.0,18,632.8442088529994
36027130005,377,0.797685686192783,5949.139847625776,3729.0,3729.0,6266.0,18,1508.8601523742243
36027140101,377,0.8930762963453958,13004.977027381654,7281.0,7280.999999999999,11180.0,18,1557.0229726183466
36027140201,377,0.0,0.0,0.0,0.0,0.0,18,0.0
36027140202,377,0.0,0.0,0.0,0.0,0.0,18,0.0
36027140301,377,0.0,0.0,0.0,0.0,0.0,18,0.0
36027140302,377,0.0,0.0,0.0,0.0,0.0,18,0.0
36027220300,377,0.7752138275772908,8952.169280862554,5774.0,5774.0,8517.0,18,2595.830719137445
36027220901,377,0.8481482134926126,7870.815421211444,4640.0,4640.0,7299.0,18,1409.1845787885554
36027221001,377,0.8631056528816221,6954.905350920111,4029.0,4029.0,8419.0,18,1103.094649079889
36027221100,377,0.7216448959858027,6665.112259324875,4618.0,4617.999999999999,7062.0,18,2570.8877406751258
36027410000,377,0.9060217339936378,6976.367351751012,3850.0,3850.0000000000005,6939.0,18,723.6326482489883
36013030100,9,0.8668463573222839,11556.795635820688,6666.0,6665.999999999999,7741.0,12,1775.2043641793111
36013030200,9,0.8697563719126091,11517.313876866769,6621.0,6621.0,7757.0,12,1724.6861231332296
36013030300,9,0.8373125633549863,3620.539523946961,2162.0,2162.0,2777.0,12,703.4604760530392
36013030400,9,0.9023170589558637,14691.526353919373,8141.0,8141.000000000002,9665.0,12,1590.4736460806282
36013030500,9,0.8598335951610299,8091.03413046529,4705.0,4704.999999999999,5559.0,12,1318.965869534709
36013030600,9,0.9054647897890469,9328.09826440676,5151.0,5151.0,5998.0,12,973.9017355932388
36013030700,9,0.8304940297644625,12993.909589694782,7823.0,7823.000000000001,9079.0,12,2652.0904103052185
36013030800,9,0.8743256140312551,13901.777263096956,7950.0,7950.0,9132.0,12,1998.2227369030438
36013037000,9,0.9031232506657633,8642.889508871354,4785.0,4785.0,6027.0,12,927.1104911286458
36013037200,9,0.883629002216439,9723.453540389695,5502.0,5502.0,7101.0,12,1280.546459610305
36013037300,9,0.8900519739905575,14858.527653798366,8347.0,8347.0,10521.0,12,1835.4723462016332
36013037500,9,0.7694218258293753,13364.85711465625,8685.0,8685.0,10307.0,12,4005.1428853437496
36031960501,364,0.0,0.0,0.0,0.0,0.0,2,0.0
36031960502,364,0.0,0.0,0.0,0.0,0.0,2,0.0
36071011102,319,0.9124182937976304,8162.4940563136015,4473.0,4472.999999999998,9058.0,19,783.505943686398
36071011900,319,0.8046798777819767,14592.064903698363,9067.0,9067.0,14721.0,19,3541.9350963016345
36071012100,319,0.9505607149842203,8155.810934564611,4290.0,4290.0,6097.0,19,424.1890654353896
36071012200,319,0.8241193072743516,8709.292839275347,5284.0,5284.000000000001,7610.0,19,1858.7071607246528
36071012300,319,0.8296630682782933,10998.013633097056,6628.0,6628.0,10264.0,19,2257.9863669029446
36071013202,319,0.9547538795655393,4258.202302862305,2230.0,2230.0,3810.0,19,201.79769713769468
36071013301,319,0.0,0.0,0.0,0.0,0.0,19,0.0
36071013302,319,0.0,0.0,0.0,0.0,0.0,19,0.0
36071013400,319,0.8477792138063085,6739.844749760152,3975.0,3974.9999999999986,6647.0,19,1210.1552502398474
36071014101,319,0.8272190415116847,6129.693097601584,3705.0,3704.9999999999995,7014.0,19,1280.3069023984162
36071014301,319,0.8754634596845919,11664.675136837503,6662.0,6662.0,9604.0,19,1659.324863162497
36071015003,319,0.8245035324614534,8838.67786798678,5360.0,5359.999999999999,14740.0,19,1881.3221320132193
36071015005,319,0.7268434352195666,5979.014098116155,4113.0,4113.000000000001,6641.0,19,2246.985901883845
36071015007,319,0.0,0.0,0.0,0.0,0.0,19,0.0
36071015008,319,0.0,0.0,0.0,0.0,0.0,19,0.0
36071015009,319,0.0,0.0,0.0,0.0,0.0,19,0.0
36071015010,319,0.0,0.0,0.0,0.0,0.0,19,0.0
36071015201,319,0.0,0.0,0.0,0.0,0.0,19,0.0
36071015203,319,0.0,0.0,0.0,0.0,0.0,19,0.0
36031961202,440,0.0,0.0,0.0,0.0,0.0,1,0.0
36015000100,117,0.8097438971536374,5742.703718613596,3546.0,3546.0,4771.0,15,1349.296281386404
36015000200,117,0.9405106853863757,6638.124417457038,3529.0,3528.9999999999995,5037.0,15,419.8755825429605
36015000300,117,0.0,0.0,0.0,0.0,0.0,15,0.0
36015000400,117,0.8793903086949717,5501.465771195744,3128.0,3128.0000000000005,4536.0,15,754.5342288042572
36015000500,117,0.883237920190441,7353.838923505612,4163.0,4162.999999999999,6281.0,15,972.1610764943881
36015000600,117,0.893659580381091,8981.278782829966,5025.0,5025.0,6191.0,15,1068.7212171700355
36015000700,117,0.9238220323638016,5297.195533574039,2867.0,2867.0,3618.0,15,436.8044664259616
36015000900,117,0.8729475783430792,7938.585277451963,4547.0,4546.999999999998,6534.0,15,1155.4147225480374
36015001000,117,0.8006274411555389,6558.739997946174,4096.0,4095.9999999999995,5709.0,15,1633.2600020538255
36015001100,117,0.8461209217429125,7295.254587267392,4311.0,4311.0,6682.0,15,1326.7454127326084
36015010702,117,0.0,0.0,0.0,0.0,0.0,15,0.0
36015010800,117,0.9240385397504424,7009.756362546856,3793.0,3793.0,5746.0,15,576.2436374531442
36015011000,117,0.8736909513093088,6306.301286550592,3609.0,3609.0000000000005,6398.0,15,911.698713449409
36015011101,117,0.0,0.0,0.0,0.0,0.0,15,0.0
36015011102,117,0.0,0.0,0.0,0.0,0.0,15,0.0
36009961100,37,0.8104338404063341,9963.473633955471,6147.0,6146.999999999998,8056.0,6,2330.5263660445275
36009961302,37,0.0,0.0,0.0,0.0,0.0,6,0.0
36009961500,37,0.8251679623971003,5601.240128751517,3394.0,3394.000000000001,4158.0,6,1186.759871248483
36009961600,37,0.8673798196224878,10835.30870672412,6246.0,6246.000000000001,7535.0,6,1656.691293275882
36009961700,37,0.8321340996113542,8730.750973122327,5246.0,5245.999999999999,6292.0,6,1761.2490268776723
36009961800,37,0.8519760252189562,11557.90675812036,6783.0,6783.0,8481.0,6,2008.0932418796403
36005000100,371,0.08168709132937368,1310.7510674711295,8023.0,8023.000000000002,12830.0,820,14735.248932528872
36005000200,371,0.10856693840501452,1194.0191885783486,5499.0,5498.999999999999,12840.0,820,9803.98081142165
36005000400,371,0.14818554651345384,1969.0895420707736,6644.0,6643.999999999999,15147.0,820,11318.910457929225
36005001902,371,0.0,0.0,0.0,0.0,0.0,820,0.0
36005001903,371,0.0,0.0,0.0,0.0,0.0,820,0.0
36005001904,371,0.0,0.0,0.0,0.0,0.0,820,0.0
36005002001,371,0.0,0.0,0.0,0.0,0.0,820,0.0
36005002002,371,0.0,0.0,0.0,0.0,0.0,820,0.0
36005002400,371,0.045125503938548306,10.739869937374472,119.0,118.99999999999999,246.0,820,227.2601300626255
36005002500,371,0.2116456858442025,3012.9879836780656,7118.0,7118.0,11661.0,820,11223.012016321933
36005002701,371,0.20357309802990597,1308.1607279401767,3213.0,3213.0,6018.0,820,5117.839272059824
36005002702,371,0.21802901193844504,2673.035686365336,6130.0,6130.0,10411.0,820,9586.964313634664
36005003100,371,0.15456563158136793,644.5386836943037,2085.0,2085.0,4749.0,820,3525.4613163056956
36005003300,371,0.22617546585214177,2214.7101616241707,4896.0,4896.0,8641.0,820,7577.289838375828
36005003500,371,0.2245745830844037,2160.8566384381324,4811.0,4811.0,8071.0,820,7461.143361561867
36005003700,371,0.10499200395758146,89.03321935602919,424.0,424.00000000000006,713.0,820,758.9667806439709
36005003900,371,0.26359164039972793,3828.404985165652,7262.0,7262.000000000001,12462.0,820,10695.59501483435
36005004100,371,0.24517580457961763,4019.412140278251,8197.0,8197.0,13265.0,820,12374.587859721749
36005004300,371,0.2264210152247137,3262.2739873576757,7204.0,7203.999999999999,11972.0,820,11145.726012642324
36005006500,371,0.21360858336868904,2405.6598658981784,5631.0,5631.0,10724.0,820,8856.340134101823
36005007300,371,0.24050866707179885,2233.8444997628662,4644.0,4643.999999999999,7915.0,820,7054.155500237132
36005007900,371,0.21590234468310243,3517.0491948877375,8145.0,8145.000000000001,14852.0,820,12772.950805112261
36005008300,371,0.17971403853649082,3285.532052524126,9141.0,9140.999999999998,16524.0,820,14996.467947475874
36005008400,371,0.10406922642215455,540.9518389423596,2599.0,2599.0,5688.0,820,4657.048161057641
36005008500,371,0.21290339412000014,3228.892875223924,7583.0,7583.0,13770.0,820,11937.107124776077
36005009000,371,0.12750803500211405,969.5710981560755,3802.0,3802.0000000000005,8592.0,820,6634.428901843925
36005009301,371,0.0,0.0,0.0,0.0,0.0,820,0.0
36005009302,371,0.0,0.0,0.0,0.0,0.0,820,0.0
36005011000,371,0.04801169027222729,2.8807014163336344,30.0,30.0,135.0,820,57.119298583666364
36005011701,371,0.0,0.0,0.0,0.0,0.0,820,0.0
36005011702,371,0.0,0.0,0.0,0.0,0.0,820,0.0
36005011800,371,0.12715448893213988,1426.6733658186085,5610.0,5609.999999999999,10193.0,820,9793.32663418139
36005013200,371,0.1544184918335415,2517.0214168867283,8150.0,8149.999999999998,17850.0,820,13782.978583113272
36047030100,371,0.25919515255322045,1600.2708718635836,3087.0,3087.0,5467.0,820,4573.729128136417
36047030300,371,0.2851540725393723,3383.067916607112,5932.0,5932.0,10832.0,820,8480.932083392887
36047036100,371,0.16847850342764825,1122.0668328281372,3330.0,3330.0,5186.0,820,5537.933167171863
36047036300,371,0.27858810185671434,2794.2386616228446,5015.0,5015.0,8579.0,820,7235.761338377155
36047036501,371,0.22354248134906862,1671.6506755283356,3739.0,3739.0,5799.0,820,5806.349324471665
36047036502,371,0.1996440385039473,648.0445489838127,1623.0,1623.0,2663.0,820,2597.955451016187
36047036700,371,0.14064734217390262,558.0886537460456,1984.0,1984.0,2800.0,820,3409.9113462539544
36047036900,371,0.2838608759402447,4325.472027577448,7619.0,7619.0,12561.0,820,10912.527972422551
36047037100,371,0.25159666470078035,3293.4003409332136,6545.0,6545.0,11220.0,820,9796.599659066786
36047037300,371,0.1933123827535389,1792.3924128908145,4636.0,4636.0,7642.0,820,7479.607587109187
36047037500,371,0.2121143741505339,1689.703104483153,3983.0,3982.9999999999995,6833.0,820,6276.296895516847
36047037700,371,0.23392127967349663,2571.2627061710764,5496.0,5496.0,9376.0,820,8420.737293828925
36047037900,371,0.20266723773720074,1492.8468731722212,3683.0,3683.0000000000005,7277.0,820,5873.1531268277795
36047039700,371,0.19452500526038208,1670.5807451761607,4294.0,4294.0,6810.0,820,6917.419254823839
36047039900,371,0.25651501347468963,2256.819088550318,4399.0,4399.0,7112.0,820,6541.180911449681
36047040100,371,0.21923190288886063,1810.4170540562106,4129.0,4129.0,6896.0,820,6447.582945943789
36047040300,371,0.23857625553305695,2165.318095218025,4538.0,4538.0,6932.0,820,6910.681904781975
36047040500,371,0.18139394546569165,760.7662072831114,2097.0,2097.0,3267.0,820,3433.233792716889
36047040700,371,0.0,0.0,0.0,0.0,0.0,820,0.0
36047040900,371,0.28527497514594335,3018.7797869943724,5291.0,5291.000000000001,8349.0,820,7563.220213005628
36047041100,371,0.19729966066868876,1527.4939728969878,3871.0,3871.0,5891.0,820,6214.506027103012
36047041300,371,0.34373875231946516,4573.787838362803,6653.0,6653.0,9215.0,820,8732.212161637197
36047041500,371,0.2499402171674885,3046.771247271683,6095.0,6095.0,9153.0,820,9143.228752728315
36047041700,371,0.2564688340292153,2404.1388501898637,4687.0,4687.0,6543.0,820,6969.861149810136
36047041900,371,0.2982165078006346,3420.543344473277,5735.0,5734.999999999999,8677.0,820,8049.456655526721
36047043100,371,0.2949241830647199,4582.5319564596175,7769.0,7769.0,11475.0,820,10955.468043540382
36047043300,371,0.297100355269048,3688.203810309961,6207.0,6207.000000000002,9427.0,820,8725.79618969004
36047043500,371,0.2628587331209895,3468.1581247983363,6597.0,6597.0,10215.0,820,9725.841875201664
36047043700,371,0.25873379238344496,3636.762185741701,7028.0,7027.999999999999,10416.0,820,10419.237814258298
36047043900,371,0.341725992325128,4074.057280500177,5961.0,5961.0,8403.0,820,7847.942719499823
36047044100,371,0.3883082884437523,6920.430316644553,8911.0,8911.000000000002,13395.0,820,10901.569683355447
36047044300,371,0.3762750395540909,6055.77048658354,8047.0,8046.999999999998,12078.0,820,10038.22951341646
36047044500,371,0.28669583115127417,3628.422439050528,6328.0,6328.0,9873.0,820,9027.577560949474
36047044700,371,0.19132014030208633,1309.7776805080819,3423.0,3423.0,5517.0,820,5536.222319491917
36047088600,371,0.22053188612641428,2355.721607602357,5341.0,5341.0,9676.0,820,8326.278392397642
36047088800,371,0.17969017754897265,1875.965453611274,5220.0,5220.0,9656.0,820,8564.034546388726
36047089000,371,0.29408272424774695,4652.97686304785,7911.0,7910.999999999999,14445.0,820,11169.023136952148
36047089200,371,0.22453751643737774,2144.333281976956,4775.0,4775.0,8313.0,820,7405.666718023042
36047089400,371,0.2115800102097649,2137.381263139046,5051.0,5051.0,8451.0,820,7964.618736860954
36047089600,371,0.27054912662343156,2621.6210369810524,4845.0,4845.000000000002,7548.0,820,7068.378963018949
36047089800,371,0.2381530820782004,834.9647057661701,1753.0,1752.9999999999998,2958.0,820,2671.0352942338295
36047090000,371,0.25735755949915584,3854.186811059359,7488.0,7488.000000000001,11472.0,820,11121.813188940641
36047090200,371,0.20852441561266366,1788.72243712543,4289.0,4289.0,6852.0,820,6789.277562874571
36047090600,371,0.29560109997846895,3563.766861340423,6028.0,6028.0,9189.0,820,8492.233138659578
36047090800,371,0.2827348968091412,5287.1425703309405,9350.0,9350.0,13473.0,820,13412.85742966906
36047091000,371,0.2550867698527899,3730.8990958669056,7313.0,7313.000000000001,10489.0,820,10895.100904133094
36047091200,371,0.31521481488051073,6849.617927353495,10865.0,10864.999999999998,15714.0,820,14880.382072646502
36047091600,371,0.24258791750163355,2826.1492388940305,5825.0,5825.0,9202.0,820,8823.850761105969
36047091800,371,0.24124768873482283,1752.9057063472226,3633.0,3633.0000000000005,5005.0,820,5513.094293652777
36047092000,371,0.21716992157989357,1958.00401296432,4508.0,4508.0,6925.0,820,7057.99598703568
36047092200,371,0.1923460347455661,1404.5107457121248,3651.0,3650.999999999999,5996.0,820,5897.489254287875
36047092400,371,0.3065573889991122,2887.1574895936396,4709.0,4709.0,7166.0,820,6530.842510406361
36047092800,371,0.1530142684371837,1072.3239932077834,3504.0,3504.0,6169.0,820,5935.676006792217
36047093000,371,0.21856791880741433,1522.5441224124481,3483.0,3483.0,6437.0,820,5443.455877587552
36047093400,371,0.13974964635180886,759.3995782757287,2717.0,2717.0,5270.0,820,4674.600421724271
36047093600,371,0.15119871571255739,574.252722276293,1899.0,1899.0,3941.0,820,3223.747277723707
36047098200,371,0.2454413169113967,2741.5795099003003,5585.0,5585.0,9251.0,820,8428.4204900997
36047105801,371,0.2462999981048022,3898.9289699990177,7915.0,7915.000000000002,14076.0,820,11931.071030000983
36047107001,371,0.0,0.0,0.0,0.0,0.0,820,0.0
36047107003,371,0.0,0.0,0.0,0.0,0.0,820,0.0
36047107800,371,0.1910633346623677,1985.5301738113237,5196.0,5196.0,8819.0,820,8406.469826188675
36047109800,371,0.18754061459118299,1030.7232177931419,2748.0,2748.0,4954.0,820,4465.276782206858
36047110400,371,0.2671338224525016,3687.515285134333,6902.0,6902.0,10727.0,820,10116.484714865668
36047110600,371,0.2058157394060175,2571.0502166599717,6246.0,6246.0,8504.0,820,9920.94978334003
36047111000,371,0.20107837354368696,2031.2937295383254,5051.0,5051.000000000001,7180.0,820,8070.706270461675
36047111600,371,0.23143727680159587,2381.9524528420266,5146.0,5146.0,8243.0,820,7910.047547157975
36047111800,371,0.22294433893862575,2049.304363523848,4596.0,4596.0,6397.0,820,7142.695636476152
36047112000,371,0.22336403603611477,2039.3136490097281,4565.0,4565.0,6926.0,820,7090.686350990272
36047112200,371,0.2116224599104508,2051.46812637191,4847.0,4847.0,7402.0,820,7642.53187362809
36047112400,371,0.27600975141435213,2544.809908040328,4610.0,4610.0,7019.0,820,6675.190091959673
36047112600,371,0.30470614657079187,3261.5745928937577,5352.0,5352.000000000001,8234.0,820,7442.425407106243
36047112800,371,0.24913999076095483,2420.1458702519158,4857.0,4857.0,7378.0,820,7293.854129748084
36047113000,371,0.2630199815181188,3133.094019843831,5956.0,5956.0,9442.0,820,8778.905980156169
36047113200,371,0.18801390934197848,1068.6710606998054,2842.0,2841.9999999999995,4164.0,820,4615.328939300194
36047113400,371,0.27886273191266475,2496.9369015459997,4477.0,4477.0,6133.0,820,6457.063098454
36047114201,371,0.2142998245162977,1281.9415502564925,2991.0,2991.0,4449.0,820,4700.0584497435075
36047114202,371,0.17717836078267946,1549.601943405313,4373.0,4373.0,6258.0,820,7196.398056594686
36047114400,371,0.270009049981925,1463.449050902033,2710.0,2710.0,4148.0,820,3956.5509490979666
36047114600,371,0.214109914537842,2334.6545081206286,5452.0,5452.0,7670.0,820,8569.34549187937
36047115000,371,0.24455982890996386,2019.0859474806607,4128.0,4128.0,6213.0,820,6236.914052519338
36047115200,371,0.21796048722864703,1890.1533452468273,4336.0,4336.0,7182.0,820,6781.846654753173
36047115600,371,0.28092506687558016,2907.0125920285045,5174.0,5174.0,7190.0,820,7440.987407971496
36047115800,371,0.2605876480594841,2166.525705966552,4157.0,4157.0,6045.0,820,6147.474294033449
36047116000,371,0.18489180630954927,1076.4400963341964,2911.0,2911.0,4526.0,820,4745.559903665804
36047116200,371,0.18886485321873037,1163.7852255338173,3081.0,3081.0,4663.0,820,4998.214774466183
36047116400,371,0.2483654410486984,2319.2364885127463,4669.0,4669.0,6580.0,820,7018.763511487255
36047116600,371,0.23248290050876785,2143.0273768898223,4609.0,4609.000000000001,6355.0,820,7074.972623110178
36047116800,371,0.14779760751970406,658.5861391078005,2228.0,2228.0,3076.0,820,3797.413860892199
36047117000,371,0.19167328537197847,1076.0538240782876,2807.0,2807.0000000000005,3928.0,820,4537.946175921713
36047117201,371,0.16311136832965212,1169.1822881869462,3584.0,3584.0,4614.0,820,5998.817711813053
36047117202,371,0.20995289100060222,2019.7468114257927,4810.0,4810.0,6340.0,820,7600.253188574206
36047117400,371,0.23541880422956984,3503.973482152919,7442.0,7442.0,10548.0,820,11380.026517847082
36047117601,371,0.2265264198877408,2574.699288444063,5683.0,5683.0,7478.0,820,8791.300711555938
36047117602,371,0.2558574461021259,2771.9595710704316,5417.0,5417.0,7037.0,820,8062.0404289295675
36047117800,371,0.17279089472965437,1012.5546431157736,2930.0,2930.0,4513.0,820,4847.4453568842255
36047118000,371,0.0,0.0,0.0,0.0,0.0,820,0.0
36047118201,371,0.23747294230253757,2198.0495539522885,4628.0,4628.0,6470.0,820,7057.950446047712
36047118202,371,0.22261109694899883,2470.983176133888,5550.0,5550.000000000001,7379.0,820,8629.016823866114
36047118400,371,0.28403445324524523,5290.993795052427,9314.0,9314.0,13156.0,820,13337.006204947571
36047118600,371,0.2527754675724888,2194.596609464348,4341.0,4341.0,6016.0,820,6487.403390535652
36047118800,371,0.21933697335628266,3364.190497338661,7669.0,7668.999999999999,10397.0,820,11973.809502661337
36047119000,371,0.18273831205990365,1533.5399148067102,4196.0,4196.0,5750.0,820,6858.460085193288
36047119200,371,0.24428645748400568,2539.113439088756,5197.0,5196.999999999999,7578.0,820,7854.886560911245
36047119400,371,0.23439116345177702,2874.573228572594,6132.0,6132.0,8473.0,820,9389.426771427406
36047119600,371,0.26725856726376995,3796.675206549117,7103.0,7103.0,10623.0,820,10409.324793450884
36047119800,371,0.23722320452874368,2628.907552587539,5541.0,5541.0,7634.0,820,8453.092447412462
36047120000,371,0.1835172510539298,1169.0048892135328,3185.0,3185.0000000000005,4884.0,820,5200.995110786467
36047120200,371,0.18895370772424525,1291.309638587492,3417.0,3416.9999999999995,4568.0,820,5542.690361412508
36047120801,371,0.0,0.0,0.0,0.0,0.0,820,0.0
36047120802,371,0.0,0.0,0.0,0.0,0.0,820,0.0
36047120803,371,0.0,0.0,0.0,0.0,0.0,820,0.0
36047121000,371,0.21601536985429892,2558.918071294026,5923.0,5922.999999999998,8911.0,820,9287.081928705973
36047121400,371,0.20990964839568138,2982.816103702634,7105.0,7105.0,10627.0,820,11227.183896297367
36047122000,371,0.2757416130465258,4722.3508650348,8563.0,8563.0,14529.0,820,12403.649134965199
36059300300,371,0.3059856710613289,4619.159690341824,7548.0,7548.0,10866.0,820,10476.840309658179
36059300400,371,0.2940991113783282,6701.93055008934,11394.0,11394.0,15196.0,820,16086.069449910658
36059300500,371,0.2585145547641464,5096.35593262038,9857.0,9857.0,13198.0,820,14617.644067379617
36059300600,371,0.3490082764073771,7742.399603821255,11092.0,11092.0,15648.0,820,14441.600396178746
36059300700,371,0.38228053574734544,7408.596782783556,9690.0,9690.0,13821.0,820,11971.403217216444
36059300800,371,0.2645789997716552,3757.021796757503,7100.0,7100.0,10383.0,820,10442.978203242496
36059300901,371,0.0,0.0,0.0,0.0,0.0,820,0.0
36059301500,371,0.11106989897414543,947.8705178453581,4267.0,4267.0,7385.0,820,7586.129482154643
36059301800,371,0.32666397868592145,4389.057217624041,6718.0,6718.0,10752.0,820,9046.94278237596
36059302600,371,0.1873076563126682,1474.485870493325,3936.0,3936.0000000000005,6823.0,820,6397.514129506676
36059404300,371,0.22459625508160885,2138.6055408870807,4761.0,4761.0,7315.0,820,7383.39445911292
36059404400,371,0.25154377521062066,3472.310273007408,6902.0,6902.0,10761.0,820,10331.689726992592
36059404600,371,0.21708751710566443,2392.738613538634,5511.0,5511.0,9228.0,820,8629.261386461367
36059404800,371,0.3716942198063189,7963.176965130577,10712.0,10712.0,16414.0,820,13460.823034869423
36059404901,371,0.3145678408359739,5632.651758008949,8953.0,8953.0,12480.0,820,12273.34824199105
36059404902,371,0.27321452392466483,4758.850577719815,8709.0,8709.0,12655.0,820,12659.149422280188
36059405000,371,0.2698197060954174,3663.611969363578,6789.0,6789.0,10989.0,820,9914.388030636423
36059405100,371,0.335508355500042,8095.816618216011,12065.0,12065.0,18361.0,820,16034.183381783987
36059409800,371,0.2953471324704926,5697.2461853558025,9645.0,9645.0,14108.0,820,13592.753814644198
36059409900,371,0.3393230091342654,10411.787212275794,15342.0,15342.0,21967.0,820,20272.212787724202
36059410300,371,0.40015542996761355,9025.105567489554,11277.0,11276.999999999998,17055.0,820,13528.894432510444
36059410400,371,0.3018315832017606,4928.909753684751,8165.0,8165.000000000001,12070.0,820,11401.090246315249
36059410500,371,0.455073076090586,8663.681222612577,9519.0,9518.999999999998,14855.0,820,10374.318777387423
36059410800,371,0.29741281060752933,4264.304878490756,7169.0,7169.0,12478.0,820,10073.695121509245
36059410900,371,0.39486030081090295,7066.419943311919,8948.0,8948.0,15095.0,820,10829.58005668808
36061024000,371,0.31309418699579716,958.068212207139,1530.0,1530.0,4028.0,820,2101.9317877928606
36081000200,371,0.2489796123071233,3163.036994749693,6352.0,6351.999999999999,8020.0,820,9540.963005250305
36081000400,371,0.27780993369904494,4396.064390853687,7912.0,7912.000000000001,10670.0,820,11427.935609146312
36081000600,371,0.29085971228019425,4514.142734588613,7760.0,7759.999999999999,10590.0,820,11005.857265411385
36081000800,371,0.23345164794845885,2820.562810513281,6041.0,6040.999999999998,7877.0,820,9261.437189486718
36081001000,371,0.328051156927918,5139.249424432763,7833.0,7833.0,9742.0,820,10526.750575567237
36081001200,371,0.3013934997089014,4819.884847344751,7996.0,7996.000000000001,10586.0,820,11172.11515265525
36081001400,371,0.3038460037677244,4104.959510901957,6755.0,6755.000000000001,8997.0,820,9405.040489098043
36081001600,371,0.2717401819105243,3087.511946867376,5681.0,5681.000000000001,7437.0,820,8274.488053132623
36081001800,371,0.32244891930075015,3497.2809787359374,5423.0,5422.999999999999,6963.0,820,7348.7190212640635
36081002000,371,0.23478566458095018,1707.8309241618313,3637.0,3637.0,4540.0,820,5566.169075838168
36081002200,371,0.21476576168079609,1932.8918551271643,4500.0,4500.0,5780.0,820,7067.1081448728355
36081002400,371,0.2282274582426821,1866.4441535086537,4089.0,4089.0,5290.0,820,6311.555846491346
36081002600,371,0.21615350891050444,1924.1985363213098,4451.0,4451.0,5697.0,820,6977.801463678689
36081002800,371,0.26780001386709185,3414.4501768054206,6375.0,6374.999999999999,8099.0,820,9335.549823194578
36081003000,371,0.19981105209717342,1154.5082590174682,2889.0,2889.0,3655.0,820,4623.491740982532
36081003200,371,0.173713645994793,947.0867979636114,2726.0,2726.0,3401.0,820,4504.913202036389
36081003400,371,0.20690947026646245,1887.428187770671,4561.0,4561.0,5598.0,820,7234.571812229329
36081003600,371,0.26363926881544264,3384.0736545150207,6418.0,6418.0,8842.0,820,9451.926345484979
36081003800,371,0.27244074078351865,2230.199904053885,4093.0,4093.0,5512.0,820,5955.800095946116
36081004001,371,0.2078034863989826,1735.5747184043025,4176.0,4176.0,5728.0,820,6616.425281595697
36081004002,371,0.16411896625528422,721.138737725719,2197.0,2197.0,3014.0,820,3672.861262274281
36081004200,371,0.279109517626728,4173.803726590089,7477.0,7476.999999999999,10234.0,820,10780.19627340991
36081004401,371,0.20639176821422967,2785.463303819245,6748.0,6748.0,8786.0,820,10710.536696180756
36081005000,371,0.0,0.0,0.0,0.0,0.0,820,0.0
36081005200,371,0.24013820269273467,2405.704514575817,5009.0,5009.0,6251.0,820,7612.295485424184
36081005400,371,0.2947676419486437,4838.31607494504,8207.0,8207.0,11056.0,820,11575.683925054962
36081005800,371,0.2952442251880546,5785.015348334742,9797.0,9797.0,13462.0,820,13808.984651665258
36081006100,371,0.29456664537486155,4363.12115129245,7406.0,7406.000000000001,12906.0,820,10448.87884870755
36081006201,371,0.24461083297715114,5242.499372366303,10716.0,10716.0,15516.0,820,16189.500627633697
36081006202,371,0.3136620750238487,7708.559155786103,12288.0,12287.999999999998,16562.0,820,16867.440844213896
36081006300,371,0.31863053531041263,4243.521469264076,6659.0,6659.0,10931.0,820,9074.478530735925
36081006501,371,0.27877463830945126,2219.603670219851,3981.0,3981.0,6682.0,820,5742.396329780149
36081006502,371,0.3881513962580858,5227.623004803899,6734.0,6733.999999999999,9638.0,820,8240.3769951961
36081006900,371,0.31156326428215875,3305.06310750514,5304.0,5304.0,9208.0,820,7302.93689249486
36081008600,371,0.2447679371823478,2462.365448054419,5030.0,5030.0,6519.0,820,7597.634551945581
36081008800,371,0.2418660643723427,3333.3980991796284,6891.0,6891.0,9534.0,820,10448.601900820373
36081009400,371,0.2205305824847067,2381.730290834831,5400.0,5400.0,6676.0,820,8418.269709165168
36081009500,371,0.21716378091315391,1528.3986900667783,3519.0,3519.0,5139.0,820,5509.601309933223
36081009600,371,0.25002117272332525,3201.771137894903,6403.0,6402.999999999998,8598.0,820,9604.228862105096
36081009700,371,0.2556196110044131,2621.63473046126,5128.0,5127.999999999999,7456.0,820,7634.365269538739
36081009800,371,0.21783252343376858,2346.056277381688,5385.0,5385.0,6721.0,820,8423.943722618313
36081010000,371,0.2628359664917713,4752.074274171227,9040.0,9040.0,11752.0,820,13327.925725828774
36081010100,371,0.25328086530717675,2073.863725135163,4094.0,4094.0,6641.0,820,6114.136274864837
36081010200,371,0.23470353333669125,2582.2082737702767,5501.0,5501.0,7677.0,820,8419.791726229723
36081010300,371,0.30937859030611536,2892.071062181566,4674.0,4674.0,6783.0,820,6455.928937818434
36081010400,371,0.279201320394344,3552.557600697632,6362.0,6362.0,8111.0,820,9171.442399302367
36081010500,371,0.24685369912375565,3038.769036213434,6155.0,6155.000000000001,9020.0,820,9271.230963786567
36081010600,371,0.3037566584596082,4331.569949634013,7130.0,7130.0,8949.0,820,9928.430050365987
36081010701,371,0.0,0.0,0.0,0.0,0.0,820,0.0
36081010800,371,0.26949252631580567,3721.1528033686436,6904.0,6904.0,8748.0,820,10086.847196631355
36081011000,371,0.29504704459201436,4212.091608595596,7138.0,7138.0,8682.0,820,10063.908391404402
36081011100,371,0.16913022182108917,1514.392006186034,4477.0,4477.0,7050.0,820,7439.607993813967
36081011200,371,0.1848993149756999,1384.8958691679925,3745.0,3745.0,4987.0,820,6105.104130832008
36081011300,371,0.30092682244008695,3841.6318152701515,6383.0,6383.000000000001,8974.0,820,8924.36818472985
36081011400,371,0.18767238291790245,822.7557267120843,2192.0,2191.9999999999995,2901.0,820,3561.244273287916
36081011500,371,0.34200468461113864,2325.631855355743,3400.0,3400.0,5080.0,820,4474.368144644257
36081011600,371,0.22398142729458714,1855.9101065629495,4143.0,4143.0,5295.0,820,6430.089893437051
36081011700,371,0.3436867900809524,4252.092966881544,6186.0,6185.999999999998,9146.0,820,8119.907033118456
36081011800,371,0.2695007591758586,2872.8780928146525,5330.0,5330.0,6518.0,820,7787.1219071853475
36081011900,371,0.222652258487384,1049.1374419925537,2356.0,2356.0,3713.0,820,3662.8625580074468
36081012000,371,0.2589291862000255,2562.3632266354534,4948.0,4948.000000000001,6538.0,820,7333.6367733645475
36081012100,371,0.2515619900369842,1856.0243624928705,3689.0,3689.0000000000005,5053.0,820,5521.97563750713
36081012200,371,0.29138545910239533,3982.6564550115395,6834.0,6834.0,8166.0,820,9685.34354498846
36081012301,371,0.2636082431036223,2284.9562512221983,4334.0,4334.0,5898.0,820,6383.043748777802
36081012400,371,0.20965227116927643,2434.062868275299,5805.0,5805.0,7809.0,820,9175.9371317247
36081012500,371,0.17588102956617857,790.0575848112741,2246.0,2246.0,3918.0,820,3701.942415188726
36081012601,371,0.238424523243852,2770.0161110470735,5809.0,5809.0,7805.0,820,8847.983888952927
36081012602,371,0.24256425913885882,2367.427169195262,4880.0,4880.0,6676.0,820,7392.572830804738
36081012800,371,0.26812302098950747,2838.886546236905,5294.0,5293.999999999998,6601.0,820,7749.113453763094
36081013000,371,0.1777535526668519,1028.1265486250718,2892.0,2892.0000000000005,3877.0,820,4755.873451374929
36081013200,371,0.1960050337082423,1744.0527899359397,4449.0,4449.0,5637.0,820,7153.94721006406
36081013400,371,0.23829856498488844,4081.1012239312,8563.0,8563.0,11382.0,820,13044.898776068801
36081013500,371,0.19903955340854107,1024.2575418403526,2573.0,2573.0,3593.0,820,4121.742458159648
36081013600,371,0.16603382639638542,1037.3793473246153,3124.0,3124.0,4315.0,820,5210.620652675384
36081013700,371,0.24896853991902002,1576.4687947672348,3166.0,3166.0,3839.0,820,4755.531205232765
36081013800,371,0.24034323987424455,2972.084504284909,6183.0,6183.0,8202.0,820,9393.915495715091
36081014000,371,0.19138996127944619,2503.763473457717,6541.0,6541.0,9692.0,820,10578.236526542285
36081014100,371,0.23444729389365349,1246.7907089264493,2659.0,2659.0,3843.0,820,4071.2092910735505
36081014201,371,0.3077135455900587,4879.72140596715,7929.0,7928.999999999999,10181.0,820,10978.278594032849
36081014202,371,0.26073016255858206,2322.5842880718487,4454.0,4454.0,5826.0,820,6585.415711928151
36081014300,371,0.38591922241681154,4989.935545849374,6465.0,6464.999999999999,10106.0,820,7940.064454150626
36081014400,371,0.23401020902550496,2003.595409676373,4281.0,4281.0,5495.0,820,6558.4045903236265
36081014500,371,0.2333709252469911,1593.9234194369485,3415.0,3415.0,4921.0,820,5236.076580563051
36081014700,371,0.2853994464309231,2880.251213380876,5046.0,5046.0,7454.0,820,7211.748786619124
36081014800,371,0.2544786894490002,1752.3402555458147,3443.0,3443.0,4506.0,820,5133.659744454185
36081014900,371,0.2901054005043511,1787.0492671068016,3080.0,3079.9999999999995,4701.0,820,4372.950732893198
36081015000,371,0.25143640542704415,3047.4092337757766,6060.0,6060.0,8223.0,820,9072.590766224224
36081015100,371,0.2855894380226074,1710.6807337554187,2995.0,2994.9999999999995,4531.0,820,4279.319266244582
36081015200,371,0.2767529293006774,3165.500005341147,5719.0,5719.0,6988.0,820,8272.499994658852
36081015300,371,0.23199312954323548,1134.446403466422,2445.0,2445.0000000000005,4334.0,820,3755.5535965335785
36081015400,371,0.26142006016537667,2573.941912388298,4923.0,4923.0,6239.0,820,7272.058087611701
36081015500,371,0.3592992039716174,2457.606555165864,3420.0,3420.0000000000005,5767.0,820,4382.393444834137
36081015600,371,0.31325558614567095,4366.1563596983615,6969.0,6969.0,9077.0,820,9571.843640301639
36081015700,371,0.2128102617824602,755.9020498512987,1776.0,1776.0000000000002,2987.0,820,2796.0979501487013
36081015801,371,0.2691833441463283,3863.319355188104,7176.0,7176.0,9848.0,820,10488.680644811897
36081015802,371,0.27060321847871727,4457.917421218387,8237.0,8237.0,11229.0,820,12016.082578781612
36081015900,371,0.20224665346474946,2104.578675954182,5203.0,5203.0,8402.0,820,8301.421324045818
36081016100,371,0.2419722618315906,1714.1315028149888,3542.0,3542.0,5918.0,820,5369.8684971850125
36081016300,371,0.3113279730436487,3950.1293219778145,6344.0,6344.0,8721.0,820,8737.870678022186
36081016400,371,0.2780619082080441,4454.551769492866,8010.0,8010.0,9631.0,820,11565.448230507134
36081016600,371,0.2844499867635717,4114.853508521827,7233.0,7233.0,9529.0,820,10351.146491478172
36081016800,371,0.24088632510824215,2491.728146919658,5172.0,5172.000000000001,6794.0,820,7852.271853080343
36081016900,371,0.22981219875581504,3649.877340639855,7941.0,7941.000000000001,11810.0,820,12232.122659360146
36081017000,371,0.25932380645085895,3163.7504387004783,6100.0,6100.0,7647.0,820,9036.24956129952
36081017102,371,0.0,0.0,0.0,0.0,0.0,820,0.0
36081017200,371,0.230810234232118,2009.8955196932843,4354.0,4354.0,5435.0,820,6698.104480306716
36081017400,371,0.22539024845627553,2136.6995553654924,4740.0,4740.0,6059.0,820,7343.300444634508
36081017600,371,0.247569387982162,2142.9606223735946,4328.0,4328.000000000001,6081.0,820,6513.039377626405
36081017800,371,0.24229720537957833,1987.8062729340606,4102.0,4102.0,5514.0,820,6216.193727065939
36081018000,371,0.22169356585358568,1268.9739709459245,2862.0,2862.0,3682.0,820,4455.0260290540755
36081018102,371,0.24944846848702207,2155.733664664845,4321.0,4321.000000000001,7248.0,820,6486.266335335155
36081018200,371,0.25452216321824395,2325.8235274883123,4569.0,4568.999999999999,5710.0,820,6812.176472511687
36081018300,371,0.3196991211169967,5259.689940616832,8226.0,8226.0,13565.0,820,11192.31005938317
36081018401,371,0.20289095051794148,1407.251632792442,3468.0,3468.0,4413.0,820,5528.748367207558
36081018402,371,0.25017107684522366,2159.9770774816607,4317.0,4317.0,5821.0,820,6474.022922518339
36081018501,371,0.18201541840082558,1665.0770475307518,4574.0,4574.0,7773.0,820,7482.922952469247
36081018502,371,0.22984899782212964,1949.1195015316598,4240.0,4240.0,6868.0,820,6530.880498468341
36081018600,371,0.23010877111053207,1795.30863220437,3901.0,3901.0,4973.0,820,6006.691367795629
36081018800,371,0.194632462524163,1128.8682826401455,2900.0,2900.0,3563.0,820,4671.1317173598545
36081019000,371,0.23903468966700014,2080.557938861569,4352.0,4351.999999999999,5428.0,820,6623.442061138431
36081019200,371,0.27275125595422034,2476.0359015524105,4539.0,4539.0,5482.0,820,6601.964098447588
36081019400,371,0.3210270667477111,3415.7279901956467,5320.0,5320.0,6928.0,820,7224.272009804354
36081019600,371,0.2760629186554855,2847.8650688499874,5158.0,5158.0,6714.0,820,7468.134931150012
36081019800,371,0.29536176584843865,3458.686278085216,5855.0,5855.0,7385.0,820,8251.313721914783
36081020200,371,0.20219039400616512,1188.8795167562516,2940.0,2940.0,3782.0,820,4691.120483243749
36081020400,371,0.2775555346095683,2320.3642693359902,4180.0,4180.0,5530.0,820,6039.635730664009
36081020500,371,0.10286977172064726,275.27950912445186,1338.0,1337.9999999999998,2096.0,820,2400.720490875548
36081020600,371,0.2637472433109903,1859.945559829103,3526.0,3525.9999999999995,4324.0,820,5192.054440170897
36081020800,371,0.29780068341504695,2671.2721302329705,4485.0,4485.0,5857.0,820,6298.727869767029
36081021200,371,0.20837345342712543,1367.763348295652,3282.0,3282.0,4295.0,820,5196.236651704348
36081021400,371,0.3397841384785255,8672.650350525884,12762.0,12762.0,16481.0,820,16851.349649474116
36081021601,371,0.0,0.0,0.0,0.0,0.0,820,0.0
36081021602,371,0.0,0.0,0.0,0.0,0.0,820,0.0
36081021603,371,0.0,0.0,0.0,0.0,0.0,820,0.0
36081021900,371,0.008352920437840416,0.03341168175136229,2.0,2.0,2.0,820,3.9665883182486383
36081022001,371,0.324437579941512,7198.621023742269,11094.0,11094.0,15130.0,820,14989.37897625773
36081022002,371,0.2883501702041458,6337.360040746716,10989.0,10989.0,15049.0,820,15640.639959253283
36081022900,371,0.0,0.0,0.0,0.0,0.0,820,0.0
36081023000,371,0.19916270259717173,1484.5587851593186,3727.0,3727.0,4715.0,820,5969.441214840682
36081023200,371,0.3850428227814856,7697.776113047459,9996.0,9996.0,12931.0,820,12294.223886952539
36081023501,371,0.0,0.0,0.0,0.0,0.0,820,0.0
36081023502,371,0.0,0.0,0.0,0.0,0.0,820,0.0
36081023600,371,0.3240191431521241,3244.7276995253706,5007.0,5007.0,6385.0,820,6769.272300474629
36081023800,371,0.3059956982770934,5624.200934332973,9190.0,9190.0,10953.0,820,12755.799065667024
36081024000,371,0.33677130056179105,6344.771302584145,9420.0,9420.0,11928.0,820,12495.228697415856
36081024300,371,0.32035430788795594,7379.681836506954,11518.0,11518.0,16014.0,820,15656.318163493046
36081024500,371,0.2677410220370857,5174.898473932793,9664.0,9664.0,13101.0,820,14153.101526067207
36081024600,371,0.0,0.0,0.0,0.0,0.0,820,0.0
36081024700,371,0.18197741383115396,909.8870691557704,2500.0,2500.0,3998.0,820,4090.11293084423
36081024900,371,0.32957452994752634,5596.8346675688945,8491.0,8491.0,12455.0,820,11385.165332431108
36081025100,371,0.36046448390682295,6000.291799112976,8323.0,8323.0,12870.0,820,10645.708200887026
36081025301,371,0.2424514057023035,2443.9101694792184,5040.0,5040.0,8319.0,820,7636.089830520781
36081025302,371,0.2469122316173381,2192.086792298728,4439.0,4439.0,7465.0,820,6685.913207701272
36081025401,371,0.0,0.0,0.0,0.0,0.0,820,0.0
36081025402,371,0.0,0.0,0.0,0.0,0.0,820,0.0
36081025500,371,0.21011221261903756,925.3341843742411,2202.0,2202.0,3487.0,820,3478.6658156257586
36081025700,371,0.24526579470464993,994.7980633220599,2028.0,2027.9999999999998,2966.0,820,3061.20193667794
36081025800,371,0.32403424380413226,2703.741730301678,4172.0,4172.0,5571.0,820,5640.258269698321
36081025900,371,0.3589273035141787,3533.2803757935744,4922.0,4922.0,7148.0,820,6310.719624206426
36081026000,371,0.3077105888593985,2661.6965936337983,4325.0,4325.0,5701.0,820,5988.303406366203
36081026100,371,0.3443992258496915,8300.021342977565,12050.0,12050.0,17280.0,820,15799.978657022433
36081026200,371,0.15934433344774712,620.1681457786315,1946.0,1946.0,2967.0,820,3271.8318542213683
36081026300,371,0.2919978862677107,6517.392821495305,11160.0,11160.000000000004,16660.0,820,15802.607178504699
36081026400,371,0.26900580938269425,2642.1750597568225,4911.0,4911.0,6763.0,820,7179.824940243177
36081026501,371,0.0,0.0,0.0,0.0,0.0,820,0.0
36081026502,371,0.0,0.0,0.0,0.0,0.0,820,0.0
36081026600,371,0.21640004137675384,1433.8666741623706,3313.0,3313.0,4087.0,820,5192.133325837629
36081026700,371,0.35947020495217685,6779.608065398054,9430.0,9430.0,13794.0,820,12080.391934601945
36081026901,371,0.32383712937892284,5450.178887447271,8415.0,8415.0,11115.0,820,11379.821112552729
36081026902,371,0.2995913972041969,4526.226828961007,7554.0,7553.999999999999,10274.0,820,10581.773171038993
36081027000,371,0.2407504384275222,1704.513104066858,3540.0,3540.0,4608.0,820,5375.4868959331425
36081027101,371,0.0,0.0,0.0,0.0,0.0,820,0.0
36081027102,371,0.0,0.0,0.0,0.0,0.0,820,0.0
36081027200,371,0.23681557659394747,2017.6687125804328,4260.0,4260.0,5740.0,820,6502.331287419567
36081027301,371,0.0,0.0,0.0,0.0,0.0,820,0.0
36081027302,371,0.0,0.0,0.0,0.0,0.0,820,0.0
36081027400,371,0.2483433554155966,1806.9462540038812,3638.0,3638.0,4702.0,820,5469.053745996119
36081027500,371,0.2835885690240487,5566.843609942077,9815.0,9815.0,15698.0,820,14063.156390057924
36081027600,371,0.19615247928632362,870.9170080312765,2220.0,2220.0,2843.0,820,3569.082991968723
36081027701,371,0.0,0.0,0.0,0.0,0.0,820,0.0
36081027702,371,0.0,0.0,0.0,0.0,0.0,820,0.0
36081027800,371,0.26662080841629754,2182.5579376958103,4093.0,4093.0,5294.0,820,6003.442062304189
36081027900,371,0.3618250342737743,7350.837396306,10158.0,10157.999999999998,15177.0,820,12965.162603694
36081028000,371,0.21629089407810953,1507.5475317244238,3485.0,3484.9999999999995,4549.0,820,5462.452468275576
36081028100,371,0.361701592757644,4592.163421651049,6348.0,6348.0,9050.0,820,8103.836578348952
36081028200,371,0.18892255256656676,1166.02999444085,3086.0,3086.0,3987.0,820,5005.97000555915
36081028300,371,0.3859482801264067,8239.995780698784,10675.0,10675.000000000002,15513.0,820,13110.004219301216
36081028400,371,0.2847180671795595,3952.4562085866473,6941.0,6941.0,9591.0,820,9929.543791413354
36081028500,371,0.35135569403066025,5899.2621027747855,8395.0,8395.0,12121.0,820,10890.737897225214
36081028700,371,0.3902712979861509,8095.007262828743,10371.0,10371.0,14209.0,820,12646.992737171258
36081028801,371,0.0,0.0,0.0,0.0,0.0,820,0.0
36081028802,371,0.0,0.0,0.0,0.0,0.0,820,0.0
36081028803,371,0.0,0.0,0.0,0.0,0.0,820,0.0
36081028900,371,0.3199477931102914,5169.076545489868,8078.0,8078.000000000001,10915.0,820,10986.923454510132
36081029100,371,0.3043743457153316,6386.99127049052,10492.0,10492.0,14914.0,820,14597.008729509482
36081029300,371,0.19126069233521725,567.2792134662548,1483.0,1483.0,2001.0,820,2398.7207865337455
36081029400,371,0.38300442794750245,9212.788509849224,12027.0,12027.000000000002,17226.0,820,14841.211490150776
36081029500,371,0.26308244378331247,2700.2782029919185,5132.0,5132.0,7254.0,820,7563.721797008081
36081029700,371,0.20674033275854264,1366.140118868449,3304.0,3303.9999999999995,4584.0,820,5241.8598811315505
36081029900,371,0.0,0.0,0.0,0.0,0.0,820,0.0
36081030600,371,0.3270361364139591,4624.2909688933805,7070.0,7070.0,9499.0,820,9515.709031106619
36081030903,371,0.323170188864656,6803.378815978738,10526.0,10526.0,15262.0,820,14248.621184021262
36081030904,371,0.2906550096805749,3700.0382732337202,6365.0,6365.0,8809.0,820,9029.961726766282
36081030905,371,0.0,0.0,0.0,0.0,0.0,820,0.0
36081030906,371,0.0,0.0,0.0,0.0,0.0,820,0.0
36081031700,371,0.371970534383927,8189.3032849965375,11008.0,11008.0,15272.0,820,13826.696715003462
36081032000,371,0.3153594045750816,5192.707955733295,8233.0,8233.0,11316.0,820,11273.292044266705
36081032700,371,0.275770808920758,3382.053200604175,6132.0,6132.0,8193.0,820,8881.946799395824
36081032800,371,0.26750772053602745,2381.3537282117168,4451.0,4451.0,5936.0,820,6520.646271788284
36081032900,371,0.3410841505231773,5348.881648504465,7841.0,7841.0,10869.0,820,10333.118351495534
36081033000,371,0.3991375448604384,9236.841063160264,11571.0,11571.0,16066.0,820,13905.158936839734
36081033100,371,0.0,0.0,0.0,0.0,0.0,820,0.0
36081033401,371,0.308666386380926,3748.4445962099653,6072.0,6072.0,8620.0,820,8395.555403790035
36081033403,371,0.0,0.0,0.0,0.0,0.0,820,0.0
36081033404,371,0.0,0.0,0.0,0.0,0.0,820,0.0
36081033405,371,0.0,0.0,0.0,0.0,0.0,820,0.0
36081033700,371,0.32406270272433235,4057.9131635140884,6261.0,6261.0,9034.0,820,8464.08683648591
36081033900,371,0.2898152002822266,3130.5837934486112,5401.0,5401.0,7494.0,820,7671.416206551387
36081034700,371,0.2607685217836634,2912.2628512799515,5584.0,5584.0,7362.0,820,8255.737148720047
36081035100,371,0.2900284709210512,4128.845312032086,7118.0,7118.0,10375.0,820,10107.154687967915
36081035200,371,0.27383830772386675,2426.2074064334597,4430.0,4430.0,5762.0,820,6433.792593566541
36081035300,371,0.2773672784850477,2396.453286110813,4320.0,4320.0,6611.0,820,6243.546713889187
36081035700,371,0.34355000791256796,4591.202305743557,6682.0,6681.999999999999,9137.0,820,8772.797694256442
36081035800,371,0.2991485715695361,3886.538241831414,6496.0,6496.0,8554.0,820,9105.461758168587
36081036100,371,0.27757688816921045,2571.4722919995666,4632.0,4632.0,6198.0,820,6692.527708000434
36081036300,371,0.20917510345854673,1362.5666239289726,3257.0,3257.0,4412.0,820,5151.433376071027
36081036500,371,0.2619438629329178,3135.468039307025,5985.0,5985.0,8939.0,820,8834.531960692973
36081036600,371,0.2799874979850818,3362.089875804863,6004.0,6004.0,8239.0,820,8645.910124195138
36081036700,371,0.25191277157366565,2140.754732833013,4249.0,4249.000000000001,6101.0,820,6357.245267166989
36081036800,371,0.23560474045065738,2021.9598825475418,4291.0,4291.0,6134.0,820,6560.040117452459
36081037100,371,0.20484321639990433,1384.7401428633536,3380.0,3380.0,4673.0,820,5375.259857136647
36081037300,371,0.2462051760712114,2475.8392505721035,5028.0,5028.000000000001,7388.0,820,7580.160749427898
36081037501,371,0.0,0.0,0.0,0.0,0.0,820,0.0
36081037502,371,0.0,0.0,0.0,0.0,0.0,820,0.0
36081037600,371,0.3646736696445654,8539.927995736434,11709.0,11709.0,15724.0,820,14878.072004263568
36081037700,371,0.32204866670757193,4106.12050052154,6375.0,6375.0,9702.0,820,8643.879499478458
36081037900,371,0.307828691857959,6598.615838667212,10718.0,10718.0,16491.0,820,14837.38416133279
36081038100,371,0.3525263874786977,8918.917603211052,12650.0,12650.0,18499.0,820,16381.082396788948
36081038301,371,0.0,0.0,0.0,0.0,0.0,820,0.0
36081038302,371,0.0,0.0,0.0,0.0,0.0,820,0.0
36081038400,371,0.24336199705971162,2036.9399153897862,4185.0,4185.0,5699.0,820,6333.060084610213
36081039400,371,0.2353042414982055,2176.093625375403,4624.0,4624.0,6056.0,820,7071.906374624596
36081039800,371,0.20533050147302756,1180.6503834699088,2875.0,2875.0,3829.0,820,4569.349616530091
36081039901,371,0.0,0.0,0.0,0.0,0.0,820,0.0
36081039902,371,0.0,0.0,0.0,0.0,0.0,820,0.0
36081040000,371,0.17039378312726083,610.3505311618485,1791.0,1791.0,2390.0,820,2971.6494688381517
36081040101,371,0.0,0.0,0.0,0.0,0.0,820,0.0
36081040102,371,0.0,0.0,0.0,0.0,0.0,820,0.0
36081040200,371,0.1905016088066993,1109.1003664726038,2911.0,2911.0,3853.0,820,4712.899633527397
36081040301,371,0.0,0.0,0.0,0.0,0.0,820,0.0
36081040302,371,0.0,0.0,0.0,0.0,0.0,820,0.0
36081040400,371,0.325884654938144,5324.303492379395,8169.0,8169.0,10759.0,820,11013.696507620603
36081040501,371,0.0,0.0,0.0,0.0,0.0,820,0.0
36081040502,371,0.0,0.0,0.0,0.0,0.0,820,0.0
36081040701,371,0.0,0.0,0.0,0.0,0.0,820,0.0
36081040702,371,0.0,0.0,0.0,0.0,0.0,820,0.0
36081040901,371,0.0,0.0,0.0,0.0,0.0,820,0.0
36081040902,371,0.0,0.0,0.0,0.0,0.0,820,0.0
36081041100,371,0.22779457232424505,2545.8321402957617,5588.0,5588.0,8762.0,820,8630.167859704237
36081041300,371,0.25078830038325595,3692.1053582422924,7361.0,7360.999999999999,10870.0,820,11029.894641757706
36081041400,371,0.3157308838952221,4441.070612870192,7033.0,7033.0,8969.0,820,9624.929387129807
36081041500,371,0.26310249058330915,3588.7179715563366,6820.0,6820.0,10040.0,820,10051.282028443664
36081042400,371,0.1661545401942991,1331.8947941975018,4008.0,4008.0,5544.0,820,6684.105205802499
36081042600,371,0.043313362501002595,37.595998650870165,434.0,434.0,434.0,820,830.4040013491298
36081042700,371,0.28957561151600764,5822.786396363879,10054.0,10054.0,14317.0,820,14285.213603636119
36081043200,371,0.21573675457229036,1082.1355609346087,2508.0,2508.0,3698.0,820,3933.8644390653917
36081043400,371,0.19072108214577876,1355.264009727904,3553.0,3553.0,4586.0,820,5750.735990272096
36081043701,371,0.20191009213731748,2440.689193755895,6044.0,6044.0,8371.0,820,9647.310806244106
36081043702,371,0.32097046991757305,7037.598523412706,10963.0,10963.0,13711.0,820,14888.401476587293
36081043900,371,0.30260430553941453,4474.307261705784,7393.0,7392.999999999998,9999.0,820,10311.692738294216
36081044000,371,0.3686564718936959,5417.775510949753,7348.0,7348.0,8985.0,820,9278.224489050246
36081044301,371,0.30650225758938254,4149.427563245062,6769.0,6769.000000000001,9428.0,820,9388.57243675494
36081044302,371,0.30783103078078056,5077.365021698197,8247.0,8247.000000000002,11191.0,820,11416.634978301805
36081044400,371,0.34303340974908525,3896.173467930111,5679.0,5679.0,7359.0,820,7461.826532069889
36081044601,371,0.3358567044656786,3406.258696690912,5071.0,5071.0,6358.0,820,6735.741303309088
36081044602,371,0.36642287266406337,6187.4166278053735,8443.0,8442.999999999998,10615.0,820,10698.583372194626
36081044800,371,0.31441084519405726,3850.275210246424,6123.0,6123.0,7280.0,820,8395.724789753574
36081045000,371,0.21043790259400186,1601.0115629351658,3804.0,3804.0,5567.0,820,6006.988437064834
36081045200,371,0.24414095094503285,706.5439120349251,1447.0,1447.0,1815.0,820,2187.456087965075
36081045400,371,0.3303493137848589,4724.655885751053,7151.0,7150.999999999998,9488.0,820,9577.344114248946
36081045500,371,0.3484084111949982,19138.074026941253,27465.0,27465.0,35732.0,820,35791.92597305875
36081045600,371,0.17673907184979276,663.478475724122,1877.0,1877.0,2472.0,820,3090.521524275878
36081045700,371,0.24312429109452527,2436.105396767144,5010.0,5010.0,6976.0,820,7583.894603232857
36081045800,371,0.2675484875478482,2111.4926637276185,3946.0,3945.9999999999995,5147.0,820,5780.5073362723815
36081045900,371,0.23570200103918593,2985.4015451623277,6333.0,6333.0,8833.0,820,9680.598454837671
36081046000,371,0.38896115229896355,8367.332308255303,10756.0,10756.0,13499.0,820,13144.667691744697
36081046100,371,0.25365707277418514,2599.9849959353983,5125.0,5125.0,7017.0,820,7650.015004064602
36081046200,371,0.41729051527345473,12998.599550768118,15575.0,15575.0,19987.0,820,18151.400449231885
36081046300,371,0.26925307306797175,3556.833095227907,6605.0,6605.000000000001,9835.0,820,9653.166904772093
36081046400,371,0.17479504211729602,1063.1034461573938,3041.0,3041.0,3977.0,820,5018.8965538426055
36081046500,371,0.24809594389516465,2539.510081710905,5118.0,5118.0,7877.0,820,7696.489918289095
36081046600,371,0.34693166680842535,4087.5488983368687,5891.0,5891.0,7508.0,820,7694.451101663132
36081046700,371,0.2790760190508995,5620.591023685112,10070.0,10070.0,15246.0,820,14519.408976314884
36081046800,371,0.33904291372099515,3869.1577313839975,5706.0,5706.0,7120.0,820,7542.842268616003
36081046901,371,0.0,0.0,0.0,0.0,0.0,820,0.0
36081046902,371,0.0,0.0,0.0,0.0,0.0,820,0.0
36081047000,371,0.26536703853832755,2639.340565302206,4973.0,4973.0,6550.0,820,7306.6594346977945
36081047100,371,0.23926433079892573,3292.2771917932196,6880.0,6880.000000000001,10157.0,820,10467.722808206781
36081047200,371,0.22663655807879524,2970.2987301806897,6553.0,6552.999999999999,8581.0,820,10135.70126981931
36081047300,371,0.25653148031748463,3364.666895844128,6558.0,6558.0,8831.0,820,9751.333104155872
36081047500,371,0.2940096122698841,3836.2374208974466,6524.0,6524.0,9484.0,820,9211.762579102553
36081047600,371,0.129470527302608,601.0021877387065,2321.0,2321.0000000000005,3300.0,820,4040.997812261294
36081047801,371,0.0,0.0,0.0,0.0,0.0,820,0.0
36081047802,371,0.0,0.0,0.0,0.0,0.0,820,0.0
36081047900,371,0.32394467040633323,5821.285727201811,8985.0,8985.0,12698.0,820,12148.714272798192
36081048000,371,0.28627468580975557,2739.076193827741,4784.0,4783.999999999999,6381.0,820,6828.923806172259
36081048100,371,0.28156064402000136,5997.241717626026,10650.0,10650.0,14543.0,820,15302.758282373972
36081048200,371,0.19209704767655833,761.4726969898771,1982.0,1981.9999999999995,2606.0,820,3202.5273030101225
36081048301,371,0.0,0.0,0.0,0.0,0.0,820,0.0
36081048302,371,0.0,0.0,0.0,0.0,0.0,820,0.0
36081048400,371,0.3012946562185945,5674.583555221008,9417.0,9417.0,12724.0,820,13159.416444778992
36081048500,371,0.3020429825145372,4462.383023669774,7387.0,7387.0,11106.0,820,10311.616976330228
36081048900,371,0.22834419381032178,1513.9220049624337,3315.0,3315.0,4467.0,820,5116.077995037566
36081049201,371,0.0,0.0,0.0,0.0,0.0,820,0.0
36081049202,371,0.0,0.0,0.0,0.0,0.0,820,0.0
36081049301,371,0.21111508576386395,1507.7839425255163,3571.0,3571.0000000000005,4876.0,820,5634.216057474484
36081049302,371,0.2575806604649189,2159.0410960169497,4191.0,4190.999999999999,5453.0,820,6222.95890398305
36081049500,371,0.20060366192595103,1084.8646036955438,2704.0,2704.0,3412.0,820,4323.135396304457
36081049600,371,0.2945719257265236,3571.979171359826,6063.0,6063.0,7864.0,820,8554.020828640176
36081049700,371,0.20440992766107902,1896.51530883949,4639.0,4639.0,6349.0,820,7381.484691160509
36081049900,371,0.25784378461563395,4605.089993235222,8930.0,8930.0,12851.0,820,13254.910006764778
36081050000,371,0.3172231163630834,4980.402926900408,7850.0,7850.0,9875.0,820,10719.59707309959
36081050201,371,0.11959262350218658,397.28669527426433,1661.0,1661.0,2373.0,820,2924.713304725736
36081050202,371,0.22339308688238413,1245.1930662824082,2787.0,2787.0,3333.0,820,4328.806933717591
36081050400,371,0.23232140202040352,1555.1594651245807,3347.0,3347.0,4364.0,820,5138.840534875419
36081050500,371,0.20317607505394497,1130.8780337502587,2783.0,2783.0,4205.0,820,4435.121966249742
36081050600,371,0.19956082896011584,1455.5966864350853,3647.0,3647.0,4654.0,820,5838.403313564915
36081050700,371,0.2564956693182653,3614.5369720329945,7046.0,7046.0,10299.0,820,10477.463027967005
36081050800,371,0.21093242110894395,1247.876203280512,2958.0,2958.0,3740.0,820,4668.1237967194875
36081051000,371,0.24642142862035554,1646.587986041216,3341.0,3341.0,4673.0,820,5035.412013958784
36081051100,371,0.210315109334124,1610.1724770620526,3828.0,3828.0,5259.0,820,6045.827522937947
36081051200,371,0.2624633658134814,2711.7714955848896,5166.0,5166.0,6330.0,820,7620.22850441511
36081051300,371,0.24001527835207404,1801.0746487539636,3752.0,3752.000000000001,4996.0,820,5702.925351246037
36081051500,371,0.2539473879421549,2627.339675649534,5173.0,5173.0,6862.0,820,7718.660324350465
36081051600,371,0.25188141000250264,1617.5824150360718,3211.0,3211.0,4221.0,820,4804.417584963928
36081051700,371,0.190140858352975,1113.4648665150225,2928.0,2928.0,4046.0,820,4742.535133484978
36081051800,371,0.24089953379823792,2112.688911410548,4385.0,4385.0,5469.0,820,6657.311088589453
36081052000,371,0.18577934400023866,1224.6574356495735,3296.0,3296.0,4022.0,820,5367.342564350427
36081052100,371,0.22675399544269137,1604.5112717524837,3538.0,3537.9999999999995,5068.0,820,5471.488728247516
36081052200,371,0.1865246679875704,1182.5663950411963,3170.0,3170.0,4219.0,820,5157.433604958804
36081052400,371,0.1648120010111953,696.4955162733118,2113.0,2113.0,2887.0,820,3529.5044837266887
36081052500,371,0.17825539332309692,1167.2163154796394,3274.0,3274.0,4668.0,820,5380.783684520361
36081052600,371,0.23291626584496783,1556.3464883760744,3341.0,3341.0,4253.0,820,5125.653511623925
36081052800,371,0.25260121789801193,1467.1078735516533,2904.0,2903.9999999999995,3633.0,820,4340.892126448347
36081053000,371,0.23212498520929914,1896.4611291599736,4085.0,4084.9999999999995,5462.0,820,6273.538870840026
36081053100,371,0.23491254738175593,1931.4509645727976,4111.0,4111.0,6540.0,820,6290.549035427202
36081053200,371,0.23419055239499742,1622.0037658877511,3463.0,3463.0,4703.0,820,5303.996234112248
36081053401,371,0.21272082107481738,1210.3814719157099,2845.0,2845.0,3928.0,820,4479.618528084289
36081053501,371,0.0,0.0,0.0,0.0,0.0,820,0.0
36081053502,371,0.0,0.0,0.0,0.0,0.0,820,0.0
36081053601,371,0.1959379805825121,1344.5264227571981,3431.0,3430.999999999999,5065.0,820,5517.473577242801
36081053800,371,0.20383729765910363,1143.5272398675713,2805.0,2805.0,3705.0,820,4466.472760132428
36081053901,371,0.0,0.0,0.0,0.0,0.0,820,0.0
36081053902,371,0.0,0.0,0.0,0.0,0.0,820,0.0
36081054000,371,0.34824237782822876,6264.880377129836,8995.0,8995.000000000002,11967.0,820,11725.119622870165
36081054200,371,0.38057614430376496,7390.788722379116,9710.0,9710.0,12343.0,820,12029.211277620885
36081054500,371,0.29719945818243265,3659.119729142112,6156.0,6156.0,8967.0,820,8652.88027085789
36081054700,371,0.31442533595841693,4694.999116531082,7466.0,7466.0,11848.0,820,10237.000883468918
36081054800,371,0.2497821543322727,2422.387332714379,4849.0,4848.999999999999,6126.0,820,7275.61266728562
36081054900,371,0.3584717757470026,6442.454753725132,8986.0,8986.0,12816.0,820,11529.545246274869
36081055100,371,0.39378952765268027,5728.062469235887,7273.0,7273.0,10378.0,820,8817.937530764113
36081055200,371,0.27594470447849706,2521.582709524506,4569.0,4569.0,6081.0,820,6616.417290475494
36081055300,371,0.33667164391030757,2670.479479496559,3966.0,3966.000000000001,5830.0,820,5261.520520503441
36081055400,371,0.22994872727548388,1949.5053098415528,4239.0,4239.0,5265.0,820,6528.494690158448
36081055500,371,0.24497067769766367,1485.5021895586324,3032.0,3032.0,4292.0,820,4578.497810441368
36081055600,371,0.22457875497302027,1910.2668898005104,4253.0,4253.0,5472.0,820,6595.73311019949
36081055700,371,0.3434984935718476,3845.8091340304063,5598.0,5598.000000000001,7539.0,820,7350.190865969595
36081055800,371,0.21841406470407188,1143.6160427905206,2618.0,2618.0,3411.0,820,4092.3839572094794
36081055900,371,0.18588421937893185,768.8171313512626,2068.0,2068.0,2838.0,820,3367.182868648738
36081056000,371,0.23574704933420643,1470.5900937467782,3119.0,3119.0,4107.0,820,4767.4099062532205
36081056100,371,0.06321560813617877,16.05676446658943,127.0,127.0,169.0,820,237.9432355334106
36081056200,371,0.2490488196106293,1806.600137455505,3627.0,3627.0,4564.0,820,5447.399862544495
36081056400,371,0.1959675295883655,939.4683368466231,2397.0,2396.9999999999995,3291.0,820,3854.531663153376
36081056500,371,0.19421342530458896,1056.9094605075743,2721.0,2721.0,3832.0,820,4385.090539492427
36081056600,371,0.23156354212444574,1350.0154505855185,2915.0,2915.0,3656.0,820,4479.984549414481
36081056700,371,0.29166119978233584,4247.170391230375,7281.0,7281.0,10154.0,820,10314.829608769625
36081056800,371,0.3245068115010844,5183.6718069183225,7987.0,7987.0,11017.0,820,10790.328193081677
36081057700,371,0.274462071981888,3762.326082727719,6854.0,6853.999999999999,8908.0,820,9945.67391727228
36081057900,371,0.18238088867151536,1049.054871638556,2876.0,2876.0,4147.0,820,4702.9451283614435
36081058000,371,0.29008230109487043,3603.98250880267,6212.0,6211.999999999999,7913.0,820,8820.01749119733
36081058100,371,0.21553593511934444,1880.3354979811616,4362.0,4361.999999999999,5455.0,820,6843.664502018839
36081058200,371,0.34980099230904194,5615.0055285447415,8026.0,8026.000000000001,10923.0,820,10436.994471455258
36081058300,371,0.3024488844565866,3194.4651176304687,5281.0,5281.0,7231.0,820,7367.534882369533
36081058500,371,0.35013448095361954,5403.275310076256,7716.0,7716.0,10255.0,820,10028.724689923743
36081058700,371,0.2928931776677457,3268.102076416707,5579.0,5579.0,7873.0,820,7889.897923583294
36081058900,371,0.27757641675980116,3827.2236342841406,6894.0,6894.0,10176.0,820,9960.776365715861
36081059000,371,0.17441585788753278,934.5201665614001,2679.0,2679.0,3459.0,820,4423.4798334386
36081059100,371,0.29932722963032643,4719.193102351727,7883.0,7883.000000000001,11929.0,820,11046.806897648274
36081059200,371,0.1687754073970864,745.3121990655334,2208.0,2208.0,2809.0,820,3670.6878009344664
36081059300,371,0.34056574547326446,4639.186584836808,6811.0,6811.000000000002,9413.0,820,8982.813415163193
36081059400,371,0.20766082813214903,1270.8842681687513,3060.0,3060.0,4202.0,820,4849.115731831248
36081059501,371,0.0,0.0,0.0,0.0,0.0,820,0.0
36081059502,371,0.0,0.0,0.0,0.0,0.0,820,0.0
36081059600,371,0.17673581424959328,722.8494802808368,2045.0,2045.0000000000002,2710.0,820,3367.1505197191636
36081059800,371,0.26695778608858833,1407.4014482590376,2636.0,2636.0,3564.0,820,3864.598551740962
36081059900,371,0.20084685326716878,874.0855054187185,2176.0,2176.0,2907.0,820,3477.9144945812814
36081060000,371,0.165787700346814,591.8620902381258,1785.0,1785.0,2436.0,820,2978.137909761874
36081060100,371,0.24333748544856515,1785.1237932506733,3668.0,3668.000000000001,5110.0,820,5550.876206749327
36081060300,371,0.20511910044304837,1405.0658380348814,3425.0,3424.9999999999995,4884.0,820,5444.934161965119
36081060600,371,0.20089612105615395,994.03400698585,2474.0,2474.0,3200.0,820,3953.96599301415
36081060701,371,0.0,0.0,0.0,0.0,0.0,820,0.0
36081060800,371,0.18699059443924637,965.993410873147,2583.0,2583.0,3255.0,820,4200.006589126853
36081061000,371,0.18038089828506332,895.0500172904841,2481.0,2481.0000000000005,3306.0,820,4066.949982709516
36081061200,371,0.16743334059536785,1081.619380246077,3230.0,3230.0,4270.0,820,5378.380619753923
36081061301,371,0.376122341702799,7126.013885901228,9473.0,9473.0,13938.0,820,11819.98611409877
36081061302,371,0.0,0.0,0.0,0.0,0.0,820,0.0
36081061400,371,0.22539888211982495,948.9292937244629,2105.0,2105.0,2847.0,820,3261.070706275537
36081061601,371,0.22434086299912925,1942.3431918464603,4329.0,4329.0,5980.0,820,6715.656808153539
36081061602,371,0.20921049194952146,988.310363969539,2362.0,2362.0,3066.0,820,3735.689636030461
36081061800,371,0.2641628976364553,1617.733585125652,3062.0,3062.0,4346.0,820,4506.266414874348
36081061900,371,0.22817901780218175,2380.819871747965,5217.0,5217.000000000001,6940.0,820,8053.1801282520355
36081062000,371,0.17839572239723844,1048.6100562509673,2939.0,2939.0,4105.0,820,4829.389943749033
36081062100,371,0.27180572376204093,2676.742767608579,4924.0,4924.0,6618.0,820,7171.257232391421
36081062200,371,0.16635191741558386,857.377782359919,2577.0,2577.0,3704.0,820,4296.622217640081
36081062300,371,0.2170697996219909,1560.297719682871,3594.0,3594.0,4652.0,820,5627.702280317129
36081062400,371,0.0,0.0,0.0,0.0,0.0,820,0.0
36081062500,371,0.27082979402045193,3047.9185019061665,5627.0,5627.0,7146.0,820,8206.081498093834
36081062600,371,0.2568386527237726,2401.4414029672744,4675.0,4675.0,6198.0,820,6948.5585970327265
36081062700,371,0.25241018535586235,2669.9949406943124,5289.0,5289.0,7091.0,820,7908.005059305688
36081062900,371,0.26238391761167823,2297.9583504430784,4379.0,4379.0,5765.0,820,6460.041649556922
36081063000,371,0.20750058697404972,1281.9386263256795,3089.0,3089.0,4367.0,820,4896.061373674321
36081063200,371,0.3096807362016868,2903.566582627015,4688.0,4687.999999999999,7002.0,820,6472.433417372985
36081063301,371,0.1714007807103466,771.3035131965597,2250.0,2250.0,3152.0,820,3728.69648680344
36081063302,371,0.14513465735949072,887.0630257812073,3056.0,3055.9999999999995,3470.0,820,5224.936974218793
36081063500,371,0.22031132933380848,2338.384449549041,5307.0,5306.999999999999,7079.0,820,8275.615550450957
36081063700,371,0.2624462269832867,2721.042481362717,5184.0,5184.0,6879.0,820,7646.957518637284
36081063800,371,0.30821941612266435,4572.743257595849,7418.0,7418.0,9797.0,820,10263.256742404152
36081063900,371,0.16686715630626248,1513.4851076978011,4535.0,4535.0,5905.0,820,7556.514892302199
36081064101,371,0.17743824272817055,1311.26861376118,3695.0,3695.0,4864.0,820,6078.73138623882
36081064102,371,0.14342989122745797,64.54345105235605,225.0,224.99999999999997,250.0,820,385.4565489476439
36081064500,371,0.19377436522088964,1438.9684361303262,3713.0,3712.9999999999995,4668.0,820,5987.031563869674
36081064600,371,0.2938873317846825,3099.3358010012635,5273.0,5272.999999999998,7323.0,820,7446.6641989987365
36081065000,371,0.2397248497516299,2317.6598473987597,4834.0,4834.0,6880.0,820,7350.340152601242
36081065401,371,0.0,0.0,0.0,0.0,0.0,820,0.0
36081065402,371,0.0,0.0,0.0,0.0,0.0,820,0.0
36081065501,371,0.0,0.0,0.0,0.0,0.0,820,0.0
36081065600,371,0.37853451224353596,7388.236609969337,9759.0,9759.0,13846.0,820,12129.763390030665
36081065702,371,0.1837781738498706,1221.757299753941,3324.0,3324.0,4380.0,820,5426.24270024606
36081065703,371,0.16395258941443625,1446.0618386353285,4410.0,4410.0,5679.0,820,7373.938161364672
36081065900,371,0.204593585724534,1429.6999770430434,3494.0,3494.0,4339.0,820,5558.300022956956
36081066000,371,0.29738685898834494,3510.3544834984245,5902.0,5902.0,8709.0,820,8293.645516501576
36081066100,371,0.18776535905320135,1084.9082446093976,2889.0,2889.0,4117.0,820,4693.091755390603
36081066301,371,0.0,0.0,0.0,0.0,0.0,820,0.0
36081066302,371,0.0,0.0,0.0,0.0,0.0,820,0.0
36081066402,371,0.0,0.0,0.0,0.0,0.0,820,0.0
36081066403,371,0.0,0.0,0.0,0.0,0.0,820,0.0
36081066404,371,0.0,0.0,0.0,0.0,0.0,820,0.0
36081066501,371,0.24783997018075532,3406.808230104664,6873.0,6873.0,9026.0,820,10339.191769895337
36081066701,371,0.21176316959902375,1691.9877250962,3995.0,3994.9999999999995,5648.0,820,6298.0122749038
36081066900,371,0.18956252252900418,1031.220122557782,2720.0,2719.9999999999995,3695.0,820,4408.779877442217
36081067100,371,0.1907452632893022,1377.9437820019193,3612.0,3612.0,4920.0,820,5846.056217998081
36081067700,371,0.13192175182411003,853.0060472946952,3233.0,3233.0,4215.0,820,5612.993952705305
36081067900,371,0.25042824885080195,3034.689519574019,6059.0,6058.999999999998,8412.0,820,9083.31048042598
36081068000,371,0.32201330663286976,5648.7574249538,8771.0,8771.0,12088.0,820,11893.242575046199
36081068200,371,0.14336178104477837,479.68851937582826,1673.0,1672.9999999999998,2465.0,820,2866.3114806241715
36081068300,371,0.26215234116868313,3004.7901344754473,5731.0,5731.0,7878.0,820,8457.209865524554
36081068700,371,0.21613592043696706,2932.9644403296425,6785.0,6785.0,8948.0,820,10637.035559670358
36081069000,371,0.2611235938338857,3186.752339148741,6102.0,6102.0,7930.0,820,9017.247660851259
36081069300,371,0.27034428352779283,3192.765988463235,5905.0,5905.0,8177.0,820,8617.234011536766
36081069400,371,0.34978220790197034,4757.038027466797,6800.0,6800.0,9703.0,820,8842.961972533203
36081069500,371,0.2385744711330694,1963.9450463674275,4116.0,4116.0,5482.0,820,6268.0549536325725
36081069701,371,0.24085696610261398,2978.9189567571293,6184.0,6183.999999999999,8622.0,820,9389.08104324287
36081069702,371,0.28931549114191346,3328.864041078855,5753.0,5753.0,7395.0,820,8177.135958921144
36081070300,371,0.18240800496964638,1197.6909606306976,3283.0,3283.0,4275.0,820,5368.309039369302
36081070700,371,0.20038940666360128,1784.267276932706,4452.0,4452.0,5481.0,820,7119.7327230672945
36081070900,371,0.16030799093275183,1171.5307977365494,3654.0,3654.0,5274.0,820,6136.46920226345
36081071100,371,0.26991830552853335,5395.666927515382,9995.0,9995.0,13687.0,820,14594.333072484618
36081071303,371,0.30453001526931045,5368.86416919794,8815.0,8815.0,12927.0,820,12261.135830802057
36081071304,371,0.27106883772539736,6359.817070713271,11731.0,11730.999999999998,14609.0,820,17102.182929286726
36081071305,371,0.28433760507142225,4638.683689135183,8157.0,8157.0,11010.0,820,11675.316310864817
36081071306,371,0.28577330017373426,6324.734679445084,11066.0,11066.0,15024.0,820,15807.265320554914
36081071701,371,0.3116835191766246,5999.284377111671,9624.0,9624.000000000002,12661.0,820,13248.715622888329
36081071702,371,0.28295630341665856,3633.724848476726,6421.0,6421.0,8572.0,820,9208.27515152327
36081071900,371,0.2347527708202335,2237.1939059168253,4765.0,4765.0,5971.0,820,7292.806094083175
36081072100,371,0.3407010428542713,5357.86459992627,7863.0,7863.0,10612.0,820,10368.13540007373
36081072300,371,0.1313644065855376,616.8872533256848,2348.0,2348.0,3252.0,820,4079.1127466743155
36081072900,371,0.1680226493172583,643.862792183734,1916.0,1915.9999999999998,2907.0,820,3188.1372078162663
36081073100,371,0.12152129522813948,742.495113843931,3055.0,3055.0000000000005,4204.0,820,5367.504886156068
36081073700,371,0.16589123049096843,817.1802013985117,2463.0,2463.0,3785.0,820,4108.819798601489
36081073900,371,0.2324741550994558,3688.8998931181645,7934.0,7934.0,10442.0,820,12179.100106881835
36081074100,371,0.25829703168881846,2421.7929691143627,4688.0,4688.000000000001,5949.0,820,6954.207030885638
36081074300,371,0.2421631256600778,4049.93611353914,8362.0,8362.0,10708.0,820,12674.063886460859
36081074500,371,0.2748982843191792,4583.653992737993,8337.0,8337.0,10547.0,820,12090.346007262007
36081074700,371,0.18006977593449647,1852.9179943659701,5145.0,5145.0,7273.0,820,8437.08200563403
36081074900,371,0.12882808981415883,607.8109277432018,2359.0,2359.0,2981.0,820,4110.189072256799
36081075701,371,0.19119859960279362,2853.0655032728855,7461.0,7461.0,10933.0,820,12068.934496727114
36081075702,371,0.21230206802441998,2627.450393870221,6188.0,6188.0,8691.0,820,9748.549606129778
36081076901,371,0.19856238378468838,2773.9165014720957,6985.0,6985.0,10007.0,820,11196.083498527903
36081076902,371,0.1333261417848398,671.6971023120227,2519.0,2519.0,3347.0,820,4366.302897687977
36081077300,371,0.1559123875202466,939.2162224219664,3012.0,3011.9999999999995,3862.0,820,5084.7837775780345
36081077500,371,0.2196948307062898,1438.1223618033732,3273.0,3273.0,4281.0,820,5107.877638196627
36081077902,371,0.2161274649910745,3796.927304963196,8784.0,8784.0,11757.0,820,13771.072695036803
36081077903,371,0.24633832699997837,2541.2261813317778,5158.0,5158.0,7228.0,820,7774.773818668223
36081077904,371,0.27552440194207883,6130.968992015137,11126.0,11126.0,14027.0,820,16121.031007984862
36081077905,371,0.1980562237425577,1610.5932114744808,4066.0,4066.0,5578.0,820,6521.406788525521
36081077906,371,0.25626804776764667,3018.8376027028776,5890.0,5890.0,7270.0,820,8761.162397297123
36081077907,371,0.245586227866318,2929.3525259894413,5964.0,5963.999999999999,7445.0,820,8998.647474010559
36081077908,371,0.2885210839592631,4302.42640400053,7456.0,7456.0,10017.0,820,10609.573595999469
36081078800,371,0.20102677734301044,1169.5737905816343,2909.0,2908.9999999999995,3638.0,820,4648.426209418365
36081079000,371,0.26107679708108844,2655.673179908832,5086.0,5086.0,6645.0,820,7516.326820091168
36081079200,371,0.27281580149274387,2498.9927416735336,4580.0,4580.0,6546.0,820,6661.007258326466
36081079300,371,0.0,0.0,0.0,0.0,0.0,820,0.0
36081079701,371,0.3349883537092607,8066.519557318999,12040.0,12040.0,15997.0,820,16013.480442681
36081079702,371,0.24240341688529066,4079.164699345671,8414.0,8414.000000000002,10620.0,820,12748.83530065433
36081079900,371,0.2111535588840422,2233.5823458753985,5289.0,5289.0,6903.0,820,8344.417654124602
36081080301,371,0.20479941916939426,3405.8143407870257,8315.0,8315.0,11499.0,820,13224.185659212973
36081080302,371,0.22565332390364623,2712.352953321828,6010.0,6009.999999999999,7569.0,820,9307.647046678172
36081080900,371,0.4563392591818414,12020.888765368069,13171.0,13170.999999999998,17271.0,820,14321.111234631933
36081081400,371,0.27293076570991537,4004.986056027297,7337.0,7336.999999999999,10079.0,820,10669.013943972703
36081081800,371,0.3288458703977921,5463.445290788917,8307.0,8307.0,11377.0,820,11150.554709211081
36081083700,371,0.24957922384635722,3841.0242549954382,7695.0,7695.0,10040.0,820,11548.975745004562
36081083800,371,0.3028992082592279,6710.429059774935,11077.0,11077.0,15375.0,820,15443.570940225065
36081084000,371,0.30301162889672983,6322.640648559166,10433.0,10433.0,13937.0,820,14543.359351440835
36081084500,371,0.2664357679225714,4237.394453040576,7952.0,7952.0,10322.0,820,11666.605546959425
36081084601,371,0.26671053186129834,3045.300852792304,5709.0,5708.999999999999,7151.0,820,8372.699147207695
36081084602,371,0.17749913399461403,685.8566537551883,1932.0,1932.0,2522.0,820,3178.1433462448113
36081084901,371,0.0,0.0,0.0,0.0,0.0,820,0.0
36081084902,371,0.0,0.0,0.0,0.0,0.0,820,0.0
36081085300,371,0.3215940101055944,4901.73590202947,7621.0,7620.999999999999,10303.0,820,10340.26409797053
36081085500,371,0.3095822583017054,7707.359902679255,12448.0,12448.000000000002,16584.0,820,17188.640097320742
36081085700,371,0.3841695881794339,7447.5116364465075,9693.0,9692.999999999998,12061.0,820,11938.488363553493
36081085900,371,0.2670153358997662,5268.212577302387,9865.0,9865.0,11413.0,820,14461.787422697613
36081086100,371,0.2583946420238694,1646.490658976096,3186.0,3186.0000000000005,3940.0,820,4725.509341023904
36081086300,371,0.3436631197767086,8664.434575810377,12606.0,12606.0,15727.0,820,16547.565424189623
36081086400,371,0.2823643631464102,3119.56148404154,5524.0,5524.000000000001,7020.0,820,7928.43851595846
36081086500,371,0.2526349578625675,4084.601998721991,8084.0,8084.0,10022.0,820,12083.398001278008
36081086900,371,0.1428615574196982,815.1680466367981,2853.0,2853.0,3995.0,820,4890.831953363202
36081087100,371,0.36311996338715413,2547.649663124273,3508.0,3508.0,4841.0,820,4468.3503368757265
36081088400,371,0.28960192787134553,6565.275704843403,11335.0,11335.0,15644.0,820,16104.724295156597
36081088902,371,0.0,0.0,0.0,0.0,0.0,820,0.0
36081088903,371,0.0,0.0,0.0,0.0,0.0,820,0.0
36081089201,371,0.0,0.0,0.0,0.0,0.0,820,0.0
36081089202,371,0.0,0.0,0.0,0.0,0.0,820,0.0
36081090700,371,0.21928040180067343,941.1514845284902,2146.0,2146.0,2786.0,820,3350.8485154715095
36081091900,371,0.2513919602996211,5772.462192399904,11481.0,11481.000000000002,15164.0,820,17189.5378076001
36081092500,371,0.2916032478572318,4455.6976272585,7640.0,7640.0,9064.0,820,10824.302372741498
36081092900,371,0.3182088155056343,8896.482063906524,13979.0,13979.0,17938.0,820,19061.517936093478
36081093900,371,0.25337800416046374,5266.715194479397,10393.0,10393.0,13072.0,820,15519.284805520601
36081094500,371,0.2937757166069982,4520.033175715276,7693.0,7693.0,10047.0,820,10865.966824284726
36081094700,371,0.2794120481300535,3336.7386787691003,5971.0,5971.0,7719.0,820,8605.2613212309
36081097300,371,0.21106007251178904,1579.9957028232534,3743.0,3743.0,4827.0,820,5906.004297176747
36081098100,371,0.20707151445060978,1779.9867382174414,4298.0,4298.0,5460.0,820,6816.013261782558
36081098700,371,0.21643073377078803,2047.8676029391968,4731.0,4731.0,5949.0,820,7414.132397060804
36081099100,371,0.2959660733742199,7506.883485063715,12682.0,12681.999999999998,15836.0,820,17857.116514936286
36081099701,371,0.22993361687599145,2108.031399519091,4584.0,4583.999999999999,5871.0,820,7059.96860048091
36081099703,371,0.22687238178349955,3031.015020627552,6680.0,6680.0,8550.0,820,10328.984979372446
36081099704,371,0.30996319428696406,7613.315978076413,12281.0,12281.0,16482.0,820,16948.68402192359
36081099705,371,0.19078650559811494,1780.0380972304106,4665.0,4664.999999999999,6126.0,820,7549.961902769588
36081099900,371,0.0,0.0,0.0,0.0,0.0,820,0.0
36081101700,371,0.2819836380421693,6524.537417019716,11569.0,11569.0,14291.0,820,16613.462582980286
36081102900,371,0.2776380501812342,3160.076287162809,5691.0,5691.000000000001,7007.0,820,8221.923712837191
36081103300,371,0.2623925494861903,4240.263599696835,8080.0,8080.0,9617.0,820,11919.736400303165
36081103900,371,0.27477204718988135,6864.355282897616,12491.0,12491.000000000002,15926.0,820,18117.644717102383
36081104700,371,0.3560634330641138,9815.95672271149,13784.0,13783.999999999998,17505.0,820,17752.04327728851
36081105900,371,0.30863730143104273,4921.530408619406,7973.0,7973.000000000002,9973.0,820,11024.469591380594
36081108500,371,0.2627140408911852,2535.71592268172,4826.0,4826.0,5925.0,820,7116.28407731828
36081109300,371,0.30960645172902546,3556.7589174630443,5744.0,5744.0,7205.0,820,7931.241082536955
36081109700,371,0.22166576897424584,1382.7510668613463,3119.0,3119.0,4145.0,820,4855.248933138654
36081109900,371,0.26808826581236245,3418.1253891076212,6375.0,6375.0,7960.0,820,9331.874610892379
36081111300,371,0.22992861022263855,2216.9716597666807,4821.0,4821.0,6428.0,820,7425.028340233319
36081112300,371,0.28366381831273324,1614.0471261994512,2845.0,2845.0,3545.0,820,4075.952873800548
36081112900,371,0.22701719040851465,1728.962922151249,3808.0,3807.9999999999995,4928.0,820,5887.037077848752
36081113300,371,0.18471103684504064,1160.7241555342353,3142.0,3142.0,4110.0,820,5123.275844465765
36081113900,371,0.2782356775992678,3601.482610844921,6472.0,6472.0,8284.0,820,9342.517389155077
36081114100,371,0.27366120524679993,2606.3493187705235,4762.0,4762.0,5971.0,820,6917.650681229477
36081114700,371,0.21319153101973176,1716.6182077708781,4026.0,4026.0,4925.0,820,6335.38179222912
36081115100,371,0.13531466689324867,544.7768489122188,2013.0,2013.0000000000002,2901.0,820,3481.223151087781
36081115500,371,0.2083761490806283,1762.0287166257938,4228.0,4228.0,6329.0,820,6693.971283374207
36081115700,371,0.22838686165575606,2705.4707631740866,5923.0,5923.0,7270.0,820,9140.529236825914
36081115900,371,0.24756258381622154,4196.185795684955,8475.0,8475.0,10948.0,820,12753.814204315046
36081116100,371,0.31789039159760213,5633.653519892705,8861.0,8861.000000000002,11957.0,820,12088.346480107295
36081116301,371,0.0,0.0,0.0,0.0,0.0,820,0.0
36081116302,371,0.0,0.0,0.0,0.0,0.0,820,0.0
36081116700,371,0.1865663632484701,1141.0398776276436,3058.0,3058.0,4105.0,820,4974.960122372357
36081117100,371,0.2664386692510361,2720.8716903915815,5106.0,5106.0,6576.0,820,7491.128309608419
36081117500,371,0.27177545537251024,5129.489944700763,9437.0,9437.000000000002,12303.0,820,13744.51005529924
36081118100,371,0.17816503977432263,993.4482617816232,2788.0,2788.0,3594.0,820,4582.551738218377
36081118500,371,0.23940849780567364,1795.0849165469403,3749.0,3749.0000000000005,5108.0,820,5702.915083453059
36081118700,371,0.18347820454883812,1462.32129025424,3985.0,3985.0,5542.0,820,6507.67870974576
36081118900,371,0.22222238016155615,1945.3347159342638,4377.0,4377.0,5695.0,820,6808.665284065737
36081119100,371,0.24903928051120405,3530.3808405268283,7088.0,7088.0,9287.0,820,10645.619159473172
36081119300,371,0.19835952756227215,1741.5966519967496,4390.0,4390.0,5645.0,820,7038.40334800325
36081119500,371,0.23919264564119536,1456.2048266635968,3044.0,3043.9999999999995,3397.0,820,4631.7951733364025
36081119900,371,0.15469887672397165,720.5873677802601,2329.0,2329.0,3224.0,820,3937.41263221974
36081120100,371,0.17539427523583895,1042.5435720018272,2972.0,2972.0,3734.0,820,4901.456427998173
36081120300,371,0.1381475730941869,683.8304868162257,2475.0,2475.0000000000005,3231.0,820,4266.169513183775
36081120500,371,0.19192991621993272,1882.4486182851008,4904.0,4904.0,5773.0,820,7925.551381714899
36081120701,371,0.0,0.0,0.0,0.0,0.0,820,0.0
36081120702,371,0.0,0.0,0.0,0.0,0.0,820,0.0
36081121100,371,0.0,0.0,0.0,0.0,0.0,820,0.0
36081121500,371,0.23722948823840928,3572.6760928704434,7530.0,7529.999999999998,9663.0,820,11487.323907129556
36081122300,371,0.27237835013067024,3785.5143101160547,6949.0,6948.999999999999,9516.0,820,10112.485689883944
36081122702,371,0.3272510795966559,8583.141315661092,13114.0,13114.000000000004,16652.0,820,17644.858684338913
36081122703,371,0.0,0.0,0.0,0.0,0.0,820,0.0
36081122704,371,0.0,0.0,0.0,0.0,0.0,820,0.0
36081124100,371,0.20725704544570211,2315.890225810276,5587.0,5587.0,7516.0,820,8858.109774189725
36081124700,371,0.2676992126648129,3149.2135377888585,5882.0,5882.0,7674.0,820,8614.786462211141
36081125700,371,0.30201311415113896,3554.090327330604,5884.0,5884.0,7994.0,820,8213.909672669397
36081126500,371,0.1624687623689237,835.7393136257435,2572.0,2572.0,3463.0,820,4308.260686374257
36081126700,371,0.24616262212692297,3770.7190457402057,7659.0,7659.0,9265.0,820,11547.280954259793
36081127700,371,0.2493268811912942,3339.484246676193,6697.0,6696.999999999999,8871.0,820,10054.515753323805
36081128300,371,0.03919000037375031,3.7622400358800396,48.0,48.0,115.0,820,92.23775996411997
36081129102,371,0.28358557151553565,3834.6440980330754,6761.0,6761.000000000001,9005.0,820,9687.355901966926
36081129103,371,0.23415208947796506,3063.6459387296945,6542.0,6542.0,8408.0,820,10020.354061270305
36081129104,371,0.30842875631051825,4359.332041692866,7067.0,7067.0,9324.0,820,9774.667958307135
36081130100,371,0.3218622352917231,4380.5450223203525,6805.0,6805.0,9134.0,820,9229.454977679648
36081133300,371,0.2602077145087097,2747.7934652119748,5280.0,5280.0,7790.0,820,7812.206534788025
36081133900,371,0.13301294832716648,498.2665044335654,1873.0,1873.0,2573.0,820,3247.733495566434
36081134100,371,0.26726762555236405,2817.0007733219186,5270.0,5270.0,7433.0,820,7722.999226678083
36081134701,371,0.0,0.0,0.0,0.0,0.0,820,0.0
36081134702,371,0.0,0.0,0.0,0.0,0.0,820,0.0
36081136700,371,0.3520059567589958,7826.500442579511,11117.0,11117.0,14076.0,820,14407.499557420488
36081137700,371,0.29990173634582373,7099.87370625103,11837.0,11837.000000000002,15380.0,820,16574.12629374897
36081138501,371,0.3488350374898104,6696.237379654401,9598.0,9598.000000000002,12124.0,820,12499.7626203456
36081138502,371,0.07422569938939083,6.234958748708833,42.0,42.0,52.0,820,77.76504125129117
36081139900,371,0.16881778952315973,1071.6553278930185,3174.0,3174.0,4234.0,820,5276.344672106982
36081140300,371,0.19606619205888876,1421.479892426944,3625.0,3625.0,4689.0,820,5828.5201075730565
36081140901,371,0.15225897340902472,480.8338380257001,1579.0,1579.0,2149.0,820,2677.1661619743
36081140902,371,0.23422419858470755,2559.133593736513,5463.0,5463.0,7259.0,820,8366.866406263485
36081141700,371,0.3133885727879502,5419.741977794811,8647.0,8647.0,11678.0,820,11874.25802220519
36081142900,371,0.27750995468337114,3701.9827954761713,6670.0,6670.0,8967.0,820,9638.017204523829
36081143500,371,0.20831136224555535,1712.3193976584655,4110.0,4110.0,5295.0,820,6507.680602341535
36081144100,371,0.22086340260711979,2449.8168617181736,5546.0,5546.0,7329.0,820,8642.183138281827
36081144700,371,0.29201863722272425,3117.590970989804,5338.0,5338.000000000001,6730.0,820,7558.409029010196
36081145101,371,0.22124999848737548,1487.684989829113,3362.0,3362.0,4122.0,820,5236.315010170887
36081145102,371,0.2255594352376008,2187.9265218047276,4850.0,4850.0,6110.0,820,7512.073478195272
36081145900,371,0.2313711678122924,2657.0664911563645,5742.0,5741.999999999999,7968.0,820,8826.933508843635
36081146300,371,0.24626880953835417,3362.0617878176117,6826.0,6826.0,8338.0,820,10289.93821218239
36081146700,371,0.2356505059930165,2513.448296921514,5333.0,5333.0,6941.0,820,8152.551703078486
36081147100,371,0.22104571326750533,2621.6021593526134,5930.0,5930.0,8248.0,820,9238.397840647387
36081147900,371,0.2656906989308685,4534.808849352064,8534.0,8534.0,11155.0,820,12533.191150647937
36081148300,371,0.23219579206113783,2480.7798423811964,5342.0,5342.000000000001,7084.0,820,8203.220157618804
36081150701,371,0.25832172473436676,2711.861466261384,5249.0,5249.0,7125.0,820,7786.138533738617
36081150702,371,0.25766997478530684,3115.229995154359,6045.0,6045.0,7735.0,820,8974.77000484564
36081152901,371,0.2955268682351304,6716.734661248047,11364.0,11364.0,15662.0,820,16011.265338751955
36081152902,371,0.2664987983949314,5083.731078181714,9538.0,9538.0,12793.0,820,13992.268921818288
36081155101,371,0.08862601328437147,367.44345107700457,2073.0,2073.0,3793.0,820,3778.5565489229957
36081155103,371,0.0,0.0,0.0,0.0,0.0,820,0.0
36081155104,371,0.0,0.0,0.0,0.0,0.0,820,0.0
36081156700,371,0.3445167929272567,1807.335095696389,2623.0,2623.0000000000005,3451.0,820,3438.6649043036114
36081157101,371,0.4134439062954972,11008.357449023906,13313.0,13313.000000000002,18772.0,820,15617.642550976092
36081157102,371,0.23724999387190027,1830.1464527278386,3857.0,3857.0,5628.0,820,5883.853547272161
36081157901,371,0.25925655575301687,3435.667876838979,6626.0,6626.0,10721.0,820,9816.33212316102
36081157902,371,0.3864912768773152,4590.743386748751,5939.0,5939.0,8603.0,820,7287.25661325125
36081157903,371,0.30247719187371225,4234.680686231972,7000.0,6999.999999999999,9738.0,820,9765.319313768028
36081161700,371,0.3036000895302552,4150.213223878589,6835.0,6835.0,9828.0,820,9519.786776121411
36081162100,371,0.38744743244101254,9634.267855078218,12433.0,12433.0,17330.0,820,15231.732144921783
36035970602,303,0.0,0.0,0.0,0.0,0.0,2,0.0
36035971300,303,0.9998586712808406,10428.525941459167,5215.0,5215.0,9562.0,2,1.4740585408324707
36075020303,151,0.0,0.0,0.0,0.0,0.0,1,0.0
36111953000,321,0.8289512019010343,2894.697597038412,1746.0,1746.0,3238.0,4,597.3024029615881
36111954200,321,0.9910267276419633,9864.680046948104,4977.0,4977.0,10645.0,4,89.31995305189686
36111954500,321,0.8293604906017421,7595.283372930754,4579.0,4579.0,8867.0,4,1562.7166270692458
36111955002,321,0.0,0.0,0.0,0.0,0.0,4,0.0
36029000500,22,0.5767341983951052,2143.144281236211,1858.0,1858.0000000000002,3248.0,38,1572.8557187637891
36029005000,22,0.5020836251243208,2856.8558269573846,2845.0,2844.9999999999995,4511.0,38,2833.1441730426145
36029005400,22,0.6515089136147072,5965.21561305626,4578.0,4578.000000000001,7566.0,38,3190.78438694374
36029005500,22,0.5306093189153454,5084.29849384684,4791.0,4791.000000000001,6394.0,38,4497.701506153161
36029005600,22,0.5246219881203527,5011.189230525608,4776.0,4775.999999999999,7143.0,38,4540.810769474392
36029005700,22,0.601376286654962,4219.256027171214,3508.0,3507.9999999999995,5004.0,38,2796.7439728287864
36029005801,22,0.6969306911859113,7250.866911098223,5202.0,5202.0,7877.0,38,3153.1330889017786
36029005802,22,0.629058669520371,9107.511417315933,7239.0,7238.999999999997,9632.0,38,5370.488582684066
36029005900,22,0.5818348924109846,6516.550795003028,5600.0,5600.000000000001,7930.0,38,4683.449204996973
36029006100,22,0.7331838965942132,8644.238140845771,5895.0,5894.999999999999,8708.0,38,3145.761859154227
36029006301,22,0.624040075322778,6941.821797890583,5562.0,5562.000000000001,8395.0,38,4182.178202109417
36029006302,22,0.5504207223048072,2915.0281453262583,2648.0,2648.0,4661.0,38,2380.9718546737413
36029006501,22,0.6916719856339621,4483.417810879344,3241.0,3241.0000000000005,5305.0,38,1998.582189120657
36029006601,22,0.5707441232570785,2887.965263680817,2530.0,2530.0,4270.0,38,2172.034736319183
36029006602,22,0.5957975419575177,3172.026113381824,2662.0,2662.0,4385.0,38,2151.9738866181756
36029006701,22,0.6414879687838634,4276.1587999132325,3333.0,3332.9999999999986,4891.0,38,2389.841200086766
36029006702,22,0.6477483476926383,4223.319226956001,3260.0,3260.0,4931.0,38,2296.680773043998
36029006801,22,0.0,0.0,0.0,0.0,0.0,38,0.0
36029006802,22,0.0,0.0,0.0,0.0,0.0,38,0.0
36029006901,22,0.6611926324398368,5903.127822422863,4464.0,4464.0,6341.0,38,3024.872177577137
36029006903,22,0.0,0.0,0.0,0.0,0.0,38,0.0
36029006904,22,0.0,0.0,0.0,0.0,0.0,38,0.0
36029007000,22,0.6642619839821322,5861.447746658335,4412.0,4412.000000000001,6093.0,38,2962.552253341666
36029007102,22,0.6716056537001757,4002.7696960530466,2980.0,2979.9999999999995,4467.0,38,1957.2303039469532
36029007103,22,0.0,0.0,0.0,0.0,0.0,38,0.0
36029007104,22,0.0,0.0,0.0,0.0,0.0,38,0.0
36029007202,22,0.6715012699082765,3724.1460429113013,2773.0,2773.0,4274.0,38,1821.8539570886983
36029007306,22,0.0,0.0,0.0,0.0,0.0,38,0.0
36029008101,22,0.6476770368304214,8321.354569197254,6424.0,6424.000000000001,11353.0,38,4526.645430802745
36029008201,22,0.6061452856995482,3381.078403632079,2789.0,2788.9999999999995,4793.0,38,2196.9215963679203
36029008202,22,0.6164805209620028,5159.941960451963,4185.0,4184.999999999999,7033.0,38,3210.058039548036
36029008400,22,0.6144584760102201,3048.9429579627117,2481.0,2481.0,4240.0,38,1913.0570420372883
36029008700,22,0.5391004485978461,5816.893840370761,5395.0,5395.0,9035.0,38,4973.10615962924
36029008800,22,0.5879065750609564,5471.058587517261,4653.0,4653.0,7272.0,38,3834.9414124827385
36029016500,22,0.6699992156454422,1546.3581897096808,1154.0,1154.0,1767.0,38,761.6418102903193
36029016900,22,0.7757831447791509,6304.01383447538,4063.0,4062.999999999999,7013.0,38,1821.98616552462
36029017100,22,0.6610758722319674,11612.458771626738,8783.0,8782.999999999998,12369.0,38,5953.541228373262
36029980000,22,0.0,0.0,0.0,0.0,0.0,38,0.0
36115082001,438,1.0,10880.0,5440.0,5440.0,8053.0,1,0.0
36009962200,38,1.0,4848.0,2424.0,2424.0,5166.0,1,0.0
36033951100,311,1.0,7476.0,3738.0,3738.0,6482.0,1,0.0
36077590102,253,0.0,0.0,0.0,0.0,0.0,2,0.0
36077590202,253,0.999967308115243,6947.772856784709,3474.0,3474.0000000000005,4955.0,2,0.22714321529136805
36101962200,97,0.9807903297304577,5612.082266717678,2861.0,2860.9999999999995,5277.0,4,109.91773328232127
36101962301,97,0.0,0.0,0.0,0.0,0.0,4,0.0
36101962400,97,0.989781577394808,5598.204601745034,2828.0,2828.0,5990.0,4,57.795398254966315
36101963000,97,0.9870371726723094,6026.848976337121,3053.0,3053.0,6944.0,4,79.15102366287884
36089490100,267,0.8749295206433678,6453.480144265481,3688.0,3687.9999999999995,6145.0,2,922.5198557345186
36089490200,267,0.962635817878034,6160.869234419418,3200.0,3200.0,5520.0,2,239.1307655805823
36117020800,114,0.8463427493222538,5028.968616472833,2971.0,2971.0,5006.0,3,913.0313835271676
36117020900,114,0.9744276308210262,9976.190084345668,5119.0,5119.000000000001,9821.0,3,261.8099156543328
36117021501,114,0.9586369025742862,4087.6277525767564,2132.0,2132.0,3517.0,3,176.3722474232436
36023970100,160,0.9699011751394981,5235.526543403012,2699.0,2699.0000000000005,6463.0,3,162.47345659698902
36067016901,160,0.9946617282202177,5257.78189537207,2643.0,2642.999999999999,4946.0,3,28.218104627929407
36067016902,160,0.9307262465939048,4521.4681059531895,2429.0,2429.0,4510.0,3,336.5318940468104
36057072200,302,0.94151987975741,7660.205741706289,4068.0,4068.0000000000005,7016.0,3,475.7942582937118
36057072300,302,0.9889265853305726,6236.17104709459,3153.0,3152.999999999999,6129.0,3,69.82895290540912
36057072700,302,0.8495564834104166,7144.770025481604,4205.0,4205.0,7500.0,3,1265.2299745183964
36123150101,110,0.0,0.0,0.0,0.0,0.0,4,0.0
36123150102,110,0.0,0.0,0.0,0.0,0.0,4,0.0
36123150501,110,0.0,0.0,0.0,0.0,0.0,4,0.0
36123150502,110,0.0,0.0,0.0,0.0,0.0,4,0.0
36007011903,158,0.9231234036194373,4591.615809603081,2487.0,2487.0,5611.0,3,382.3841903969189
36023971100,158,0.9729615175510203,9208.107802102857,4732.0,4732.0,7943.0,3,255.8921978971431
36023971200,158,0.9193864671260943,7099.5022991477,3861.0,3861.0,8432.0,3,622.4977008523001
36013036901,10,0.997369028427851,4779.392384226262,2396.0,2396.0,5535.0,2,12.607615773737983
36013037400,10,0.9792627954676763,7360.139170735055,3758.0,3758.0,7752.0,2,155.86082926494504
36019103512,396,0.0,0.0,0.0,0.0,0.0,1,0.0
36103169905,463,0.0,0.0,0.0,0.0,0.0,13,0.0
36103170003,463,0.0,0.0,0.0,0.0,0.0,13,0.0
36103170004,463,0.0,0.0,0.0,0.0,0.0,13,0.0
36103190403,463,0.7264461345648501,6112.317776228649,4207.0,4207.0,6439.0,13,2301.682223771352
36103190603,463,0.7449193569244503,9357.676961684947,6281.0,6281.000000000001,9906.0,13,3204.323038315054
36103190604,463,0.74732031016091,7465.72989850749,4995.0,4995.0,7947.0,13,2524.270101492509
36103190606,463,0.0,0.0,0.0,0.0,0.0,13,0.0
36103190706,463,0.9607167768534539,7384.0691468956475,3843.0,3843.0000000000005,7543.0,13,301.93085310435333
36103190709,463,0.0,0.0,0.0,0.0,0.0,13,0.0
36103190710,463,0.0,0.0,0.0,0.0,0.0,13,0.0
36103190713,463,0.0,0.0,0.0,0.0,0.0,13,0.0
36103190801,463,0.0,0.0,0.0,0.0,0.0,13,0.0
36103190802,463,0.0,0.0,0.0,0.0,0.0,13,0.0
36119012400,402,0.8705556792962483,10296.932574716026,5914.0,5914.0,8589.0,8,1531.0674252839744
36119012501,402,0.8092098799367857,6426.744866457952,3971.0,3971.0000000000005,5803.0,8,1515.255133542048
36119012502,402,0.8932419049034285,11946.217236178452,6687.0,6686.999999999999,10611.0,8,1427.7827638215474
36119012503,402,0.8753484142440137,7069.313793434654,4038.0,4038.0,5773.0,8,1006.6862065653459
36119012600,402,0.9220629031166107,8857.336247338162,4803.0,4803.000000000001,7663.0,8,748.6637526618379
36119012700,402,0.9399528178970814,8448.295927258967,4494.0,4493.999999999998,7975.0,8,539.7040727410322
36119012804,402,0.0,0.0,0.0,0.0,0.0,8,0.0
36119983000,402,0.7886091914753988,1198.6859710426063,760.0,760.0000000000001,1900.0,8,321.3140289573938
36007012501,187,0.0,0.0,0.0,0.0,0.0,2,0.0
36007012502,187,0.0,0.0,0.0,0.0,0.0,2,0.0
36019101901,422,0.0,0.0,0.0,0.0,0.0,3,0.0
36019102800,422,0.0,0.0,0.0,0.0,0.0,3,0.0
36031960100,422,0.9996167699946318,4652.216447555016,2327.0,2327.0,4832.0,3,1.7835524449836948
36029013802,41,0.0,0.0,0.0,0.0,0.0,6,0.0
36029013900,41,0.7919323247368601,4015.096886415881,2535.0,2535.0,4715.0,6,1054.903113584119
36029014000,41,0.9903103613930825,6120.11803340925,3090.0,3090.0000000000005,6012.0,6,59.881966590750544
36029014101,41,0.9811700721074548,11925.141056394006,6077.0,6077.000000000001,11830.0,6,228.85894360599536
36029015001,41,0.8954415871116692,9916.120135674626,5537.0,5537.0,10277.0,6,1157.8798643253747
36029015002,41,0.8826768595145301,5917.46566618541,3352.0,3351.9999999999995,6479.0,6,786.5343338145904
36095740700,326,1.0,10698.0,5349.0,5349.0,9432.0,1,0.0
36027010000,405,0.9349112257886245,8535.739491450142,4565.0,4564.999999999999,6597.0,5,594.260508549858
36027040001,405,0.9473117171612119,9262.81397040233,4889.0,4889.000000000001,7760.0,5,515.1860295976704
36027180001,405,0.9325436618346912,9025.157559236142,4839.0,4839.000000000002,10135.0,5,652.8424407638593
36027200001,405,0.9474579868070291,5483.886827639084,2894.0,2893.9999999999995,5574.0,5,304.1131723609156
36027200002,405,0.9581058681885575,2709.523395237241,1414.0,1414.0000000000002,2665.0,5,118.47660476275952
36003950402,59,0.0,0.0,0.0,0.0,0.0,3,0.0
36003951301,59,0.0,0.0,0.0,0.0,0.0,3,0.0
36003951302,59,0.0,0.0,0.0,0.0,0.0,3,0.0
36083051800,412,0.9160375389657824,10398.85814233956,5676.0,5676.0,11595.0,7,953.1418576604381
36083051901,412,0.9500307013769708,9063.292891136301,4770.0,4770.0,8018.0,7,476.7071088636993
36091062002,412,0.0,0.0,0.0,0.0,0.0,7,0.0
36091062100,412,0.9389316904521129,3639.2992321923894,1938.0,1937.9999999999998,3725.0,7,236.7007678076105
36091062200,412,0.9505061022890028,6539.481983748339,3440.0,3440.0,6568.0,7,340.5180162516609
36091062300,412,0.8647393540381834,3905.162922836436,2258.0,2258.0,4618.0,7,610.8370771635639
36091062404,412,0.8343116913067447,2659.785671885902,1594.0,1594.0000000000002,4123.0,7,528.2143281140982
36075021504,138,0.0,0.0,0.0,0.0,0.0,1,0.0
36029015201,30,0.9143908816721074,6060.5827637227285,3314.0,3314.000000000001,6815.0,5,567.4172362772724
36029015202,30,0.9821478909234278,9171.29700544297,4669.0,4669.0,10190.0,5,166.70299455703073
36029015302,30,0.965139647574656,5265.801917167323,2728.0,2728.0,6000.0,5,190.19808283267704
36029015800,30,0.7175373241187482,7735.052354000106,5390.0,5390.0,8449.0,5,3044.947645999894
36029015900,30,0.970252959118298,9588.039742007022,4941.0,4941.000000000001,8037.0,5,293.96025799297905
36039080404,323,0.0,0.0,0.0,0.0,0.0,3,0.0
36111950600,323,0.9891577434357454,4433.4050060790105,2241.0,2241.0,5358.0,3,48.59499392098951
36111955300,323,0.9370804194759839,3877.638775791621,2069.0,2068.9999999999995,4133.0,3,260.361224208379
36063024002,44,0.9895386597952376,3447.5526907266076,1742.0,1741.9999999999998,3885.0,2,36.44730927339215
36063024101,44,0.9464991350653601,7132.817481852554,3768.0,3768.0,8502.0,2,403.1825181474461
36073401200,55,1.0,6302.0,3151.0,3151.0,6279.0,1,0.0
36113074000,360,1.0,3126.0,1563.0,1563.0,2615.0,1,0.0
36053030601,192,0.0,0.0,0.0,0.0,0.0,4,0.0
36053030701,192,0.0,0.0,0.0,0.0,0.0,4,0.0
36053031000,192,0.999817946617948,9066.349139931552,4534.0,4534.0,9092.0,4,1.6508600684476362
36065025602,192,0.0,0.0,0.0,0.0,0.0,4,0.0
36017970300,190,0.8152678791156655,7940.709142586581,4870.0,4870.0,6059.0,3,1799.2908574134185
36017970400,190,0.8572913516270505,7797.922134399652,4548.0,4548.0,5317.0,3,1298.0778656003488
36017970601,190,0.759795291239933,7313.789473475595,4813.0,4813.000000000001,7315.0,3,2312.2105265244054
36069051501,111,0.0,0.0,0.0,0.0,0.0,1,0.0
36117020104,104,0.0,0.0,0.0,0.0,0.0,6,0.0
36117020106,104,0.0,0.0,0.0,0.0,0.0,6,0.0
36117020201,104,0.9776038566254995,7987.023508630331,4085.0,4084.9999999999995,9207.0,6,182.97649136966902
36117020401,104,0.8409077447671047,4613.2198877923365,2743.0,2743.0000000000005,4699.0,6,872.7801122076637
36117020402,104,0.9420064075936078,8521.389963091775,4523.0,4523.0,8016.0,6,524.6100369082244
36117020500,104,0.9452915507885569,9498.289502323418,5024.0,5024.0,8329.0,6,549.7104976765811
