origin,tile,cpc,cpc_numerator,observed_mass,predicted_mass,full_domain_observed_mass,destination_count,l1_error
36031961300,390,1.0,1912.0,956.0,956.0,1275.0,1,0.0
36055011203,94,0.8031674892876424,3098.6201736717244,1929.0,1929.0000000000002,4016.0,18,759.3798263282756
36055011205,94,0.9497692329070265,9533.783559920732,5019.0,5019.0,9098.0,18,504.2164400792678
36055011207,94,0.9058078989871984,9228.370874881577,5094.0,5094.0,10506.0,18,959.6291251184226
36055011209,94,0.0,0.0,0.0,0.0,0.0,18,0.0
36055011210,94,0.0,0.0,0.0,0.0,0.0,18,0.0
36055011302,94,0.8329551762304349,11671.367929340853,7006.0,7005.999999999999,13886.0,18,2340.632070659146
36055011303,94,0.0,0.0,0.0,0.0,0.0,18,0.0
36055011304,94,0.0,0.0,0.0,0.0,0.0,18,0.0
36055011401,94,0.0,0.0,0.0,0.0,0.0,18,0.0
36055011402,94,0.0,0.0,0.0,0.0,0.0,18,0.0
36055011403,94,0.0,0.0,0.0,0.0,0.0,18,0.0
36055011503,94,0.9504315180258813,11211.290186633296,5898.0,5897.999999999999,12636.0,18,584.709813366704
36055011504,94,0.9773173190556407,11669.16878952435,5970.0,5970.0,13011.0,18,270.83121047565015
36055011506,94,0.0,0.0,0.0,0.0,0.0,18,0.0
36055011507,94,0.0,0.0,0.0,0.0,0.0,18,0.0
36117020103,94,0.0,0.0,0.0,0.0,0.0,18,0.0
36117020105,94,0.0,0.0,0.0,0.0,0.0,18,0.0
36117020202,94,0.9676360887965576,8803.553135871081,4549.0,4549.000000000001,10869.0,18,294.4468641289185
36039080403,352,0.0,0.0,0.0,0.0,0.0,4,0.0
36039080501,352,0.8690556173977027,4824.996787792045,2776.0,2776.0,5246.0,4,727.0032122079547
36039080502,352,0.9700690194446044,7552.95738539569,3893.0,3893.0,6528.0,4,233.04261460431016
36039081101,352,0.909831826370459,7846.389670618838,4312.0,4312.0,8602.0,4,777.610329381162
36097950100,119,0.9720273139583768,9428.664945396256,4850.0,4850.000000000001,9530.0,2,271.3350546037446
36109001700,119,0.9899575208985414,8198.828188081721,4141.0,4141.000000000001,8586.0,2,83.17181191827981
36049950301,216,0.0,0.0,0.0,0.0,0.0,1,0.0
36069051302,101,0.0,0.0,0.0,0.0,0.0,3,0.0
36123150200,101,0.9998859132533884,10744.774023820912,5373.0,5373.0,10368.0,3,1.2259761790879367
36123150301,101,0.0,0.0,0.0,0.0,0.0,3,0.0
36095740500,300,0.9787558905957809,6864.993816638807,3507.0,3507.0,6559.0,2,149.0061833611925
36095740600,300,0.9937722619392608,4310.984072292513,2169.0,2168.9999999999995,4601.0,2,27.015927707486576
36041950400,331,1.0,2770.0,1385.0,1385.0,2526.0,1,0.0
36029007303,23,0.719407462745214,16828.37936853605,11696.0,11695.999999999998,16963.0,39,6563.620631463952
36029007304,23,0.7333773427313994,9689.38145216725,6606.0,6606.000000000001,10230.0,39,3522.6185478327507
36029007305,23,0.0,0.0,0.0,0.0,0.0,39,0.0
36029007700,23,0.5530223555189275,5416.300949952376,4897.0,4897.0,7942.0,39,4377.699050047624
36029007800,23,0.8037643076449784,10976.205385199823,6828.0,6828.0,11518.0,39,2679.7946148001747
36029008300,23,0.45491444277432824,2156.294458750316,2370.0,2370.0000000000005,5191.0,39,2583.7055412496843
36029017200,23,0.6001383643866167,3354.773456921187,2795.0,2794.9999999999995,4497.0,39,2235.2265430788125
36063020100,23,0.6391561696045409,8461.149373224911,6619.0,6619.0,8180.0,39,4776.850626775088
36063020200,23,0.6902612407281563,5330.197300902824,3861.0,3861.000000000001,4485.0,39,2391.802699097177
36063020300,23,0.5812363593284231,3218.8869579608063,2769.0,2769.0,3490.0,39,2319.1130420391933
36063020400,23,0.5857754993789117,3029.6308827877315,2586.0,2586.0,3207.0,39,2142.3691172122685
36063020500,23,0.7062908210083111,4305.548844866664,3048.0,3048.0000000000005,3336.0,39,1790.4511551333355
36063020600,23,0.6044645608110215,2890.5495297983043,2391.0,2391.0000000000005,2673.0,39,1891.4504702016952
36063020700,23,0.6710186506950451,6392.123666521,4763.0,4763.0,5408.0,39,3133.8763334790006
36063020900,23,0.6551066736043099,5981.123930007347,4565.0,4565.000000000001,5447.0,39,3148.8760699926515
36063021000,23,0.6200294455822319,5176.0058117204735,4174.0,4174.000000000001,4947.0,39,3171.9941882795274
36063021100,23,0.8239661435110252,2550.999180310134,1548.0,1548.0,2005.0,39,545.0008196898663
36063021200,23,0.7354806090458934,4702.663014239442,3197.0,3197.000000000001,3797.0,39,1691.3369857605574
36063021300,23,0.6843328953024584,4457.744480000216,3257.0,3257.0000000000005,3792.0,39,2056.2555199997855
36063021400,23,0.729889876583405,5164.700766704173,3538.0,3537.999999999999,4088.0,39,1911.2992332958263
36063021700,23,0.7819332891791351,7334.534252500285,4690.0,4689.999999999999,5678.0,39,2045.4657474997136
36063022000,23,0.7137091593396359,7084.277115605225,4963.0,4963.000000000001,5989.0,39,2841.722884394774
36063022100,23,0.692937603467455,5349.478298768753,3860.0,3860.0,5180.0,39,2370.521701231247
36063022200,23,0.6461525397458154,8266.87559350796,6397.0,6396.999999999999,7951.0,39,4527.124406492038
36063022300,23,0.6820142486537648,6364.556968436935,4666.0,4665.999999999999,5707.0,39,2967.443031563066
36063022401,23,0.5219184081607324,3177.4392688825383,3044.0,3044.0,3827.0,39,2910.560731117461
36063022500,23,0.6411519887905636,5990.924183259025,4672.0,4672.0,6267.0,39,3353.075816740974
36063022601,23,0.6624272543579646,3953.365854008333,2984.0,2984.0,3965.0,39,2014.634145991667
36063022602,23,0.6686782276941479,10795.141307894322,8072.0,8072.0,10969.0,39,5348.858692105678
36063022713,23,0.0,0.0,0.0,0.0,0.0,39,0.0
36063022714,23,0.0,0.0,0.0,0.0,0.0,39,0.0
36063022715,23,0.0,0.0,0.0,0.0,0.0,39,0.0
36063022901,23,0.5937588277970567,2893.980526682855,2437.0,2437.0000000000005,3969.0,39,1980.0194733171454
36063022902,23,0.6744241649448707,5702.930738773827,4228.0,4228.0,6376.0,39,2753.0692612261737
36063023001,23,0.5865622808408499,3825.559195644024,3261.0,3261.0000000000005,4859.0,39,2696.4408043559765
36063023100,23,0.555594624780477,3166.8893612487195,2850.0,2850.0,4771.0,39,2533.110638751281
36063023200,23,0.579360358017653,3507.4476074388713,3027.0,3027.0,4829.0,39,2546.5523925611287
36063024406,23,0.622952830984156,5145.590383929128,4130.0,4129.999999999999,5572.0,39,3114.4096160708714
36063024600,23,0.6394090995862414,7276.475553291426,5690.0,5690.0,9897.0,39,4103.524446708574
36075020101,165,0.0,0.0,0.0,0.0,0.0,6,0.0
36075020201,165,0.0,0.0,0.0,0.0,0.0,6,0.0
36075020202,165,0.0,0.0,0.0,0.0,0.0,6,0.0
36075020301,165,0.9994388450337692,3681.9327051044056,1842.0,1841.9999999999998,3475.0,6,2.0672948955941517
36075020304,165,0.0,0.0,0.0,0.0,0.0,6,0.0
36075020501,165,0.0,0.0,0.0,0.0,0.0,6,0.0
36007012900,156,0.7280440526474186,3092.7311356462346,2124.0,2124.000000000001,2982.0,23,1155.268864353766
36007013000,156,0.8477666457597327,13057.301877991405,7701.0,7701.000000000001,9255.0,23,2344.698122008597
36007013100,156,0.790749362875834,6335.48389536118,4006.0,4005.9999999999995,4618.0,23,1676.5161046388187
36007013201,156,0.6816787450452304,4953.077761498645,3633.0,3633.0000000000005,4418.0,23,2312.9222385013554
36007013202,156,0.7440004049251044,8765.81277082758,5891.0,5890.999999999998,7039.0,23,3016.187229172419
36007013301,156,0.8354106520620757,11719.140627126799,7014.0,7014.000000000002,8816.0,23,2308.859372873203
36007013303,156,0.7597361079208729,4414.066787020272,2905.0,2905.0000000000005,3774.0,23,1395.9332129797283
36007013304,156,0.787777648812921,15350.635264768578,9743.0,9743.000000000004,11868.0,23,4135.364735231423
36007013400,156,0.8089792859338044,10280.508765646786,6354.0,6354.000000000001,7884.0,23,2427.4912343532137
36007013500,156,0.6924258769076146,3100.683076792299,2239.0,2239.0,2943.0,23,1377.3169232077016
36007013600,156,0.8583422776510359,9149.928679760043,5330.0,5330.000000000001,6516.0,23,1510.071320239958
36007013700,156,0.7882971929734803,7975.990998505675,5059.0,5059.000000000001,6408.0,23,2142.0090014943266
36007013800,156,0.6933936869178001,5875.818102941438,4237.0,4237.000000000001,5946.0,23,2598.1818970585623
36007013900,156,0.8013497939905551,5000.422714501064,3120.0,3120.0,4080.0,23,1239.5772854989366
36007014000,156,0.6667251812014603,5388.472914470201,4041.0,4040.999999999999,5230.0,23,2693.5270855297977
36007014100,156,0.7251111513660061,7633.970201581311,5264.0,5263.999999999999,7123.0,23,2894.0297984186877
36007014200,156,0.7189147218005539,5187.688632512797,3608.0,3607.9999999999995,4739.0,23,2028.3113674872027
36007014301,156,0.7311353277863226,9751.88300201397,6669.0,6669.0,9050.0,23,3586.1169979860297
36007014302,156,0.8794175796560303,20117.55655221135,11438.0,11437.999999999998,14228.0,23,2758.4434477886502
36007014400,156,0.7645604110528194,11925.613291601878,7799.0,7799.0,9855.0,23,3672.3867083981236
36007014500,156,0.7129493476890201,8357.192253610696,5861.0,5861.000000000001,7164.0,23,3364.807746389306
36007014600,156,0.7669572177902481,14653.484603100482,9553.0,9553.000000000002,11313.0,23,4452.51539689952
36107020402,156,0.7492426773219293,8409.499810261335,5612.0,5612.0,7208.0,23,2814.5001897386655
36089491300,221,0.9525777794187824,7475.830412878605,3924.0,3924.0000000000005,6707.0,2,372.1695871213956
36089491700,221,0.9872843243990874,7892.350889246305,3997.0,3997.0000000000005,6740.0,2,101.64911075369551
36113073000,388,0.9997821730554366,8528.141936162874,4265.0,4265.0,7000.0,2,1.8580638371262492
36113075001,388,0.0,0.0,0.0,0.0,0.0,2,0.0
36025970101,275,0.0,0.0,0.0,0.0,0.0,1,0.0
36031961400,362,1.0,1414.0,707.0,707.0,1026.0,1,0.0
36049950601,214,0.0,0.0,0.0,0.0,0.0,1,0.0
36021001400,379,0.9062161101669646,7053.986201539653,3892.0,3892.000000000001,7634.0,7,730.0137984603479
36021001800,379,0.875787857091443,3045.9901669640385,1739.0,1739.0,3216.0,7,432.0098330359614
36021001900,379,0.9442097465422098,3967.569354970365,2101.0,2101.0,3354.0,7,234.4306450296346
36021002000,379,0.9177802569796335,3511.427263204078,1913.0,1913.0000000000002,2754.0,7,314.5727367959221
36027150003,379,0.9050653350807174,6228.659636025496,3441.0,3440.999999999999,5201.0,7,653.3403639745027
36027150004,379,0.9063488191583831,7645.95863842012,4218.0,4218.000000000001,7752.0,7,790.0413615798801
36027150005,379,0.918202411177829,4003.3625127353343,2180.0,2180.0,4631.0,7,356.6374872646655
36003951202,47,0.0,0.0,0.0,0.0,0.0,3,0.0
36009961000,47,0.9250050789305784,7072.588833503202,3823.0,3823.0,7761.0,3,573.4111664967977
36009961200,47,0.9953774032117716,8613.996047394672,4327.0,4327.0,7911.0,3,40.003952605328315
36019100800,445,0.9625905189389558,9681.735439488017,5029.0,5029.0,8171.0,8,376.2645605119834
36019100901,445,0.0,0.0,0.0,0.0,0.0,8,0.0
36019100902,445,0.0,0.0,0.0,0.0,0.0,8,0.0
36019102100,445,0.9607099023058024,4653.678766769307,2422.0,2421.9999999999995,3528.0,8,190.32123323069297
36019102200,445,0.8639259302593936,3630.2167589499713,2101.0,2101.0,4988.0,8,571.7832410500284
36019103000,445,0.0,0.0,0.0,0.0,0.0,8,0.0
36019103100,445,0.0,0.0,0.0,0.0,0.0,8,0.0
36019103200,445,0.0,0.0,0.0,0.0,0.0,8,0.0
36041950100,284,1.0,1082.0,541.0,541.0,902.0,1,0.0
36101961100,88,0.9861410739124428,8806.239790038115,4465.0,4465.000000000001,7091.0,2,123.760209961886
36101961800,88,0.943467123368022,5900.44338954361,3127.0,3127.0,5572.0,2,353.5566104563907
36121970800,50,0.9868891757731206,4896.9440901862245,2481.0,2480.9999999999995,4402.0,3,65.05590981377529
36121970900,50,0.8969245450400508,3264.805343945785,1820.0,1820.0,3340.0,3,375.1946560542152
36121971000,50,0.9580597318249968,7329.1569484612255,3825.0,3825.0,6801.0,3,320.8430515387747
36019100101,447,0.0,0.0,0.0,0.0,0.0,2,0.0
36019100102,447,0.0,0.0,0.0,0.0,0.0,2,0.0
36101960800,78,0.8456341843217193,5946.4995841503305,3516.0,3516.0000000000005,5932.0,3,1085.50041584967
36101960900,78,0.9956561358407857,4432.661116763178,2226.0,2226.0,3807.0,3,19.338883236821786
36101961900,78,0.8917021843964297,8305.314145468346,4657.0,4657.0,7171.0,3,1008.685854531654
36103158116,456,0.711052291274112,2589.652444820316,1821.0,1821.0,4255.0,38,1052.3475551796842
36103158304,456,0.7960551856214513,13910.268313549239,8737.0,8736.999999999998,17669.0,38,3563.7316864507593
36103158306,456,0.7448945637039697,9245.63132469367,6206.0,6205.999999999998,13543.0,38,3166.368675306329
36103158309,456,0.8428394600296693,11267.07790167662,6684.0,6684.000000000001,12166.0,38,2100.9220983233813
36103158310,456,0.7770369810227968,9030.723793446945,5811.0,5810.999999999999,9738.0,38,2591.2762065530555
36103158315,456,0.7146689420787122,9222.088028583703,6452.0,6451.999999999998,12250.0,38,3681.911971416296
36103158317,456,0.8489828537766748,14723.060650195092,8671.0,8671.0,15891.0,38,2618.939349804905
36103158318,456,0.76324788754922,8968.162678703336,5875.0,5875.000000000001,9396.0,38,2781.8373212966644
36103158320,456,0.7183405462424537,9665.990390238456,6728.0,6728.000000000002,15525.0,38,3790.0096097615447
36103158322,456,0.6938900628122078,2933.7671855700146,2114.0,2114.0,4829.0,38,1294.2328144299859
36103158324,456,0.0,0.0,0.0,0.0,0.0,38,0.0
36103158325,456,0.0,0.0,0.0,0.0,0.0,38,0.0
36103158328,456,0.0,0.0,0.0,0.0,0.0,38,0.0
36103158329,456,0.0,0.0,0.0,0.0,0.0,38,0.0
36103158401,456,0.7145957901767783,1776.4851343794708,1243.0,1243.0,2237.0,38,709.5148656205289
36103158402,456,0.8466116671457748,10304.95721249837,6086.0,6086.000000000001,10812.0,38,1867.0427875016285
36103158403,456,0.7251097652877951,4642.152717372465,3201.0,3201.0000000000005,5721.0,38,1759.8472826275352
36103158407,456,0.8108297695585625,15190.084902910106,9367.0,9366.999999999998,14439.0,38,3543.9150970898913
36103158408,456,0.7125441346420414,9670.648995361786,6786.0,6786.0,10547.0,38,3901.351004638215
36103158409,456,0.7874275711274644,8387.678487649751,5326.0,5325.999999999997,8433.0,38,2264.321512350248
36103158410,456,0.6965613367581003,5174.05760943917,3714.0,3714.0000000000005,5878.0,38,2253.9423905608305
36103158411,456,0.0,0.0,0.0,0.0,0.0,38,0.0
36103158412,456,0.0,0.0,0.0,0.0,0.0,38,0.0
36103158705,456,0.7356262966032533,6442.615105651294,4379.0,4379.000000000001,7538.0,38,2315.384894348708
36103158707,456,0.6064936521115531,2478.133062527807,2043.0,2043.0000000000005,3795.0,38,1607.8669374721937
36103158708,456,0.8099672192337196,8951.757706971068,5526.0,5526.000000000001,8637.0,38,2100.242293028931
36103158709,456,0.8092869268131859,4106.321866650105,2537.0,2537.0,4894.0,38,967.6781333498944
36103158710,456,0.8104504740346196,8634.539350364837,5327.0,5327.0,8785.0,38,2019.4606496351632
36103158711,456,0.7069905667846168,8571.553631696695,6062.0,6062.0,11900.0,38,3552.4463683033055
36103158712,456,0.6800346946595445,11194.731143485422,8231.0,8231.0,16460.0,38,5267.268856514579
36103158713,456,0.0,0.0,0.0,0.0,0.0,38,0.0
36103158714,456,0.0,0.0,0.0,0.0,0.0,38,0.0
36103158715,456,0.0,0.0,0.0,0.0,0.0,38,0.0
36103159407,456,0.7670185930831402,13775.653931773199,8980.0,8979.999999999998,16941.0,38,4184.3460682268005
36103159411,456,0.7224362125148107,5250.666392557644,3634.0,3633.9999999999995,9118.0,38,2017.3336074423557
36103159413,456,0.0,0.0,0.0,0.0,0.0,38,0.0
36103159414,456,0.0,0.0,0.0,0.0,0.0,38,0.0
36103169701,456,0.9487079235474207,17490.37927852025,9218.0,9218.0,18382.0,38,945.6207214797516
36025970401,206,0.0,0.0,0.0,0.0,0.0,3,0.0
36025970402,206,0.0,0.0,0.0,0.0,0.0,3,0.0
36025970502,206,0.0,0.0,0.0,0.0,0.0,3,0.0
36011040201,135,0.0,0.0,0.0,0.0,0.0,3,0.0
36011040400,135,0.917262285718676,8921.292990899843,4863.0,4863.0,8493.0,3,804.7070091001578
36067012000,135,0.9707456691032968,12899.268451044609,6644.0,6644.0,11450.0,3,388.73154895539164
36103134704,450,0.8001404163764908,5215.315233941967,3259.0,3259.0,5831.0,64,1302.684766058033
36103134902,450,0.7651564539967587,9983.761411749707,6524.0,6524.0,11811.0,64,3064.2385882502927
36103134906,450,0.8524508580077794,15640.768342726737,9174.0,9173.999999999998,15530.0,64,2707.2316572732625
36103134907,450,0.8342994170250145,9654.512853813467,5786.0,5786.0,11120.0,64,1917.4871461865314
36103134908,450,0.0,0.0,0.0,0.0,0.0,64,0.0
36103134909,450,0.0,0.0,0.0,0.0,0.0,64,0.0
36103135002,450,0.8529976889833207,12958.74089103461,7596.0,7595.999999999998,12947.0,64,2233.2591089653906
36103135003,450,0.7435950377484843,11265.464821889536,7575.0,7575.000000000002,11208.0,64,3884.5351781104637
36103135004,450,0.7555364913866663,6396.3719360795185,4233.0,4233.0,6780.0,64,2069.6280639204824
36103135005,450,0.6350981877310797,7504.320186230436,5908.0,5907.999999999999,9325.0,64,4311.679813769562
36103135104,450,0.8576830147058835,11522.11361955884,6717.0,6717.000000000002,12742.0,64,1911.8863804411617
36103135303,450,0.6875688786443358,7843.785767574582,5704.0,5704.0,10342.0,64,3564.2142324254173
36103135305,450,0.0,0.0,0.0,0.0,0.0,64,0.0
36103135306,450,0.0,0.0,0.0,0.0,0.0,64,0.0
36103135401,450,0.8243366323618835,17935.916446929863,10879.0,10879.000000000002,17782.0,64,3822.083553070138
36103135402,450,0.7260060823496783,16242.208074327005,11186.0,11186.0,17766.0,64,6129.7919256729965
36103135403,450,0.6420421389993809,7457.96148661681,5808.0,5808.000000000001,9649.0,64,4158.038513383191
36103135500,450,0.0,0.0,0.0,0.0,0.0,64,0.0
36103145803,450,0.8266495515191958,9775.957596266007,5913.0,5913.000000000001,10117.0,64,2050.042403733991
36103145809,450,0.0,0.0,0.0,0.0,0.0,64,0.0
36103145810,450,0.0,0.0,0.0,0.0,0.0,64,0.0
36103158001,450,0.6301589242077215,6659.5195110272,5284.0,5284.0,8588.0,64,3908.480488972799
36103158009,450,0.5972736764691321,5190.308248516758,4345.0,4344.999999999999,7671.0,64,3499.691751483242
36103158010,450,0.7042121984450864,7923.795656904113,5626.0,5626.0,8743.0,64,3328.2043430958884
36103158011,450,0.7699256232145255,9781.135117317332,6352.0,6352.0,10577.0,64,2922.864882682668
36103158012,450,0.0,0.0,0.0,0.0,0.0,64,0.0
36103158013,450,0.0,0.0,0.0,0.0,0.0,64,0.0
36103158014,450,0.0,0.0,0.0,0.0,0.0,64,0.0
36103158015,450,0.0,0.0,0.0,0.0,0.0,64,0.0
36103158016,450,0.0,0.0,0.0,0.0,0.0,64,0.0
36103158017,450,0.0,0.0,0.0,0.0,0.0,64,0.0
36103158102,450,0.6610257848795669,8910.627580176562,6740.0,6740.0,12357.0,64,4569.372419823438
36103158103,450,0.7636872487601126,8828.224595666901,5780.0,5780.0,10162.0,64,2731.7754043330983
36103158107,450,0.7742025490588991,9440.625883224217,6097.0,6097.0,10084.0,64,2753.3741167757853
36103158108,450,0.5939739623015354,4775.550656904345,4020.0,4020.0,7291.0,64,3264.4493430956554
36103158111,450,0.6006554586108724,5188.461851480715,4319.0,4319.0,7370.0,64,3449.538148519284
36103158112,450,0.7743989972529146,9333.056714892125,6026.0,6025.999999999999,10457.0,64,2718.943285107873
36103158114,450,0.5583897222402541,5572.7294279577345,4990.0,4990.0,9090.0,64,4407.270572042264
36103158117,450,0.0,0.0,0.0,0.0,0.0,64,0.0
36103158118,450,0.0,0.0,0.0,0.0,0.0,64,0.0
36103158119,450,0.0,0.0,0.0,0.0,0.0,64,0.0
36103158120,450,0.0,0.0,0.0,0.0,0.0,64,0.0
36103158205,450,0.7818406218786169,3741.8892163110604,2393.0,2392.9999999999995,4483.0,64,1044.1107836889396
36103158206,450,0.7989933417976001,7778.999175741434,4868.0,4867.999999999999,8187.0,64,1957.0008242585654
36103158207,450,0.8094255512643264,9905.749896372825,6119.0,6119.0,9958.0,64,2332.250103627174
36103158208,450,0.0,0.0,0.0,0.0,0.0,64,0.0
36103158209,450,0.0,0.0,0.0,0.0,0.0,64,0.0
36103158319,450,0.765462329249916,6743.7231206917595,4405.0,4405.0,8720.0,64,2066.2768793082405
36103158326,450,0.0,0.0,0.0,0.0,0.0,64,0.0
36103158327,450,0.0,0.0,0.0,0.0,0.0,64,0.0
36103158502,450,0.8362338035585016,7807.078790022172,4668.0,4668.0,7886.0,64,1528.9212099778288
36103158505,450,0.8063137969206474,9883.794522653297,6129.0,6129.0,10202.0,64,2374.2054773467034
36103158506,450,0.6666896643094751,4817.499514300267,3613.0,3613.0,6125.0,64,2408.500485699733
36103158509,450,0.6906233508347305,8946.334886713099,6477.0,6477.000000000001,11395.0,64,4007.6651132869015
36103158510,450,0.8553349945133223,15132.586722929698,8846.0,8846.0,16491.0,64,2559.4132770703022
36103158511,450,0.7553906102166026,12820.489436596179,8486.0,8485.999999999998,15482.0,64,4151.510563403821
36103158512,450,0.6597972917993757,7369.935749399027,5585.0,5584.999999999999,8904.0,64,3800.064250600972
36103158513,450,0.0,0.0,0.0,0.0,0.0,64,0.0
36103158514,450,0.0,0.0,0.0,0.0,0.0,64,0.0
36103158604,450,0.6306337425687243,8122.562604285168,6440.0,6439.999999999999,11955.0,64,4757.437395714831
36103158605,450,0.8289443523321103,11744.483583841338,7084.0,7083.999999999999,12048.0,64,2423.516416158661
36103158606,450,0.8138760337904305,10355.758653949437,6362.0,6362.000000000001,11596.0,64,2368.2413460505622
36103158607,450,0.5531589234952423,4304.682742639976,3891.0,3891.0000000000005,7099.0,64,3477.3172573600245
36103159700,450,0.0,0.0,0.0,0.0,0.0,64,0.0
36105950201,248,0.0,0.0,0.0,0.0,0.0,3,0.0
36105950300,248,0.9913528109628756,2238.474647154173,1129.0,1128.9999999999998,1994.0,3,19.525352845826795
36105950400,248,0.9987600231785931,5175.57444011147,2591.0,2591.0,5306.0,3,6.425559888530148
36055000200,84,0.5956452241999033,3746.608460217392,3145.0,3145.0,4210.0,89,2543.3915397826086
36055000700,84,0.5436074938288213,3750.8917074188676,3450.0,3450.0000000000005,4577.0,89,3149.108292581133
36055001000,84,0.6049818670961944,4163.485209356009,3441.0,3441.0,5934.0,89,2718.5147906439906
36055001300,84,0.5197990569790258,3130.229921127693,3011.0,3011.0,4358.0,89,2891.770078872307
36055001600,84,0.0,0.0,0.0,0.0,0.0,89,0.0
36055001800,84,0.6638680376178057,8686.04940419137,6542.0,6542.000000000001,9344.0,89,4397.95059580863
36055001900,84,0.6089824987853744,4745.191630535637,3896.0,3896.0000000000005,5307.0,89,3046.808369464363
36055002000,84,0.7424852572953511,7726.301587415423,5203.0,5202.999999999999,7322.0,89,2679.6984125845775
36055002100,84,0.5186475713897503,5295.3917038893505,5105.0,5105.000000000001,7317.0,89,4914.60829611065
36055002200,84,0.4986759620585963,3833.820796306489,3844.0,3844.0,5312.0,89,3854.179203693511
36055002300,84,0.4942952730397562,5018.085611899605,5076.0,5076.000000000001,7143.0,89,5133.914388100396
36055002400,84,0.5467387895930945,4776.3100658852745,4368.0,4368.000000000001,6297.0,89,3959.6899341147264
36055003900,84,0.5803034987030067,3993.6486780740934,3441.0,3441.0000000000005,4324.0,89,2888.3513219259075
36055004000,84,0.47684180876621773,2162.000760946031,2267.0,2266.9999999999995,3223.0,89,2371.9992390539687
36055004100,84,0.3659442886399922,1049.5282198194975,1434.0,1434.0,2253.0,89,1818.4717801805025
36055004602,84,0.5688891290807535,4701.299762723348,4132.0,4132.0,4944.0,89,3562.700237276653
36055004701,84,0.52223341020961,4967.48419791381,4756.0,4756.0,5743.0,89,4544.515802086189
36055004702,84,0.3873359148309914,2036.612240181353,2629.0,2628.999999999999,3622.0,89,3221.387759818647
36055004800,84,0.5131835087894812,3307.9808976569952,3223.0,3223.0,4295.0,89,3138.0191023430043
36055004900,84,0.46221351654901577,2516.290384092842,2722.0,2722.0,3378.0,89,2927.709615907158
36055005000,84,0.507089600109365,3121.6435782732506,3078.0,3078.0,3837.0,89,3034.356421726749
36055005100,84,0.46503195517177776,1845.2467981216146,1984.0,1984.0000000000002,2544.0,89,2122.753201878386
36055005200,84,0.5284590502718871,3062.9486553758575,2898.0,2897.9999999999995,3759.0,89,2733.0513446241425
36055005400,84,0.5323159040889934,5652.130269616932,5309.0,5309.0,7433.0,89,4965.869730383068
36055005500,84,0.4977184618410595,3003.233198748953,3017.0,3017.0,3975.0,89,3030.766801251047
36055005600,84,0.38550922509643826,2555.9261623893854,3315.0,3315.0,4456.0,89,4074.073837610614
36055005700,84,0.5209500888265106,2415.1246117997043,2318.0,2318.0000000000005,3231.0,89,2220.8753882002966
36055005800,84,0.5783666879809619,7695.747150274679,6653.0,6653.0,9390.0,89,5610.25284972532
36055005900,84,0.45007359241059697,1736.383919520083,1929.0,1928.9999999999998,2909.0,89,2121.616080479917
36055006000,84,0.5461105427375998,3587.946265786031,3285.0,3285.0,5203.0,89,2982.0537342139687
36055006100,84,0.31884466624149244,1634.397759153891,2563.0,2563.0000000000005,4559.0,89,3491.60224084611
36055007600,84,0.5450916430182662,4140.51612036675,3798.0,3798.0000000000005,5825.0,89,3455.4838796332506
36055007900,84,0.5392695036764545,2839.7932063602093,2633.0,2632.999999999999,3770.0,89,2426.20679363979
36055008000,84,0.5494566054443016,3649.4907733610517,3321.0,3321.0,4343.0,89,2992.5092266389483
36055008100,84,0.8510708908846415,10885.196694414564,6395.0,6395.000000000001,8705.0,89,1904.803305585435
36055008200,84,0.5408812548549126,5516.988799520109,5100.0,5100.0,7134.0,89,4683.011200479892
36055008301,84,0.5485633546189495,5720.418661966405,5214.0,5214.0,7163.0,89,4707.581338033595
36055008400,84,0.4817651712430424,3695.1388634341347,3835.0,3834.9999999999995,4949.0,89,3974.861136565865
36055008500,84,0.5574304110739585,5704.742826930891,5117.0,5117.0,6698.0,89,4529.257173069108
36055008600,84,0.5812403440521958,6557.553561596874,5641.0,5641.000000000001,7798.0,89,4724.446438403126
36055008801,84,0.0,0.0,0.0,0.0,0.0,89,0.0
36055009200,84,0.45847306467038096,1655.087763460075,1805.0,1804.9999999999998,2553.0,89,1954.9122365399248
36055009301,84,0.48790455168773583,3313.847715063102,3396.0,3396.0000000000005,4742.0,89,3478.152284936898
36055009401,84,0.0,0.0,0.0,0.0,0.0,89,0.0
36055009402,84,0.0,0.0,0.0,0.0,0.0,89,0.0
36055009404,84,0.0,0.0,0.0,0.0,0.0,89,0.0
36055009605,84,0.0,0.0,0.0,0.0,0.0,89,0.0
36055010100,84,0.6163314497848964,7521.709013174877,6102.0,6102.0,7840.0,89,4682.2909868251245
36055010200,84,0.550150162062633,6082.46019176447,5528.0,5528.000000000001,7882.0,89,4973.53980823553
36055010300,84,0.4523773924896811,4926.389804212626,5445.0,5445.0,7613.0,89,5963.6101957873725
36055010400,84,0.5383890087145969,7789.412178082789,7234.0,7234.000000000001,10157.0,89,6678.587821917212
36055010500,84,0.4852858275943803,5857.399939064171,6035.0,6035.000000000001,8684.0,89,6212.60006093583
36055010601,84,0.4476713747531549,3569.7315422816573,3987.0,3987.0,5654.0,89,4404.268457718343
36055010602,84,0.4637407908462219,4833.106522199323,5211.0,5210.999999999999,7525.0,89,5588.893477800676
36055010700,84,0.6221812889251701,6865.148342000326,5517.0,5517.0,7545.0,89,4168.851657999673
36055010800,84,0.5866090202341618,4641.250568092688,3956.0,3956.0000000000005,5540.0,89,3270.749431907312
36055010901,84,0.5100845991598595,7849.181811871917,7694.0,7693.999999999999,10302.0,89,7538.8181881280825
36055010902,84,0.5532200427354121,4545.255871114145,4108.0,4107.999999999999,5938.0,89,3670.744128885854
36055011000,84,0.5510098481903782,7034.191721998369,6383.0,6383.000000000001,9805.0,89,5731.808278001632
36055011100,84,0.518556285228801,5430.321418916006,5236.0,5236.000000000001,8475.0,89,5041.678581083995
36055011201,84,0.6506451337289755,4762.7223788961,3660.0,3660.0,7591.0,89,2557.2776211038995
36055013401,84,0.5471524205902363,7533.194526686372,6884.0,6883.999999999999,9027.0,89,6234.805473313627
36055013402,84,0.5865360676692997,5261.228526993618,4485.0,4485.0,6059.0,89,3708.7714730063817
36055013503,84,0.6351178951853185,10648.38663067705,8383.0,8383.000000000002,12115.0,89,6117.61336932295
36055013505,84,0.618488618927484,6512.685157306405,5265.0,5265.0,7091.0,89,4017.314842693594
36055013507,84,0.5776692664866565,11028.861635763245,9546.0,9545.999999999998,13125.0,89,8063.1383642367555
36055013508,84,0.6680498942506989,7912.382947505279,5922.0,5922.000000000001,8948.0,89,3931.617052494721
36055013509,84,0.0,0.0,0.0,0.0,0.0,89,0.0
36055013510,84,0.0,0.0,0.0,0.0,0.0,89,0.0
36055013601,84,0.613073244968215,10093.637905156691,8232.0,8232.0,10533.0,89,6370.362094843309
36055013603,84,0.5783542264591799,9485.00931393055,8200.0,8200.0,10715.0,89,6914.990686069449
36055013604,84,0.5790839203924579,10278.739586966129,8875.0,8875.0,11724.0,89,7471.260413033871
36055013701,84,0.5426530660710749,4471.461264425657,4120.0,4119.999999999999,5437.0,89,3768.5387355743424
36055013702,84,0.5388973848039817,5937.571385770271,5509.0,5509.000000000002,7191.0,89,5080.42861422973
36055013800,84,0.5622213801984677,9872.60743628509,8780.0,8779.999999999998,11902.0,89,7687.392563714908
36055013901,84,0.5721617430616854,6532.942782278324,5709.0,5709.0,8067.0,89,4885.057217721675
36055013902,84,0.5967395062060842,7668.1026547481815,6425.0,6425.000000000001,8184.0,89,5181.8973452518185
36055014001,84,0.7190327965960231,10712.150603687554,7449.0,7449.0,9817.0,89,4185.849396312447
36055014003,84,0.6510174263078523,9297.830882528748,7141.0,7141.000000000001,9493.0,89,4984.169117471252
36055014004,84,0.6325466531902104,6915.00001267538,5466.0,5466.0,7158.0,89,4016.99998732462
36055014102,84,0.5427966689936663,6751.304968943222,6219.0,6218.999999999999,8861.0,89,5686.695031056778
36055014103,84,0.6459639247919754,8047.418575058429,6229.0,6229.0,8243.0,89,4410.581424941571
36055014104,84,0.6847933566250161,7150.612229878418,5221.0,5221.0,8015.0,89,3291.3877701215824
36055014205,84,0.0,0.0,0.0,0.0,0.0,89,0.0
36055014206,84,0.0,0.0,0.0,0.0,0.0,89,0.0
36055014301,84,0.5377603753167082,4366.614247571671,4060.0,4060.0,6413.0,89,3753.38575242833
36055014302,84,0.47272878409746555,6116.16500865301,6469.0,6469.0,10447.0,89,6821.83499134699
36055980100,84,0.16860932104793358,6.0699355577256116,18.0,18.0,22.0,89,29.93006444227439
36055980200,84,0.0,0.0,0.0,0.0,0.0,89,0.0
36003951100,57,0.9998450916617967,7730.802248729012,3866.0,3866.0,7248.0,2,1.1977512709883462
36003951201,57,0.0,0.0,0.0,0.0,0.0,2,0.0
36119007800,401,0.7712224473455125,8336.914655804989,5405.0,5404.999999999999,8268.0,8,2473.0853441950094
36119007901,401,0.0,0.0,0.0,0.0,0.0,8,0.0
36119007902,401,0.0,0.0,0.0,0.0,0.0,8,0.0
36119008000,401,0.8322560985855659,11624.953185043185,6984.0,6984.0,9864.0,8,2343.046814956815
36119008100,401,0.7849221252384322,10028.16507204621,6388.0,6388.0,9842.0,8,2747.834927953791
36119008301,401,0.9024621477450011,6178.255863462277,3423.0,3423.0,5321.0,8,667.7441365377225
36119008302,401,0.8807590381676613,14470.870997094677,8215.0,8215.0,13409.0,8,1959.1290029053243
36119012304,401,0.9294353922615651,9896.628056801146,5324.0,5324.0,10526.0,8,751.3719431988543
36103180300,467,0.9904911226672344,6281.6946999556,3171.0,3171.0,4507.0,6,60.30530004439964
36103190708,467,0.919322205181841,2559.3930192262455,1392.0,1392.0,2933.0,6,224.60698077375446
36103190711,467,0.0,0.0,0.0,0.0,0.0,6,0.0
36103200905,467,0.0,0.0,0.0,0.0,0.0,6,0.0
36103200906,467,0.0,0.0,0.0,0.0,0.0,6,0.0
36103201009,467,0.0,0.0,0.0,0.0,0.0,6,0.0
36015010302,107,0.0,0.0,0.0,0.0,0.0,9,0.0
36015010600,107,0.8909671982656681,5344.021255197476,2999.0,2998.9999999999995,5457.0,9,653.9787448025228
36015010900,107,0.9744758855554925,11358.490922034822,5828.0,5828.000000000001,11203.0,9,297.5090779651795
36015011200,107,0.9346087248799366,9273.187768258733,4961.0,4961.000000000001,9528.0,9,648.8122317412682
36101962500,107,0.8706716785542766,5890.964577098235,3383.0,3383.0,4766.0,9,875.0354229017646
36101962600,107,0.7994407159396518,7137.406711909211,4464.0,4464.0,6606.0,9,1790.5932880907885
36101962700,107,0.8852825576529674,6269.571073298313,3541.0,3540.999999999999,4723.0,9,812.4289267016852
36101962800,107,0.7741744028791849,7428.977570028658,4798.0,4797.999999999999,7369.0,9,2167.0224299713414
36101962900,107,0.8622411624660897,7699.813580822181,4465.0,4465.0,6349.0,9,1230.1864191778193
36029000110,32,0.4440701509914353,3660.9143247733937,4122.0,4122.000000000001,5646.0,127,4583.085675226607
36029000200,32,0.48879488664952,5983.827002363423,6121.0,6121.0,9157.0,127,6258.172997636577
36029000600,32,0.4378394062225375,6640.272434771004,7583.0,7583.0,10670.0,127,8525.727565228997
36029000700,32,0.40636022682853423,3986.393825187919,4905.0,4904.999999999999,7016.0,127,5823.606174812079
36029000800,32,0.52130470861858,6156.608608785431,5905.0,5905.000000000001,8874.0,127,5653.39139121457
36029000900,32,0.4123842508516784,3086.283733373961,3742.0,3741.9999999999995,5172.0,127,4397.716266626039
36029001000,32,0.4714507305159036,7663.903075266531,8128.0,8128.0,10862.0,127,8592.09692473347
36029001100,32,0.4846350717195561,4122.305920046545,4253.0,4253.000000000001,5499.0,127,4383.694079953456
36029001403,32,0.0,0.0,0.0,0.0,0.0,127,0.0
36029001404,32,0.0,0.0,0.0,0.0,0.0,127,0.0
36029001500,32,0.3952196593386855,1481.2832832013926,1874.0,1874.0,2988.0,127,2266.7167167986067
36029001601,32,0.0,0.0,0.0,0.0,0.0,127,0.0
36029001602,32,0.0,0.0,0.0,0.0,0.0,127,0.0
36029001700,32,0.41853870205528554,2119.479987207966,2532.0,2532.000000000001,3407.0,127,2944.5200127920343
36029001900,32,0.44189578661728335,4133.493188018068,4677.0,4677.000000000001,5777.0,127,5220.506811981932
36029002300,32,0.48206583108226153,5457.949339513368,5661.0,5661.000000000001,7813.0,127,5864.050660486635
36029002400,32,0.4744479077197582,5531.113708196941,5829.0,5829.000000000001,7692.0,127,6126.886291803059
36029002502,32,0.445668060073827,2467.2183805687064,2768.0,2768.000000000001,4169.0,127,3068.7816194312945
36029002703,32,0.0,0.0,0.0,0.0,0.0,127,0.0
36029002704,32,0.0,0.0,0.0,0.0,0.0,127,0.0
36029002801,32,0.0,0.0,0.0,0.0,0.0,127,0.0
36029002802,32,0.0,0.0,0.0,0.0,0.0,127,0.0
36029002900,32,0.40297199286313556,1735.1974012686615,2153.0,2153.0,2973.0,127,2570.802598731338
36029003000,32,0.4688843725306935,3879.549298318958,4137.0,4137.000000000001,5775.0,127,4394.450701681042
36029003100,32,0.5126134527059201,2895.240780883036,2824.0,2824.0,4269.0,127,2752.759219116964
36029003301,32,0.4731659279311641,5097.889707530367,5387.0,5387.000000000001,7968.0,127,5676.110292469638
36029003302,32,0.4611359230121397,3846.79586976727,4171.0,4171.0,6048.0,127,4495.204130232731
36029003400,32,0.4190389035748343,2722.0767176221225,3248.0,3247.9999999999995,4650.0,127,3773.9232823778766
36029003501,32,0.0,0.0,0.0,0.0,0.0,127,0.0
36029003502,32,0.0,0.0,0.0,0.0,0.0,127,0.0
36029003600,32,0.4181218191432119,3423.5814551446183,4094.0,4093.999999999999,5279.0,127,4764.418544855381
36029003700,32,0.5015115650396718,6502.598952304384,6483.0,6483.000000000002,8321.0,127,6463.401047695617
36029003800,32,0.5278339914258833,5422.966427909525,5137.0,5137.0,6610.0,127,4851.033572090475
36029003901,32,0.4214703301319803,1194.4469155940321,1417.0,1416.9999999999998,1846.0,127,1639.5530844059679
36029004002,32,0.0,0.0,0.0,0.0,0.0,127,0.0
36029004003,32,0.0,0.0,0.0,0.0,0.0,127,0.0
36029004100,32,0.4987580430573202,7186.105884369869,7204.0,7204.0,9781.0,127,7221.894115630131
36029004200,32,0.5322443346240415,5758.883700632128,5410.0,5409.999999999999,7183.0,127,5061.11629936787
36029004300,32,0.5475769121657093,9953.853109348262,9089.0,9088.999999999998,11703.0,127,8224.146890651737
36029004401,32,0.5192219592265759,6892.152286773565,6637.0,6637.000000000002,8838.0,127,6381.847713226433
36029004402,32,0.42947588098627276,3518.2664170395465,4096.0,4096.0,5317.0,127,4673.7335829604535
36029004500,32,0.5343332549507452,8073.775482305759,7555.0,7555.0,12249.0,127,7036.22451769424
36029004601,32,0.4272190902088313,3603.165806821286,4217.0,4217.0,5927.0,127,4830.834193178716
36029004701,32,0.0,0.0,0.0,0.0,0.0,127,0.0
36029004702,32,0.0,0.0,0.0,0.0,0.0,127,0.0
36029004800,32,0.46470963929296727,5328.360724133161,5733.0,5732.999999999998,8006.0,127,6137.639275866836
36029004901,32,0.0,0.0,0.0,0.0,0.0,127,0.0
36029004902,32,0.0,0.0,0.0,0.0,0.0,127,0.0
36029005100,32,0.5040622766577372,5206.963317874424,5165.0,5165.000000000001,8084.0,127,5123.036682125576
36029005201,32,0.37564250147444367,2132.8981233718905,2839.0,2838.9999999999995,4730.0,127,3545.1018766281086
36029005202,32,0.4181334216936061,3951.3608350045793,4725.0,4725.0,6970.0,127,5498.639164995422
36029005300,32,0.3365514318831697,1240.528577921363,1843.0,1842.9999999999998,3162.0,127,2445.4714220786364
36029007903,32,0.44226522339645724,3473.5510645557747,3927.0,3927.0,6530.0,127,4380.448935444225
36029007904,32,0.45942852241788157,4887.400621481425,5319.0,5319.0,7353.0,127,5750.599378518576
36029008001,32,0.4631676385036483,7557.969525102533,8159.0,8159.000000000003,11924.0,127,8760.030474897469
36029008002,32,0.4823890033224545,7605.345026381817,7883.0,7882.999999999997,11577.0,127,8160.6549736181805
36029008003,32,0.49836872356089046,8393.526042212521,8421.0,8421.000000000002,11305.0,127,8448.473957787483
36029008102,32,0.42450572505507234,4499.760685583765,5300.0,5299.999999999999,8757.0,127,6100.239314416233
36029008500,32,0.5340223190079563,4319.17251613635,4044.0,4044.0000000000005,5946.0,127,3768.8274838636503
36029008600,32,0.4798650497147261,5588.508368977699,5823.0,5823.000000000002,8706.0,127,6057.491631022301
36029008900,32,0.5218005321452346,5915.130832398379,5668.0,5668.0,9636.0,127,5420.869167601621
36029009011,32,0.0,0.0,0.0,0.0,0.0,127,0.0
36029009012,32,0.0,0.0,0.0,0.0,0.0,127,0.0
36029009104,32,0.4548566164556409,5627.486058789185,6186.0,6185.999999999999,10323.0,127,6744.513941210811
36029009109,32,0.41213741167332896,3058.8838694394476,3711.0,3710.9999999999995,6275.0,127,4363.116130560553
36029009200,32,0.39442664825016505,4088.626635761211,5183.0,5183.000000000002,7716.0,127,6277.37336423879
36029009301,32,0.44902207548151374,7456.460585446016,8303.0,8303.0,11182.0,127,9149.539414553983
36029009302,32,0.449375865941517,3607.589451778499,4014.0,4014.0000000000005,5439.0,127,4420.410548221502
36029009401,32,0.6077347718431622,9438.121006724306,7765.0,7764.999999999998,11063.0,127,6091.878993275691
36029009402,32,0.5116691139470868,5930.245030646735,5795.0,5794.999999999999,8325.0,127,5659.754969353265
36029009501,32,0.4864291820648037,7578.566656569643,7790.0,7790.000000000001,11384.0,127,8001.433343430359
36029009503,32,0.0,0.0,0.0,0.0,0.0,127,0.0
36029009504,32,0.0,0.0,0.0,0.0,0.0,127,0.0
36029009601,32,0.0,0.0,0.0,0.0,0.0,127,0.0
36029009602,32,0.0,0.0,0.0,0.0,0.0,127,0.0
36029009701,32,0.5271626106180024,4549.413329633361,4315.0,4315.000000000001,6159.0,127,4080.5866703666393
36029009702,32,0.6481614192475627,9914.277068810718,7648.0,7647.999999999998,9907.0,127,5381.722931189282
36029009800,32,0.42791445837706643,2441.679899499542,2853.0,2853.0,3727.0,127,3264.320100500459
36029009900,32,0.5634436124318938,6629.4775438736615,5883.0,5882.999999999999,7736.0,127,5136.5224561263385
36029010001,32,0.6217592212815004,4099.880305130215,3297.0,3297.0,4762.0,127,2494.119694869786
36029010002,32,0.5233536737364048,6562.855068654515,6270.0,6269.999999999998,7754.0,127,5977.144931345483
36029010003,32,0.5155678776508982,5600.098287044056,5431.0,5430.999999999999,7251.0,127,5261.901712955944
36029010101,32,0.4913871165160679,6565.9146508877,6681.0,6680.999999999999,8879.0,127,6796.0853491123
36029010102,32,0.503073043242506,5782.321559029363,5747.0,5746.999999999999,6986.0,127,5711.678440970636
36029010103,32,0.525843248400967,7194.587324622027,6841.0,6840.999999999999,9085.0,127,6487.412675377971
36029010201,32,0.481402622582936,3802.1179131600284,3949.0,3948.999999999999,5704.0,127,4095.8820868399707
36029010202,32,0.5479021658590962,6696.460271129873,6111.0,6111.0,8096.0,127,5525.539728870126
36029010300,32,0.40472198228570877,1831.7716918251183,2263.0,2263.0000000000005,3231.0,127,2694.228308174882
36029010400,32,0.38153448402858314,2355.5939043924723,3087.0,3086.999999999999,3732.0,127,3818.4060956075273
36029010500,32,0.44785720850440713,2669.2289626862666,2980.0,2980.0,3744.0,127,3290.7710373137334
36029010600,32,0.4558951127725386,3900.63858488184,4278.0,4277.999999999998,5640.0,127,4655.361415118159
36029010700,32,0.5106411322331119,3264.0181172340513,3196.0,3196.0,3956.0,127,3127.9818827659487
36029010803,32,0.5452606280083879,2811.363798011248,2578.0,2578.0,3530.0,127,2344.636201988752
36029010804,32,0.49713172021964525,4729.711186169705,4757.0,4757.0,6450.0,127,4784.288813830295
36029010805,32,0.5893280218761494,10036.256212550827,8515.0,8514.999999999998,10692.0,127,6993.743787449175
36029010807,32,0.5537312918414887,9988.205042236774,9019.0,9018.999999999998,12174.0,127,8049.794957763225
36029010808,32,0.45359561014062033,4807.206276270294,5299.0,5299.000000000001,7282.0,127,5790.793723729706
36029010809,32,0.4655699943593634,4828.891981495318,5186.0,5186.0,6470.0,127,5543.108018504682
36029010901,32,0.5060845067708802,3961.6295190024503,3914.0,3913.999999999999,4937.0,127,3866.370480997549
36029010902,32,0.5582857108737433,8027.0319509426845,7189.0,7189.000000000001,9148.0,127,6350.968049057318
36029011000,32,0.3358615623407323,1804.920036019095,2687.0,2687.000000000001,3451.0,127,3569.079963980905
36029011100,32,0.43935776300558727,3245.096437559266,3693.0,3692.9999999999995,4451.0,127,4140.9035624407325
36029011201,32,0.0,0.0,0.0,0.0,0.0,127,0.0
36029011202,32,0.0,0.0,0.0,0.0,0.0,127,0.0
36029011300,32,0.4731138001172074,7357.865819422808,7776.0,7776.0,10422.0,127,8194.13418057719
36029011400,32,0.42441038757016325,3018.406676399001,3556.0,3556.0,4823.0,127,4093.5933236009987
36029011500,32,0.4516709553874161,2224.027784327637,2462.0,2462.0,3305.0,127,2699.9722156723633
36029011600,32,0.379892259184615,2247.442605336183,2958.0,2958.0000000000005,4025.0,127,3668.5573946638174
36029011700,32,0.4470932992689276,4256.32820904019,4760.0,4759.999999999999,7337.0,127,5263.671790959809
36029011800,32,0.4875530905878327,4210.508490316523,4318.0,4317.999999999999,6833.0,127,4425.491509683477
36029014207,32,0.5435870602782388,8713.70057626017,8015.0,8015.000000000002,11634.0,127,7316.299423739833
36029014209,32,0.6730638851953736,7730.8117853540625,5743.0,5743.0,8056.0,127,3755.188214645938
36029014300,32,0.6464129227098587,12809.318476418563,9908.0,9907.999999999995,13703.0,127,7006.681523581436
36029014400,32,0.7965875897885184,7972.248598603493,5004.0,5003.999999999999,6862.0,127,2035.7514013965072
36029014501,32,0.6079154077547121,6601.961328216174,5430.0,5430.0,7396.0,127,4258.038671783826
36029014502,32,0.5817500344085568,3525.4052085158546,3030.0,3030.0000000000005,3890.0,127,2534.594791484146
36029014601,32,0.6616519353216923,9538.374299597515,7208.0,7207.999999999996,11750.0,127,4877.625700402482
36029014603,32,0.5211653061217532,5754.707310196397,5521.0,5520.999999999999,9512.0,127,5287.292689803602
36029016300,32,0.3931583083479606,2291.3266210519146,2914.0,2914.0,3851.0,127,3536.6733789480854
36029016400,32,0.4802838684066375,3466.68896215911,3609.0,3608.999999999999,5468.0,127,3751.3110378408896
36029016600,32,0.47212667255297436,3929.982422330958,4162.0,4161.999999999999,5949.0,127,4394.017577669041
36029016700,32,0.38242957116635845,1927.4450386784465,2520.0,2519.999999999999,3162.0,127,3112.5549613215526
36029016801,32,0.0,0.0,0.0,0.0,0.0,127,0.0
36029016802,32,0.0,0.0,0.0,0.0,0.0,127,0.0
36029017000,32,0.4266568759978464,3636.8232110056433,4262.0,4262.000000000001,5581.0,127,4887.176788994358
36029017301,32,0.0,0.0,0.0,0.0,0.0,127,0.0
36029980500,32,0.0,0.0,0.0,0.0,0.0,127,0.0
36067016001,147,0.927672384769651,5846.1913688183395,3151.0,3150.9999999999986,6232.0,5,455.8086311816596
36067016501,147,0.9733946835947543,3292.0208199174585,1691.0,1691.0,2714.0,5,89.97918008254092
36067016502,147,0.9737509049889933,9778.406587899472,5021.0,5021.000000000002,9737.0,5,263.5934121005293
36067016801,147,0.9322845583504934,3432.6717438465166,1841.0,1840.9999999999998,4072.0,5,249.32825615348315
36067016802,147,0.9273783620915413,4824.222239600198,2601.0,2600.9999999999995,5060.0,5,377.7777603998021
36065021900,212,0.8397482268218975,4714.346545378134,2807.0,2807.0000000000005,3333.0,14,899.6534546218672
36065022000,212,0.7928890717823365,9896.841393987124,6241.0,6241.0,7457.0,14,2585.158606012876
36065022100,212,0.881441036860691,8111.020421192078,4601.0,4601.0,5855.0,14,1090.9795788079214
36065022200,212,0.727276032658813,7095.30497461938,4878.0,4878.000000000001,6414.0,14,2660.6950253806194
36065022400,212,0.8537252779472209,9645.3881902477,5649.0,5648.999999999997,6969.0,14,1652.611809752298
36065022500,212,0.7446464317084007,9808.482798463052,6586.0,6586.0,7766.0,14,3363.5172015369462
36065022701,212,0.7967319683449963,5140.514659761916,3226.0,3226.0000000000005,4131.0,14,1311.4853402380845
36065022702,212,0.7694329756005727,8248.321498438137,5360.0,5359.999999999999,7315.0,14,2471.6785015618616
36065023702,212,0.8380477997246149,8179.346525312241,4880.0,4879.999999999997,8677.0,14,1580.6534746877587
36065024301,212,0.7678444729356999,8827.140060868807,5748.0,5748.000000000001,7176.0,14,2668.859939131194
36065025900,212,0.0,0.0,0.0,0.0,0.0,14,0.0
36065026300,212,0.8603580281062957,8001.32966138855,4650.0,4650.0,6339.0,14,1298.6703386114498
36065026600,212,0.0,0.0,0.0,0.0,0.0,14,0.0
36065980100,212,0.0,0.0,0.0,0.0,0.0,14,0.0
36001012700,411,0.5791312927699374,2831.952021644994,2445.0,2445.0000000000005,5144.0,28,2058.0479783550063
36001013100,411,0.5399205510071825,3020.3155623341786,2797.0,2797.0,4429.0,28,2573.6844376658214
36083040100,411,0.6000383677166912,7700.892411276014,6417.0,6417.0,9087.0,28,5133.107588723986
36083040200,411,0.5663494820864554,6940.046553487422,6127.0,6126.999999999999,8824.0,28,5313.953446512576
36083040300,411,0.5626612970892513,3715.8152059774147,3302.0,3301.9999999999995,4864.0,28,2888.184794022585
36083040400,411,0.6330130647023293,3625.898834614943,2864.0,2864.0,3924.0,28,2102.1011653850574
36083040500,411,0.5524985942051459,2650.888254996291,2399.0,2399.0000000000005,3777.0,28,2147.1117450037095
36083040600,411,0.6001061731437913,4707.232822139899,3922.0,3922.000000000001,4702.0,28,3136.767177860101
36083040701,411,0.0,0.0,0.0,0.0,0.0,28,0.0
36083040702,411,0.0,0.0,0.0,0.0,0.0,28,0.0
36083040800,411,0.44587898911860935,1730.9022357584408,1941.0,1941.0,3233.0,28,2151.0977642415587
36083040900,411,0.6045895382526183,3933.459535871534,3253.0,3253.0,4725.0,28,2572.540464128466
36083041000,411,0.6257385124774384,6288.672050398256,5025.0,5024.999999999998,8610.0,28,3761.327949601744
36083041101,411,0.0,0.0,0.0,0.0,0.0,28,0.0
36083041102,411,0.0,0.0,0.0,0.0,0.0,28,0.0
36083041200,411,0.5997164236843777,4153.635950437999,3463.0,3462.9999999999995,5232.0,28,2772.3640495619998
36083041300,411,0.5798616216123882,8041.520968520599,6934.0,6934.0,8659.0,28,5826.479031479401
36083041400,411,0.6593635540572723,7147.500925980831,5420.0,5420.0,7975.0,28,3692.499074019168
36083051902,411,0.7285636377165261,6981.096776599755,4791.0,4791.000000000001,7457.0,28,2600.903223400246
36083052002,411,0.7801438238733449,3563.6969874534384,2284.0,2283.9999999999995,3412.0,28,1004.3030125465607
36083052003,411,0.7934478517957158,9608.653485246119,6055.0,6055.000000000003,9362.0,28,2501.346514753883
36083052004,411,0.7859818170858941,10807.249984931046,6875.0,6875.0,11253.0,28,2942.7500150689552
36083052201,411,0.8933969630669003,8333.606871488044,4664.0,4663.999999999999,8861.0,28,994.3931285119543
36083052303,411,0.4778620286095969,1157.3818332924438,1211.0,1211.0,2390.0,28,1264.6181667075562
36083052305,411,0.0,0.0,0.0,0.0,0.0,28,0.0
36083052306,411,0.0,0.0,0.0,0.0,0.0,28,0.0
36091062700,411,0.7829999159960006,10658.19485653756,6806.0,6806.000000000001,11794.0,28,2953.805143462439
36091062800,411,0.5102054615505376,2624.4968942159658,2572.0,2572.0,4432.0,28,2519.5031057840342
36113075002,389,0.0,0.0,0.0,0.0,0.0,1,0.0
36025970102,251,0.0,0.0,0.0,0.0,0.0,2,0.0
36025970200,251,0.9998087631867921,3923.2495867449725,1962.0,1962.0000000000002,3497.0,2,0.7504132550277953
36067000100,148,0.5558614634981031,690.379937664644,621.0,621.0000000000001,1216.0,37,551.620062335356
36067002000,148,0.5334711077017453,2968.233243252512,2782.0,2782.0000000000005,3772.0,37,2595.766756747489
36067002101,148,0.5312933220787184,3158.007506435901,2972.0,2971.9999999999995,4648.0,37,2785.9924935640984
36067002700,148,0.592873163511816,3149.3422445747674,2656.0,2656.0,3761.0,37,2162.6577554252335
36067002901,148,0.606744944865831,3907.437444935953,3220.0,3220.0000000000005,5110.0,37,2532.5625550640484
36067003800,148,0.5313956456417879,2642.0991501309695,2486.0,2486.0000000000005,4314.0,37,2329.900849869031
36067004800,148,0.5953339123438044,2800.4507236652553,2352.0,2351.9999999999995,3310.0,37,1903.5492763347443
36067004900,148,0.490443200613903,1740.092475778128,1774.0,1773.9999999999998,2466.0,37,1807.907524221872
36067005000,148,0.7159299166641624,5060.1926509823,3534.0,3533.9999999999995,5467.0,37,2007.8073490176998
36067011011,148,0.7755247843449921,7119.317520287026,4590.0,4590.0,7365.0,37,2060.682479712973
36067011012,148,0.6141812572157239,6093.906434094413,4961.0,4961.0,8058.0,37,3828.0935659055876
36067011101,148,0.6046938248426972,8583.024149817244,7097.0,7096.999999999999,11286.0,37,5610.975850182756
36067011102,148,0.6530832647880062,6462.91198834211,4948.0,4948.0,7335.0,37,3433.088011657891
36067011500,148,0.6723309283744406,10487.017820784526,7799.0,7799.000000000003,13569.0,37,5110.982179215476
36067011700,148,0.7486201464765134,6089.2762714399605,4067.0,4066.9999999999995,6571.0,37,2044.72372856004
36067011800,148,0.771791619929622,12594.09565401157,8159.0,8158.999999999999,11987.0,37,3723.9043459884297
36067011900,148,0.7998164896627473,7929.380678516478,4957.0,4957.000000000002,7053.0,37,1984.6193214835237
36067012100,148,0.7692161024381227,11238.247256620973,7305.0,7305.0,10029.0,37,3371.7527433790274
36067012200,148,0.6784622709185435,2488.5996097292177,1834.0,1833.9999999999995,2378.0,37,1179.400390270782
36067012300,148,0.6729424662750467,7172.220805559447,5329.0,5329.0,7315.0,37,3485.7791944405526
36067012400,148,0.7524303210998371,9865.866370261063,6556.0,6555.999999999999,8503.0,37,3246.1336297389366
36067012500,148,0.6971091839024248,8561.894996689582,6141.0,6141.000000000001,8142.0,37,3720.1050033104175
36067012600,148,0.64407210490886,11593.29788835948,9000.0,9000.0,11694.0,37,6406.70211164052
36067012700,148,0.692189901439788,3988.398212096058,2881.0,2881.0,3731.0,37,1773.6017879039416
36067012800,148,0.6129743136617074,5649.171274706296,4608.0,4608.000000000001,6600.0,37,3566.8287252937052
36067012900,148,0.578918459205116,4728.605974787388,4084.0,4084.0000000000005,5657.0,37,3439.3940252126126
36067013000,148,0.6516647327177263,7040.585772282313,5402.0,5402.000000000002,7280.0,37,3763.4142277176866
36067013100,148,0.6872709052467134,9334.51343506086,6791.0,6791.0,9132.0,37,4247.486564939139
36067013200,148,0.6057613760023932,5245.893516180726,4330.0,4330.0,5783.0,37,3414.106483819275
36067013300,148,0.5533812434813608,3277.1237238966187,2961.0,2961.0000000000005,4484.0,37,2644.8762761033818
36067013400,148,0.7000857797624422,11206.973162437174,8004.0,8004.000000000001,11037.0,37,4801.026837562826
36067013500,148,0.7401982866330343,10872.032434066006,7344.0,7343.999999999999,11822.0,37,3815.9675659339923
36067013600,148,0.5948242745106049,3831.8579763973166,3221.0,3221.0,5010.0,37,2610.1420236026834
36067013701,148,0.5782614406877999,7368.207277243949,6371.0,6371.000000000001,9902.0,37,5373.792722756052
36067016002,148,0.74837883904529,7401.466718157918,4945.0,4945.0,6836.0,37,2488.5332818420816
36067016300,148,0.8049667078748617,17764.005309382446,11034.0,11034.0,15904.0,37,4303.994690617553
36067016400,148,0.7085178463068229,9421.870320188133,6649.0,6649.000000000001,9017.0,37,3876.1296798118688
36049950700,196,1.0,9462.0,4731.0,4731.0,8564.0,1,0.0
36071010601,320,0.0,0.0,0.0,0.0,0.0,12,0.0
36071010602,320,0.0,0.0,0.0,0.0,0.0,12,0.0
36071010701,320,0.0,0.0,0.0,0.0,0.0,12,0.0
36071010702,320,0.0,0.0,0.0,0.0,0.0,12,0.0
36071010801,320,0.8403272702164459,6312.538453865941,3756.0,3755.9999999999995,6821.0,12,1199.461546134058
36071010802,320,0.9224574354814652,13794.42849018983,7477.0,7476.999999999999,11747.0,12,1159.5715098101696
36071010901,320,0.9187966051676218,6771.530980085374,3685.0,3685.0000000000005,6179.0,12,598.4690199146269
36071010902,320,0.8371737539865283,12627.928905132794,7542.0,7542.000000000001,12967.0,12,2456.0710948672067
36071011000,320,0.9640780415352695,8927.362664616596,4630.0,4630.0,8773.0,12,332.63733538340364
36111954401,320,0.0,0.0,0.0,0.0,0.0,12,0.0
36111954402,320,0.0,0.0,0.0,0.0,0.0,12,0.0
36111955400,320,0.9511565231280157,8693.570621390063,4570.0,4570.0,9107.0,12,446.42937860993624
36077590302,230,0.0,0.0,0.0,0.0,0.0,2,0.0
36077590401,230,0.0,0.0,0.0,0.0,0.0,2,0.0
36115081002,437,0.0,0.0,0.0,0.0,0.0,2,0.0
36115085000,437,0.9998553154662693,2943.5740487326966,1472.0,1471.9999999999998,3679.0,2,0.42595126730326116
36025971000,274,1.0,4574.0,2287.0,2287.0,5174.0,1,0.0
36067015701,161,0.0,0.0,0.0,0.0,0.0,6,0.0
36067015702,161,0.0,0.0,0.0,0.0,0.0,6,0.0
36067015800,161,0.9302183755551823,8987.76994461417,4831.0,4830.999999999999,8193.0,6,674.2300553858291
36067016100,161,0.9067849782465115,4463.19566292933,2461.0,2461.0000000000005,5278.0,6,458.8043370706703
36067016200,161,0.882596150750131,3779.2767175120607,2141.0,2141.0,3958.0,6,502.7232824879394
36067940000,161,0.8812143572993089,183.29258631825624,104.0,104.0,158.0,6,24.707413681743752
36105950500,271,0.9762117869360574,5886.557075224427,3015.0,3015.0000000000005,5229.0,9,143.44292477557406
36105950701,271,0.0,0.0,0.0,0.0,0.0,9,0.0
36105950702,271,0.0,0.0,0.0,0.0,0.0,9,0.0
36105950801,271,0.0,0.0,0.0,0.0,0.0,9,0.0
36105950802,271,0.0,0.0,0.0,0.0,0.0,9,0.0
36105950900,271,0.7838165087948805,6681.251920967562,4262.0,4262.0,6535.0,9,1842.748079032439
36105951000,271,0.8608379147113805,3567.312318563961,2072.0,2072.0,3396.0,9,576.6876814360392
36105951500,271,0.9364483602241308,4302.043766869657,2297.0,2297.0,3943.0,9,291.95623313034326
36105951900,271,0.8862416487110321,2772.1638771681082,1564.0,1564.0,2284.0,9,355.8361228318919
36029015003,40,0.9956444099678504,5997.76192564633,3012.0,3011.9999999999995,6689.0,3,26.238074353669187
36029015101,40,0.9551935450720596,5922.199979446769,3100.0,3100.0,6320.0,3,277.8000205532306
36029015102,40,0.9359752743846594,5035.546976189467,2690.0,2690.0,5158.0,3,344.4530238105325
36107020200,143,1.0,10560.0,5280.0,5280.0,9563.0,1,0.0
36113073500,359,1.0,3030.0,1515.0,1515.0,3988.0,1,0.0
36031960300,365,0.9998732200905475,4129.476398973961,2065.0,2065.0,4514.0,3,0.5236010260387935
36031960401,365,0.0,0.0,0.0,0.0,0.0,3,0.0
36031960402,365,0.0,0.0,0.0,0.0,0.0,3,0.0
36009960500,18,1.0,8844.0,4422.0,4422.0,9273.0,1,0.0
36027070201,349,0.8743037786502315,5091.945206858949,2912.0,2912.000000000001,5535.0,13,732.0547931410517
36027140500,349,0.8156863856101957,4383.498636269192,2687.0,2687.0000000000005,5627.0,13,990.5013637308086
36027220101,349,0.0,0.0,0.0,0.0,0.0,13,0.0
36027220102,349,0.0,0.0,0.0,0.0,0.0,13,0.0
36027220201,349,0.8203405278611642,4638.205344527022,2827.0,2827.000000000001,5413.0,13,1015.7946554729782
36027220700,349,0.8863628585349216,4029.4055548997535,2273.0,2273.0000000000005,3860.0,13,516.5944451002465
36027220801,349,0.7870736699396478,7058.476672018761,4484.0,4484.0,8530.0,13,1909.5233279812387
36111952800,349,0.9372037369089653,7426.402411266639,3962.0,3962.0,6602.0,13,497.5975887333593
36111953300,349,0.8599818713490639,10178.74542928752,5918.0,5918.0,8563.0,13,1657.254570712479
36111953400,349,0.8365706527587757,10293.165311543979,6152.0,6152.000000000001,8228.0,13,2010.834688456023
36111953500,349,0.8080921478285024,12772.704488577307,7903.0,7903.0,9929.0,13,3033.2955114226925
36111953600,349,0.697550210589182,10327.928417983429,7403.0,7403.000000000001,10800.0,13,4478.0715820165715
36111953700,349,0.8241924900843662,10831.53770468874,6571.0,6571.0,9020.0,13,2310.4622953112585
36071014102,318,0.9121779638446932,11154.11214189291,6114.0,6114.000000000003,13131.0,13,1073.8878581070917
36071014201,318,0.8526769061306455,5608.9086885273855,3289.0,3288.9999999999995,6482.0,13,969.0913114726138
36071014202,318,0.8952290895914043,10993.413220182447,6140.0,6140.000000000002,12865.0,13,1286.586779817555
36071014302,318,0.9111409318476915,13528.620556074524,7424.0,7424.000000000001,15360.0,13,1319.3794439254766
36071014400,318,0.9456962655650009,9784.173563535498,5173.0,5172.999999999999,8672.0,13,561.8264364645015
36071014502,318,0.9560476895094038,11252.681305525683,5885.0,5885.0,9237.0,13,517.3186944743171
36071014601,318,0.0,0.0,0.0,0.0,0.0,13,0.0
36071014602,318,0.0,0.0,0.0,0.0,0.0,13,0.0
36071014700,318,0.8025266827682506,7233.975518473011,4507.0,4507.000000000001,7069.0,13,1780.0244815269891
36071014801,318,0.0,0.0,0.0,0.0,0.0,13,0.0
36071014802,318,0.0,0.0,0.0,0.0,0.0,13,0.0
36071014900,318,0.9346205457477019,6850.768600330654,3665.0,3664.9999999999995,5227.0,13,479.23139966934457
36087011700,318,0.9487621220260077,6216.289423514403,3276.0,3276.0,5380.0,13,335.7105764855971
36029012001,31,0.6924468114678044,7852.346842044903,5670.0,5670.000000000001,9216.0,26,3487.653157955098
36029012002,31,0.7251406528192339,5703.956375076094,3933.0,3933.0,7063.0,26,2162.0436249239065
36029012003,31,0.7927574051177467,11141.412571524812,7027.0,7027.000000000001,11119.0,26,2912.587428475188
36029012300,31,0.6890456826009697,5640.527957771536,4093.0,4092.999999999999,6385.0,26,2545.4720422284618
36029012400,31,0.609761204462492,3421.979879443506,2806.0,2806.0,3975.0,26,2190.0201205564945
36029012501,31,0.732039307834873,8903.062061887726,6081.0,6080.999999999999,9341.0,26,3258.937938112274
36029012502,31,0.7009856154775136,3375.946724139705,2408.0,2408.0000000000005,3598.0,26,1440.0532758602947
36029012800,31,0.6523672995454366,3276.188578317183,2511.0,2511.0000000000005,4646.0,26,1745.8114216828171
36029012902,31,0.671302540861431,5985.333454320518,4458.0,4458.0,6695.0,26,2930.6665456794813
36029012903,31,0.0,0.0,0.0,0.0,0.0,26,0.0
36029012904,31,0.0,0.0,0.0,0.0,0.0,26,0.0
36029013001,31,0.7505192740240495,6073.20196540261,4046.0,4046.0,6519.0,26,2018.7980345973913
36029013002,31,0.7016105830468802,11492.381350307896,8190.0,8189.999999999999,12469.0,26,4887.618649692102
36029013202,31,0.6650051888455037,9044.07056829885,6800.0,6799.999999999998,10174.0,26,4555.929431701149
36029013300,31,0.6678146186972699,7642.470496371556,5722.0,5722.0,7868.0,26,3801.5295036284438
36029013400,31,0.8100120788314158,14068.289785144028,8684.0,8684.0,13104.0,26,3299.7102148559698
36029013501,31,0.8170246848385767,16030.024316532877,9810.0,9810.0,14180.0,26,3589.9756834671243
36029013502,31,0.8155230938260926,18341.11438014882,11245.0,11245.0,16273.0,26,4148.8856198511785
36029013600,31,0.7712316810185582,5745.676023588259,3725.0,3725.0000000000014,5343.0,26,1704.3239764117416
36029013701,31,0.7494156315888136,13252.666029016578,8842.0,8842.0,14137.0,26,4431.333970983421
36029013702,31,0.8439694764020644,14008.205369321466,8299.0,8299.000000000002,12681.0,26,2589.7946306785343
36029013801,31,0.0,0.0,0.0,0.0,0.0,26,0.0
36029014102,31,0.8784699026294156,10069.02202393836,5731.0,5730.999999999999,11943.0,26,1392.977976061639
36029016200,31,0.659913116564286,2782.193699435029,2108.0,2107.9999999999995,3235.0,26,1433.8063005649706
36029017302,31,0.0,0.0,0.0,0.0,0.0,26,0.0
36029017400,31,0.6948080405568235,7663.732687341763,5515.0,5515.0,8108.0,26,3366.2673126582363
36051030204,82,0.0,0.0,0.0,0.0,0.0,6,0.0
36051030600,82,0.9866272533899875,9165.767183992983,4645.0,4644.999999999999,7385.0,6,124.23281600701607
36055012401,82,0.9196568878758523,5039.71974555967,2740.0,2739.999999999999,4980.0,6,440.28025444032914
36055012402,82,0.8607589185294157,10881.714248048873,6321.0,6321.0,12696.0,6,1760.2857519511272
36055013300,82,0.9699168031092751,6715.703944728621,3462.0,3462.0,7004.0,6,208.29605527137954
36069050502,82,0.0,0.0,0.0,0.0,0.0,6,0.0
36101962100,87,1.0,5816.0,2908.0,2908.0,6746.0,1,0.0
36043011400,256,0.9999376139287899,8763.453248471915,4382.0,4382.0,8138.0,2,0.5467515280851476
36043011504,256,0.0,0.0,0.0,0.0,0.0,2,0.0
36045062500,166,1.0,5118.0,2559.0,2559.0,5115.0,1,0.0
36027060100,348,0.9045905480240649,9574.186360286702,5292.0,5291.999999999998,8865.0,27,1009.8136397132968
36027140602,348,0.5507929590566312,2881.748761784294,2616.0,2615.9999999999995,5554.0,27,2350.2512382157056
36027140801,348,0.5422609402174874,3094.140924880983,2853.0,2853.0000000000005,5681.0,27,2611.859075119017
36027190301,348,0.7388523596607555,6176.805726763915,4180.0,4180.000000000001,7522.0,27,2183.194273236085
36027210101,348,0.7376657344959028,10134.051860504711,6869.0,6869.0,10432.0,27,3603.9481394952877
36027210201,348,0.8001509017241569,8646.43064403124,5403.0,5403.0,7802.0,27,2159.56935596876
36027210301,348,0.7782548783517861,8756.923891214297,5626.0,5625.999999999999,8540.0,27,2495.076108785703
36027640001,348,0.0,0.0,0.0,0.0,0.0,27,0.0
36027640002,348,0.0,0.0,0.0,0.0,0.0,27,0.0
36071000100,348,0.8046611739460541,9017.033115239485,5603.0,5603.000000000001,7938.0,27,2188.9668847605176
36071000200,348,0.7304686008937491,6133.014373103919,4198.0,4197.999999999999,6016.0,27,2262.985626896082
36071000301,348,0.0,0.0,0.0,0.0,0.0,27,0.0
36071000302,348,0.0,0.0,0.0,0.0,0.0,27,0.0
36071000400,348,0.7907187790216506,9934.590739628018,6282.0,6282.000000000002,8329.0,27,2629.409260371983
36071000501,348,0.7299820303439732,5955.193403546134,4079.0,4079.0,5879.0,27,2202.8065964538664
36071000600,348,0.6905324283252052,7015.809471784085,5080.0,5080.000000000001,7407.0,27,3144.190528215915
36071010101,348,0.8675191839974191,11345.415888318248,6539.0,6539.000000000001,10773.0,27,1732.584111681753
36071010102,348,0.7304847479164189,10422.556383271463,7134.0,7134.0,10379.0,27,3845.4436167285357
36071010200,348,0.7449085195980634,10604.51768499803,7118.0,7118.0,10369.0,27,3631.48231500197
36071010300,348,0.8789600882395059,6339.060156383315,3606.0,3605.999999999999,5965.0,27,872.9398436166837
36071010400,348,0.7275964369519676,7206.115111572288,4952.0,4952.0,7591.0,27,2697.8848884277127
36071010501,348,0.0,0.0,0.0,0.0,0.0,27,0.0
36071010502,348,0.0,0.0,0.0,0.0,0.0,27,0.0
36111953800,348,0.7229239666929356,6859.102595982574,4744.0,4744.000000000001,6643.0,27,2628.8974040174276
36111953900,348,0.7033104920907908,9659.26629837492,6867.0,6867.0,10543.0,27,4074.73370162508
36111954000,348,0.765371473290509,8449.70106512722,5520.0,5520.0,10272.0,27,2590.29893487278
36111954100,348,0.8875574168308985,13593.829396182042,7658.0,7658.0,12043.0,27,1722.1706038179584
36025970602,227,0.0,0.0,0.0,0.0,0.0,1,0.0
36065024302,195,0.9689601561534449,6104.448983766702,3150.0,3150.0,6712.0,2,195.55101623329733
36065024400,195,0.9906473289155873,6470.9083524766165,3266.0,3266.0000000000005,7695.0,2,61.09164752338386
36089493000,287,0.0,0.0,0.0,0.0,0.0,1,0.0
36075020502,164,0.0,0.0,0.0,0.0,0.0,3,0.0
36075020703,164,0.9995772620277975,8484.411800091946,4244.0,4244.000000000001,8873.0,3,3.588199908054425
36075020705,164,0.0,0.0,0.0,0.0,0.0,3,0.0
36101961400,99,0.9795373432749681,4643.007007123349,2370.0,2370.0,4110.0,2,96.9929928766514
36101961500,99,0.9663997481223848,3165.9255748489322,1638.0,1637.9999999999998,3951.0,2,110.07442515106746
36017970101,191,0.0,0.0,0.0,0.0,0.0,2,0.0
36053030900,191,0.9999222825868456,9419.267901968085,4710.0,4710.0,6170.0,2,0.7320980319148264
36013036801,4,0.0,0.0,0.0,0.0,0.0,4,0.0
36013036802,4,0.0,0.0,0.0,0.0,0.0,4,0.0
36013036902,4,0.9621397914404344,8162.793990580645,4242.0,4242.000000000001,7124.0,4,321.2060094193551
36013037100,4,0.8597467847897252,6530.636577262753,3798.0,3798.0,7282.0,4,1065.363422737247
36001000100,383,0.5583527088889717,2383.049361538131,2134.0,2134.0,3375.0,60,1884.950638461869
36001000202,383,0.0,0.0,0.0,0.0,0.0,60,0.0
36001000301,383,0.0,0.0,0.0,0.0,0.0,60,0.0
36001000302,383,0.0,0.0,0.0,0.0,0.0,60,0.0
36001000401,383,0.5534282965144304,2379.741675012051,2150.0,2150.0,3612.0,60,1920.2583249879492
36001000403,383,0.6790242686186072,7222.102121027506,5318.0,5318.0,8763.0,60,3413.897878972494
36001000404,383,0.6200013359300037,7177.135464725724,5788.0,5788.000000000001,6966.0,60,4398.864535274277
36001000501,383,0.4637805507160475,4414.263281715341,4759.0,4759.0,6814.0,60,5103.73671828466
36001000502,383,0.554268489671893,4781.119991909749,4313.0,4312.999999999999,6359.0,60,3844.880008090251
36001000600,383,0.519116034255038,4449.862645634185,4286.0,4286.000000000002,6573.0,60,4122.137354365815
36001000700,383,0.48179298079732547,4624.24902969273,4799.0,4799.0,7142.0,60,4973.75097030727
36001001802,383,0.5685746083319243,5948.427552368594,5231.0,5231.000000000001,8172.0,60,4513.572447631407
36001001803,383,0.0,0.0,0.0,0.0,0.0,60,0.0
36001012800,383,0.6254365477206015,6320.6617512644,5053.0,5053.0,7418.0,60,3785.3382487356007
36001012900,383,0.6451750622185639,5384.631069276134,4173.0,4173.0,5907.0,60,2961.3689307238656
36001013000,383,0.6616271946035106,12729.707224171543,9620.0,9620.0,13882.0,60,6510.292775828456
36001013200,383,0.5940673095370648,4912.936649871527,4135.0,4135.000000000001,5623.0,60,3357.0633501284738
36001013300,383,0.664961915218672,8562.049620355621,6438.0,6437.999999999998,9957.0,60,4313.950379644379
36001013400,383,0.6036805721267506,3716.257602012277,3078.0,3078.0000000000005,4595.0,60,2439.7423979877235
36001013503,383,0.6862552273686542,8767.596784861926,6388.0,6388.000000000001,9780.0,60,4008.4032151380748
36001013505,383,0.5457568294840166,3930.5406859438876,3601.0,3600.999999999999,5508.0,60,3271.459314056112
36001013507,383,0.5960066446222876,3304.2608377859624,2772.0,2772.0000000000005,4314.0,60,2239.739162214038
36001013509,383,0.0,0.0,0.0,0.0,0.0,60,0.0
36001013510,383,0.0,0.0,0.0,0.0,0.0,60,0.0
36001013511,383,0.0,0.0,0.0,0.0,0.0,60,0.0
36001013512,383,0.0,0.0,0.0,0.0,0.0,60,0.0
36001013602,383,0.6271677557235451,5811.336424534367,4633.0,4632.999999999999,7298.0,60,3454.6635754656318
36001013603,383,0.0,0.0,0.0,0.0,0.0,60,0.0
36001013604,383,0.0,0.0,0.0,0.0,0.0,60,0.0
36001013703,383,0.5732946114119084,3939.6805696226334,3436.0,3436.0000000000005,5565.0,60,2932.3194303773653
36001013706,383,0.535953297824596,3112.816753765253,2904.0,2903.999999999999,4354.0,60,2695.183246234746
36001013707,383,0.7557117000483418,12392.160457392707,8199.0,8199.0,12128.0,60,4005.839542607291
36001013708,383,0.0,0.0,0.0,0.0,0.0,60,0.0
36001013709,383,0.0,0.0,0.0,0.0,0.0,60,0.0
36001013802,383,0.6230591353178172,7786.993073202079,6249.0,6249.0,9347.0,60,4711.00692679792
36001013803,383,0.0,0.0,0.0,0.0,0.0,60,0.0
36001013804,383,0.0,0.0,0.0,0.0,0.0,60,0.0
36001013901,383,0.5821455610515265,4063.376016139656,3490.0,3490.0,5077.0,60,2916.623983860345
36001013902,383,0.5831343280585085,7755.686563178164,6650.0,6649.999999999999,9881.0,60,5544.313436821837
36001014001,383,0.5107752820470368,5512.286843851622,5396.0,5396.000000000001,8655.0,60,5279.713156148379
36001014002,383,0.504214126063492,6260.322589204317,6208.0,6208.0,8584.0,60,6155.677410795683
36001014608,383,0.6173961763851872,5862.794090953737,4748.0,4748.000000000001,7095.0,60,3633.2059090462626
36001014609,383,0.5319540268517047,6919.657981286975,6504.0,6503.999999999999,9824.0,60,6088.342018713025
36001014614,383,0.6251536082452431,9581.104199966596,7663.0,7663.0,11480.0,60,5744.895800033403
36001014615,383,0.640323100306363,5213.510682694407,4071.0,4071.0,5551.0,60,2928.489317305593
36001014617,383,0.0,0.0,0.0,0.0,0.0,60,0.0
36091062407,383,0.0,0.0,0.0,0.0,0.0,60,0.0
36091062506,383,0.4463078668349887,5270.003291587546,5904.0,5904.000000000001,11749.0,60,6537.996708412454
36091062507,383,0.48588475520275676,4119.330954608971,4239.0,4238.999999999999,7946.0,60,4358.669045391028
36093020101,383,0.49999109859306634,2318.958715274641,2319.0,2318.9999999999995,4457.0,60,2319.0412847253583
36093020500,383,0.6509498427846018,7219.033756481234,5545.0,5545.0,8621.0,60,3870.966243518766
36093020600,383,0.596618416390086,4424.522175948879,3708.0,3708.0000000000005,5724.0,60,2991.4778240511228
36093020700,383,0.68517256856679,9671.895977888807,7058.0,7058.000000000001,11777.0,60,4444.1040221111925
36093021700,383,0.5830470225467959,5260.250237417191,4511.0,4510.999999999999,7533.0,60,3761.749762582808
36093021801,383,0.0,0.0,0.0,0.0,0.0,60,0.0
36093021802,383,0.0,0.0,0.0,0.0,0.0,60,0.0
36093031901,383,0.0,0.0,0.0,0.0,0.0,60,0.0
36093031902,383,0.0,0.0,0.0,0.0,0.0,60,0.0
36093032101,383,0.7891954495619371,10598.894887616816,6715.0,6715.0,10904.0,60,2831.1051123831853
36093032102,383,0.38517372734659083,1284.939554428227,1668.0,1668.0,2574.0,60,2051.060445571773
36091060504,358,0.0,0.0,0.0,0.0,0.0,2,0.0
36091060505,358,0.0,0.0,0.0,0.0,0.0,2,0.0
36029013101,21,0.9194745961079835,11964.203444557083,6506.0,6505.999999999999,13982.0,6,1047.796555442918
36029013103,21,0.0,0.0,0.0,0.0,0.0,6,0.0
36029013104,21,0.0,0.0,0.0,0.0,0.0,6,0.0
36029013201,21,0.9406717480555387,9568.513021220939,5086.0,5086.0,12179.0,6,603.4869787790612
36029015401,21,0.9845633418757145,5367.839339906395,2726.0,2726.0,4882.0,6,84.1606600936044
36029015402,21,0.9366460861826191,10516.662255658448,5614.0,5613.999999999999,10711.0,6,711.3377443415518
36003950600,58,1.0,7064.0,3532.0,3532.0,6462.0,1,0.0
36017970602,207,0.9998653946950797,6923.067992868732,3462.0,3462.0000000000005,7153.0,3,0.9320071312679523
36077591601,207,0.0,0.0,0.0,0.0,0.0,3,0.0
36077591602,207,0.0,0.0,0.0,0.0,0.0,3,0.0
36007011901,173,0.9776304297260104,5386.743667790318,2755.0,2755.0,5286.0,3,123.25633220968228
36017970700,173,0.9784234334707147,3219.0130961186514,1645.0,1645.0,3584.0,3,70.98690388134851
36017970802,173,0.9718508304138701,6834.055039470335,3516.0,3516.0000000000005,6748.0,3,197.94496052966548
36053030200,177,0.917456025428281,7756.173238970687,4227.0,4226.999999999999,6876.0,7,697.826761029313
36053030300,177,0.9322751762338021,10875.922205943536,5833.0,5833.0,9619.0,7,790.0777940564645
36053030401,177,0.9016936060379589,14528.087380483596,8056.0,8056.000000000001,16152.0,7,1583.912619516406
36053030402,177,0.8179885245259662,6314.871409340458,3860.0,3859.999999999999,6422.0,7,1405.1285906595415
36053030403,177,0.9226105951487156,10840.674492997408,5875.0,5875.000000000001,10577.0,7,909.3255070025923
36053030602,177,0.0,0.0,0.0,0.0,0.0,7,0.0
36067015602,177,0.0,0.0,0.0,0.0,0.0,7,0.0
36065024200,213,0.9904853181485744,9522.525848680394,4807.0,4807.0,7629.0,2,91.47415131960557
36065024303,213,0.9286627506424677,4797.471769818988,2583.0,2582.9999999999995,5733.0,2,368.52823018101157
36089490700,290,1.0,10068.0,5034.0,5034.0,10521.0,1,0.0
36101961300,98,0.9487490581760707,7552.042503081522,3980.0,3980.0,7369.0,3,407.9574969184777
36101961700,98,0.9572041826408026,5406.289223555254,2824.0,2824.0000000000005,5524.0,3,241.71077644474687
36101962302,98,0.0,0.0,0.0,0.0,0.0,3,0.0
36111950900,297,1.0,1472.0,736.0,736.0,1797.0,1,0.0
36013036401,5,0.9492901397742711,6656.422460097189,3506.0,3506.0,5183.0,2,355.5775399028106
36013036402,5,0.8964714163039237,6558.584881679507,3658.0,3658.000000000001,7224.0,2,757.4151183204942
36017970102,209,0.0,0.0,0.0,0.0,0.0,2,0.0
36053031100,209,0.9999357538908111,4513.709993063121,2257.0,2257.0,4506.0,2,0.2900069368787752
36087010902,373,0.6190422934935689,4614.3412557010615,3727.0,3726.999999999999,7968.0,51,2839.6587442989376
36087011000,373,0.5390445076882044,2436.4811747506833,2260.0,2259.999999999999,4574.0,51,2083.518825249316
36087013102,373,0.0,0.0,0.0,0.0,0.0,51,0.0
36087013200,373,0.5541456220334331,3589.75533953258,3239.0,3239.0,6893.0,51,2888.2446604674205
36087013300,373,0.5436496459678212,2644.3118779874826,2432.0,2432.0000000000005,3742.0,51,2219.688122012518
36087013402,373,0.7902013992486105,6572.895238949944,4159.0,4159.000000000001,7412.0,51,1745.1047610500577
36119008500,373,0.782434700745058,5705.513837832964,3646.0,3646.000000000001,7419.0,51,1586.4861621670366
36119008602,373,0.6048640014298343,8183.809939345659,6765.0,6765.000000000003,12018.0,51,5346.190060654343
36119008902,373,0.6002233805492652,5420.017126359864,4515.0,4514.999999999999,7308.0,51,3609.9828736401355
36119009600,373,0.5664538858518942,5527.457018142783,4879.0,4879.0,8930.0,51,4230.542981857217
36119009701,373,0.5958750348512672,3196.2736869421974,2682.0,2682.0,5117.0,51,2167.7263130578026
36119009703,373,0.6674957860091996,4930.123875463949,3693.0,3693.0000000000005,7113.0,51,2455.876124536052
36119009900,373,0.5816882415436577,4896.651617314511,4209.0,4209.0,6830.0,51,3521.34838268549
36119010000,373,0.6375198813549414,8841.125714630329,6934.0,6934.000000000002,10857.0,51,5026.874285369673
36119010200,373,0.7279562615693906,10108.400648152561,6943.0,6942.999999999999,9878.0,51,3777.5993518474406
36119010300,373,0.6969314219161048,5714.837659712059,4100.0,4100.0,6471.0,51,2485.162340287941
36119010400,373,0.6250207580067555,7564.001213397756,6051.0,6051.000000000001,8585.0,51,4537.998786602245
36119010500,373,0.6172716568489565,13156.528094078658,10657.0,10656.999999999998,14151.0,51,8157.471905921342
36119010600,373,0.6609884183390262,10290.267696701958,7784.0,7784.000000000001,10305.0,51,5277.73230329804
36119010701,373,0.5987520267285363,10390.742671847021,8677.0,8677.0,12238.0,51,6963.25732815298
36119010702,373,0.6490340794034783,8684.075982418539,6690.0,6689.999999999999,10976.0,51,4695.92401758146
36119010801,373,0.5362728228348692,3629.494464946395,3384.0,3383.9999999999995,6399.0,51,3138.505535053605
36119010901,373,0.6415327174149492,3977.5028479726852,3100.0,3100.0,4735.0,51,2222.4971520273148
36119010902,373,0.7471604726662435,11026.594255608423,7379.0,7379.000000000001,12295.0,51,3731.405744391579
36119010903,373,0.574840368759479,6877.390171838408,5982.0,5982.000000000001,9590.0,51,5086.609828161594
36119011000,373,0.587959778908872,4472.02207838088,3803.0,3803.0000000000005,5645.0,51,3133.9779216191196
36119011101,373,0.6699699439201102,11432.367123052762,8532.0,8532.000000000002,13487.0,51,5631.632876947239
36119011102,373,0.5206393490346377,5163.701063725536,4959.0,4959.000000000001,6959.0,51,4754.298936274464
36119011200,373,0.6381928176939076,7397.931142707777,5796.0,5796.0,8768.0,51,4194.068857292223
36119011300,373,0.6866572708589835,13899.316476727548,10121.0,10121.000000000002,13590.0,51,6342.683523272456
36119011401,373,0.0,0.0,0.0,0.0,0.0,51,0.0
36119011402,373,0.0,0.0,0.0,0.0,0.0,51,0.0
36119011500,373,0.705245077440529,8938.276111481267,6337.0,6337.0,10527.0,51,3735.723888518735
36119011601,373,0.0,0.0,0.0,0.0,0.0,51,0.0
36119011602,373,0.0,0.0,0.0,0.0,0.0,51,0.0
36119011700,373,0.7616334570952161,5742.7162664979305,3770.0,3770.0,6309.0,51,1797.28373350207
36119011800,373,0.7600379024925187,10333.475322288285,6798.0,6797.999999999999,12304.0,51,3262.524677711716
36119011902,373,0.6370910262384348,8113.991310172709,6368.0,6368.000000000001,8955.0,51,4622.008689827293
36119012000,373,0.6323291540852349,10446.077625488082,8260.0,8260.0,11380.0,51,6073.922374511918
36119012101,373,0.7416385691577584,10965.867883566614,7393.0,7393.0,12045.0,51,3820.1321164333845
36119012102,373,0.7808952534733471,12522.436284698593,8018.0,8018.000000000002,11955.0,51,3513.5637153014054
36119012201,373,0.0,0.0,0.0,0.0,0.0,51,0.0
36119012202,373,0.0,0.0,0.0,0.0,0.0,51,0.0
36119012301,373,0.6740860036804607,5543.6832942681085,4112.0,4112.0,6149.0,51,2680.3167057318915
36119012303,373,0.7881631758514124,9399.634035203944,5963.0,5963.000000000001,9649.0,51,2526.3659647960562
36119013201,373,0.6776195394511613,9021.826548252762,6657.0,6657.0,10287.0,51,4292.173451747238
36119013202,373,0.5899595431683091,4660.680391029642,3950.0,3950.0,6077.0,51,3239.3196089703574
36119013304,373,0.6863146074780818,8393.627649456941,6115.0,6115.0,10423.0,51,3836.3723505430594
36119013401,373,0.0,0.0,0.0,0.0,0.0,51,0.0
36119981000,373,0.7501687414812378,2939.16112912349,1959.0,1959.0,3237.0,51,978.8388708765102
36119982000,373,0.0,0.0,0.0,0.0,0.0,51,0.0
36073990000,56,0.0,0.0,0.0,0.0,0.0,1,0.0
36009960200,39,0.9806664521623875,9388.900613002697,4787.0,4787.0,8227.0,2,185.0993869973026
36009960800,39,0.9899961324884451,9005.004821114897,4548.0,4548.0,7842.0,2,90.99517888510317
36001014501,354,0.9007341629829437,3992.053810340407,2216.0,2216.0,4996.0,5,439.9461896595933
36001014502,354,0.9092886088317175,6019.49059046597,3310.0,3310.000000000001,6746.0,5,600.5094095340304
36001014503,354,0.8790777457446537,5710.48903635727,3248.0,3247.9999999999995,6316.0,5,785.5109636427296
36001014801,354,0.9825100900359839,4470.420909663726,2275.0,2274.9999999999995,4067.0,5,79.57909033627337
36001014803,354,0.9610341090839938,6048.748682574657,3147.0,3147.0,6253.0,5,245.25131742534285
36089492800,202,1.0,4144.0,2072.0,2072.0,4025.0,1,0.0
36091060103,386,0.0,0.0,0.0,0.0,0.0,5,0.0
36091060301,386,0.0,0.0,0.0,0.0,0.0,5,0.0
36091060400,386,0.996029565066722,4601.656590608256,2310.0,2310.0,4195.0,5,18.343409391744064
36091060703,386,0.0,0.0,0.0,0.0,0.0,5,0.0
36091062900,386,0.0,0.0,0.0,0.0,0.0,5,0.0
36089492301,264,0.0,0.0,0.0,0.0,0.0,2,0.0
36089492302,264,0.0,0.0,0.0,0.0,0.0,2,0.0
36017970801,189,1.0,6080.0,3040.0,3040.0,6265.0,1,0.0
36027060202,347,0.605205597259631,4203.758078565397,3473.0,3472.999999999999,8770.0,17,2742.241921434603
36071000502,347,0.7018764375467006,5672.565368252434,4041.0,4041.000000000001,7279.0,17,2409.4346317475665
36071012601,347,0.7615321700493916,6832.466629683141,4486.0,4486.0,7827.0,17,2139.533370316859
36071012602,347,0.7093697251527014,6147.39803817331,4333.0,4332.999999999999,7711.0,17,2518.6019618266896
36071012700,347,0.7411453716768597,7919.879441738922,5343.0,5343.0,8719.0,17,2766.1205582610783
36071012800,347,0.7617275133118699,10548.402604342773,6924.0,6924.000000000002,10996.0,17,3299.597395657226
36071012900,347,0.7619033841587713,6474.654958581237,4249.0,4248.999999999999,6157.0,17,2023.3450414187614
36071013000,347,0.762160829173941,11179.375042323369,7334.0,7334.0,10005.0,17,3488.6249576766336
36071013100,347,0.9140254935901743,10147.511029838115,5551.0,5551.0,8712.0,17,954.4889701618854
36071013201,347,0.8902688600218467,10177.553607769752,5716.0,5716.000000000001,10968.0,17,1254.4463922302484
36071013500,347,0.7546339950981084,9648.750261324414,6393.0,6393.000000000001,13333.0,17,3137.2497386755863
36071013600,347,0.7078968157929951,9508.47002973151,6716.0,6715.999999999999,7688.0,17,3923.5299702684897
36071013700,347,0.7635597412747475,5589.2573061311505,3660.0,3659.9999999999995,5429.0,17,1730.742693868849
36071013800,347,0.8733320962957981,7292.3230040699145,4175.0,4175.0,5791.0,17,1057.676995930086
36071015202,347,0.0,0.0,0.0,0.0,0.0,17,0.0
36079010700,347,0.797625287227181,3536.6705235653203,2217.0,2217.0000000000005,3963.0,17,897.3294764346799
36079010800,347,0.7045215482713987,3464.8369743987387,2459.0,2459.0,5798.0,17,1453.1630256012613
36087010804,345,0.9034523072641891,9227.861866396428,5107.0,5107.0,7731.0,54,986.1381336035718
36087010901,345,0.8337737840146587,13105.256337142408,7859.0,7859.000000000003,11434.0,54,2612.7436628575942
36087011101,345,0.8827704837758971,16702.017553039976,9460.0,9460.0,14242.0,54,2217.982446960027
36087011102,345,0.8716521961267517,17032.083912316728,9770.0,9770.000000000002,13952.0,54,2507.9160876832716
36087011200,345,0.8794233396079552,16615.824578552703,9447.0,9447.0,12748.0,54,2278.1754214472962
36087011302,345,0.642978814281332,11122.24752943848,8649.0,8649.0,11649.0,54,6175.752470561519
36087011303,345,0.8960117392908271,14407.868767796503,8040.0,8040.000000000001,10996.0,54,1672.1312322035005
36087011304,345,0.0,0.0,0.0,0.0,0.0,54,0.0
36087011305,345,0.0,0.0,0.0,0.0,0.0,54,0.0
36087011401,345,0.7340051736976343,9186.808753999592,6258.0,6258.0,8934.0,54,3329.19124600041
36087011403,345,0.8577622902236806,15319.634503394935,8930.0,8930.0,12512.0,54,2540.3654966050644
36087011404,345,0.6350812553947175,6555.308718184273,5161.0,5161.000000000001,6830.0,54,3766.691281815726
36087011405,345,0.7597251259049846,9724.481611583804,6400.0,6399.999999999999,9730.0,54,3075.5183884161966
36087011505,345,0.44057987999443715,2838.215586924164,3221.0,3221.0,4923.0,54,3603.784413075836
36087011506,345,0.7591024943560072,8239.298473740102,5427.0,5427.000000000001,11727.0,54,2614.7015262598984
36087011510,345,0.0,0.0,0.0,0.0,0.0,54,0.0
36087011511,345,0.0,0.0,0.0,0.0,0.0,54,0.0
36087011512,345,0.0,0.0,0.0,0.0,0.0,54,0.0
36087011602,345,0.8606014735940933,12318.649493025852,7157.0,7157.0,10613.0,54,1995.350506974148
36087011603,345,0.8923435169925927,14455.964975280001,8100.0,8100.000000000002,10475.0,54,1744.0350247199983
36087011901,345,0.7964412469295841,9133.588219788471,5734.0,5734.0,7221.0,54,2334.4117802115293
36087011902,345,0.7395946255872322,7425.530040895812,5020.0,5020.000000000003,6476.0,54,2614.4699591041895
36087012000,345,0.7676851091898065,8246.4734429169,5371.0,5371.000000000001,7068.0,54,2495.526557083099
36087012107,345,0.0,0.0,0.0,0.0,0.0,54,0.0
36087012108,345,0.0,0.0,0.0,0.0,0.0,54,0.0
36087012109,345,0.0,0.0,0.0,0.0,0.0,54,0.0
36087012110,345,0.0,0.0,0.0,0.0,0.0,54,0.0
36087012111,345,0.0,0.0,0.0,0.0,0.0,54,0.0
36087012112,345,0.0,0.0,0.0,0.0,0.0,54,0.0
36087012113,345,0.0,0.0,0.0,0.0,0.0,54,0.0
36087012114,345,0.0,0.0,0.0,0.0,0.0,54,0.0
36087012115,345,0.0,0.0,0.0,0.0,0.0,54,0.0
36087012116,345,0.0,0.0,0.0,0.0,0.0,54,0.0
36087012203,345,0.6765472860547109,5680.291013715353,4198.0,4198.0,7978.0,54,2715.708986284647
36087012204,345,0.6159439733315766,5384.582214864643,4371.0,4371.000000000001,7699.0,54,3357.4177851353575
36087012205,345,0.0,0.0,0.0,0.0,0.0,54,0.0
36087012206,345,0.0,0.0,0.0,0.0,0.0,54,0.0
36087012301,345,0.0,0.0,0.0,0.0,0.0,54,0.0
36087012302,345,0.0,0.0,0.0,0.0,0.0,54,0.0
36087012401,345,0.8380168691796592,9759.544458466313,5823.0,5822.999999999999,9736.0,54,1886.4555415336886
36087012403,345,0.0,0.0,0.0,0.0,0.0,54,0.0
36087012404,345,0.0,0.0,0.0,0.0,0.0,54,0.0
36087012503,345,0.0,0.0,0.0,0.0,0.0,54,0.0
36087012504,345,0.0,0.0,0.0,0.0,0.0,54,0.0
36087012505,345,0.0,0.0,0.0,0.0,0.0,54,0.0
36087012506,345,0.0,0.0,0.0,0.0,0.0,54,0.0
36087012600,345,0.7375440098776324,15930.950613356858,10800.0,10800.0,13752.0,54,5669.049386643142
36087012700,345,0.7171731421604468,9468.119822802219,6601.0,6600.999999999999,8162.0,54,3733.880177197781
36087012800,345,0.815356328794034,15847.265606440844,9718.0,9717.999999999998,12283.0,54,3588.734393559157
36087013001,345,0.6641338558194785,5597.320136846565,4214.0,4214.0,5173.0,54,2830.6798631534357
36087013002,345,0.8114634192585861,13679.650321861245,8429.0,8429.0,10309.0,54,3178.3496781387553
36087013003,345,0.8256086128311805,6903.739220494332,4181.0,4181.0,6258.0,54,1458.2607795056686
36087013101,345,0.0,0.0,0.0,0.0,0.0,54,0.0
36087013401,345,0.8122517703113168,11048.24857977453,6801.0,6801.0,8576.0,54,2553.751420225469
36001014802,325,0.990427761234927,3171.3496914742364,1601.0,1601.0,3513.0,2,30.650308525763705
36095740800,325,0.9914222644410128,4782.621003663446,2412.0,2412.0,4653.0,2,41.378996336554344
36053030404,178,0.0,0.0,0.0,0.0,0.0,2,0.0
36065026700,178,0.999884689885412,9942.853356220538,4972.0,4972.000000000001,10273.0,2,1.1466437794629905
36121971100,60,1.0,4720.0,2360.0,2360.0,4860.0,1,0.0
36001014606,355,0.5310084114171154,4653.757717659599,4382.0,4382.0,7809.0,27,4110.2422823404
36001014611,355,0.5058758221084674,2181.336544931711,2156.0,2156.0,3965.0,27,2130.663455068289
36001014612,355,0.6420343974824183,2948.221953239265,2296.0,2296.0,4211.0,27,1643.778046760735
36001014613,355,0.6511269021586172,4581.328883588029,3518.0,3518.000000000001,6036.0,27,2454.6711164119697
36001014616,355,0.0,0.0,0.0,0.0,0.0,27,0.0
36001014700,355,0.7998286360855013,4805.37044560169,3004.0,3003.9999999999986,5618.0,27,1202.6295543983083
36093020300,355,0.42471737043324276,1594.3890086063934,1877.0,1877.0000000000002,3066.0,27,2159.6109913936066
36093020800,355,0.565800083587374,3748.991353849941,3313.0,3313.0000000000005,5238.0,27,2877.0086461500596
36093020900,355,0.5407476042188846,3776.5812678646894,3492.0,3491.9999999999995,5250.0,27,3207.4187321353097
36093021001,355,0.6298591344506488,1089.6563025996224,865.0,865.0000000000001,1796.0,27,640.3436974003777
36093021002,355,0.4716994388553467,2376.421772953237,2519.0,2519.0,3757.0,27,2661.5782270467635
36093021200,355,0.6711213361073476,5069.6505729549035,3777.0,3777.0,5676.0,27,2484.3494270450965
36093021400,355,0.5514546357714111,3903.195911990048,3539.0,3539.0,5070.0,27,3174.8040880099525
36093021500,355,0.6488806586228308,5706.256511929176,4397.0,4397.000000000002,6046.0,27,3087.743488070826
36093021600,355,0.5590911666067415,5284.529706766922,4726.0,4726.000000000001,7923.0,27,4167.470293233079
36093032601,355,0.7248061485967645,3579.0927617708226,2469.0,2469.0,3567.0,27,1358.9072382291772
36093032700,355,0.6528832956338099,6599.34435226655,5054.0,5054.0,7318.0,27,3508.6556477334498
36093032901,355,0.5495653225160309,6103.472471863038,5553.0,5553.000000000001,9043.0,27,5002.527528136962
36093032902,355,0.4840989597406684,5354.134494731792,5530.0,5530.0,8256.0,27,5705.865505268207
36093033002,355,0.45717670624018225,3188.3503493190306,3487.0,3487.0,5129.0,27,3785.649650680969
36093033003,355,0.5770195374401632,5441.294238060738,4715.0,4715.0,6721.0,27,3988.705761939261
36093033004,355,0.4971416886561735,3591.351558852197,3612.0,3612.0,5260.0,27,3632.648441147803
36093033101,355,0.7419473798063936,3473.7976322535346,2341.0,2341.0,3933.0,27,1208.2023677464654
36093033200,355,0.5573936144511217,4490.362958018236,4028.0,4027.9999999999995,6261.0,27,3565.6370419817636
36093033300,355,0.5727891708995951,3240.8411289499095,2829.0,2828.9999999999995,4357.0,27,2417.1588710500905
36093033400,355,0.7618889076620514,5078.751458475234,3333.0,3333.0,4881.0,27,1587.2485415247656
36093033500,355,0.7244981658286278,3176.1999589927045,2192.0,2192.0,3561.0,27,1207.8000410072957
36017970201,174,0.0,0.0,0.0,0.0,0.0,1,0.0
36051031101,80,0.0,0.0,0.0,0.0,0.0,3,0.0
36051031400,80,0.9922765236278414,11182.956421285773,5635.0,5635.000000000001,8170.0,3,87.04357871422776
36101960400,80,0.9061635881680894,8907.588071692318,4915.0,4915.0,7084.0,3,922.4119283076814
36091061600,356,0.8215896076827862,7055.811550779768,4294.0,4294.0,8156.0,10,1532.1884492202314
36093020200,356,0.6138157533979776,2377.9222286637646,1937.0,1936.9999999999998,3711.0,10,1496.0777713362352
36093032200,356,0.84374435119752,10219.431581704363,6056.0,6056.000000000001,9077.0,10,1892.568418295638
36093032300,356,0.8910898539527813,6816.837382738778,3825.0,3825.000000000001,5744.0,10,833.162617261223
36093032402,356,0.6846864624005107,4555.9037208129985,3327.0,3327.0000000000005,6095.0,10,2098.0962791870015
36093032403,356,0.8702066361275091,4854.012616319245,2789.0,2788.9999999999995,4257.0,10,723.987383680754
36093032404,356,0.911256537305143,14182.796746617245,7782.0,7782.0,12633.0,10,1381.2032533827548
36093032503,356,0.8358041967620501,7823.1272816927885,4680.0,4680.0,8600.0,10,1536.8727183072112
36093032504,356,0.8842559974866733,4599.899698925675,2601.0,2601.0,4195.0,10,602.1003010743254
36093032602,356,0.8907399409429698,7282.689757149721,4088.0,4088.0,8162.0,10,893.3102428502787
36057070200,328,0.8418825334723794,5499.176708641583,3266.0,3266.0000000000005,4419.0,10,1032.8232913584175
36057070300,328,0.8910404284154062,6231.936756337352,3497.0,3496.9999999999995,4265.0,10,762.0632436626487
36057070400,328,0.921616722947888,5068.891976213384,2750.0,2750.0,3550.0,10,431.1080237866163
36057070500,328,0.8885948254392328,7670.3505331914575,4316.0,4316.0,5356.0,10,961.6494668085418
36057070600,328,0.7446824389449072,5145.755653109309,3455.0,3455.0000000000005,4050.0,10,1764.244346890691
36057070700,328,0.8231209975844189,6958.664913578677,4227.0,4227.0,5731.0,10,1495.3350864213219
36057070800,328,0.8581012281126814,6437.475413301336,3751.0,3751.0000000000005,4681.0,10,1064.5245866986645
36057070900,328,0.7811503602464591,2985.5566768619665,1911.0,1910.9999999999998,2375.0,10,836.4433231380331
36057072100,328,0.8601049558443816,13099.398477509932,7615.0,7615.000000000001,10748.0,10,2130.601522490069
36057072800,328,0.8831943258881614,8621.743009320231,4881.0,4881.0,7509.0,10,1140.2569906797685
36113076000,417,1.0,4108.0,2054.0,2054.0,3421.0,1,0.0
36069050304,103,0.0,0.0,0.0,0.0,0.0,7,0.0
36117020302,103,0.8617913764380153,9979.544139152218,5790.0,5790.0,10614.0,7,1600.4558608477828
36117020601,103,0.0,0.0,0.0,0.0,0.0,7,0.0
36117020602,103,0.0,0.0,0.0,0.0,0.0,7,0.0
36117020700,103,0.8753677625419591,6782.3494241751,3874.0,3874.0000000000005,6228.0,7,965.6505758249006
36117021100,103,0.9061946584401559,12075.950018373516,6663.0,6663.0,10007.0,7,1250.049981626483
36117021200,103,0.8198417989227519,8757.550096092837,5341.0,5341.0,8087.0,7,1924.4499039071643
36007010200,157,0.9847128391801919,8580.787680616193,4357.0,4357.0,10229.0,3,133.21231938380717
36007012000,157,0.9386558085232949,2446.1370370117065,1303.0,1303.0,2797.0,3,159.86296298829348
36107020102,157,0.0,0.0,0.0,0.0,0.0,3,0.0
36043010400,255,0.9668433414367353,8964.571461801408,4636.0,4635.999999999999,6893.0,7,307.4285381985904
36043010501,255,0.8565686371274004,6141.597128203461,3585.0,3585.0000000000005,4594.0,7,1028.4028717965393
36043010701,255,0.7907730504044481,6892.377907325169,4358.0,4357.999999999999,6356.0,7,1823.6220926748304
36043010702,255,0.8803128617871153,4030.072281261415,2289.0,2289.0000000000005,3320.0,7,547.927718738586
36043011100,255,0.7093105526124572,4183.513639308273,2949.0,2949.0,3516.0,7,1714.4863606917272
36043011200,255,0.8806134204112278,16486.844456939005,9361.0,9360.999999999998,12370.0,7,2235.1555430609933
36043011301,255,0.6605127411240783,3099.125781354175,2346.0,2346.0,3342.0,7,1592.8742186458248
36047002200,342,0.46718857710620665,8030.03726330148,8594.0,8593.999999999998,12588.0,432,9157.96273669852
36047003000,342,0.2957725303703148,1538.0171579256362,2600.0,2599.999999999999,3536.0,432,3661.9828420743625
36047003400,342,0.30887577178163705,2732.315077180361,4423.0,4423.0,6424.0,432,6113.684922819639
36047003600,342,0.2913092939365066,3998.5113685724905,6863.0,6863.0,9512.0,432,9727.48863142751
36047003800,342,0.23309712679921046,1124.4605396793909,2412.0,2411.9999999999995,3471.0,432,3699.5394603206087
36047004400,342,0.318592013598906,2729.0591884882288,4283.0,4283.0,5421.0,432,5836.940811511771
36047004600,342,0.29025313116182083,1464.0367935802237,2522.0,2522.0000000000005,3238.0,432,3579.963206419776
36047005000,342,0.2970375550267804,2752.9440599882,4634.0,4634.0,5936.0,432,6515.055940011799
36047005201,342,0.2599477623323234,1021.5947059660314,1965.0,1964.9999999999998,2665.0,432,2908.405294033969
36047005202,342,0.2764260842194144,2254.5311428935443,4078.0,4078.0000000000005,6010.0,432,5901.468857106456
36047005400,342,0.35561059646847504,3334.2049524884233,4688.0,4688.000000000001,6584.0,432,6041.795047511578
36047005601,342,0.26980189461073667,1954.984528349398,3623.0,3622.9999999999995,5289.0,432,5291.015471650602
36047005602,342,0.2566160718542153,1597.1784312206373,3112.0,3112.0,3994.0,432,4626.821568779364
36047005800,342,0.3989807482705565,3691.3698829991895,4626.0,4626.000000000001,6712.0,432,5560.630117000811
36047006000,342,0.4447355468530201,3839.8467115289745,4317.0,4317.0,5964.0,432,4794.153288471025
36047006200,342,0.3326561701522571,2526.8562684765448,3798.0,3798.0,5539.0,432,5069.143731523455
36047006400,342,0.3499845387349807,3380.8506441799127,4830.0,4830.0,6715.0,432,6279.149355820086
36047006600,342,0.3031287012897168,3113.7380196479717,5136.0,5136.0,7016.0,432,7158.261980352029
36047006800,342,0.4620985697370862,7518.34372962239,8135.0,8135.000000000002,11634.0,432,8751.656270377609
36047007000,342,0.3243630654727201,3202.7609084776373,4937.0,4936.999999999998,6848.0,432,6671.2390915223605
36047007200,342,0.2619879476901451,1821.3402123418891,3476.0,3476.0,4706.0,432,5130.659787658111
36047007400,342,0.34152857497373335,5514.320371525898,8073.0,8072.999999999999,11776.0,432,10631.679628474101
36047007600,342,0.30044843308453606,4637.121116226729,7717.0,7717.0,10798.0,432,10796.87888377327
36047007800,342,0.2888332136176518,4164.974940366538,7210.0,7210.0,11369.0,432,10255.02505963346
36047008600,342,0.0,0.0,0.0,0.0,0.0,432,0.0
36047009001,342,0.0,0.0,0.0,0.0,0.0,432,0.0
36047009002,342,0.0,0.0,0.0,0.0,0.0,432,0.0
36047009201,342,0.0,0.0,0.0,0.0,0.0,432,0.0
36047009202,342,0.0,0.0,0.0,0.0,0.0,432,0.0
36047009401,342,0.0,0.0,0.0,0.0,0.0,432,0.0
36047009402,342,0.0,0.0,0.0,0.0,0.0,432,0.0
36047009600,342,0.20506421337304281,2973.4310939091188,7250.0,7250.0,13144.0,432,11526.568906090879
36047009800,342,0.3336676513412,8475.158344066474,12700.0,12699.999999999998,19820.0,432,16924.84165593352
36047010000,342,0.29209277858551785,5557.357205368062,9513.0,9513.0,14536.0,432,13468.642794631938
36047010200,342,0.2998745596999617,4947.930235049367,8250.0,8250.0,13131.0,432,11552.069764950633
36047010401,342,0.0,0.0,0.0,0.0,0.0,432,0.0
36047010402,342,0.0,0.0,0.0,0.0,0.0,432,0.0
36047010601,342,0.0,0.0,0.0,0.0,0.0,432,0.0
36047010602,342,0.0,0.0,0.0,0.0,0.0,432,0.0
36047010801,342,0.0,0.0,0.0,0.0,0.0,432,0.0
36047010802,342,0.0,0.0,0.0,0.0,0.0,432,0.0
36047011000,342,0.2830006154318683,2560.0235671966807,4523.0,4523.0,6277.0,432,6485.97643280332
36047011200,342,0.35346979850126936,7182.506305545794,10160.0,10160.0,16292.0,432,13137.493694454206
36047011400,342,0.2870081510009801,3217.3613727209863,5605.0,5605.0,8483.0,432,7992.638627279013
36047011600,342,0.25827276570232527,2978.9180796106207,5767.0,5767.000000000001,8850.0,432,8555.08192038938
36047011800,342,0.2586307722137131,1603.5107877250211,3100.0,3100.0,4778.0,432,4596.489212274979
36047012000,342,0.19401659063157128,742.6955089376545,1914.0,1914.0,2378.0,432,3085.3044910623453
36047012200,342,0.29976589884741767,5636.797961926841,9402.0,9402.0,12869.0,432,13167.20203807316
36047012600,342,0.2723495916284635,2131.4079040843544,3913.0,3913.0,5671.0,432,5694.592095915645
36047012801,342,0.2833911417839461,2010.9435420988802,3548.0,3548.0,5164.0,432,5085.056457901119
36047013000,342,0.33260135308330696,6081.283139775188,9142.0,9142.0,12768.0,432,12202.716860224815
36047013200,342,0.3024170187695957,2410.263639593677,3985.0,3985.000000000001,5565.0,432,5559.736360406323
36047013400,342,0.29248237729716897,3398.645224193103,5810.0,5810.0,8459.0,432,8221.354775806896
36047013600,342,0.31818190842096683,4163.0920897799315,6542.0,6542.000000000001,9072.0,432,8920.90791022007
36047013800,342,0.38250993158107305,4480.72133854069,5857.0,5857.0,8342.0,432,7233.278661459311
36047014000,342,0.2992420325723586,1782.8840300661132,2979.0,2978.999999999999,3874.0,432,4175.115969933887
36047014200,342,0.3506356604085268,4321.9351501955,6163.0,6162.999999999999,7854.0,432,8004.064849804499
36047014800,342,0.2831502425818119,1226.0405503792454,2165.0,2165.0000000000005,3007.0,432,3103.9594496207546
36047015000,342,0.3548062439606232,2235.988949439848,3151.0,3151.0,3826.0,432,4066.0110505601524
36047015200,342,0.43911409616525765,3842.248341446004,4375.0,4375.0,6460.0,432,4907.751658553995
36047015400,342,0.0,0.0,0.0,0.0,0.0,432,0.0
36047016000,342,0.38762109893697505,5405.763845775054,6973.0,6972.999999999999,9644.0,432,8540.236154224945
36047016200,342,0.2450255642236232,1840.1419873194104,3755.0,3754.9999999999995,4898.0,432,5669.85801268059
36047016400,342,0.19127597719276224,335.498063996105,877.0,877.0000000000001,1219.0,432,1418.501936003895
36047016600,342,0.3301576378190727,2363.928686784561,3580.0,3580.0,4267.0,432,4796.07131321544
36047016800,342,0.3147340031856304,2429.1170365866956,3859.0,3858.9999999999995,5382.0,432,5288.882963413304
36047017000,342,0.34925056041798186,4832.230753943196,6918.0,6918.0,9787.0,432,9003.769246056803
36047017200,342,0.3433135690841671,4556.457688885064,6636.0,6636.0,8760.0,432,8715.542311114934
36047017400,342,0.3119404807964191,2071.908673449816,3321.0,3321.0,4917.0,432,4570.091326550184
36047017600,342,0.32271365908060246,3203.90120735222,4964.0,4964.0,6464.0,432,6724.098792647779
36047017800,342,0.4257897514056692,5405.826683846376,6348.0,6347.999999999999,8809.0,432,7290.173316153623
36047018000,342,0.34728565084198415,3965.3075613137744,5709.0,5709.0,7901.0,432,7452.692438686225
36047018200,342,0.34979962244261065,4284.345775677094,6124.0,6124.0,8563.0,432,7963.654224322905
36047018400,342,0.33541928746761174,3254.9087655857043,4852.0,4852.0,6451.0,432,6449.091234414296
36047018600,342,0.2901752905205589,2198.9483515647944,3789.0,3788.9999999999995,5253.0,432,5379.051648435205
36047018800,342,0.38441561893417975,4445.382217354853,5782.0,5782.0,7720.0,432,7118.617782645146
36047019000,342,0.43918545945928644,7861.4197243212275,8950.0,8950.0,11969.0,432,10038.580275678773
36047019200,342,0.3049417743657922,3429.98507806643,5624.0,5624.0,8017.0,432,7818.01492193357
36047019400,342,0.30812762960160966,3561.3391429354047,5779.0,5779.000000000001,7666.0,432,7996.660857064595
36047019600,342,0.36404815318437267,6406.5193997385895,8799.0,8798.999999999998,11592.0,432,11191.48060026141
36047019800,342,0.31567522230791,2052.5202954460315,3251.0,3251.0,4479.0,432,4449.479704553969
36047020000,342,0.3146158977254032,2610.682719325396,4149.0,4149.000000000001,5708.0,432,5687.317280674604
36047020200,342,0.34799652223197786,2792.3240943893907,4012.0,4011.999999999999,4913.0,432,5231.675905610609
36047020400,342,0.3384093536653221,2980.7095870841563,4404.0,4404.0,5885.0,432,5827.290412915843
36047020600,342,0.37392704795414156,3750.48829098004,5015.0,5015.0,6072.0,432,6279.51170901996
36047020800,342,0.3241156037534163,3550.3623235149207,5477.0,5477.0,7401.0,432,7403.637676485078
36047021000,342,0.33495698419661524,4952.004054362759,7392.0,7392.0,10232.0,432,9831.99594563724
36047021200,342,0.3443708575684775,5769.589347702272,8377.0,8377.0,11767.0,432,10984.410652297727
36047021400,342,0.23721158308552048,1855.469002894941,3911.0,3911.0,5241.0,432,5966.530997105059
36047021600,342,0.25206190668493056,3551.048141377302,7044.0,7044.0,10300.0,432,10536.951858622699
36047021800,342,0.21392198365086323,2267.145182731848,5299.0,5299.000000000001,7039.0,432,8330.854817268151
36047022000,342,0.26075583081934883,3964.5316517773813,7602.0,7602.000000000002,9217.0,432,11239.468348222621
36047022200,342,0.23655747654612513,3133.9134492830644,6624.0,6624.0,8055.0,432,10114.086550716935
36047022400,342,0.2895036195670214,5013.623683661676,8659.0,8659.0,12295.0,432,12304.376316338323
36047022600,342,0.23480420569371607,1865.7542184422691,3973.0,3973.0,5488.0,432,6080.245781557732
36047022800,342,0.25415829863260186,2339.272980614467,4602.0,4602.0,6302.0,432,6864.727019385533
36047023000,342,0.2149681618232413,2591.656158940997,6028.0,6028.0,7358.0,432,9464.343841059002
36047023200,342,0.27389096677444946,4691.752260846316,8565.0,8565.0,11519.0,432,12438.247739153681
36047023400,342,0.20208218316159976,2846.933796380617,7044.0,7044.0,9244.0,432,11241.066203619383
36047023600,342,0.2759753867955004,6259.673723295538,11341.0,11341.0,14729.0,432,16422.32627670446
36047023800,342,0.26832942185532693,3009.0461366856366,5607.0,5607.0,6881.0,432,8204.953863314364
36047024000,342,0.24561763942665538,3747.6339423719073,7629.0,7629.0,8803.0,432,11510.366057628093
36047024200,342,0.17561659603006718,1681.3532903918633,4787.0,4787.0,5796.0,432,7892.646709608137
36047024400,342,0.26853947444205417,3000.6600874155138,5587.0,5586.999999999999,8114.0,432,8173.339912584486
36047024600,342,0.38543286412446287,4603.610129102584,5972.0,5972.0,7912.0,432,7340.389870897416
36047024800,342,0.3245902287348058,2744.085793724048,4227.0,4227.0,6007.0,432,5709.914206275952
36047025000,342,0.29913195533981307,1333.5302569048868,2229.0,2229.0,3334.0,432,3124.4697430951132
36047025200,342,0.3958044018731335,7533.740985253224,9517.0,9517.0,12866.0,432,11500.259014746776
36047025400,342,0.3603368121652739,5033.905265948877,6985.0,6985.0,9305.0,432,8936.094734051123
36047025600,342,0.32248744583116473,3311.9460686860616,5135.0,5135.0,6687.0,432,6958.053931313938
36047025800,342,0.39567122795728826,5984.9229940819405,7563.0,7563.0,10177.0,432,9141.077005918058
36047026000,342,0.38824598312949354,4318.071824366228,5561.0,5561.000000000002,7319.0,432,6803.928175633774
36047026200,342,0.32465098615723076,2884.8486629931535,4443.0,4443.0,5454.0,432,6001.151337006848
36047026400,342,0.42609601713570777,6993.940025265507,8207.0,8207.0,10524.0,432,9420.059974734493
36047026600,342,0.3590371989896163,4516.687963289374,6290.0,6290.0,8671.0,432,8063.312036710627
36047026800,342,0.40867059511466164,5373.200984567573,6574.0,6574.0,8656.0,432,7774.799015432429
36047027000,342,0.35151674792203125,3125.6869225227038,4446.0,4446.000000000001,5640.0,432,5766.313077477298
36047027200,342,0.395734677271255,5893.28081392353,7446.0,7446.0,8690.0,432,8998.71918607647
36047027400,342,0.38386999859612136,4421.414643830125,5759.0,5758.999999999999,7960.0,432,7096.585356169874
36047027600,342,0.37879703531522524,5551.649349579939,7328.0,7327.999999999999,9927.0,432,9104.35065042006
36047027800,342,0.3854835822763423,4591.1094649112365,5955.0,5955.0,7701.0,432,7318.8905350887635
36047028000,342,0.32792099243941863,1860.6237111012615,2837.0,2837.0,3648.0,432,3813.376288898739
36047028200,342,0.3697295802707389,4315.483660920066,5836.0,5836.0,7709.0,432,7356.516339079935
36047028400,342,0.437371773611267,6843.118769921883,7823.0,7823.0,9871.0,432,8802.881230078117
36047028600,342,0.35066985558267283,5683.657019283962,8104.0,8104.0,11726.0,432,10524.34298071604
36047028800,342,0.3313749573076733,3613.3125344828677,5452.0,5452.0,7382.0,432,7290.6874655171305
36047029000,342,0.3736632445713399,5510.038204448977,7373.0,7373.0,9369.0,432,9235.961795551022
36047029200,342,0.3855495890589943,3739.831013872244,4850.0,4850.0,6542.0,432,5960.1689861277555
36047029400,342,0.2845670567722395,1631.7075035320213,2867.0,2867.0,4549.0,432,4102.292496467979
36047029600,342,0.42334809449343314,8949.578717591174,10570.0,10570.0,13812.0,432,12190.421282408824
36047029800,342,0.4246086565622099,7141.917603376371,8410.0,8410.0,10354.0,432,9678.08239662363
36047030000,342,0.3636001261461722,5221.297811459032,7180.0,7180.000000000002,9058.0,432,9138.702188540969
36047030200,342,0.38603570429071477,5873.919276487515,7608.0,7607.999999999999,9630.0,432,9342.080723512485
36047030400,342,0.4473151708562799,7238.454094796321,8091.0,8091.000000000001,10557.0,432,8943.545905203679
36047030600,342,0.28874987580912415,2066.871611041711,3579.0,3579.0000000000005,4650.0,432,5091.128388958289
36047030800,342,0.32309463923461246,2150.51791874558,3328.0,3328.000000000001,4710.0,432,4505.48208125442
36047031401,342,0.0,0.0,0.0,0.0,0.0,432,0.0
36047031402,342,0.0,0.0,0.0,0.0,0.0,432,0.0
36047032600,342,0.3576105293431622,8682.783652451979,12140.0,12140.0,15821.0,432,15597.216347548021
36047032800,342,0.3090117847032695,2490.016961138945,4029.0,4029.000000000001,5750.0,432,5567.983038861055
36047033000,342,0.352240006219699,5465.355936504849,7758.0,7757.999999999999,9696.0,432,10050.64406349515
36047033600,342,0.34176340034993435,5276.143374602287,7719.0,7719.0,9396.0,432,10161.856625397713
36047034000,342,0.31342423808203934,2458.4997235155165,3922.0,3922.0,4568.0,432,5385.500276484483
36047034200,342,0.3678699861173377,7494.983097154638,10187.0,10186.999999999998,12969.0,432,12879.016902845362
36047034800,342,0.33205875275716923,2742.1411802687044,4129.0,4129.0,5235.0,432,5515.8588197312965
36047035000,342,0.3539125072952084,3820.131603744479,5397.0,5397.0,6515.0,432,6973.868396255521
36047035200,342,0.18670258673708562,511.56508765961456,1370.0,1370.0000000000002,1754.0,432,2228.4349123403854
36047035400,342,0.42943574169594056,9268.94104876518,10792.0,10792.0,12850.0,432,12315.058951234818
36047035601,342,0.3428963750511349,3987.1990490945973,5814.0,5814.0,6686.0,432,7640.800950905404
36047035602,342,0.46075172941619136,9201.21203644134,9985.0,9985.0,12349.0,432,10768.78796355866
36047036001,342,0.3441491316649953,3582.5924606326007,5205.0,5205.0,6128.0,432,6827.407539367399
36047036002,342,0.372964455123281,5204.346006790263,6977.0,6977.0,8993.0,432,8749.653993209737
36047036200,342,0.5331009047473565,6149.852037165503,5768.0,5768.0,7495.0,432,5386.147962834496
36047036400,342,0.45512896454383844,3766.6473105648065,4138.0,4138.0,5206.0,432,4509.352689435193
36047036600,342,0.47037568407261,9121.525265536055,9696.0,9696.0,11860.0,432,10270.474734463947
36047037000,342,0.44696269090708085,7078.995098586347,7919.0,7919.0,10276.0,432,8759.004901413653
36047037401,342,0.4899539185228161,8372.332559717881,8544.0,8544.0,10671.0,432,8715.667440282119
36047037402,342,0.459587634906954,8792.830631039844,9566.0,9566.0,12071.0,432,10339.169368960156
36047038200,342,0.35551820567221804,7427.486352903978,10446.0,10446.0,13224.0,432,13464.51364709602
36047038600,342,0.4104875186106808,5582.63025310526,6800.0,6800.0,8976.0,432,8017.369746894742
36047038800,342,0.4122023469116336,5296.800157814492,6425.0,6425.0,8081.0,432,7553.199842185508
36047039000,342,0.37472367246733207,4069.4990829952253,5430.0,5430.0,6396.0,432,6790.500917004774
36047039200,342,0.34701512195276196,3772.748405870428,5436.0,5436.000000000001,6414.0,432,7099.251594129572
36047039400,342,0.32523541141383183,3034.446388491053,4665.0,4665.0,5816.0,432,6295.553611508949
36047039600,342,0.32143861405810925,2726.4423244408836,4241.0,4241.0,5438.0,432,5755.557675559117
36047039800,342,0.31202510306802844,2323.3389174445397,3723.0,3723.0,5185.0,432,5122.66108255546
36047040000,342,0.3730106808331084,4526.1116012289385,6067.0,6067.0,8235.0,432,7607.888398771063
36047040200,342,0.29495386741522445,2955.437751500549,5010.0,5010.0,6935.0,432,7064.562248499451
36047040400,342,0.2965957795919276,2529.3688083599595,4264.0,4264.000000000001,5873.0,432,5998.631191640041
36047040600,342,0.353834236912522,3706.059797421756,5237.0,5237.0,7507.0,432,6767.940202578244
36047040800,342,0.3572730130757662,4579.525481605172,6409.0,6409.0,8869.0,432,8238.474518394829
36047041000,342,0.29079494409343287,2025.0959906666656,3482.0,3482.0,4733.0,432,4938.904009333333
36047041200,342,0.3486195378972504,4028.6473799406267,5778.0,5778.000000000001,7426.0,432,7527.352620059374
36047041401,342,0.2886556748930208,1626.286072347279,2817.0,2817.0,3675.0,432,4007.713927652721
36047041402,342,0.32146456187270644,2212.962043931712,3442.0,3442.0,4243.0,432,4671.037956068289
36047041600,342,0.3609250649869141,3847.461192760506,5330.0,5330.0,6583.0,432,6812.538807239495
36047041800,342,0.36559347318326585,3699.074761668282,5059.0,5058.999999999999,7083.0,432,6418.925238331716
36047042000,342,0.3199521585340297,1673.3497891329753,2615.0,2615.0,3076.0,432,3556.6502108670247
36047042200,342,0.38455683032378374,5458.399649615787,7097.0,7097.0,8602.0,432,8735.600350384213
36047042400,342,0.3901667937280374,5262.569713803768,6744.0,6744.0,8888.0,432,8225.430286196231
36047042600,342,0.34493393117760296,5438.918226808444,7884.0,7884.0,10507.0,432,10329.081773191556
36047042800,342,0.3946546654475175,6018.4836480746435,7625.0,7625.0,9670.0,432,9231.516351925358
36047043000,342,0.38038330714940893,4592.748050521962,6037.0,6037.000000000001,7913.0,432,7481.251949478037
36047043200,342,0.3735061182673416,6392.1837080272835,8557.0,8557.0,11161.0,432,10721.816291972716
36047043400,342,0.3814154086240612,4371.020582831742,5730.0,5730.0,7049.0,432,7088.979417168259
36047043600,342,0.3861405904456382,6714.2125866687575,8694.0,8694.0,10859.0,432,10673.787413331243
36047043800,342,0.3825035382967972,3968.856713367566,5188.0,5188.0,6521.0,432,6407.143286632433
36047044000,342,0.3498434320172552,4062.381932584368,5806.0,5806.0,7234.0,432,7549.618067415633
36047044200,342,0.3593752072117715,5313.00306341883,7392.0,7392.0,8652.0,432,9470.99693658117
36047044400,342,0.36633888423739935,4327.1949006121595,5906.0,5906.0,7479.0,432,7484.805099387839
36047044600,342,0.3321366187317526,2765.369487560572,4163.0,4163.0,5187.0,432,5560.630512439428
36047044800,342,0.2544313668346282,1507.7602798620057,2963.0,2962.9999999999995,3959.0,432,4418.239720137994
36047045000,342,0.196686531793556,183.3118476315943,466.0,465.99999999999994,702.0,432,748.6881523684058
36047045200,342,0.37404296873651066,4270.0745310960065,5708.0,5708.0,6956.0,432,7145.925468903994
36047045400,342,0.3008563270152499,1951.955849674941,3244.0,3244.000000000001,3756.0,432,4536.0441503250595
36047045600,342,0.39222515205217556,2697.7245958148637,3439.0,3439.0,4895.0,432,4180.275404185137
36047045800,342,0.2669626299942175,1658.3718575240787,3106.0,3106.0,3781.0,432,4553.628142475921
36047046000,342,0.38556403236220504,4457.891342171814,5781.0,5781.0,8578.0,432,7104.108657828185
36047046201,342,0.3144650029663498,3650.938684439321,5805.0,5805.0,7479.0,432,7959.061315560679
36047046202,342,0.2749811389620077,2524.8768179491535,4591.0,4591.0,5168.0,432,6657.123182050846
36047046400,342,0.23015737569992822,1780.9577731660445,3869.0,3869.0,5455.0,432,5957.042226833955
36047046800,342,0.20970400663311073,1884.4002036051338,4493.0,4493.0,5646.0,432,7101.599796394867
36047047000,342,0.13428942482461925,701.5279552838109,2612.0,2612.0,3323.0,432,4522.472044716189
36047047200,342,0.19484085404647644,1566.1307848255783,4019.0,4019.000000000001,5061.0,432,6471.8692151744235
36047047400,342,0.21995074234663947,2095.6906730787828,4764.0,4764.0,5916.0,432,7432.309326921219
36047047600,342,0.1687194529480831,1453.6868066006837,4308.0,4308.0,5332.0,432,7162.313193399316
36047047800,342,0.3362527287456699,5045.13594210003,7502.0,7502.0,10232.0,432,9958.86405789997
36047048000,342,0.33837220888172426,4507.79456672233,6661.0,6661.0,10111.0,432,8814.20543327767
36047048200,342,0.3849100082077932,6531.922839286249,8485.0,8485.0,11141.0,432,10438.07716071375
36047048400,342,0.39109551661425934,8782.440921089808,11228.0,11228.0,16541.0,432,13673.559078910192
36047048600,342,0.35042421368971166,3638.805034953966,5192.0,5192.0,7360.0,432,6745.194965046035
36047048800,342,0.3714306062881325,4532.939119140369,6102.0,6102.0,8718.0,432,7671.060880859631
36047049000,342,0.4183180338030127,8515.281896094124,10178.0,10178.0,14408.0,432,11840.718103905874
36047049200,342,0.3404733044790219,3351.6192092914916,4922.0,4922.0,7927.0,432,6492.380790708508
36047049400,342,0.3323505727614172,5117.534119380301,7699.0,7698.999999999999,13025.0,432,10280.465880619699
36047049600,342,0.3032407178455405,2983.888663600119,4920.0,4920.0,8043.0,432,6856.111336399881
36047049800,342,0.2788456670172653,3496.1669730624726,6269.0,6269.0,10723.0,432,9041.833026937527
36047050002,342,0.0,0.0,0.0,0.0,0.0,432,0.0
36047050402,342,0.0,0.0,0.0,0.0,0.0,432,0.0
36047051001,342,0.1911667991142597,1705.9725152956535,4462.0,4462.0,7643.0,432,7218.0274847043465
36047051200,342,0.27832398966921557,4050.1706976664263,7276.0,7276.0,12997.0,432,10501.829302333575
36047051400,342,0.2800622362600522,4850.677932024105,8660.0,8660.0,14864.0,432,12469.322067975896
36047051601,342,0.28235665908107743,4398.552035165024,7789.0,7789.000000000001,11873.0,432,11179.447964834975
36047051602,342,0.24888846908170503,2933.399496596976,5893.0,5893.0,10332.0,432,8852.600503403024
36047051800,342,0.25880571529488317,2518.697221249804,4866.0,4866.0,7858.0,432,7213.302778750197
36047052000,342,0.349002694368577,4731.778530249168,6779.0,6778.999999999999,10212.0,432,8826.221469750833
36047052600,342,0.4062448819809895,7110.910414195241,8752.0,8752.0,12092.0,432,10393.089585804759
36047052800,342,0.22644092913106773,1201.042688111184,2652.0,2651.9999999999995,3871.0,432,4102.957311888817
36047053000,342,0.4175048132803788,6214.976650491721,7443.0,7443.0,10293.0,432,8671.023349508281
36047053200,342,0.2832439645523629,2603.5785221653196,4596.0,4596.0,6335.0,432,6588.42147783468
36047053400,342,0.3688858999880149,5046.359111836043,6840.0,6840.0,9144.0,432,8633.640888163956
36047053800,342,0.42293847879992996,6474.342233469328,7654.0,7654.0,10520.0,432,8833.657766530672
36047054200,342,0.42053965700413165,7089.45753777565,8429.0,8429.0,11280.0,432,9768.542462224348
36047054400,342,0.35596279681428467,4024.5153807823017,5653.0,5653.0,6871.0,432,7281.484619217697
36047054600,342,0.44778417827962513,7681.289794208691,8577.0,8577.0,10707.0,432,9472.71020579131
36047054800,342,0.3110211815366605,2750.6713295102245,4422.0,4422.0,5334.0,432,6093.328670489775
36047055000,342,0.38145665287286723,5408.292424431512,7089.0,7089.0,8815.0,432,8769.70757556849
36047055200,342,0.4293695092742653,4951.489180950826,5766.0,5766.0,7027.0,432,6580.510819049173
36047055400,342,0.41627368841106605,6240.775136658704,7496.0,7496.0,9421.0,432,8751.224863341298
36047055600,342,0.4108524911637794,5945.035547139889,7235.0,7235.0,8907.0,432,8524.964452860111
36047055800,342,0.4955815114225307,5577.27432954916,5627.0,5627.0,7178.0,432,5676.725670450839
36047056000,342,0.4164128028132372,6035.487163975061,7247.0,7247.0,9025.0,432,8458.51283602494
36047056200,342,0.2762596828240167,1868.0679752560009,3381.0,3381.0000000000005,4288.0,432,4893.932024743999
36047056400,342,0.3909198590149372,3939.6903391525366,5039.0,5039.0,6685.0,432,6138.3096608474625
36047056600,342,0.35600600518395664,2645.836630527166,3716.0,3715.9999999999995,4916.0,432,4786.163369472834
36047056800,342,0.2564961567396704,1148.5897898802448,2239.0,2239.0,3164.0,432,3329.410210119756
36047057000,342,0.43691574729487637,5492.904774991184,6286.0,6285.999999999999,8372.0,432,7079.095225008814
36047057200,342,0.3484950616905417,5642.135048769869,8095.0,8095.0,11309.0,432,10547.86495123013
36047057400,342,0.32638919465114113,3320.030887991407,5086.0,5086.0,6658.0,432,6851.969112008593
36047057600,342,0.31495175799558006,2688.4282062502725,4268.0,4268.0,6284.0,432,5847.571793749728
36047057800,342,0.41825040897803645,4983.871873382283,5958.0,5958.0,8256.0,432,6932.1281266177175
36047058000,342,0.415745528456843,5300.755487824748,6375.0,6375.0,8372.0,432,7449.244512175252
36047058200,342,0.37651069074426136,3852.457387695282,5116.0,5116.0,6639.0,432,6379.542612304718
36047058400,342,0.47006026857834393,5665.166356906202,6026.0,6026.000000000001,7540.0,432,6386.833643093799
36047058600,342,0.32131536971352903,2870.631513020669,4467.0,4467.0,6233.0,432,6063.3684869793315
36047058800,342,0.41014811771929705,6209.642502270155,7570.0,7569.999999999999,9344.0,432,8930.357497729843
36047059000,342,0.33473401098506095,2346.485417005277,3505.0,3505.000000000001,4897.0,432,4663.514582994723
36047059200,342,0.4326050274967219,6894.858928242755,7969.0,7969.000000000002,10179.0,432,9043.141071757247
36047059402,342,0.39762586051286275,7374.369209071554,9273.0,9273.0,12760.0,432,11171.630790928448
36047059403,342,0.0,0.0,0.0,0.0,0.0,432,0.0
36047059404,342,0.0,0.0,0.0,0.0,0.0,432,0.0
36047059600,342,0.42851783284699885,4240.6124738539,4948.0,4947.999999999999,6037.0,432,5655.3875261461
36047059800,342,0.3672693165344446,5122.672427022433,6974.0,6974.0,9166.0,432,8825.327572977567
36047060000,342,0.43966975481524917,9799.359495322275,11144.0,11144.0,14222.0,432,12488.640504677725
36047060600,342,0.3418891540316702,3299.9141147136816,4826.0,4826.000000000001,5681.0,432,6352.085885286319
36047060800,342,0.40910020544410675,4226.005122237621,5165.0,5165.0,6876.0,432,6103.994877762378
36047061002,342,0.39857109788331024,6891.294282402435,8645.0,8645.0,10279.0,432,10398.705717597566
36047061003,342,0.3146098247889406,2020.424294794576,3211.0,3210.9999999999995,4358.0,432,4401.575705205423
36047061004,342,0.38942603683437516,8104.734678597018,10406.0,10406.0,13250.0,432,12707.265321402983
36047061200,342,0.28974606044077855,1028.0190224438825,1774.0,1774.0,2238.0,432,2519.9809775561175
36047061600,342,0.3629857507746296,2334.724348982417,3216.0,3215.9999999999995,3986.0,432,4097.275651017582
36047062000,342,0.3843049595745205,3344.2217582174767,4351.0,4351.0,4987.0,432,5357.778241782523
36047062200,342,0.37557030709650707,4366.380390303992,5813.0,5813.0,8064.0,432,7259.619609696009
36047062600,342,0.3731349255908115,4335.8278353652295,5810.0,5810.0,7552.0,432,7284.17216463477
36047062800,342,0.44674195649623216,8505.073367775267,9519.0,9519.000000000002,12482.0,432,10532.926632224731
36047063200,342,0.2880413431712835,1843.4645962962138,3200.0,3199.9999999999995,4066.0,432,4556.535403703786
36047063600,342,0.3624332446557703,2190.5465306994756,3022.0,3022.0,4215.0,432,3853.4534693005244
36047063800,342,0.31644148461412935,2010.0363102689503,3176.0,3176.0,4571.0,432,4341.96368973105
36047064000,342,0.25667068758891665,1764.3543064862138,3437.0,3437.0,4359.0,432,5109.645693513787
36047064200,342,0.3698666948860432,2849.4530174020765,3852.0,3852.0,5164.0,432,4854.5469825979235
36047064400,342,0.26181136440913566,2583.55454398935,4934.0,4933.999999999999,6239.0,432,7284.44545601065
36047064600,342,0.31775521506822757,2567.462137751279,4040.0,4040.0000000000005,5200.0,432,5512.5378622487215
36047064800,342,0.28942874639740734,2424.2551798246823,4188.0,4188.0,5647.0,432,5951.744820175316
36047065000,342,0.2632853653044166,1275.3543095345935,2422.0,2422.0,3578.0,432,3568.645690465406
36047065200,342,0.2339578507985145,820.2562248995919,1753.0,1753.0,2688.0,432,2685.743775100408
36047065400,342,0.299143588720152,2013.2363520866224,3365.0,3365.0,4387.0,432,4716.763647913377
36047065600,342,0.3398756582443797,2400.8816498382985,3532.0,3532.0,4901.0,432,4663.1183501617015
36047065800,342,0.3196922290975599,2181.579771361748,3412.0,3412.0,5007.0,432,4642.4202286382515
36047066000,342,0.3169968110690904,2745.826377480461,4331.0,4331.0,5832.0,432,5916.173622519539
36047066200,342,0.2916604086409541,1740.045997951931,2983.0,2983.0,4312.0,432,4225.954002048068
36047067200,342,0.29224796459383695,1087.1624282890734,1860.0,1860.0,3312.0,432,2632.8375717109266
36047067400,342,0.29788909321989276,1904.1070838615547,3196.0,3196.0,4998.0,432,4487.892916138446
36047067600,342,0.26036978613552475,1527.3291654709878,2933.0,2933.0,4543.0,432,4338.670834529012
36047068000,342,0.3171371623646285,1964.3475836865093,3097.0,3096.9999999999995,4903.0,432,4229.652416313491
36047068200,342,0.26022499154451895,2320.6864745940206,4459.0,4459.0,7142.0,432,6597.31352540598
36047072200,342,0.23266399690188955,1565.3633711559128,3364.0,3364.0,6290.0,432,5162.636628844087
36047072400,342,0.139675606657799,613.1759132277379,2195.0,2195.0,4780.0,432,3776.8240867722625
36047072600,342,0.26819238174618,1746.4687899311236,3256.0,3255.9999999999995,5811.0,432,4765.531210068876
36047072800,342,0.3248435210500017,3512.8578366347183,5407.0,5407.0,9754.0,432,7301.142163365282
36047073000,342,0.30487082915938124,2298.116310203416,3769.0,3768.9999999999995,6857.0,432,5239.883689796584
36047073200,342,0.2521248251558462,1982.2053753752639,3931.0,3931.0,7141.0,432,5879.794624624737
36047073400,342,0.21484932965893233,1215.1878085509213,2828.0,2828.0,4478.0,432,4440.8121914490785
36047073600,342,0.31773195986660163,3845.8276422253457,6052.0,6052.000000000001,10023.0,432,8258.172357774654
36047073800,342,0.27049621961523695,2756.8974703184954,5096.0,5096.0,8066.0,432,7435.102529681505
36047074000,342,0.2663611531281168,3381.1884778083145,6347.0,6347.0,10293.0,432,9312.811522191685
36047074200,342,0.24625813656784568,2301.5285443630855,4673.0,4673.0,6754.0,432,7044.4714556369145
36047074400,342,0.25637834115957603,2615.0590798276758,5100.0,5100.000000000001,7356.0,432,7584.940920172325
36047074600,342,0.40029060053224363,3023.7951964205686,3777.0,3777.0,5210.0,432,4530.204803579431
36047074800,342,0.2413930593607354,1684.4407682192116,3489.0,3488.999999999999,5434.0,432,5293.559231780788
36047075000,342,0.31796151126245686,3466.416395783304,5451.0,5451.0,7243.0,432,7435.583604216696
36047075200,342,0.0964542416056613,247.30867547691537,1282.0,1282.0,1734.0,432,2316.6913245230844
36047075400,342,0.14350459325116827,664.4262667529093,2315.0,2315.0,3199.0,432,3965.573733247091
36047075600,342,0.28660231604032893,1705.8569850720387,2976.0,2976.0,4296.0,432,4246.143014927962
36047075800,342,0.287023848793052,1772.6592901458887,3088.0,3087.9999999999995,4104.0,432,4403.340709854111
36047076000,342,0.3780046508254623,4227.604014831968,5592.0,5592.0,6746.0,432,6956.39598516803
36047076200,342,0.3789626998180432,6132.374408455576,8091.0,8090.999999999998,10254.0,432,10049.625591544424
36047076400,342,0.29738158633010225,3469.2535861269726,5833.0,5833.0,8422.0,432,8196.746413873027
36047076600,342,0.23481320961775343,1697.229879117121,3614.0,3613.9999999999995,6162.0,432,5530.7701208828785
36047076800,342,0.35784414565605116,4417.228133978295,6172.0,6172.0,7622.0,432,7926.771866021705
36047077000,342,0.2913646734443899,3085.5518917760896,5295.0,5295.0,8364.0,432,7504.448108223911
36047077200,342,0.323392665246232,3263.031992334479,5045.0,5044.999999999999,7129.0,432,6826.9680076655195
36047077400,342,0.3474289027881029,3716.099544221549,5348.0,5348.0,7797.0,432,6979.900455778452
36047077600,342,0.2108767523574463,2167.391260729834,5139.0,5139.0,9799.0,432,8110.608739270167
36047078000,342,0.26769693137710604,1996.483714210457,3729.0,3729.0000000000005,5666.0,432,5461.516285789543
36047078200,342,0.264344872725194,3763.7422978613113,7119.0,7119.0,11877.0,432,10474.257702138688
36047078400,342,0.22393386328593456,1695.6272128010967,3786.0,3786.0,6160.0,432,5876.372787198903
36047078601,342,0.0,0.0,0.0,0.0,0.0,432,0.0
36047078602,342,0.0,0.0,0.0,0.0,0.0,432,0.0
36047078801,342,0.0,0.0,0.0,0.0,0.0,432,0.0
36047078802,342,0.0,0.0,0.0,0.0,0.0,432,0.0
36047079001,342,0.0,0.0,0.0,0.0,0.0,432,0.0
36047079002,342,0.0,0.0,0.0,0.0,0.0,432,0.0
36047079201,342,0.0,0.0,0.0,0.0,0.0,432,0.0
36047079202,342,0.0,0.0,0.0,0.0,0.0,432,0.0
36047082600,342,0.25048211220522076,3113.492654710893,6215.0,6215.0,12713.0,432,9316.507345289107
36047082800,342,0.3010462051740257,3174.8332797652747,5273.0,5272.999999999999,8892.0,432,7371.166720234725
36047083000,342,0.30907755958529093,4810.483137385468,7782.0,7782.000000000001,13904.0,432,10753.516862614531
36047083200,342,0.2420051691532652,1600.1381784413902,3306.0,3306.0000000000005,5930.0,432,5011.86182155861
36047083400,342,0.17416357996819076,714.4190050295184,2051.0,2051.0,3371.0,432,3387.5809949704817
36047083600,342,0.25576325569802527,1315.6461873106414,2572.0,2571.9999999999995,4453.0,432,3828.353812689358
36047083800,342,0.2566064688807236,1450.8529750516107,2827.0,2827.0000000000005,5070.0,432,4203.147024948389
36047084000,342,0.21519707496143747,1182.7231239880596,2748.0,2748.0,4949.0,432,4313.27687601194
36047084600,342,0.21705964154235124,789.2288566479895,1818.0,1818.0,3655.0,432,2846.7711433520108
36047084800,342,0.2042838432149825,753.8073814632849,1845.0,1844.9999999999998,3579.0,432,2936.1926185367147
36047085000,342,0.19200386935897262,733.0707732125577,1909.0,1909.0,3689.0,432,3084.9292267874425
36047085200,342,0.011913386736131626,0.04765354694452608,2.0,2.0,2.0,432,3.9523464530554735
36047085400,342,0.2730949409006881,1220.1881959442749,2234.0,2234.0,4203.0,432,3247.8118040557256
36047093200,342,0.23730367150643883,903.6523810965191,1904.0,1904.0,3078.0,432,2904.347618903481
36047094401,342,0.27958514239405674,2861.8335175455654,5118.0,5118.0,9505.0,432,7374.166482454435
36047094600,342,0.2208688761038594,918.8145245920546,2080.0,2080.0,4114.0,432,3241.185475407945
36047152200,342,0.27221878993818494,2452.1468597631692,4504.0,4503.999999999999,7844.0,432,6555.85314023683
36081091604,342,0.0,0.0,0.0,0.0,0.0,432,0.0
36085000300,342,0.408917201156876,1988.9732664270452,2432.0,2432.0,3515.0,432,2875.026733572955
36085000600,342,0.3296780189480092,2516.761996649101,3817.0,3817.0,5359.0,432,5117.238003350898
36085000700,342,0.39687416522078656,7743.014963457547,9755.0,9755.000000000002,13844.0,432,11766.985036542454
36085000800,342,0.41059096905467707,8123.952913715841,9893.0,9893.0,14184.0,432,11662.04708628416
36085000900,342,0.3917395622081814,1782.4150080472252,2275.0,2275.0,3370.0,432,2767.5849919527745
36085001100,342,0.3769015498220838,3524.0294908364817,4675.0,4675.0,6640.0,432,5825.970509163517
36085001700,342,0.2944180187086076,1554.5271387814491,2640.0,2640.0000000000005,3386.0,432,3725.4728612185518
36085001800,342,0.08682097124639931,131.09966658206315,755.0,755.0,926.0,432,1378.900333417937
36085002001,342,0.2712826354972774,1921.2236245917186,3541.0,3541.0,5109.0,432,5160.776375408282
36085002002,342,0.36815099756328884,3992.2294175763036,5422.0,5422.0,7410.0,432,6851.770582423696
36085002100,342,0.4513706692924875,5411.934324816926,5995.0,5995.0,8505.0,432,6578.065675183075
36085002700,342,0.43591198502559125,2786.3494082835787,3196.0,3195.9999999999995,3907.0,432,3605.6505917164204
36085002900,342,0.3705772112062209,6079.689727049261,8203.0,8203.000000000002,11402.0,432,10326.31027295074
36085003300,342,0.41916903174383247,5306.679941876918,6330.0,6330.0,9850.0,432,7353.320058123081
36085003600,342,0.31852461794719145,2973.108783919085,4667.0,4667.0,6577.0,432,6360.891216080915
36085003900,342,0.33758219306227,2490.6814204134284,3689.0,3689.0000000000005,4930.0,432,4887.318579586572
36085004001,342,0.0,0.0,0.0,0.0,0.0,432,0.0
36085004002,342,0.0,0.0,0.0,0.0,0.0,432,0.0
36085004003,342,0.0,0.0,0.0,0.0,0.0,432,0.0
36085004004,342,0.0,0.0,0.0,0.0,0.0,432,0.0
36085004700,342,0.3488635783479168,3476.0766946586436,4982.0,4981.999999999998,7045.0,432,6487.923305341355
36085005000,342,0.3718106264713025,4321.92672210242,5812.0,5812.0,8347.0,432,7302.07327789758
36085005901,342,0.0,0.0,0.0,0.0,0.0,432,0.0
36085005902,342,0.0,0.0,0.0,0.0,0.0,432,0.0
36085006400,342,0.354281230168322,3155.228635879078,4453.0,4453.000000000001,6552.0,432,5750.771364120924
36085006700,342,0.4070533296287002,3410.292795629249,4189.0,4188.999999999999,5622.0,432,4967.707204370749
36085007001,342,0.0,0.0,0.0,0.0,0.0,432,0.0
36085007002,342,0.0,0.0,0.0,0.0,0.0,432,0.0
36085007400,342,0.4070378177343118,6637.972731611156,8154.0,8154.0,11769.0,432,9670.027268388843
36085007500,342,0.32458914915748927,4210.57044287095,6486.0,6485.999999999999,8585.0,432,8761.42955712905
36085007700,342,0.2908417232634636,1642.6740529920423,2824.0,2824.0,3992.0,432,4005.3259470079574
36085008100,342,0.3307313601699944,4176.475616226691,6314.0,6314.0,8573.0,432,8451.52438377331
36085009601,342,0.34825402310248765,4132.382238134118,5933.0,5933.0,8916.0,432,7733.617761865882
36085009602,342,0.4660161538972184,5315.380251351673,5703.0,5703.0,8241.0,432,6090.619748648327
36085009701,342,0.0,0.0,0.0,0.0,0.0,432,0.0
36085009702,342,0.0,0.0,0.0,0.0,0.0,432,0.0
36085010500,342,0.5063379604260021,8277.612977044282,8174.0,8174.0,11329.0,432,8070.387022955718
36085011201,342,0.43640299085469947,8730.67823503912,10003.0,10003.0,15037.0,432,11275.321764960881
36085011203,342,0.0,0.0,0.0,0.0,0.0,432,0.0
36085011204,342,0.0,0.0,0.0,0.0,0.0,432,0.0
36085011401,342,0.31601371993942284,2864.980384970809,4533.0,4533.0,6403.0,432,6201.019615029192
36085011402,342,0.39485382883471476,5211.280832960566,6599.0,6599.0,9191.0,432,7986.719167039434
36085012100,342,0.4060655493408025,4763.961024866295,5866.0,5866.0,7787.0,432,6968.038975133705
36085012200,342,0.3430666727283965,4260.8880752866835,6210.0,6210.0,9421.0,432,8159.111924713316
36085012500,342,0.48637074046157447,4658.458952140959,4789.0,4789.0,6344.0,432,4919.54104785904
36085012804,342,0.33009894667048634,4567.2490261328485,6918.0,6918.0,9722.0,432,9268.75097386715
36085012805,342,0.3402358177210464,3498.3046778077987,5141.0,5141.0,6858.0,432,6783.695322192201
36085012806,342,0.4120448334961099,7827.203657092105,9498.0,9498.0,13001.0,432,11168.796342907897
36085013201,342,0.3598662576076057,1622.2770892950866,2254.0,2254.0000000000005,3337.0,432,2885.7229107049134
36085013203,342,0.49075028635717755,8122.898739784002,8276.0,8276.0,12930.0,432,8429.101260215997
36085013204,342,0.36316619617013657,5475.819905853321,7539.0,7539.0,11197.0,432,9602.18009414668
36085013301,342,0.29138115891243954,1486.043910453442,2550.0,2550.0,3222.0,432,3613.9560895465584
36085013302,342,0.38099236387434543,3777.9202801780098,4958.0,4958.0,6867.0,432,6138.079719821991
36085013400,342,0.3881963270814316,4126.5269568756175,5315.0,5315.0,7831.0,432,6503.4730431243825
36085013800,342,0.427297818102798,9056.1499568707,10597.0,10597.0,15031.0,432,12137.8500431293
36085014100,342,0.40585966070173896,3085.345140654619,3801.0,3801.0,5467.0,432,4516.654859345381
36085014606,342,0.6028982454385443,14021.00159591879,11628.0,11628.0,18294.0,432,9234.998404081214
36085014700,342,0.42559070471583704,4608.296150663084,5414.0,5414.0,7993.0,432,6219.703849336916
36085015100,342,0.39495785319687304,6957.577541916116,8808.0,8808.0,12150.0,432,10658.422458083884
36085015400,342,0.0,0.0,0.0,0.0,0.0,432,0.0
36085015603,342,0.39390764978216164,4987.658661541733,6331.0,6331.0,10738.0,432,7674.341338458269
36085016901,342,0.4072039381939183,3889.6120176283066,4776.0,4776.0,6966.0,432,5662.3879823716925
36085017300,342,0.318492306682682,2338.370515664252,3671.0,3670.9999999999995,5324.0,432,5003.629484335748
36085017701,342,0.0,0.0,0.0,0.0,0.0,432,0.0
36085017702,342,0.0,0.0,0.0,0.0,0.0,432,0.0
36085018100,342,0.4711540236848929,5098.82884431791,5411.0,5411.0,7733.0,432,5723.171155682089
36085018701,342,0.36003909806124235,1955.7323806686682,2716.0,2716.0,4183.0,432,3476.2676193313314
36085018703,342,0.0,0.0,0.0,0.0,0.0,432,0.0
36085018704,342,0.0,0.0,0.0,0.0,0.0,432,0.0
36085018901,342,0.45796079086698016,8133.383645797565,8880.0,8880.0,12352.0,432,9626.616354202433
36085018902,342,0.43600691476362463,6540.10372145437,7500.0,7500.000000000002,11091.0,432,8459.896278545632
36085019700,342,0.3520558529655854,2040.5157237885326,2898.0,2897.9999999999995,4356.0,432,3755.484276211467
36085020100,342,0.413777229194219,4841.193581572364,5850.0,5850.0,8398.0,432,6858.806418427637
36085020701,342,0.0,0.0,0.0,0.0,0.0,432,0.0
36085020702,342,0.0,0.0,0.0,0.0,0.0,432,0.0
36085021300,342,0.4794637080934926,6509.199301077254,6788.0,6787.999999999999,9675.0,432,7066.800698922744
36085024700,342,0.4320765101738464,3414.2685833937344,3951.0,3951.0,5577.0,432,4487.731416606266
36085025100,342,0.45037083520823484,8666.936352747269,9622.0,9622.0,14927.0,432,10577.06364725273
36085027302,342,0.364851925503879,3639.0331049756896,4987.0,4986.999999999999,8231.0,432,6334.96689502431
36085990100,342,0.0,0.0,0.0,0.0,0.0,432,0.0
36073040200,54,0.9623534424167506,6878.902406394934,3574.0,3574.0000000000005,6485.0,8,269.09759360506666
36073040300,54,0.8292870819698054,4554.444654178172,2746.0,2746.0000000000005,4396.0,8,937.555345821829
36073040400,54,0.9274587940852451,6386.481256070998,3443.0,3443.0,5099.0,8,499.5187439290024
36073040500,54,0.9311919093244836,6166.35282354673,3311.0,3311.0,4848.0,8,455.64717645327005
36073040601,54,0.0,0.0,0.0,0.0,0.0,8,0.0
36073040602,54,0.0,0.0,0.0,0.0,0.0,8,0.0
36073040603,54,0.0,0.0,0.0,0.0,0.0,8,0.0
36073040702,54,0.0,0.0,0.0,0.0,0.0,8,0.0
36065025601,210,0.0,0.0,0.0,0.0,0.0,2,0.0
36065025700,210,0.9998230311107421,4489.2054096872325,2245.0,2245.0,3921.0,2,0.7945903127676945
36071001100,293,0.6361658527593127,8861.790328937226,6965.0,6965.000000000001,10390.0,17,5068.209671062774
36071001200,293,0.7143019749570031,5052.97217084584,3537.0,3537.0,5019.0,17,2021.02782915416
36071001300,293,0.7633221321308705,7967.556415182027,5219.0,5219.000000000001,8019.0,17,2470.4435848179737
36071001500,293,0.7445413548467393,10012.59213997895,6724.0,6723.999999999999,10049.0,17,3435.4078600210496
36071001601,293,0.0,0.0,0.0,0.0,0.0,17,0.0
36071001602,293,0.0,0.0,0.0,0.0,0.0,17,0.0
36071011101,293,0.8043163573400838,5139.581523403136,3195.0,3194.9999999999995,5831.0,17,1250.418476596865
36071011200,293,0.6651705145587743,7778.503997250306,5847.0,5847.000000000001,9584.0,17,3915.496002749694
36071011301,293,0.0,0.0,0.0,0.0,0.0,17,0.0
36071011302,293,0.0,0.0,0.0,0.0,0.0,17,0.0
36071011400,293,0.8051133709006296,5392.649358292418,3349.0,3348.999999999999,5869.0,17,1305.3506417075826
36071011500,293,0.7779579800381539,16478.705933168178,10591.0,10591.000000000005,16138.0,17,4703.294066831826
36071011701,293,0.7780331296413242,9020.516105061513,5797.0,5796.999999999999,9110.0,17,2573.483894938487
36071011702,293,0.8182005889987077,10839.521403054881,6624.0,6624.000000000001,9175.0,17,2408.4785969451204
36071011801,293,0.7696764342355253,9249.971386642545,6009.0,6008.999999999999,9215.0,17,2768.028613357457
36071011802,293,0.724942784629486,5057.200865575293,3488.0,3488.0,5881.0,17,1918.799134424706
36071015100,293,0.6016855798726819,8767.76226990472,7286.0,7286.000000000001,10244.0,17,5804.237730095279
36029014701,43,0.9575799570513917,8589.492214750984,4485.0,4485.000000000001,11032.0,8,380.5077852490166
36029014703,43,0.0,0.0,0.0,0.0,0.0,8,0.0
36029014801,43,0.9650336029468819,4624.441025321458,2396.0,2396.000000000001,4935.0,8,167.5589746785418
36029014805,43,0.0,0.0,0.0,0.0,0.0,8,0.0
36029940100,43,0.0,0.0,0.0,0.0,0.0,8,0.0
36037940100,43,0.9257052193535451,796.1064886440488,430.0,430.0,1037.0,8,63.893511355951176
36063023402,43,0.9546692496680943,8265.526363626363,4329.0,4329.000000000001,9619.0,8,392.4736363736394
36063024001,43,0.9752917441737562,11748.364350317066,6023.0,6022.999999999999,12209.0,8,297.6356496829332
36003950300,49,0.998210905704063,9445.071589771844,4731.0,4731.0,7036.0,2,16.928410228156032
36009960100,49,0.9922797254856155,5945.740115109808,2996.0,2996.0,7265.0,2,46.25988489019174
36041950500,306,1.0,1698.0,849.0,849.0,1514.0,1,0.0
36011040900,146,0.9996480953259189,6475.720361521303,3239.0,3239.0,7425.0,3,2.279638478697235
36023970201,146,0.0,0.0,0.0,0.0,0.0,3,0.0
36023970202,146,0.0,0.0,0.0,0.0,0.0,3,0.0
36105952300,246,0.9765575243404178,1814.4438802244963,929.0,929.0000000000001,1410.0,2,43.556119775503774
36105952400,246,0.996048062336455,4221.2516881818965,2119.0,2119.0,3310.0,2,16.74831181810361
36029014204,42,0.9525884991685623,7580.699276383419,3979.0,3979.0,7836.0,8,377.30072361658125
36029014206,42,0.9178077495106612,16006.567151465933,8720.0,8720.0,17389.0,8,1433.4328485340675
36029014208,42,0.9902015127472416,10955.58953703548,5532.0,5532.0,11762.0,8,108.4104629645195
36029014704,42,0.0,0.0,0.0,0.0,0.0,8,0.0
36029014804,42,0.0,0.0,0.0,0.0,0.0,8,0.0
36029014901,42,0.900025600456487,5250.7493530631455,2917.0,2917.0,5025.0,8,583.2506469368545
36029014903,42,0.8726298469261702,10276.08907740258,5888.0,5888.0,10238.0,8,1499.9109225974205
36029980400,42,0.0,0.0,0.0,0.0,0.0,8,0.0
36115082002,439,1.0,1960.0,980.0,980.0,2088.0,1,0.0
36057072500,278,0.9491237926535351,7923.285421071711,4174.0,4174.000000000001,7063.0,2,424.714578928289
36057072600,278,0.9443150069380882,7575.294985657344,4011.0,4011.0,6900.0,2,446.7050143426559
36009961400,17,1.0,11332.0,5666.0,5666.0,9518.0,1,0.0
36015010100,118,0.8659958392577469,6955.678580918224,4016.0,4016.0,7274.0,4,1076.3214190817762
36015010400,118,0.8972294851106356,7344.720565115663,4093.0,4092.999999999999,8117.0,4,841.2794348843365
36015010500,118,0.9603380405790802,5606.45348090067,2919.0,2919.0,5483.0,4,231.54651909932983
36097950500,118,0.9922895561440703,9349.35219798943,4711.0,4711.0,7840.0,4,72.64780201056917
36021000700,408,0.9843874915702874,11570.490575917158,5877.0,5877.0,9641.0,4,183.50942408284251
36021000800,408,0.6583631130257921,1955.3384456866027,1485.0,1484.9999999999998,2553.0,4,1014.6615543133973
36021000900,408,0.957840896174693,2565.097919955828,1339.0,1339.0,1988.0,4,112.90208004417204
36021001000,408,0.9498024486419008,10263.56526002438,5403.0,5403.0,10527.0,4,542.4347399756205
36105951100,295,0.8490294967160413,4594.947636227215,2706.0,2705.9999999999995,6037.0,4,817.0523637727842
36111954600,295,0.808041479250242,3183.683428245953,1970.0,1970.0,3298.0,4,756.3165717540469
36111954700,295,0.7134704241423624,2968.0369644322277,2080.0,2080.0,3128.0,4,1191.9630355677725
36111954800,295,0.8860430532823436,10434.042995452877,5888.0,5888.0,8906.0,4,1341.9570045471228
36117021000,113,0.9017408542366023,11226.673635245701,6225.0,6225.000000000001,11804.0,3,1223.3263647543004
36117021400,113,0.9318088051531017,6425.753520335789,3448.0,3448.0,5744.0,3,470.24647966421077
36117021800,113,0.9165216952362137,4161.00849637241,2270.0,2270.0,4086.0,3,378.99150362758957
36019101902,444,0.0,0.0,0.0,0.0,0.0,1,0.0
36105951600,270,0.9991608202951793,6214.780302236015,3110.0,3110.0,6798.0,5,5.219697763984673
36105951701,270,0.0,0.0,0.0,0.0,0.0,5,0.0
36105951702,270,0.0,0.0,0.0,0.0,0.0,5,0.0
36105951801,270,0.0,0.0,0.0,0.0,0.0,5,0.0
36105951802,270,0.0,0.0,0.0,0.0,0.0,5,0.0
36077590101,277,0.0,0.0,0.0,0.0,0.0,2,0.0
36077590600,277,0.9995913286244782,2844.836921265265,1423.0,1423.0000000000002,3203.0,2,1.1630787347350022
36089491900,241,0.7107606361068475,3110.288543603565,2188.0,2188.0,2573.0,3,1265.711456396435
36089492000,241,0.83573868832271,10077.337103795238,6029.0,6029.000000000001,8813.0,3,1980.662896204762
36089492100,241,0.7705491124354571,9483.918475855608,6154.0,6154.000000000001,8416.0,3,2824.081524144394
36055014501,73,0.8569958056543869,8353.995113518962,4874.0,4874.0,9193.0,6,1394.0048864810367
36055014505,73,0.8318879512134667,11045.80821621241,6639.0,6639.0,11910.0,6,2232.19178378759
36055014601,73,0.843590190557239,11363.15986680601,6735.0,6735.000000000001,12159.0,6,2106.8401331939895
36055014700,73,0.8584023279167154,8043.229812579623,4685.0,4685.0,9150.0,6,1326.7701874203767
36055014905,73,0.8650182414561697,10454.610466239266,6043.0,6042.999999999999,11984.0,6,1631.3895337607328
36055015000,73,0.94492208670815,11909.797980869524,6302.0,6302.000000000001,11540.0,6,694.202019130477
36095740200,301,0.9518694290142102,12920.67562943889,6787.0,6787.000000000001,9475.0,3,653.3243705611104
36095740300,301,0.9199106551368006,2237.2227132926987,1216.0,1216.0,1577.0,3,194.7772867073011
36095740400,301,0.7825450545861149,9511.052593439641,6077.0,6077.0,9334.0,3,2642.94740656036
36051031200,70,0.9842189478987602,6917.090765832487,3514.0,3514.0,5954.0,2,110.90923416751305
36051031300,70,0.9928109017598199,8337.625952978968,4199.0,4199.0,8108.0,2,60.37404702103266
36059300902,399,0.0,0.0,0.0,0.0,0.0,169,0.0
36059301400,399,0.3189190522062626,1546.7574032003736,2425.0,2425.0,4594.0,169,3303.2425967996264
36059301600,399,0.34096091402295503,4766.633578040912,6990.0,6990.0,11680.0,169,9213.366421959088
36059301700,399,0.3327297413016024,2204.667265864418,3313.0,3313.0,6408.0,169,4421.3327341355825
36059301900,399,0.394939201922346,2503.124661783829,3169.0,3168.9999999999995,5845.0,169,3834.8753382161713
36059302000,399,0.4403508748816045,7720.231538424291,8766.0,8766.0,11882.0,169,9811.76846157571
36059302101,399,0.41216611608298437,7887.210797363989,9568.0,9568.0,12387.0,169,11248.789202636011
36059302102,399,0.38879227363376845,5881.649515531648,7564.0,7563.999999999999,9537.0,169,9246.35048446835
36059302200,399,0.4044317387445062,5560.127544259471,6874.0,6874.000000000001,9420.0,169,8187.8724557405285
36059302300,399,0.4280340411940712,6252.7212737629925,7304.0,7304.000000000001,10473.0,169,8355.278726237008
36059302400,399,0.45857364829778835,7618.742592819454,8307.0,8307.0,11437.0,169,8995.257407180545
36059302501,399,0.36878795091850625,3280.0000354691956,4447.0,4447.0,5920.0,169,5613.999964530805
36059302502,399,0.4022802171369195,3643.8542068262173,4529.0,4529.0,6179.0,169,5414.145793173783
36059302700,399,0.3506269615195541,4337.255513996885,6185.0,6185.0,10029.0,169,8032.744486003116
36059302800,399,0.5271063013930735,10183.693742914178,9660.0,9660.000000000004,14575.0,169,9136.306257085824
36059302900,399,0.4590645097135001,7171.505770744299,7811.0,7811.000000000002,10921.0,169,8450.494229255703
36059303000,399,0.42439702257764733,7564.452530423987,8912.0,8912.000000000002,13574.0,169,10259.547469576013
36059303101,399,0.3464394190957356,4040.1765054944676,5831.0,5831.0,8948.0,169,7621.823494505531
36059303102,399,0.4860256267189135,6758.67236515321,6953.0,6953.0,9783.0,169,7147.32763484679
36059303203,399,0.0,0.0,0.0,0.0,0.0,169,0.0
36059303204,399,0.0,0.0,0.0,0.0,0.0,169,0.0
36059303301,399,0.4369772788390144,5255.088755317988,6013.0,6013.0,8198.0,169,6770.911244682013
36059303302,399,0.5007955348792799,7321.630719935072,7310.0,7309.999999999998,9631.0,169,7298.369280064927
36059303400,399,0.45916990118457124,4761.591875284003,5185.0,5185.0,6651.0,169,5608.408124715997
36059303500,399,0.4807127973159959,9058.551952622627,9422.0,9422.0,12472.0,169,9785.448047377373
36059303600,399,0.6126316635966635,12781.94702928079,10432.0,10432.0,14068.0,169,8082.052970719211
36059303700,399,0.49284910076126465,11698.26625566938,11868.0,11868.000000000002,15595.0,169,12037.733744330622
36059303800,399,0.3942383614565649,6528.587265720713,8280.0,8280.0,10288.0,169,10031.412734279285
36059303900,399,0.48973659305954387,7254.957889584084,7407.0,7407.0,9953.0,169,7559.042110415917
36059304001,399,0.3959591637124722,3454.347744227606,4362.0,4362.0,5824.0,169,5269.652255772393
36059304002,399,0.42728310382892254,6712.617561152372,7855.0,7854.999999999998,9736.0,169,8997.382438847626
36059304100,399,0.4408512971977381,5324.601967554281,6039.0,6039.0,8167.0,169,6753.398032445719
36059304202,399,0.4149172512803707,4651.222386852955,5605.0,5605.0,7095.0,169,6558.777613147045
36059304203,399,0.5426487944220368,10913.752553416003,10056.0,10056.0,12295.0,169,9198.247446583995
36059304204,399,0.4133902744545349,7106.178817873454,8595.0,8595.0,10457.0,169,10083.821182126545
36059404500,399,0.4286190785156879,4688.235480804593,5469.0,5468.999999999999,8768.0,169,6249.764519195405
36059404700,399,0.47452623588430176,9109.954676506826,9599.0,9599.0,13488.0,169,10088.045323493174
36059405200,399,0.42440720809855403,9365.818268318893,11034.0,11034.000000000002,19550.0,169,12702.181731681108
36059405301,399,0.4478389920755024,5620.379350547553,6275.0,6274.999999999999,8794.0,169,6929.620649452446
36059405302,399,0.44808434854874524,6635.23303330982,7404.0,7404.000000000001,9380.0,169,8172.76696669018
36059405400,399,0.5296684826598971,15867.808403525198,14979.0,14978.999999999996,22387.0,169,14090.191596474802
36059405500,399,0.5811324800263773,11877.1856267791,10219.0,10219.0,13701.0,169,8560.8143732209
36059405600,399,0.47346297569030504,8562.104452383477,9042.0,9042.0,11306.0,169,9521.895547616523
36059405700,399,0.4919037637027389,10075.172888159499,10241.0,10240.999999999998,13013.0,169,10406.827111840501
36059405800,399,0.4701307940447459,8190.618693847562,8711.0,8711.0,10522.0,169,9231.381306152438
36059405900,399,0.5718475348802617,10351.584076402498,9051.0,9051.000000000002,12293.0,169,7750.415923597502
36059406001,399,0.514524585160937,8391.895983974884,8155.0,8154.999999999999,11151.0,169,7918.104016025116
36059406002,399,0.4710702577624838,6114.4919457570395,6490.0,6490.0,8813.0,169,6865.5080542429605
36059406100,399,0.5235817787338923,6356.282793829454,6070.0,6070.0,7700.0,169,5783.717206170547
36059406201,399,0.3931845732564654,3697.5077269037993,4702.0,4702.0,6366.0,169,5706.4922730962
36059406202,399,0.4366834337307578,10016.64460291612,11469.0,11468.999999999998,14750.0,169,12921.355397083877
36059406300,399,0.3644052366434737,4385.252617767562,6017.0,6016.999999999999,7671.0,169,7648.747382232437
36059406400,399,0.45423674222226074,10334.794359040876,11376.0,11376.0,14486.0,169,12417.205640959124
36059406501,399,0.4516552826950987,11998.67424007799,13283.0,13282.999999999998,15804.0,169,14567.325759922009
36059406600,399,0.4321381324350436,6941.866959436542,8032.0,8032.000000000001,9604.0,169,9122.13304056346
36059406701,399,0.5360845674665549,5261.133945116769,4907.0,4906.999999999999,6051.0,169,4552.86605488323
36059406702,399,0.4634555276979959,7879.670881921328,8501.0,8501.0,10169.0,169,9122.329118078673
36059406801,399,0.5649454101768137,8740.83538625566,7736.0,7735.999999999999,9559.0,169,6731.16461374434
36059406802,399,0.5866325433337254,9562.110456339724,8150.0,8150.0,9741.0,169,6737.889543660276
36059406900,399,0.4900427802687587,12839.120843041479,13100.0,13100.0,15888.0,169,13360.879156958521
36059407000,399,0.45301588784365987,12747.867083920595,14070.0,14070.0,18432.0,169,15392.13291607941
36059407101,399,0.46271977881529835,7745.9290973680945,8370.0,8370.0,10447.0,169,8994.070902631905
36059407102,399,0.4970385523017484,11948.806797334033,12020.0,12020.0,15439.0,169,12091.193202665967
36059407201,399,0.46034883423650796,7450.285533283644,8092.0,8091.999999999999,9936.0,169,8733.714466716356
36059407203,399,0.5258610405212591,6485.97007378921,6167.0,6167.0,7735.0,169,5848.02992621079
36059407204,399,0.542825396305009,5886.398597531519,5422.0,5422.0,6432.0,169,4957.601402468482
36059407301,399,0.45797595126551516,9429.72483655696,10295.0,10295.000000000002,12552.0,169,11160.275163443042
36059407302,399,0.5039669167266201,9628.791910978804,9553.0,9553.0,11729.0,169,9477.208089021196
36059407401,399,0.48333272405064076,10128.720565205229,10478.0,10478.0,12857.0,169,10827.279434794771
36059407402,399,0.452869483341928,5669.925931440937,6260.0,6260.0,7673.0,169,6850.074068559062
36059407501,399,0.48526126434218597,9688.726403856084,9983.0,9982.999999999998,13188.0,169,10277.273596143914
36059407502,399,0.4807249857436202,9077.049180811038,9441.0,9441.0,12226.0,169,9804.950819188964
36059407600,399,0.4844946274627894,10409.851565665493,10743.0,10743.000000000002,12858.0,169,11076.148434334507
36059407700,399,0.5590042256641892,10883.812273681766,9735.0,9735.0,12033.0,169,8586.187726318236
36059407801,399,0.4675456529257094,10215.872516426749,10925.0,10925.0,13536.0,169,11634.127483573251
36059407802,399,0.3624347326005616,2188.3809154421906,3019.0,3019.0,3851.0,169,3849.6190845578094
36059407900,399,0.46033553056506127,10829.853692073631,11763.0,11763.0,14244.0,169,12696.146307926369
36059408000,399,0.44880112945486417,10619.532325160997,11831.0,11831.000000000004,14860.0,169,13042.467674839007
36059408100,399,0.5250014109883139,13834.837182364046,13176.0,13176.0,16195.0,169,12517.162817635952
36059408200,399,0.3978062098391797,8221.063132536487,10333.0,10333.0,12596.0,169,12444.936867463513
36059408300,399,0.46473240430348794,11697.314616318792,12585.0,12585.0,16084.0,169,13472.685383681208
36059408400,399,0.4954422262157181,8040.036447028672,8114.0,8114.0,10272.0,169,8187.963552971327
36059408500,399,0.5514618060424831,13445.741754927822,12191.0,12191.0,15385.0,169,10936.258245072178
36059408600,399,0.4550804509671924,8714.790636021735,9575.0,9575.0,12386.0,169,10435.209363978265
36059408700,399,0.5323881459754061,8946.25040497072,8402.0,8402.0,10788.0,169,7857.749595029278
36059408800,399,0.5497357619318006,15387.103976471095,13995.0,13995.0,17890.0,169,12602.896023528901
36059408900,399,0.5056283411817586,11774.061552758429,11643.0,11642.999999999996,14119.0,169,11511.938447241566
36059409000,399,0.5348875505246395,10346.864777348628,9672.0,9672.0,12514.0,169,8997.135222651374
36059409100,399,0.4953577252790262,10026.040359647492,10120.0,10120.0,12179.0,169,10213.95964035251
36059409200,399,0.4786092840380668,10189.591657170444,10645.0,10645.0,12976.0,169,11100.408342829558
36059409300,399,0.5744591896337391,10597.62313036322,9224.0,9223.999999999998,11512.0,169,7850.376869636781
36059409400,399,0.44491458829877273,7334.861902693564,8243.0,8243.0,10391.0,169,9151.138097306433
36059409500,399,0.5333149801100698,8064.789129224475,7561.0,7561.0,9366.0,169,7057.210870775525
36059409600,399,0.486578255216762,9961.230040797549,10236.0,10235.999999999998,12976.0,169,10510.76995920245
36059409700,399,0.5217760003834682,8457.98896621602,8105.0,8105.0,10106.0,169,7752.011033783981
36059410000,399,0.4591734557422664,4972.848525688743,5415.0,5415.0,9138.0,169,5857.151474311255
36059410100,399,0.507651018604677,10876.930724623806,10713.0,10713.000000000004,14176.0,169,10549.069275376194
36059410200,399,0.5219272570762183,6780.8789239342295,6496.0,6496.0,8411.0,169,6211.1210760657705
36059410600,399,0.4416809301140213,9145.445338940923,10353.0,10353.0,18164.0,169,11560.554661059075
36059410700,399,0.4546978181171971,7310.631519688295,8039.0,8039.0,15414.0,169,8767.368480311705
36059411800,399,0.5083535843795051,9431.992404577339,9277.0,9277.0,13370.0,169,9122.007595422663
36059411901,399,0.5107112939207472,5695.452349804173,5576.0,5576.0,8489.0,169,5456.547650195827
36059411902,399,0.39128873355694826,4538.949309260598,5800.0,5799.999999999999,9579.0,169,7061.0506907394
36059412000,399,0.5845790860831829,11193.520340320785,9574.0,9574.0,13797.0,169,7954.479659679215
36059412301,399,0.47278275585089635,4947.1987572237795,5232.0,5232.0,6693.0,169,5516.8012427762205
36059412302,399,0.4443609373188979,5029.277088575287,5659.0,5658.999999999999,8669.0,169,6288.722911424713
36059412400,399,0.4842132645104349,7752.254364812063,8005.0,8004.999999999999,11161.0,169,8257.745635187937
36059412500,399,0.36931117641307254,5476.146123853039,7414.0,7414.0,9301.0,169,9351.85387614696
36059412600,399,0.4387126281197582,6821.103942005999,7774.0,7774.0,9391.0,169,8726.896057994
36059412700,399,0.4025606235626935,5429.737690613609,6744.0,6743.999999999999,8859.0,169,8058.26230938639
36059412800,399,0.47465668226420155,6028.13986475536,6350.0,6350.000000000001,8235.0,169,6671.86013524464
36059412900,399,0.4964096858717587,9912.308607487277,9984.0,9984.0,13551.0,169,10055.691392512721
36059413100,399,0.45549065328624927,6647.430594059522,7297.0,7297.000000000001,11829.0,169,7946.569405940479
36059413500,399,0.5314511355351734,16049.824293162237,15100.0,15099.999999999998,21060.0,169,14150.175706837761
36059413600,399,0.4350284920237111,7947.970549273201,9135.0,9135.000000000002,12883.0,169,10322.029450726799
36059413900,399,0.4470400943259264,11945.805400577407,13361.0,13361.0,17266.0,169,14776.194599422593
36059414001,399,0.5161652839843425,7714.606334429983,7473.0,7472.999999999999,9780.0,169,7231.393665570017
36059414002,399,0.47924718104695363,8798.978244022066,9180.0,9180.0,11492.0,169,9561.021755977932
36059414100,399,0.4834254464735652,12097.238372554497,12512.0,12512.0,15911.0,169,12926.761627445503
36059414201,399,0.41608700677698085,7682.630493130175,9232.0,9232.0,12459.0,169,10781.369506869825
36059414202,399,0.38230141629392544,5746.754889730286,7516.0,7515.999999999999,9426.0,169,9285.245110269712
36059414301,399,0.5083271523554511,6550.303685252344,6443.0,6443.000000000001,9001.0,169,6335.696314747656
36059414303,399,0.4306775488302691,6660.858970208941,7733.0,7733.0,9758.0,169,8805.141029791059
36059414304,399,0.3645318588087919,3909.9687175831014,5363.0,5363.0,7033.0,169,6816.031282416898
36059414400,399,0.37885381084336534,7050.46941979503,9305.0,9305.0,11323.0,169,11559.530580204972
36059414600,399,0.44088891429205923,6598.343491294959,7483.0,7482.999999999998,9190.0,169,8367.65650870504
36059414700,399,0.41273452984621484,8057.403491657806,9761.0,9760.999999999998,12054.0,169,11464.596508342194
36059414800,399,0.47919536327515033,11944.423624996398,12463.0,12463.0,15856.0,169,12981.576375003602
36059414900,399,0.4743825084286938,13525.594080318919,14256.0,14256.0,18190.0,169,14986.405919681083
36059415000,399,0.49201575812590825,10761.368661729866,10936.0,10936.0,13674.0,169,11110.631338270134
36059415101,399,0.4428512532355561,3863.434333226992,4362.0,4362.0,5969.0,169,4860.565666773009
36059415201,399,0.370512924554,4266.826839163863,5758.0,5757.999999999999,7284.0,169,7249.173160836136
36059415300,399,0.5322411342376632,9948.651281170401,9346.0,9346.0,12290.0,169,8743.348718829599
36059415401,399,0.5013314623868566,9352.839762289195,9328.0,9328.0,13090.0,169,9303.160237710805
36059415500,399,0.45913423569594614,4210.260941331825,4585.0,4585.0,5995.0,169,4959.739058668174
36059415600,399,0.4510174706647341,8199.497616684865,9090.0,9090.0,11688.0,169,9980.502383315135
36059415700,399,0.49263326854520906,10831.035042234962,10993.0,10992.999999999998,14593.0,169,11154.964957765034
36059415802,399,0.548150512665751,14572.033228706327,13292.0,13292.0,17194.0,169,12011.966771293675
36059416000,399,0.44628459184585945,5992.7094993062,6714.0,6714.0,9013.0,169,7435.2905006938
36059416100,399,0.49793277722390616,13581.614431559268,13638.0,13638.0,17510.0,169,13694.385568440735
36059517705,399,0.3740777148703287,3804.370360231243,5085.0,5084.999999999999,6853.0,169,6365.6296397687565
36059518501,399,0.3807336367184794,7993.883436541195,10498.0,10498.000000000002,14189.0,169,13002.116563458807
36059518502,399,0.4656545222665467,5372.7218779114155,5769.0,5768.999999999999,7407.0,169,6165.2781220885845
36059518600,399,0.36385521738700655,4796.339475595521,6591.0,6591.0,9538.0,169,8385.66052440448
36059518700,399,0.3706393121228869,6022.888821996916,8125.0,8125.000000000001,12950.0,169,10227.111178003088
36059518800,399,0.4148800921496726,4615.955905257257,5563.0,5563.0,8795.0,169,6510.044094742743
36059518900,399,0.48814763211594836,12423.357237350883,12725.0,12725.000000000002,16438.0,169,13026.642762649113
36059519000,399,0.5158202856678427,11197.426761277526,10854.0,10854.0,13848.0,169,10510.573238722473
36059519100,399,0.5466405829210144,12437.166542618917,11376.0,11375.999999999998,14782.0,169,10314.83345738108
36059519200,399,0.5786048221878444,13347.256038229196,11534.0,11534.0,14165.0,169,9720.743961770806
36059519300,399,0.48474509175388614,9408.90223094293,9705.0,9705.0,12598.0,169,10001.09776905707
36059519400,399,0.5284977340308412,8359.777156899849,7909.0,7909.000000000001,10734.0,169,7458.222843100153
36059519500,399,0.4989126420101745,11260.458330169638,11285.0,11285.0,14850.0,169,11309.541669830362
36059519601,399,0.4789475582641748,7569.287210807017,7902.0,7901.999999999998,11391.0,169,8234.712789192981
36059519602,399,0.4186498410096361,2656.7518910471504,3173.0,3173.000000000001,5063.0,169,3689.2481089528496
36059519703,399,0.44392872306864495,4845.03808357119,5457.0,5456.999999999999,8470.0,169,6068.961916428809
36059519704,399,0.4590096473756976,4232.986968098683,4611.0,4611.0,7894.0,169,4989.013031901317
36059519801,399,0.4261422275627954,3819.0866434177724,4481.0,4481.0,6464.0,169,5142.913356582228
36059519900,399,0.49475531730849565,10422.515514420773,10533.0,10533.0,13437.0,169,10643.48448557923
36059520001,399,0.47765004191786964,11569.63931533464,12111.0,12111.000000000002,16193.0,169,12652.360684665362
36059520002,399,0.46960923004189825,7173.7505981200375,7638.0,7638.0,10148.0,169,8102.2494018799625
36059520200,399,0.6205710123027282,6767.947460173555,5453.0,5453.000000000001,7548.0,169,4138.052539826446
36059520300,399,0.45338773527000775,8883.67928488053,9797.0,9797.0,14847.0,169,10710.320715119467
36059520900,399,0.51665138805262,8379.052211437393,8109.0,8109.000000000001,11174.0,169,7838.9477885626075
36059521302,399,0.4291732707464373,6734.586964553096,7846.0,7846.0,14556.0,169,8957.413035446905
36059522700,399,0.4953894728368695,8158.0738386775665,8234.0,8234.0,11312.0,169,8309.926161322433
36059980100,399,0.26286846917409146,852.7453140007528,1622.0,1622.0,2342.0,169,2391.254685999247
36059981100,399,0.24043226507435556,507.7929438370391,1056.0,1056.0000000000002,1408.0,169,1604.207056162961
36059982100,399,0.29498415104677855,1313.859408762351,2227.0,2227.0,3658.0,169,3140.1405912376486
36063024102,45,1.0,5656.0,2828.0,2828.0,4702.0,1,0.0
36041950300,333,1.0,2132.0,1066.0,1066.0,1474.0,1,0.0
36089492600,240,1.0,11326.0,5663.0,5663.0,10313.0,1,0.0
36067010100,163,0.8103297769186092,5291.453443278518,3265.0,3264.9999999999995,5897.0,10,1238.5465567214821
36067010200,163,0.939901878613108,10729.919846247241,5708.0,5708.000000000001,11021.0,10,686.0801537527582
36067010301,163,0.9032270735742407,11369.822402152542,6294.0,6293.999999999999,11996.0,10,1218.1775978474577
36067010321,163,0.821835891682589,5392.887121221149,3281.0,3281.0000000000005,5827.0,10,1169.1128787788512
36067010322,163,0.9253867838883424,9735.068966505361,5260.0,5259.999999999999,8898.0,10,784.9310334946383
36067011242,163,0.8302831926646035,13669.78248403003,8232.0,8232.000000000002,14822.0,10,2794.217515969968
36075020600,163,0.9567659229794195,8670.212794039498,4531.0,4530.999999999999,9006.0,10,391.7872059605003
36075020704,163,0.0,0.0,0.0,0.0,0.0,10,0.0
36075020706,163,0.0,0.0,0.0,0.0,0.0,10,0.0
36075020707,163,0.0,0.0,0.0,0.0,0.0,10,0.0
36055011505,93,0.8316435271904289,13580.738799019702,8165.0,8164.999999999999,13391.0,25,2749.2612009802956
36055011601,93,0.834587606080387,13513.642517653625,8096.0,8096.000000000001,12609.0,25,2678.3574823463746
36055011603,93,0.6315184398467253,1472.701001722563,1166.0,1165.9999999999998,2043.0,25,859.2989982774368
36055011604,93,0.7452815749991603,3988.7469893955054,2676.0,2676.0,4846.0,25,1363.2530106044944
36055011605,93,0.8134521488074926,3938.7353045258787,2421.0,2420.9999999999995,3661.0,25,903.2646954741207
36055011705,93,0.7440727657534862,8735.414269945926,5870.0,5870.000000000001,9194.0,25,3004.5857300540724
36055011707,93,0.8945530850930211,17619.117563992146,9848.0,9848.0,14998.0,25,2076.8824360078556
36055011708,93,0.745636872198987,7085.041559634776,4751.0,4751.000000000001,7124.0,25,2416.9584403652248
36055011709,93,0.0,0.0,0.0,0.0,0.0,25,0.0
36055011710,93,0.0,0.0,0.0,0.0,0.0,25,0.0
36055011711,93,0.0,0.0,0.0,0.0,0.0,25,0.0
36055011712,93,0.0,0.0,0.0,0.0,0.0,25,0.0
36055011800,93,0.848093773601535,8158.662102046766,4810.0,4810.0,8220.0,25,1461.3378979532324
36055011901,93,0.793370730950127,13392.097938438143,8440.0,8439.999999999998,12720.0,25,3487.902061561856
36055011903,93,0.0,0.0,0.0,0.0,0.0,25,0.0
36055011904,93,0.0,0.0,0.0,0.0,0.0,25,0.0
36055012000,93,0.7023474630010524,4830.745850521238,3439.0,3438.9999999999995,5258.0,25,2047.2541494787613
36055012100,93,0.6639342943897925,5890.425059826239,4436.0,4436.0,7068.0,25,2981.574940173761
36055012202,93,0.7489066884801947,6190.462686977289,4133.0,4133.000000000001,7744.0,25,2075.537313022711
36055012304,93,0.8155241464113132,7983.9813933667565,4895.0,4895.0,8642.0,25,1806.0186066332435
36055012305,93,0.7798690788056379,8137.153968258027,5217.0,5217.0,8458.0,25,2296.846031741973
36069050101,93,0.6874787880448632,4764.228001150901,3465.0,3465.0,6586.0,25,2165.7719988490985
36069050104,93,0.0,0.0,0.0,0.0,0.0,25,0.0
36069050204,93,0.0,0.0,0.0,0.0,0.0,25,0.0
36117020303,93,0.0,0.0,0.0,0.0,0.0,25,0.0
36109001500,132,0.9951765811515242,13407.018901273335,6736.0,6736.000000000001,12939.0,2,64.98109872666555
36109002300,132,0.9199719796353145,11330.374901188534,6158.0,6158.0,10579.0,2,985.6250988114658
36069050601,91,0.9997019358820426,10530.860192581436,5267.0,5267.0,10701.0,4,3.1398074185635276
36069052003,91,0.0,0.0,0.0,0.0,0.0,4,0.0
36069052101,91,0.0,0.0,0.0,0.0,0.0,4,0.0
36069052102,91,0.0,0.0,0.0,0.0,0.0,4,0.0
36017970501,208,0.0,0.0,0.0,0.0,0.0,3,0.0
36017970502,208,0.0,0.0,0.0,0.0,0.0,3,0.0
36077591500,208,0.9998458819190642,5491.1535834995,2746.0,2745.9999999999995,6275.0,3,0.8464165004993552
36045061700,153,1.0,4156.0,2078.0,2078.0,4267.0,1,0.0
36065024101,235,1.0,2662.0,1331.0,1331.0,2550.0,1,0.0
36051030100,72,0.9687252918558491,8778.588594797704,4531.0,4531.0,8065.0,3,283.41140520229584
36051030201,72,0.9783849799710261,9899.299227346843,5059.0,5059.0,9135.0,3,218.70077265315717
36051030300,72,0.99035252580927,6201.587516617649,3131.0,3131.0,6152.0,3,60.41248338235114
36089490400,266,0.9773322808752948,4695.1042773249155,2402.0,2401.9999999999995,5156.0,2,108.89572267508385
36089490600,266,0.972813390378314,9385.703590369974,4824.0,4824.0,8487.0,2,262.296409630026
36045060201,169,0.0,0.0,0.0,0.0,0.0,3,0.0
36045060202,169,0.0,0.0,0.0,0.0,0.0,3,0.0
36045060203,169,0.0,0.0,0.0,0.0,0.0,3,0.0
36091060102,414,0.9273018773703777,13382.82069420929,7216.0,7215.999999999998,11318.0,14,1049.1793057907084
36091060104,414,0.0,0.0,0.0,0.0,0.0,14,0.0
36091060200,414,0.931140738961565,8484.554413417782,4556.0,4556.0,6722.0,14,627.4455865822194
36091060800,414,0.8308475824963933,8381.590412223617,5044.0,5044.0,10570.0,14,1706.409587776384
36113070100,414,0.817432299643754,4906.228662461812,3001.0,3000.9999999999995,4554.0,14,1095.7713375381888
36113070200,414,0.906611121432551,4358.986271847705,2404.0,2404.0,3752.0,14,449.01372815229473
36113070300,414,0.9359037772529284,7337.485613662958,3920.0,3919.999999999999,6317.0,14,502.51438633704174
36113070500,414,0.8162907831244655,3763.1005102037857,2305.0,2305.0,3959.0,14,846.8994897962143
36113070801,414,0.0,0.0,0.0,0.0,0.0,14,0.0
36113070802,414,0.0,0.0,0.0,0.0,0.0,14,0.0
36115080100,414,0.9365203159238004,10372.899019172013,5538.0,5538.0,8793.0,14,703.1009808279872
36115080200,414,0.8892221015327186,5036.553983081318,2832.0,2831.999999999999,5368.0,14,627.4460169186814
36115088001,414,0.0,0.0,0.0,0.0,0.0,14,0.0
36115088002,414,0.0,0.0,0.0,0.0,0.0,14,0.0
36105950100,296,1.0,6464.0,3232.0,3232.0,6143.0,1,0.0
36033950601,367,0.0,0.0,0.0,0.0,0.0,1,0.0
36027070102,377,0.7590149345101591,6140.430820187187,4045.0,4045.000000000001,6245.0,18,1949.569179812813
36027070301,377,0.824067116185356,10808.46429588713,6558.0,6558.000000000001,10195.0,18,2307.535704112871
36027070401,377,0.6492107469240593,7443.850424231265,5733.0,5733.0,8762.0,18,4022.1495757687353
36027080103,377,0.9004854597161587,8500.58273972054,4720.0,4720.000000000001,8373.0,18,939.417260279462
36027080104,377,0.864477185610925,7809.686894809097,4517.0,4517.0,8966.0,18,1224.3131051909031
36027130003,377,0.9164304096692399,12974.821740097095,7079.0,7078.999999999999,12115.0,18,1183.1782599029016
36027130004,377,0.8596038517295256,3539.8486614221865,2059.0,2059.0000000000005,3374.0,18,578.1513385778138
36027130005,377,0.8436655135655831,6292.057400172118,3729.0,3728.999999999999,6266.0,18,1165.9425998278816
36027140101,377,0.7085965831671228,10318.583444079644,7281.0,7281.0,11180.0,18,4243.416555920357
36027140201,377,0.0,0.0,0.0,0.0,0.0,18,0.0
36027140202,377,0.0,0.0,0.0,0.0,0.0,18,0.0
36027140301,377,0.0,0.0,0.0,0.0,0.0,18,0.0
36027140302,377,0.0,0.0,0.0,0.0,0.0,18,0.0
36027220300,377,0.6154423430343552,7107.128177360735,5774.0,5774.000000000001,8517.0,18,4440.871822639266
36027220901,377,0.7142845171162613,6628.560318838905,4640.0,4639.999999999999,7299.0,18,2651.4396811610955
36027221001,377,0.6888568865599907,5550.808791900406,4029.0,4029.0,8419.0,18,2507.1912080995953
36027221100,377,0.5905123220282884,5453.971806253272,4618.0,4618.0,7062.0,18,3782.0281937467275
36027410000,377,0.9081519167865386,6992.769759256347,3850.0,3850.0,6939.0,18,707.2302407436525
36013030100,9,0.7793941935616878,10390.883388564424,6666.0,6666.0,7741.0,12,2941.116611435578
36013030200,9,0.8042702596227378,10650.146777924292,6621.0,6620.999999999999,7757.0,12,2591.853222075707
36013030300,9,0.7572183174090311,3274.2120044766507,2162.0,2162.0000000000005,2777.0,12,1049.7879955233495
36013030400,9,0.8960832828780785,14590.028011820872,8141.0,8140.999999999999,9665.0,12,1691.971988179127
36013030500,9,0.7654103994000425,7202.511858354401,4705.0,4705.0,5559.0,12,2207.4881416455996
36013030600,9,0.793092867342847,8170.442719366009,5151.0,5151.0,5998.0,12,2131.5572806339906
36013030700,9,0.8364031953472637,13086.364394403288,7823.0,7823.000000000002,9079.0,12,2559.635605596712
36013030800,9,0.8876146550908149,14113.073015943957,7950.0,7950.0,9132.0,12,1786.9269840560428
36013037000,9,0.9175760853852641,8781.203137136978,4785.0,4785.000000000001,6027.0,12,788.7968628630227
36013037200,9,0.8955934612327797,9855.110447405508,5502.0,5502.000000000001,7101.0,12,1148.8895525944922
36013037300,9,0.8110715594428719,13540.028613339304,8347.0,8346.999999999998,10521.0,12,3153.9713866606958
36013037500,9,0.7791408858196861,13533.677186687948,8685.0,8685.0,10307.0,12,3836.322813312052
36031960501,364,0.0,0.0,0.0,0.0,0.0,2,0.0
36031960502,364,0.0,0.0,0.0,0.0,0.0,2,0.0
36071011102,319,0.8484040889749669,7589.822979970054,4473.0,4473.0,9058.0,19,1356.177020029946
36071011900,319,0.7786708063572877,14120.416402483055,9067.0,9066.999999999998,14721.0,19,4013.583597516945
36071012100,319,0.9406012383377236,8070.358624937668,4290.0,4290.0,6097.0,19,509.6413750623318
36071012200,319,0.8137126887552097,8599.315694765059,5284.0,5284.000000000002,7610.0,19,1968.6843052349436
36071012300,319,0.8273616363522613,10967.505851485574,6628.0,6627.999999999998,10264.0,19,2288.4941485144236
36071013202,319,0.9445324162313045,4212.614576391617,2230.0,2229.9999999999995,3810.0,19,247.385423608382
36071013301,319,0.0,0.0,0.0,0.0,0.0,19,0.0
36071013302,319,0.0,0.0,0.0,0.0,0.0,19,0.0
36071013400,319,0.936380656808903,7444.226221630779,3975.0,3975.0,6647.0,19,505.77377836922113
36071014101,319,0.776041477169966,5750.467345829447,3705.0,3704.9999999999995,7014.0,19,1659.5326541705517
36071014301,319,0.877003877845757,11685.199668416866,6662.0,6662.0,9604.0,19,1638.8003315831347
36071015003,319,0.8079978707564038,8661.73717450865,5360.0,5360.0,14740.0,19,2058.2628254913507
36071015005,319,0.8021663758892498,6598.62060806497,4113.0,4113.000000000001,6641.0,19,1627.3793919350312
36071015007,319,0.0,0.0,0.0,0.0,0.0,19,0.0
36071015008,319,0.0,0.0,0.0,0.0,0.0,19,0.0
36071015009,319,0.0,0.0,0.0,0.0,0.0,19,0.0
36071015010,319,0.0,0.0,0.0,0.0,0.0,19,0.0
36071015201,319,0.0,0.0,0.0,0.0,0.0,19,0.0
36071015203,319,0.0,0.0,0.0,0.0,0.0,19,0.0
36031961202,440,0.0,0.0,0.0,0.0,0.0,1,0.0
36015000100,117,0.6978937856567813,4949.4627278778935,3546.0,3545.999999999999,4771.0,15,2142.5372721221065
36015000200,117,0.7867760582379784,5553.065419043652,3529.0,3529.0000000000005,5037.0,15,1504.934580956349
36015000300,117,0.0,0.0,0.0,0.0,0.0,15,0.0
36015000400,117,0.8647360194831915,5409.788537886846,3128.0,3128.0,4536.0,15,846.211462113154
36015000500,117,0.8621009073236513,7177.85215437672,4163.0,4163.0,6281.0,15,1148.147845623279
36015000600,117,0.8608448702443441,8651.490945955657,5025.0,5025.0,6191.0,15,1398.509054044342
36015000700,117,0.8812877304479821,5053.303846388729,2867.0,2866.999999999999,3618.0,15,680.6961536112705
36015000900,117,0.8498931636620304,7728.928430342505,4547.0,4547.0,6534.0,15,1365.0715696574962
36015001000,117,0.7189514354283282,5889.6501590288635,4096.0,4095.9999999999995,5709.0,15,2302.349840971136
36015001100,117,0.7462360457383559,6434.047186356106,4311.0,4311.000000000001,6682.0,15,2187.9528136438953
36015010702,117,0.0,0.0,0.0,0.0,0.0,15,0.0
36015010800,117,0.7577223878608274,5748.082034312237,3793.0,3793.0,5746.0,15,1837.9179656877636
36015011000,117,0.8333297957430472,6014.974465673315,3609.0,3609.0,6398.0,15,1203.0255343266856
36015011101,117,0.0,0.0,0.0,0.0,0.0,15,0.0
36015011102,117,0.0,0.0,0.0,0.0,0.0,15,0.0
36009961100,37,0.7984333288474929,9815.939344851076,6147.0,6147.0,8056.0,6,2478.060655148923
36009961302,37,0.0,0.0,0.0,0.0,0.0,6,0.0
36009961500,37,0.7891816574674135,5356.9650908888025,3394.0,3394.0,4158.0,6,1431.0349091111973
36009961600,37,0.868034607810618,10843.48832077024,6246.0,6245.999999999999,7535.0,6,1648.5116792297588
36009961700,37,0.8010516516435037,8404.63392904364,5246.0,5245.999999999999,6292.0,6,2087.366070956359
36009961800,37,0.8405006975405955,11402.232462835716,6783.0,6783.0,8481.0,6,2163.7675371642817
36005000100,371,0.07450655109160087,1195.5321188158282,8023.0,8023.0,12830.0,820,14850.467881184173
36005000200,371,0.08448824421997803,929.201709931318,5499.0,5499.0,12840.0,820,10068.798290068682
36005000400,371,0.11456976465482538,1522.4030327333182,6644.0,6644.0,15147.0,820,11765.59696726668
36005001902,371,0.0,0.0,0.0,0.0,0.0,820,0.0
36005001903,371,0.0,0.0,0.0,0.0,0.0,820,0.0
36005001904,371,0.0,0.0,0.0,0.0,0.0,820,0.0
36005002001,371,0.0,0.0,0.0,0.0,0.0,820,0.0
36005002002,371,0.0,0.0,0.0,0.0,0.0,820,0.0
36005002400,371,0.033289991192166246,7.923017903735586,119.0,119.0,246.0,820,230.07698209626443
36005002500,371,0.20752012659004226,2954.2565221358414,7118.0,7118.000000000001,11661.0,820,11281.743477864158
36005002701,371,0.16773789910496084,1077.8837396484791,3213.0,3213.0,6018.0,820,5348.116260351521
36005002702,371,0.1733605685960511,2125.4005709875864,6130.0,6130.000000000002,10411.0,820,10134.599429012414
36005003100,371,0.12055492586700445,502.7140408654085,2085.0,2085.0,4749.0,820,3667.2859591345914
36005003300,371,0.17805536204190253,1743.5181051143093,4896.0,4896.0,8641.0,820,8048.48189488569
36005003500,371,0.17994754766904886,1731.4553036715888,4811.0,4811.0,8071.0,820,7890.544696328412
36005003700,371,0.0725032038212271,61.4827168404005,424.0,423.99999999999994,713.0,820,786.5172831595994
36005003900,371,0.2304521875708494,3347.0875722790174,7262.0,7262.0,12462.0,820,11176.912427720983
36005004100,371,0.2185416463334976,3582.7717499913624,8197.0,8197.000000000002,13265.0,820,12811.22825000864
36005004300,371,0.19037964132273755,2742.989872178002,7204.0,7204.000000000001,11972.0,820,11665.010127821997
36005006500,371,0.1605367778858593,1807.965192550548,5631.0,5631.0,10724.0,820,9454.034807449452
36005007300,371,0.19114897130017328,1775.3916454360099,4644.0,4644.0,7915.0,820,7512.60835456399
36005007900,371,0.16655230689286438,2713.137079284765,8145.0,8144.999999999998,14852.0,820,13576.862920715237
36005008300,371,0.14176964548902193,2591.832658830299,9141.0,9141.0,16524.0,820,15690.167341169701
36005008400,371,0.07532161166037488,391.5217374106285,2599.0,2599.0,5688.0,820,4806.478262589371
36005008500,371,0.16240873208440154,2463.090830792034,7583.0,7583.0,13770.0,820,12702.909169207966
36005009000,371,0.09018726577675074,685.783968966413,3802.0,3802.0,8592.0,820,6918.216031033588
36005009301,371,0.0,0.0,0.0,0.0,0.0,820,0.0
36005009302,371,0.0,0.0,0.0,0.0,0.0,820,0.0
36005011000,371,0.030730935350371413,1.8438561210222817,30.0,30.000000000000007,135.0,820,58.15614387897772
36005011701,371,0.0,0.0,0.0,0.0,0.0,820,0.0
36005011702,371,0.0,0.0,0.0,0.0,0.0,820,0.0
36005011800,371,0.09635420624091362,1081.0941940230475,5610.0,5610.0,10193.0,820,10138.905805976949
36005013200,371,0.11236231198392832,1831.505685338032,8150.0,8150.0,17850.0,820,14468.494314661968
36047030100,371,0.2291259706984199,1414.6237430920453,3087.0,3087.0,5467.0,820,4759.376256907955
36047030300,371,0.26858467838807043,3186.4886243960696,5932.0,5932.0,10832.0,820,8677.511375603932
36047036100,371,0.157536578702145,1049.1936141562844,3330.0,3329.9999999999995,5186.0,820,5610.806385843714
36047036300,371,0.2573271564723677,2580.991379417848,5015.0,5015.0,8579.0,820,7449.008620582152
36047036501,371,0.1899852454434786,1420.7096654263328,3739.0,3739.0,5799.0,820,6057.290334573667
36047036502,371,0.19757589909782336,641.3313684715345,1623.0,1623.0,2663.0,820,2604.6686315284655
36047036700,371,0.1363560479200564,541.0607981467839,1984.0,1984.0,2800.0,820,3426.939201853216
36047036900,371,0.26056490154597756,3970.4879697576034,7619.0,7619.0,12561.0,820,11267.512030242395
36047037100,371,0.24611684508562637,3221.66950217085,6545.0,6545.0,11220.0,820,9868.33049782915
36047037300,371,0.17869420081646836,1656.852629970293,4636.0,4636.000000000001,7642.0,820,7615.147370029706
36047037500,371,0.21015956943335212,1674.1311301060825,3983.0,3983.0,6833.0,820,6291.868869893917
36047037700,371,0.21895573656640677,2406.761456337944,5496.0,5496.0,9376.0,820,8585.238543662057
36047037900,371,0.20540437632354114,1513.008635999204,3683.0,3683.0,7277.0,820,5852.991364000796
36047039700,371,0.18705786700054405,1606.4529618006725,4294.0,4294.0,6810.0,820,6981.547038199327
36047039900,371,0.2530461280802031,2226.299834849625,4399.0,4399.0,7112.0,820,6571.700165150373
36047040100,371,0.21667360295382365,1789.2906131926757,4129.0,4129.0,6896.0,820,6468.709386807324
36047040300,371,0.24040616556329175,2181.9263586524366,4538.0,4538.0,6932.0,820,6894.073641347564
36047040500,371,0.19286928839194406,808.8937955158132,2097.0,2097.0,3267.0,820,3385.1062044841865
36047040700,371,0.0,0.0,0.0,0.0,0.0,820,0.0
36047040900,371,0.2885095424643538,3053.007978357791,5291.0,5291.0,8349.0,820,7528.992021642209
36047041100,371,0.21009846829090806,1626.58234150821,3871.0,3871.0,5891.0,820,6115.41765849179
36047041300,371,0.30996414447383713,4124.382906368878,6653.0,6653.0,9215.0,820,9181.617093631123
36047041500,371,0.25764520463627627,3140.6950445162065,6095.0,6095.0,9153.0,820,9049.304955483793
36047041700,371,0.26715393635016493,2504.3009993464466,4687.0,4687.000000000001,6543.0,820,6869.699000653554
36047041900,371,0.2816983509895594,3231.0800858502453,5735.0,5735.0,8677.0,820,8238.919914149754
36047043100,371,0.2764669600769578,4295.743625675771,7769.0,7769.0,11475.0,820,11242.25637432423
36047043300,371,0.2727927000018824,3386.4485778233684,6207.0,6207.000000000001,9427.0,820,9027.551422176632
36047043500,371,0.24378554811181696,3216.506521787312,6597.0,6597.0,10215.0,820,9977.493478212687
36047043700,371,0.24114540201708212,3389.539770752105,7028.0,7028.000000000001,10416.0,820,10666.460229247894
36047043900,371,0.29797256702321784,3552.428944050804,5961.0,5961.0,8403.0,820,8369.571055949196
36047044100,371,0.3446670524741986,6142.6562091951655,8911.0,8911.0,13395.0,820,11679.343790804833
36047044300,371,0.3430109172450755,5520.417702142246,8047.0,8047.0,12078.0,820,10573.582297857754
36047044500,371,0.2821838166735522,3571.318383820477,6328.0,6328.0,9873.0,820,9084.681616179523
36047044700,371,0.19002609667826265,1300.918657859386,3423.0,3423.000000000001,5517.0,820,5545.081342140615
36047088600,371,0.19926352286764426,2128.5329512721755,5341.0,5341.000000000001,9676.0,820,8553.467048727824
36047088800,371,0.1714237417518183,1789.6638638889842,5220.0,5220.0,9656.0,820,8650.336136111016
36047089000,371,0.2568400642503538,4063.723496569098,7911.0,7911.000000000002,14445.0,820,11758.276503430903
36047089200,371,0.2073300643508592,1980.0021145507053,4775.0,4775.0,8313.0,820,7569.997885449295
36047089400,371,0.20376880029427513,2058.472420572768,5051.0,5051.0,8451.0,820,8043.527579427233
36047089600,371,0.2394896316532068,2320.6545307195743,4845.0,4845.0,7548.0,820,7369.345469280426
36047089800,371,0.21204561278103762,743.4319184103184,1753.0,1753.0,2958.0,820,2762.568081589682
36047090000,371,0.2290593501624344,3430.3928280326186,7488.0,7488.000000000001,11472.0,820,11545.607171967382
36047090200,371,0.1759186780468659,1509.0304202860145,4289.0,4289.0,6852.0,820,7068.969579713985
36047090600,371,0.2704892771387958,3261.018725185322,6028.0,6028.0,9189.0,820,8794.981274814678
36047090800,371,0.24834118377749326,4643.980136639123,9350.0,9350.0,13473.0,820,14056.019863360876
36047091000,371,0.22281339193792105,3258.8686704840325,7313.0,7313.0,10489.0,820,11367.131329515967
36047091200,371,0.2807700081668857,6101.132277466425,10865.0,10865.0,15714.0,820,15628.867722533574
36047091600,371,0.2288291343677341,2665.8594153841022,5825.0,5825.0,9202.0,820,8984.140584615898
36047091800,371,0.2115397763590141,1537.0480150245978,3633.0,3633.0000000000005,5005.0,820,5728.951984975403
36047092000,371,0.2009695743341139,1811.9416821963703,4508.0,4508.0,6925.0,820,7204.0583178036295
36047092200,371,0.17869325204593145,1304.818126439392,3651.0,3651.0,5996.0,820,5997.181873560608
36047092400,371,0.2613451460645697,2461.348585636118,4709.0,4709.0,7166.0,820,6956.651414363882
36047092800,371,0.12710597595218442,890.7586794729086,3504.0,3504.0,6169.0,820,6117.241320527091
36047093000,371,0.20103537892070134,1400.4124495616059,3483.0,3483.0,6437.0,820,5565.587550438395
36047093400,371,0.11812463129268824,641.8892464444687,2717.0,2717.0000000000005,5270.0,820,4792.110753555532
36047093600,371,0.1239185623072776,470.6426996430407,1899.0,1899.0000000000002,3941.0,820,3327.3573003569595
36047098200,371,0.21526324452620005,2404.490441357655,5585.0,5585.0,9251.0,820,8765.509558642345
36047105801,371,0.22177172027443948,3510.6463319443747,7915.0,7914.999999999999,14076.0,820,12319.353668055623
36047107001,371,0.0,0.0,0.0,0.0,0.0,820,0.0
36047107003,371,0.0,0.0,0.0,0.0,0.0,820,0.0
36047107800,371,0.1734068153171936,1802.0436247762761,5196.0,5196.0,8819.0,820,8589.956375223725
36047109800,371,0.17705178771895458,973.0766253033751,2748.0,2748.0,4954.0,820,4522.923374696626
36047110400,371,0.2347948629486848,3241.108288143646,6902.0,6902.0,10727.0,820,10562.891711856355
36047110600,371,0.18423808770913264,2301.502191662486,6246.0,6246.0,8504.0,820,10190.497808337515
36047111000,371,0.18345201460026073,1853.2322514918342,5051.0,5051.0,7180.0,820,8248.767748508166
36047111600,371,0.2060970500007625,2121.1508386078485,5146.0,5146.0,8243.0,820,8170.849161392152
36047111800,371,0.22701148595006493,2086.689578852996,4596.0,4596.0,6397.0,820,7105.310421147004
36047112000,371,0.2248973186045573,2053.3125188596077,4565.0,4565.0,6926.0,820,7076.687481140392
36047112200,371,0.20012023437526916,1939.9655520338595,4847.0,4847.000000000001,7402.0,820,7754.034447966141
36047112400,371,0.246453497820039,2272.3012499007605,4610.0,4610.0,7019.0,820,6947.69875009924
36047112600,371,0.28473575116625616,3047.811480483606,5352.0,5352.0,8234.0,820,7656.188519516394
36047112800,371,0.21271644521034427,2066.3275487732853,4857.0,4857.0,7378.0,820,7647.672451226716
36047113000,371,0.24093202161957827,2869.9822415324174,5956.0,5956.0,9442.0,820,9042.017758467584
36047113200,371,0.17302151846410374,983.4543109499649,2842.0,2842.0,4164.0,820,4700.5456890500345
36047113400,371,0.25228065030009905,2258.920942787086,4477.0,4477.0,6133.0,820,6695.0790572129135
36047114201,371,0.21535034267663922,1288.225749891656,2991.0,2991.0,4449.0,820,4693.774250108344
36047114202,371,0.170250309255493,1489.0092047485425,4373.0,4373.0,6258.0,820,7256.990795251459
36047114400,371,0.2425267993895307,1314.4952526912575,2710.0,2710.0,4148.0,820,4105.504747308743
36047114600,371,0.20124259399076638,2194.3492448753173,5452.0,5452.0,7670.0,820,8709.650755124683
36047115000,371,0.2238208262917124,1847.8647418643773,4128.0,4128.0,6213.0,820,6408.135258135622
36047115200,371,0.20555510153374168,1782.5738405006073,4336.0,4336.0,7182.0,820,6889.426159499392
36047115600,371,0.2485593368230844,2572.0920174452776,5174.0,5174.0,7190.0,820,7775.907982554722
36047115800,371,0.2453700292542157,2040.0064232195505,4157.0,4157.0,6045.0,820,6273.993576780451
36047116000,371,0.16729758884165102,974.0065622360925,2911.0,2910.9999999999995,4526.0,820,4847.993437763907
36047116200,371,0.191877030943149,1182.3462646716841,3081.0,3081.0,4663.0,820,4979.653735328316
36047116400,371,0.23486387430662714,2193.1588582752843,4669.0,4669.000000000001,6580.0,820,7144.841141724715
36047116600,371,0.21150342934732036,1949.6386117235988,4609.0,4608.999999999999,6355.0,820,7268.361388276401
36047116800,371,0.14570740416569328,649.2721929623294,2228.0,2228.0,3076.0,820,3806.7278070376706
36047117000,371,0.1700513145664786,954.6680799762105,2807.0,2807.0,3928.0,820,4659.331920023789
36047117201,371,0.14800661998834685,1060.9114520764695,3584.0,3584.0,4614.0,820,6107.088547923529
36047117202,371,0.19472824086507445,1873.2856771220158,4810.0,4810.000000000001,6340.0,820,7746.714322877984
36047117400,371,0.21222353588882192,3158.7351081692223,7442.0,7442.0,10548.0,820,11725.264891830775
36047117601,371,0.20562359168665767,2337.1177431105516,5683.0,5682.999999999999,7478.0,820,9028.882256889448
36047117602,371,0.25711399451517947,2785.5730165774535,5417.0,5417.0,7037.0,820,8048.426983422545
36047117800,371,0.1702120466470679,997.4425933518182,2930.0,2930.0,4513.0,820,4862.557406648182
36047118000,371,0.0,0.0,0.0,0.0,0.0,820,0.0
36047118201,371,0.2323461668036243,2150.596119934348,4628.0,4628.0,6470.0,820,7105.4038800656535
36047118202,371,0.22409167300229582,2487.4175703254837,5550.0,5550.0,7379.0,820,8612.582429674516
36047118400,371,0.26531421509544095,4942.273198797875,9314.0,9314.0,13156.0,820,13685.726801202125
36047118600,371,0.23567320155576843,2046.1147359071804,4341.0,4341.0,6016.0,820,6635.885264092819
36047118800,371,0.19766406986490492,3031.7715035879137,7669.0,7669.000000000001,10397.0,820,12306.228496412088
36047119000,371,0.18173529473149286,1525.122593386689,4196.0,4196.0,5750.0,820,6866.877406613312
36047119200,371,0.22739436971779425,2363.537078846753,5197.0,5197.000000000001,7578.0,820,8030.4629211532465
36047119400,371,0.22923742677758263,2811.3678020002753,6132.0,6132.0,8473.0,820,9452.632197999726
36047119600,371,0.24758326852482815,3517.167912663709,7103.0,7103.0,10623.0,820,10688.832087336292
36047119800,371,0.21737167776177269,2408.912932955966,5541.0,5541.0,7634.0,820,8673.087067044034
36047120000,371,0.15967085072409526,1017.1033191124875,3185.0,3185.0000000000005,4884.0,820,5352.896680887513
36047120200,371,0.16973415692111227,1159.9632283988813,3417.0,3417.0,4568.0,820,5674.036771601119
36047120801,371,0.0,0.0,0.0,0.0,0.0,820,0.0
36047120802,371,0.0,0.0,0.0,0.0,0.0,820,0.0
36047120803,371,0.0,0.0,0.0,0.0,0.0,820,0.0
36047121000,371,0.208797134453086,2473.4108547312576,5923.0,5923.0,8911.0,820,9372.589145268743
36047121400,371,0.18735055578106985,2662.251397649002,7105.0,7105.0,10627.0,820,11547.748602350997
36047122000,371,0.24409718728464203,4180.40842943678,8563.0,8563.0,14529.0,820,12945.591570563221
36059300300,371,0.28192539388126514,4255.945746031582,7548.0,7548.000000000001,10866.0,820,10840.054253968421
36059300400,371,0.2959933472117475,6745.096396261299,11394.0,11394.0,15196.0,820,16042.903603738698
36059300500,371,0.24174241191392143,4765.709908471047,9857.0,9857.0,13198.0,820,14948.290091528952
36059300600,371,0.3279341362088223,7274.890877656512,11092.0,11092.0,15648.0,820,14909.109122343487
36059300700,371,0.3740258780584822,7248.621516773384,9690.0,9690.0,13821.0,820,12131.378483226616
36059300800,371,0.2859779997873193,4060.8875969799337,7100.0,7100.0,10383.0,820,10139.112403020066
36059300901,371,0.0,0.0,0.0,0.0,0.0,820,0.0
36059301500,371,0.11571724365325065,987.5309573368422,4267.0,4267.0,7385.0,820,7546.469042663159
36059301800,371,0.30845651322307843,4144.42171166528,6718.0,6718.0,10752.0,820,9291.578288334718
36059302600,371,0.21097132265897556,1660.7662519714559,3936.0,3936.0,6823.0,820,6211.233748028544
36059404300,371,0.22951305077511897,2185.4232694806833,4761.0,4761.0,7315.0,820,7336.576730519317
36059404400,371,0.27382131213677297,3779.8293927360137,6902.0,6902.000000000001,10761.0,820,10024.170607263986
36059404600,371,0.24483402693905754,2698.560644922292,5511.0,5511.0,9228.0,820,8323.439355077708
36059404800,371,0.38831205825217496,8319.197535994601,10712.0,10712.0,16414.0,820,13104.802464005403
36059404901,371,0.3374202172290621,6041.84640970359,8953.0,8953.0,12480.0,820,11864.153590296413
36059404902,371,0.2990724006152147,5209.24307391581,8709.0,8708.999999999998,12655.0,820,12208.75692608419
36059405000,371,0.293425912106721,3984.137034585057,6789.0,6788.999999999999,10989.0,820,9593.862965414943
36059405100,371,0.3573944500764882,8623.928080345659,12065.0,12065.0,18361.0,820,15506.071919654341
36059409800,371,0.3275976499926535,6319.358668358289,9645.0,9645.0,14108.0,820,12970.641331641713
36059409900,371,0.38584172838900777,11839.16759388831,15342.0,15342.0,21967.0,820,18844.832406111687
36059410300,371,0.4121879526834644,9296.48708482286,11277.0,11277.0,17055.0,820,13257.512915177143
36059410400,371,0.30839256637229684,5036.0506088596085,8165.0,8165.0,12070.0,820,11293.949391140393
36059410500,371,0.42183578139824307,8030.90960625975,9519.0,9519.0,14855.0,820,11007.090393740249
36059410800,371,0.29967521468728076,4296.743228186231,7169.0,7169.0,12478.0,820,10041.256771813769
36059410900,371,0.36698908246496,6567.636619792924,8948.0,8948.0,15095.0,820,11328.363380207076
36061024000,371,0.26360544664389574,806.632666730321,1530.0,1530.0,4028.0,820,2253.367333269679
36081000200,371,0.24409199267944226,3100.944674999634,6352.0,6351.999999999999,8020.0,820,9603.055325000365
36081000400,371,0.2661567997275721,4211.665198889103,7912.0,7912.0,10670.0,820,11612.3348011109
36081000600,371,0.2827822551202883,4388.780599466873,7760.0,7759.999999999999,10590.0,820,11131.219400533126
36081000800,371,0.23814141521933296,2877.224578679982,6041.0,6041.0,7877.0,820,9204.775421320019
36081001000,371,0.31531298937925867,4939.6932916154665,7833.0,7833.0,9742.0,820,10726.306708384534
36081001200,371,0.3080794527226616,4926.806607940806,7996.0,7996.0,10586.0,820,11065.193392059196
36081001400,371,0.2941605757389558,3974.109378233293,6755.0,6755.0,8997.0,820,9535.890621766706
36081001600,371,0.2652901374707439,3014.226541942593,5681.0,5680.999999999999,7437.0,820,8347.773458057407
36081001800,371,0.31303765763153135,3395.2064346715897,5423.0,5423.0,6963.0,820,7450.793565328411
36081002000,371,0.24105998015759555,1753.4702956663498,3637.0,3636.9999999999995,4540.0,820,5520.5297043336495
36081002200,371,0.2169074099857985,1952.1666898721855,4500.0,4500.0,5780.0,820,7047.833310127814
36081002400,371,0.23343951758751258,1909.0683748306787,4089.0,4089.0000000000005,5290.0,820,6268.931625169322
36081002600,371,0.21310453673550744,1897.0565860194877,4451.0,4451.0,5697.0,820,7004.943413980513
36081002800,371,0.2750322665956547,3506.6613990945984,6375.0,6375.000000000001,8099.0,820,9243.338600905403
36081003000,371,0.20765227458815627,1199.8148425703666,2889.0,2889.0,3655.0,820,4578.185157429633
36081003200,371,0.18986183707933724,1035.1267357565462,2726.0,2726.0,3401.0,820,4416.873264243453
36081003400,371,0.20161353632253198,1839.1186783341363,4561.0,4561.0,5598.0,820,7282.881321665864
36081003600,371,0.2538512813159872,3258.4350469720143,6418.0,6418.0,8842.0,820,9577.564953027988
36081003800,371,0.2580605780929808,2112.4838922691397,4093.0,4093.0,5512.0,820,6073.516107730859
36081004001,371,0.20888806753719824,1744.6331400706792,4176.0,4176.0,5728.0,820,6607.3668599293205
36081004002,371,0.1571784515292528,690.6421160195368,2197.0,2197.0,3014.0,820,3703.357883980463
36081004200,371,0.25748814495108097,3850.4777195984657,7477.0,7477.0,10234.0,820,11103.522280401536
36081004401,371,0.19121423649784175,2580.6273357748723,6748.0,6748.0,8786.0,820,10915.372664225128
36081005000,371,0.0,0.0,0.0,0.0,0.0,820,0.0
36081005200,371,0.22205783481156038,2224.5753891422105,5009.0,5009.0,6251.0,820,7793.424610857788
36081005400,371,0.28879685730750826,4740.311615845442,8207.0,8207.0,11056.0,820,11673.688384154559
36081005800,371,0.291401968304841,5709.730166965055,9797.0,9797.0,13462.0,820,13884.269833034945
36081006100,371,0.255887420103444,3790.204466572211,7406.0,7405.999999999999,12906.0,820,11021.795533427787
36081006201,371,0.24453683011462302,5240.913343016601,10716.0,10716.0,15516.0,820,16191.0866569834
36081006202,371,0.2989025134936997,7345.828171621163,12288.0,12287.999999999998,16562.0,820,17230.171828378836
36081006300,371,0.28401881779157423,3782.562615348189,6659.0,6659.0,10931.0,820,9535.437384651814
36081006501,371,0.27658362133831116,2202.1587930956343,3981.0,3981.0,6682.0,820,5759.841206904366
36081006502,371,0.3832162457484426,5161.156397740027,6734.0,6734.0,9638.0,820,8306.843602259974
36081006900,371,0.279133083267029,2961.043747296644,5304.0,5304.0,9208.0,820,7646.956252703356
36081008600,371,0.23896423442368808,2403.980198302303,5030.0,5030.000000000001,6519.0,820,7656.019801697697
36081008800,371,0.24103695248449453,3321.971279141304,6891.0,6891.0,9534.0,820,10460.028720858696
36081009400,371,0.21554991671371204,2327.9391005080915,5400.0,5400.0,6676.0,820,8472.06089949191
36081009500,371,0.19611690513944813,1380.2707783714352,3519.0,3519.0,5139.0,820,5657.729221628564
36081009600,371,0.2575514147240653,3298.2034169563804,6403.0,6403.0,8598.0,820,9507.79658304362
36081009700,371,0.23837102668553944,2444.733249686891,5128.0,5128.0,7456.0,820,7811.266750313108
36081009800,371,0.22445860789218475,2417.4192069988276,5385.0,5384.999999999999,6721.0,820,8352.58079300117
36081010000,371,0.25596587525974257,4627.863024696146,9040.0,9040.0,11752.0,820,13452.136975303854
36081010100,371,0.2388757649992217,1955.914763813628,4094.0,4094.0,6641.0,820,6232.085236186373
36081010200,371,0.24243577631662416,2667.2784110354983,5501.0,5501.0,7677.0,820,8334.721588964501
36081010300,371,0.27838855795084194,2602.376239724471,4674.0,4674.0,6783.0,820,6745.623760275529
36081010400,371,0.2827914102290229,3598.237903754087,6362.0,6361.999999999999,8111.0,820,9125.762096245913
36081010500,371,0.25315438297369985,3116.3304544062435,6155.0,6155.0,9020.0,820,9193.669545593755
36081010600,371,0.2978280098355832,4247.027420255419,7130.0,7129.999999999999,8949.0,820,10012.972579744583
36081010701,371,0.0,0.0,0.0,0.0,0.0,820,0.0
36081010800,371,0.27403289964832134,3783.8462783440227,6904.0,6904.000000000001,8748.0,820,10024.15372165598
36081011000,371,0.29582655030044025,4223.219832089085,7138.0,7138.0,8682.0,820,10052.780167910914
36081011100,371,0.1521739944174516,1362.5659460138609,4477.0,4477.0,7050.0,820,7591.434053986139
36081011200,371,0.1764786227589793,1321.824884464754,3745.0,3745.0,4987.0,820,6168.175115535245
36081011300,371,0.27179977005641476,3469.7958645401914,6383.0,6383.0,8974.0,820,9296.20413545981
36081011400,371,0.19459727973788343,853.1144743708809,2192.0,2192.0,2901.0,820,3530.885525629119
36081011500,371,0.27118775040032583,1844.0767027222155,3400.0,3400.0,5080.0,820,4955.9232972777845
36081011600,371,0.24464296948473152,2027.111645150485,4143.0,4143.0,5295.0,820,6258.888354849515
36081011700,371,0.30934384764383005,3827.2020830494653,6186.0,6186.0,9146.0,820,8544.797916950534
36081011800,371,0.2790743640000566,2974.932720240604,5330.0,5330.0,6518.0,820,7685.067279759397
36081011900,371,0.18582241031790003,875.5951974179451,2356.0,2356.0,3713.0,820,3836.404802582055
36081012000,371,0.26451482022934036,2617.6386609895526,4948.0,4948.0,6538.0,820,7278.361339010447
36081012100,371,0.20601045798414108,1519.9451590069937,3689.0,3689.0,5053.0,820,5858.054840993007
36081012200,371,0.3093901024860023,4228.743920778677,6834.0,6834.0,8166.0,820,9439.25607922132
36081012301,371,0.2261221171069976,1960.0265110834553,4334.0,4334.000000000001,5898.0,820,6707.973488916545
36081012400,371,0.21317882300314117,2475.00613506647,5805.0,5805.0,7809.0,820,9134.99386493353
36081012500,371,0.19844153612310056,891.3993802649678,2246.0,2246.0,3918.0,820,3600.6006197350325
36081012601,371,0.25339499133540355,2943.943009334718,5809.0,5808.999999999999,7805.0,820,8674.056990665282
36081012602,371,0.24727752906618394,2413.4286836859546,4880.0,4880.0,6676.0,820,7346.571316314044
36081012800,371,0.270649258782247,2865.6343519864317,5294.0,5294.0,6601.0,820,7722.365648013569
36081013000,371,0.18241902342441663,1055.1116314868252,2892.0,2892.0,3877.0,820,4728.888368513174
36081013200,371,0.21127714310255463,1879.944019326531,4449.0,4449.0,5637.0,820,7018.055980673469
36081013400,371,0.23011759454866132,3940.9939242403743,8563.0,8563.0,11382.0,820,13185.006075759626
36081013500,371,0.16842046794131482,866.6917280260059,2573.0,2573.0,3593.0,820,4279.308271973994
36081013600,371,0.16547117308476977,1033.8638894336423,3124.0,3124.0,4315.0,820,5214.136110566358
36081013700,371,0.242688964876563,1536.7065255983969,3166.0,3166.0000000000005,3839.0,820,4795.293474401603
36081013800,371,0.22960262770556283,2839.2660942069906,6183.0,6183.0,8202.0,820,9526.73390579301
36081014000,371,0.20658796338948515,2702.583737061245,6541.0,6541.0,9692.0,820,10379.416262938756
36081014100,371,0.23063031564905034,1226.4920186216495,2659.0,2659.0,3843.0,820,4091.5079813783505
36081014201,371,0.28537193029005514,4525.428070539694,7929.0,7929.0,10181.0,820,11332.571929460306
36081014202,371,0.2633969742968323,2346.340247036181,4454.0,4454.0,5826.0,820,6561.659752963818
36081014300,371,0.34861643735360703,4507.610534982141,6465.0,6465.0,10106.0,820,8422.38946501786
36081014400,371,0.24050428437076588,2059.1976827824974,4281.0,4281.0,5495.0,820,6502.802317217503
36081014500,371,0.20566838753744554,1404.7150868807541,3415.0,3414.999999999999,4921.0,820,5425.284913119246
36081014700,371,0.273363483655337,2758.7842770496604,5046.0,5045.999999999999,7454.0,820,7333.215722950339
36081014800,371,0.25699421627226804,1769.6621732508374,3443.0,3443.0000000000005,4506.0,820,5116.337826749163
36081014900,371,0.28755253301640793,1771.3236033810729,3080.0,3080.0,4701.0,820,4388.676396618927
36081015000,371,0.25839370389886474,3131.73169125424,6060.0,6060.0,8223.0,820,8988.268308745759
36081015100,371,0.2816354575899821,1686.9963909639928,2995.0,2995.0,4531.0,820,4303.003609036007
36081015200,371,0.27908064878970773,3192.1244608566767,5719.0,5719.0,6988.0,820,8245.875539143322
36081015300,371,0.21221478996805454,1037.730322943786,2445.0,2445.000000000001,4334.0,820,3852.2696770562143
36081015400,371,0.27446191574771106,2702.3520224519634,4923.0,4923.0,6239.0,820,7143.647977548037
36081015500,371,0.3024955188037678,2069.069348617773,3420.0,3419.999999999999,5767.0,820,4770.930651382228
36081015600,371,0.3153288004536222,4395.052820722585,6969.0,6968.999999999998,9077.0,820,9542.947179277413
36081015700,371,0.1974855960802414,701.4688372770172,1776.0,1776.0,2987.0,820,2850.5311627229826
36081015801,371,0.262752333086829,3771.0214844621696,7176.0,7176.0,9848.0,820,10580.97851553783
36081015802,371,0.2753671465373715,4536.398372056658,8237.0,8237.0,11229.0,820,11937.601627943342
36081015900,371,0.20129725212813065,2094.699205645326,5203.0,5203.0,8402.0,820,8311.300794354673
36081016100,371,0.23943226619788172,1696.1381737457934,3542.0,3542.0,5918.0,820,5387.861826254206
36081016300,371,0.2709247710816475,3437.4934954839437,6344.0,6344.0,8721.0,820,9250.506504516057
36081016400,371,0.27381179206195394,4386.464908832504,8010.0,8010.000000000001,9631.0,820,11633.535091167498
36081016600,371,0.2883356354694967,4171.063302701739,7233.0,7233.0,9529.0,820,10294.93669729826
36081016800,371,0.24140291341315923,2497.0717363457184,5172.0,5172.0,6794.0,820,7846.928263654281
36081016900,371,0.20553993050947017,3264.3851763514062,7941.0,7940.999999999998,11810.0,820,12617.614823648593
36081017000,371,0.2666180728162242,3252.7404883579356,6100.0,6100.0,7647.0,820,8947.259511642065
36081017102,371,0.0,0.0,0.0,0.0,0.0,820,0.0
36081017200,371,0.24018496560590952,2091.5306804962615,4354.0,4354.0,5435.0,820,6616.46931950374
36081017400,371,0.25121591407493227,2381.5268654303577,4740.0,4739.999999999999,6059.0,820,7098.473134569642
36081017600,371,0.24515299590748396,2122.044332575182,4328.0,4328.0,6081.0,820,6533.955667424819
36081017800,371,0.2356016883646217,1932.8762513433576,4102.0,4102.000000000001,5514.0,820,6271.123748656643
36081018000,371,0.20795162026116865,1190.3150743749288,2862.0,2862.000000000001,3682.0,820,4533.684925625072
36081018102,371,0.21882667281656643,1891.1001064807663,4321.0,4321.0,7248.0,820,6750.899893519233
36081018200,371,0.2514254182264004,2297.5254717528464,4569.0,4569.0,5710.0,820,6840.474528247153
36081018300,371,0.26187399681336376,4308.35099557346,8226.0,8226.0,13565.0,820,12143.64900442654
36081018401,371,0.20908429368442027,1450.2086609951402,3468.0,3468.0,4413.0,820,5485.791339004861
36081018402,371,0.25269319443345395,2181.7530407384415,4317.0,4317.0,5821.0,820,6452.246959261559
36081018501,371,0.19047424240093402,1742.4583694837447,4574.0,4574.0,7773.0,820,7405.541630516255
36081018502,371,0.2360878561433769,2002.0250200958367,4240.0,4240.000000000001,6868.0,820,6477.974979904164
36081018600,371,0.2285776064887235,1783.3624858250196,3901.0,3901.0,4973.0,820,6018.6375141749795
36081018800,371,0.20671405060499015,1198.9414935089426,2900.0,2900.0,3563.0,820,4601.058506491057
36081019000,371,0.23770806481745965,2069.0109961711687,4352.0,4352.000000000001,5428.0,820,6634.989003828831
36081019200,371,0.2595871696565447,2356.5323261421127,4539.0,4539.0,5482.0,820,6721.467673857887
36081019400,371,0.3047474516151266,3242.512885184948,5320.0,5320.0,6928.0,820,7397.487114815052
36081019600,371,0.26340916408607107,2717.32893671191,5158.0,5158.0,6714.0,820,7598.67106328809
36081019800,371,0.3115054605831876,3647.728943429129,5855.0,5855.000000000001,7385.0,820,8062.271056570873
36081020200,371,0.21862829457500488,1285.534372101029,2940.0,2940.0000000000005,3782.0,820,4594.465627898971
36081020400,371,0.2837049384413094,2371.773285369347,4180.0,4180.0,5530.0,820,5988.226714630653
36081020500,371,0.11802458261033899,315.83378306526697,1338.0,1338.0,2096.0,820,2360.166216934733
36081020600,371,0.26466104400484447,1866.389682322162,3526.0,3525.9999999999995,4324.0,820,5185.610317677837
36081020800,371,0.29082826858590605,2608.7295692155776,4485.0,4485.0,5857.0,820,6361.270430784422
36081021200,371,0.2114822376165698,1388.1694077151647,3282.0,3282.0,4295.0,820,5175.830592284836
36081021400,371,0.316184138979799,8070.283963320393,12762.0,12762.0,16481.0,820,17453.71603667961
36081021601,371,0.0,0.0,0.0,0.0,0.0,820,0.0
36081021602,371,0.0,0.0,0.0,0.0,0.0,820,0.0
36081021603,371,0.0,0.0,0.0,0.0,0.0,820,0.0
36081021900,371,0.007488803024873092,0.029955212099491653,2.0,1.9999999999999996,2.0,820,3.970044787900507
36081022001,371,0.31114299720412997,6903.640821965235,11094.0,11094.0,15130.0,820,15284.359178034765
36081022002,371,0.29286422605019835,6436.569960131259,10989.0,10988.999999999998,15049.0,820,15541.430039868741
36081022900,371,0.0,0.0,0.0,0.0,0.0,820,0.0
36081023000,371,0.19075844941075426,1421.913481907763,3727.0,3727.0,4715.0,820,6032.086518092237
36081023200,371,0.3636940155006094,7270.970757888183,9996.0,9995.999999999998,12931.0,820,12721.029242111816
36081023501,371,0.0,0.0,0.0,0.0,0.0,820,0.0
36081023502,371,0.0,0.0,0.0,0.0,0.0,820,0.0
36081023600,371,0.3139698229205894,3144.0938067267807,5007.0,5006.999999999999,6385.0,820,6869.906193273218
36081023800,371,0.29573888134020276,5435.680639032928,9190.0,9190.0,10953.0,820,12944.319360967072
36081024000,371,0.34094267313996063,6423.359961956858,9420.0,9420.0,11928.0,820,12416.640038043142
36081024300,371,0.30277564299779836,6974.739712097284,11518.0,11518.0,16014.0,820,16061.260287902718
36081024500,371,0.2520879492223157,4872.355882568919,9664.0,9664.0,13101.0,820,14455.644117431082
36081024600,371,0.0,0.0,0.0,0.0,0.0,820,0.0
36081024700,371,0.1767945633467587,883.9728167337936,2500.0,2500.0,3998.0,820,4116.0271832662065
36081024900,371,0.29768996707569495,5055.371020879449,8491.0,8491.0,12455.0,820,11926.628979120549
36081025100,371,0.29836820375354134,4966.637119681449,8323.0,8323.0,12870.0,820,11679.362880318551
36081025301,371,0.21178065413925595,2134.748993723701,5040.0,5040.0,8319.0,820,7945.2510062763
36081025302,371,0.2182630194018058,1937.7390862492314,4439.0,4439.0,7465.0,820,6940.260913750768
36081025401,371,0.0,0.0,0.0,0.0,0.0,820,0.0
36081025402,371,0.0,0.0,0.0,0.0,0.0,820,0.0
36081025500,371,0.19698551240673245,867.5241966392496,2202.0,2202.0,3487.0,820,3536.4758033607504
36081025700,371,0.22718104820728835,921.4463315287622,2028.0,2028.0,2966.0,820,3134.5536684712383
36081025800,371,0.31772729445342607,2651.116544919387,4172.0,4172.0,5571.0,820,5692.883455080613
36081025900,371,0.2977324852074913,2930.8785843825435,4922.0,4922.0,7148.0,820,6913.121415617456
36081026000,371,0.3187581964381946,2757.2583991903834,4325.0,4324.999999999999,5701.0,820,5892.741600809617
36081026100,371,0.32065490295319754,7727.783161172059,12050.0,12049.999999999998,17280.0,820,16372.216838827939
36081026200,371,0.15682438141858912,610.3604924811491,1946.0,1946.0,2967.0,820,3281.639507518851
36081026300,371,0.26897277699132294,6003.472382446329,11160.0,11160.0,16660.0,820,16316.527617553671
36081026400,371,0.281484587411178,2764.7416175525905,4911.0,4911.000000000001,6763.0,820,7057.2583824474095
36081026501,371,0.0,0.0,0.0,0.0,0.0,820,0.0
36081026502,371,0.0,0.0,0.0,0.0,0.0,820,0.0
36081026600,371,0.21575452770215275,1429.589500554463,3313.0,3313.0,4087.0,820,5196.410499445536
36081026700,371,0.32181484822705664,6069.4280375622875,9430.0,9430.0,13794.0,820,12790.571962437713
36081026901,371,0.31223029675251257,5254.835894344786,8415.0,8415.0,11115.0,820,11575.164105655214
36081026902,371,0.29073130684606496,4392.36858383035,7554.0,7554.0,10274.0,820,10715.63141616965
36081027000,371,0.26268564813143713,1859.814388770574,3540.0,3540.0,4608.0,820,5220.185611229425
36081027101,371,0.0,0.0,0.0,0.0,0.0,820,0.0
36081027102,371,0.0,0.0,0.0,0.0,0.0,820,0.0
36081027200,371,0.2285951213562354,1947.6304339551257,4260.0,4260.0,5740.0,820,6572.369566044875
36081027301,371,0.0,0.0,0.0,0.0,0.0,820,0.0
36081027302,371,0.0,0.0,0.0,0.0,0.0,820,0.0
36081027400,371,0.2670323342921249,1942.9272643095012,3638.0,3637.9999999999995,4702.0,820,5333.072735690499
36081027500,371,0.25631356816119566,5031.435343004268,9815.0,9815.0,15698.0,820,14598.56465699573
36081027600,371,0.1913502581549853,849.5951462081349,2220.0,2220.0,2843.0,820,3590.404853791865
36081027701,371,0.0,0.0,0.0,0.0,0.0,820,0.0
36081027702,371,0.0,0.0,0.0,0.0,0.0,820,0.0
36081027800,371,0.26079486409904185,2134.8667575147556,4093.0,4092.9999999999995,5294.0,820,6051.1332424852435
36081027900,371,0.33161489327185434,6737.088171710991,10158.0,10158.0,15177.0,820,13578.911828289007
36081028000,371,0.21209968087769715,1478.3347757175488,3485.0,3485.0000000000005,4549.0,820,5491.665224282451
36081028100,371,0.35303352120598175,4482.113585231143,6348.0,6348.0,9050.0,820,8213.886414768856
36081028200,371,0.1980847228616106,1222.578909501862,3086.0,3086.0000000000005,3987.0,820,4949.421090498139
36081028300,371,0.35229894500939296,7521.582475950539,10675.0,10675.0,15513.0,820,13828.41752404946
36081028400,371,0.2878313850449912,3995.675287194569,6941.0,6941.0,9591.0,820,9886.324712805432
36081028500,371,0.325546904817845,5465.932531891617,8395.0,8395.0,12121.0,820,11324.067468108382
36081028700,371,0.3583619939100584,7433.144477682433,10371.0,10371.0,14209.0,820,13308.855522317568
36081028801,371,0.0,0.0,0.0,0.0,0.0,820,0.0
36081028802,371,0.0,0.0,0.0,0.0,0.0,820,0.0
36081028803,371,0.0,0.0,0.0,0.0,0.0,820,0.0
36081028900,371,0.2789376977322098,4506.517444561579,8078.0,8077.999999999999,10915.0,820,11649.482555438419
36081029100,371,0.27402427670523377,5750.125422382622,10492.0,10492.0,14914.0,820,15233.874577617375
36081029300,371,0.17437944097470182,517.2094219309654,1483.0,1483.0,2001.0,820,2448.7905780690344
36081029400,371,0.3728825837780886,8969.317670198145,12027.0,12027.000000000002,17226.0,820,15084.682329801857
36081029500,371,0.23257390548423085,2387.1385658901463,5132.0,5131.999999999999,7254.0,820,7876.861434109855
36081029700,371,0.20180160055492102,1333.5049764669186,3304.0,3304.0,4584.0,820,5274.495023533082
36081029900,371,0.0,0.0,0.0,0.0,0.0,820,0.0
36081030600,371,0.31463299664777966,4448.910572599605,7070.0,7070.0,9499.0,820,9691.089427400395
36081030903,371,0.33623207440012204,7078.35763027137,10526.0,10526.0,15262.0,820,13973.64236972863
36081030904,371,0.30905987513571487,3934.332210477653,6365.0,6365.0,8809.0,820,8795.66778952235
36081030905,371,0.0,0.0,0.0,0.0,0.0,820,0.0
36081030906,371,0.0,0.0,0.0,0.0,0.0,820,0.0
36081031700,371,0.3035155467873242,6682.198278069729,11008.0,11008.0,15272.0,820,15333.801721930271
36081032000,371,0.31106226251091185,5121.951214504674,8233.0,8233.0,11316.0,820,11344.048785495326
36081032700,371,0.29520744788686937,3620.4241408845664,6132.0,6132.0,8193.0,820,8643.575859115434
36081032800,371,0.2803017683654616,2495.2463419893406,4451.0,4451.0,5936.0,820,6406.753658010661
36081032900,371,0.3525466166040201,5528.636041584243,7841.0,7841.0,10869.0,820,10153.363958415757
36081033000,371,0.38117944216525057,8821.254650588227,11571.0,11571.000000000004,16066.0,820,14320.745349411774
36081033100,371,0.0,0.0,0.0,0.0,0.0,820,0.0
36081033401,371,0.30469163768600194,3700.175248058808,6072.0,6072.0,8620.0,820,8443.824751941193
36081033403,371,0.0,0.0,0.0,0.0,0.0,820,0.0
36081033404,371,0.0,0.0,0.0,0.0,0.0,820,0.0
36081033405,371,0.0,0.0,0.0,0.0,0.0,820,0.0
36081033700,371,0.33696951066719616,4219.53221257463,6261.0,6261.0,9034.0,820,8302.46778742537
36081033900,371,0.28426343048636016,3070.613576113662,5401.0,5401.0,7494.0,820,7731.386423886338
36081034700,371,0.2564204204729913,2863.703255842367,5584.0,5584.0,7362.0,820,8304.296744157633
36081035100,371,0.28202972708144125,4014.975194731396,7118.0,7118.000000000002,10375.0,820,10221.024805268604
36081035200,371,0.27821977858173064,2465.0272382341327,4430.0,4430.0,5762.0,820,6394.972761765866
36081035300,371,0.2689739172760689,2323.9346452652344,4320.0,4319.999999999999,6611.0,820,6316.065354734765
36081035700,371,0.3219020348646646,4301.898793931378,6682.0,6682.000000000001,9137.0,820,9062.101206068623
36081035800,371,0.3154997997487644,4098.973398335947,6496.0,6496.000000000001,8554.0,820,8893.026601664053
36081036100,371,0.27356696869004604,2534.324397944587,4632.0,4632.0,6198.0,820,6729.675602055413
36081036300,371,0.21816062380294632,1421.098303452392,3257.0,3256.9999999999995,4412.0,820,5092.901696547608
36081036500,371,0.25747555389957255,3081.982380177885,5985.0,5985.0,8939.0,820,8888.017619822116
36081036600,371,0.2750005398261228,3302.206482232081,6004.0,6003.999999999999,8239.0,820,8705.793517767917
36081036700,371,0.24434150950694977,2076.4141477900594,4249.0,4249.0,6101.0,820,6421.585852209941
36081036800,371,0.23357815952246053,2004.5677650217558,4291.0,4291.0,6134.0,820,6577.432234978244
36081037100,371,0.20060795281910349,1356.1097610571392,3380.0,3380.0,4673.0,820,5403.89023894286
36081037300,371,0.2314581912408602,2327.54357111809,5028.0,5028.0,7388.0,820,7728.45642888191
36081037501,371,0.0,0.0,0.0,0.0,0.0,820,0.0
36081037502,371,0.0,0.0,0.0,0.0,0.0,820,0.0
36081037600,371,0.3695091962304504,8653.166357324688,11709.0,11709.000000000002,15724.0,820,14764.833642675312
36081037700,371,0.2973065021637459,3790.657902587759,6375.0,6375.0,9702.0,820,8959.34209741224
36081037900,371,0.28688445006628815,6149.655071620954,10718.0,10717.999999999998,16491.0,820,15286.344928379047
36081038100,371,0.3306580023468888,8365.647459376287,12650.0,12650.0,18499.0,820,16934.352540623713
36081038301,371,0.0,0.0,0.0,0.0,0.0,820,0.0
36081038302,371,0.0,0.0,0.0,0.0,0.0,820,0.0
36081038400,371,0.25584835205290857,2141.4507066828437,4185.0,4185.0,5699.0,820,6228.549293317155
36081039400,371,0.2607125717283153,2411.069863343462,4624.0,4623.999999999999,6056.0,820,6836.93013665654
36081039800,371,0.22069004114697854,1268.967736595126,2875.0,2875.0,3829.0,820,4481.032263404873
36081039901,371,0.0,0.0,0.0,0.0,0.0,820,0.0
36081039902,371,0.0,0.0,0.0,0.0,0.0,820,0.0
36081040000,371,0.19196572787337796,687.6212372424396,1791.0,1791.0000000000002,2390.0,820,2894.3787627575603
36081040101,371,0.0,0.0,0.0,0.0,0.0,820,0.0
36081040102,371,0.0,0.0,0.0,0.0,0.0,820,0.0
36081040200,371,0.20545413075399432,1196.153949249755,2911.0,2911.0,3853.0,820,4625.846050750245
36081040301,371,0.0,0.0,0.0,0.0,0.0,820,0.0
36081040302,371,0.0,0.0,0.0,0.0,0.0,820,0.0
36081040400,371,0.32742168320019527,5349.415460124792,8169.0,8168.999999999999,10759.0,820,10988.58453987521
36081040501,371,0.0,0.0,0.0,0.0,0.0,820,0.0
36081040502,371,0.0,0.0,0.0,0.0,0.0,820,0.0
36081040701,371,0.0,0.0,0.0,0.0,0.0,820,0.0
36081040702,371,0.0,0.0,0.0,0.0,0.0,820,0.0
36081040901,371,0.0,0.0,0.0,0.0,0.0,820,0.0
36081040902,371,0.0,0.0,0.0,0.0,0.0,820,0.0
36081041100,371,0.21859038245874407,2442.966114358923,5588.0,5588.0,8762.0,820,8733.033885641076
36081041300,371,0.2391644809067588,3520.9794879093033,7361.0,7361.0,10870.0,820,11201.020512090698
36081041400,371,0.3034755431640439,4268.686990145442,7033.0,7033.000000000001,8969.0,820,9797.313009854559
36081041500,371,0.2619924958299049,3573.5776431199038,6820.0,6820.0,10040.0,820,10066.422356880097
36081042400,371,0.16802429276007824,1346.8827307647875,4008.0,4008.000000000001,5544.0,820,6669.117269235214
36081042600,371,0.03907970782178549,33.92118638930986,434.0,434.0,434.0,820,834.0788136106902
36081042700,371,0.2769186971361677,5568.28116201406,10054.0,10054.0,14317.0,820,14539.71883798594
36081043200,371,0.2072576497399431,1039.6043710955546,2508.0,2508.0,3698.0,820,3976.3956289044454
36081043400,371,0.19876233776059016,1412.4051721267535,3553.0,3552.9999999999995,4586.0,820,5693.594827873247
36081043701,371,0.20483957564862398,2476.1007904405687,6044.0,6044.0,8371.0,820,9611.899209559433
36081043702,371,0.3078224073081999,6749.31410263959,10963.0,10962.999999999996,13711.0,820,15176.685897360407
36081043900,371,0.2801072552626359,4141.665876313335,7393.0,7393.0,9999.0,820,10644.334123686665
36081044000,371,0.3566529005699719,5241.371026776309,7348.0,7348.0,8985.0,820,9454.628973223693
36081044301,371,0.3014045142973647,4080.4143145577245,6769.0,6769.0,9428.0,820,9457.585685442276
36081044302,371,0.28644536564420064,4724.629860935449,8247.0,8247.0,11191.0,820,11769.370139064555
36081044400,371,0.3205003667102615,3640.243165095149,5679.0,5679.0,7359.0,820,7717.75683490485
36081044601,371,0.3223450370001506,3269.223365255527,5071.0,5071.0,6358.0,820,6872.776634744472
36081044602,371,0.3594168724311988,6069.113307873223,8443.0,8443.0,10615.0,820,10816.886692126776
36081044800,371,0.2994102397454539,3666.5777959228285,6123.0,6123.0,7280.0,820,8579.422204077171
36081045000,371,0.22300992556366772,1696.6595136883843,3804.0,3804.0,5567.0,820,5911.340486311616
36081045200,371,0.2461996510132486,712.5017900323414,1447.0,1447.0,1815.0,820,2181.4982099676586
36081045400,371,0.3194793263546948,4569.193325524844,7151.0,7151.000000000001,9488.0,820,9732.806674475156
36081045500,371,0.33841794787718604,18589.297876893823,27465.0,27465.0,35732.0,820,36340.70212310617
36081045600,371,0.17889721111137558,671.5801305121045,1877.0,1877.0000000000002,2472.0,820,3082.419869487896
36081045700,371,0.23013055310708574,2305.9081421330006,5010.0,5010.0,6976.0,820,7714.091857867001
36081045800,371,0.25734523479844706,2030.9685930293433,3946.0,3946.0,5147.0,820,5861.031406970656
36081045900,371,0.2274609553583573,2881.020460568953,6333.0,6333.0,8833.0,820,9784.979539431046
36081046000,371,0.3675189488357036,7906.067627353655,10756.0,10756.0,13499.0,820,13605.932372646344
36081046100,371,0.2410245058504359,2470.5011849669695,5125.0,5125.0,7017.0,820,7779.498815033032
36081046200,371,0.40029514476287276,12469.193759363487,15575.0,15575.000000000002,19987.0,820,18680.806240636513
36081046300,371,0.25661884879978447,3389.9349926451528,6605.0,6604.999999999998,9835.0,820,9820.065007354846
36081046400,371,0.1822616523305799,1108.5153694745861,3041.0,3041.0,3977.0,820,4973.484630525413
36081046500,371,0.22661845888335463,2319.6665451300178,5118.0,5118.0,7877.0,820,7916.333454869982
36081046600,371,0.34771901626201773,4096.825449599092,5891.0,5891.0,7508.0,820,7685.174550400908
36081046700,371,0.26284231824456683,5293.644289445576,10070.0,10070.0,15246.0,820,14846.355710554424
36081046800,371,0.3376781808957159,3853.583400381909,5706.0,5706.0,7120.0,820,7558.416599618091
36081046901,371,0.0,0.0,0.0,0.0,0.0,820,0.0
36081046902,371,0.0,0.0,0.0,0.0,0.0,820,0.0
36081047000,371,0.26027483840523524,2588.6935427784692,4973.0,4973.0,6550.0,820,7357.30645722153
36081047100,371,0.2324365838834993,3198.3273942369506,6880.0,6880.0,10157.0,820,10561.67260576305
36081047200,371,0.2331181964581598,3055.247082780642,6553.0,6553.0,8581.0,820,10050.752917219357
36081047300,371,0.23697737697928967,3108.1952764603634,6558.0,6558.0,8831.0,820,10007.804723539637
36081047500,371,0.27302064101476853,3562.3733239606972,6524.0,6524.0,9484.0,820,9485.626676039301
36081047600,371,0.137320118678823,637.4399909070961,2321.0,2321.0000000000005,3300.0,820,4004.560009092904
36081047801,371,0.0,0.0,0.0,0.0,0.0,820,0.0
36081047802,371,0.0,0.0,0.0,0.0,0.0,820,0.0
36081047900,371,0.2973472318218239,5343.329755838174,8985.0,8985.0,12698.0,820,12626.670244161825
36081048000,371,0.2692658983720102,2576.336115623394,4784.0,4784.0,6381.0,820,6991.663884376606
36081048100,371,0.2680109838961846,5708.633956988733,10650.0,10650.0,14543.0,820,15591.366043011267
36081048200,371,0.18822526002802897,746.1249307511074,1982.0,1982.0000000000002,2606.0,820,3217.875069248893
36081048301,371,0.0,0.0,0.0,0.0,0.0,820,0.0
36081048302,371,0.0,0.0,0.0,0.0,0.0,820,0.0
36081048400,371,0.2840653168965749,5350.086178430089,9417.0,9417.0,12724.0,820,13483.91382156991
36081048500,371,0.2707272234125905,3999.72399869761,7387.0,7387.0,11106.0,820,10774.276001302389
36081048900,371,0.22965520779903248,1522.614027707586,3315.0,3315.0,4467.0,820,5107.385972292414
36081049201,371,0.0,0.0,0.0,0.0,0.0,820,0.0
36081049202,371,0.0,0.0,0.0,0.0,0.0,820,0.0
36081049301,371,0.2039893243929901,1456.8917548147351,3571.0,3571.0,4876.0,820,5685.108245185264
36081049302,371,0.2340560976910231,1961.8582108461558,4191.0,4191.0,5453.0,820,6420.141789153844
36081049500,371,0.20218966282646955,1093.4416965655478,2704.0,2704.0,3412.0,820,4314.558303434453
36081049600,371,0.28093386886288996,3406.604093831403,6063.0,6063.000000000002,7864.0,820,8719.395906168598
36081049700,371,0.20471433046454757,1899.3395580500728,4639.0,4639.0,6349.0,820,7378.660441949927
36081049900,371,0.23290523614444725,4159.687517539827,8930.0,8930.0,12851.0,820,13700.312482460173
36081050000,371,0.30708212781473854,4821.189406691394,7850.0,7850.000000000001,9875.0,820,10878.810593308604
36081050201,371,0.11610388917769132,385.69711984829036,1661.0,1661.0,2373.0,820,2936.3028801517094
36081050202,371,0.22387999259679692,1247.9070787345465,2787.0,2787.0,3333.0,820,4326.092921265454
36081050400,371,0.2365636605958047,1583.557144028316,3347.0,3346.9999999999995,4364.0,820,5110.4428559716835
36081050500,371,0.19181410733707305,1067.6373214381479,2783.0,2783.0,4205.0,820,4498.362678561852
36081050600,371,0.20742236242219914,1512.9387115075192,3647.0,3646.9999999999995,4654.0,820,5781.061288492479
36081050700,371,0.2608788303923304,3676.3044778887192,7046.0,7046.0,10299.0,820,10415.69552211128
36081050800,371,0.22712765423874237,1343.6872024764,2958.0,2958.0000000000005,3740.0,820,4572.3127975236
36081051000,371,0.2583001157664345,1725.9613735513149,3341.0,3340.9999999999995,4673.0,820,4956.038626448684
36081051100,371,0.21572850504118102,1651.6174345952818,3828.0,3828.0,5259.0,820,6004.382565404718
36081051200,371,0.2752872383998455,2844.2677471472034,5166.0,5166.0,6330.0,820,7487.732252852797
36081051300,371,0.2323628308876189,1743.6506829806926,3752.0,3752.0,4996.0,820,5760.349317019308
36081051500,371,0.24824034454240862,2568.2946046357597,5173.0,5173.0,6862.0,820,7777.705395364241
36081051600,371,0.27889094052067775,1791.037620023792,3211.0,3211.0,4221.0,820,4630.962379976208
36081051700,371,0.18893325606933264,1106.3931475420118,2928.0,2928.0,4046.0,820,4749.606852457988
36081051800,371,0.2486159708301492,2180.362064180408,4385.0,4385.0,5469.0,820,6589.637935819592
36081052000,371,0.2001659674371986,1319.4940573460142,3296.0,3296.0,4022.0,820,5272.5059426539865
36081052100,371,0.23175280903871498,1639.8828767579473,3538.0,3538.0,5068.0,820,5436.117123242053
36081052200,371,0.21541914654634986,1365.7573891038592,3170.0,3170.0,4219.0,820,4974.242610896142
36081052400,371,0.17069696370272291,721.3653686077057,2113.0,2113.0,2887.0,820,3504.634631392293
36081052500,371,0.16307829227789195,1067.836657835637,3274.0,3274.0,4668.0,820,5480.163342164364
36081052600,371,0.26619555834671094,1778.7187208727225,3341.0,3341.0,4253.0,820,4903.281279127277
36081052800,371,0.27095605576056114,1573.7127718573392,2904.0,2904.0,3633.0,820,4234.287228142661
36081053000,371,0.26384423919832667,2155.607434250328,4085.0,4085.0,5462.0,820,6014.392565749671
36081053100,371,0.219596031130042,1805.5185679512042,4111.0,4111.0,6540.0,820,6416.481432048795
36081053200,371,0.261263620728202,1809.5118371635276,3463.0,3463.0,4703.0,820,5116.488162836473
36081053401,371,0.2356094824439301,1340.6179551059631,2845.0,2845.0,3928.0,820,4349.382044894038
36081053501,371,0.0,0.0,0.0,0.0,0.0,820,0.0
36081053502,371,0.0,0.0,0.0,0.0,0.0,820,0.0
36081053601,371,0.20616833546790647,1414.7271179807735,3431.0,3431.0000000000005,5065.0,820,5447.272882019226
36081053800,371,0.227973191294229,1278.9296031606245,2805.0,2805.0,3705.0,820,4331.0703968393755
36081053901,371,0.0,0.0,0.0,0.0,0.0,820,0.0
36081053902,371,0.0,0.0,0.0,0.0,0.0,820,0.0
36081054000,371,0.35873115009393575,6453.573390189905,8995.0,8995.000000000002,11967.0,820,11536.426609810096
36081054200,371,0.3783505721881495,7347.568111893861,9710.0,9710.0,12343.0,820,12072.431888106137
36081054500,371,0.30472914589979816,3751.8252443183155,6156.0,6156.0,8967.0,820,8560.174755681684
36081054700,371,0.29195193573605616,4359.42630441079,7466.0,7466.0,11848.0,820,10572.57369558921
36081054800,371,0.2576701361559155,2498.8849804400675,4849.0,4849.0,6126.0,820,7199.115019559931
36081054900,371,0.31769877990592876,5709.682472469353,8986.0,8985.999999999998,12816.0,820,12262.317527530648
36081055100,371,0.3338212333056275,4855.76365966366,7273.0,7273.0,10378.0,820,9690.236340336342
36081055200,371,0.2755412492822925,2517.89593594159,4569.0,4569.0,6081.0,820,6620.104064058411
36081055300,371,0.2994927712754216,2375.576661756644,3966.0,3966.0000000000005,5830.0,820,5556.423338243356
36081055400,371,0.2595211751356047,2200.2205227996574,4239.0,4239.0,5265.0,820,6277.7794772003435
36081055500,371,0.22340976725486295,1354.756828633489,3032.0,3032.0,4292.0,820,4709.243171366511
36081055600,371,0.22871886648597128,1945.4826783296724,4253.0,4253.0,5472.0,820,6560.517321670328
36081055700,371,0.33108353259711676,3706.811230957319,5598.0,5598.0,7539.0,820,7489.188769042681
36081055800,371,0.23611454328110182,1236.2957486198495,2618.0,2618.0,3411.0,820,3999.7042513801507
36081055900,371,0.1860074439693905,769.3267882573983,2068.0,2068.0,2838.0,820,3366.673211742601
36081056000,371,0.24437983141063135,1524.4413883395189,3119.0,3119.0,4107.0,820,4713.558611660482
36081056100,371,0.06653638321931632,16.90024133770633,127.0,127.0,169.0,820,237.09975866229365
36081056200,371,0.27870063033755155,2021.694372468599,3627.0,3627.0000000000005,4564.0,820,5232.305627531401
36081056400,371,0.22605209731218,1083.693754514591,2397.0,2397.0,3291.0,820,3710.306245485409
36081056500,371,0.20287564999331043,1104.0492872635955,2721.0,2721.0,3832.0,820,4337.950712736405
36081056600,371,0.244275566857463,1424.1265547790097,2915.0,2914.999999999999,3656.0,820,4405.87344522099
36081056700,371,0.28499170246419003,4150.049171283537,7281.0,7281.0,10154.0,820,10411.950828716464
36081056800,371,0.3422009319717657,5466.317687316985,7987.0,7987.0,11017.0,820,10507.682312683015
36081057700,371,0.2727985760266757,3739.52288017367,6854.0,6853.999999999999,8908.0,820,9968.47711982633
36081057900,371,0.16685926442709853,959.7744889846701,2876.0,2876.0,4147.0,820,4792.225511015329
36081058000,371,0.3117782554175349,3873.533045307453,6212.0,6212.0,7913.0,820,8550.466954692547
36081058100,371,0.20816779804550523,1816.0558701489865,4362.0,4361.999999999999,5455.0,820,6907.944129851013
36081058200,371,0.3698164613195555,5936.293837101504,8026.0,8026.000000000001,10923.0,820,10115.706162898496
36081058300,371,0.2831071715712651,2990.177946135702,5281.0,5281.0,7231.0,820,7571.822053864298
36081058500,371,0.32662480719568365,5040.4740246437905,7716.0,7716.0,10255.0,820,10391.52597535621
36081058700,371,0.27424452289023615,3060.020386409253,5579.0,5578.999999999999,7873.0,820,8097.979613590745
36081058900,371,0.2538035278518742,3499.4430420216404,6894.0,6894.0,10176.0,820,10288.556957978359
36081059000,371,0.2093116366651957,1121.4917492521179,2679.0,2679.000000000001,3459.0,820,4236.508250747882
36081059100,371,0.2720312701134483,4288.845004608623,7883.0,7883.0,11929.0,820,11477.154995391375
36081059200,371,0.19825831116429704,875.5087021015356,2208.0,2208.0,2809.0,820,3540.4912978984644
36081059300,371,0.31759879310193795,4326.3307596346,6811.0,6811.000000000001,9413.0,820,9295.669240365401
36081059400,371,0.2344707612367214,1434.9610587687355,3060.0,3060.0,4202.0,820,4685.038941231265
36081059501,371,0.0,0.0,0.0,0.0,0.0,820,0.0
36081059502,371,0.0,0.0,0.0,0.0,0.0,820,0.0
36081059600,371,0.1879395138576997,768.6726116779922,2045.0,2045.0,2710.0,820,3321.327388322008
36081059800,371,0.3015837885905842,1589.9497334495604,2636.0,2636.0,3564.0,820,3682.05026655044
36081059900,371,0.20565783398795934,895.0228935155992,2176.0,2176.0,2907.0,820,3456.977106484401
36081060000,371,0.1775885454814976,633.9911073689462,1785.0,1785.0000000000002,2436.0,820,2936.0088926310536
36081060100,371,0.23293970676311326,1708.8456888141993,3668.0,3668.0,5110.0,820,5627.154311185801
36081060300,371,0.20135466813527914,1379.2794767266626,3425.0,3425.0,4884.0,820,5470.720523273338
36081060600,371,0.22000682232168334,1088.5937568476888,2474.0,2474.0,3200.0,820,3859.4062431523107
36081060701,371,0.0,0.0,0.0,0.0,0.0,820,0.0
36081060800,371,0.21138300981079416,1092.0046286825623,2583.0,2583.0,3255.0,820,4073.9953713174373
36081061000,371,0.19636153480445118,974.3459356996868,2481.0,2481.0,3306.0,820,3987.654064300313
36081061200,371,0.17638667394531204,1139.4579136867164,3230.0,3229.999999999999,4270.0,820,5320.542086313283
36081061301,371,0.34383125370718604,6514.2269327363465,9473.0,9473.0,13938.0,820,12431.773067263654
36081061302,371,0.0,0.0,0.0,0.0,0.0,820,0.0
36081061400,371,0.2535012303269908,1067.2401796766312,2105.0,2105.0,2847.0,820,3142.759820323369
36081061601,371,0.23246150745270577,2012.6517315255273,4329.0,4329.0,5980.0,820,6645.348268474473
36081061602,371,0.22506600632421314,1063.2118138755823,2362.0,2362.0,3066.0,820,3660.7881861244173
36081061800,371,0.26733750727647787,1637.1748945611507,3062.0,3062.0,4346.0,820,4486.825105438849
36081061900,371,0.2360144775837354,2462.575059108696,5217.0,5217.0,6940.0,820,7971.424940891305
36081062000,371,0.19005780480499546,1117.159776643764,2939.0,2939.0,4105.0,820,4760.8402233562365
36081062100,371,0.2579347541177285,2540.14145855139,4924.0,4924.0,6618.0,820,7307.85854144861
36081062200,371,0.17868116069983775,920.9227022469638,2577.0,2577.0,3704.0,820,4233.077297753036
36081062300,371,0.19194679768521472,1379.7135817613234,3594.0,3594.0,4652.0,820,5808.286418238677
36081062400,371,0.0,0.0,0.0,0.0,0.0,820,0.0
36081062500,371,0.2510267503154837,2825.055048050453,5627.0,5627.0,7146.0,820,8428.944951949547
36081062600,371,0.2679977163092999,2505.7786474919544,4675.0,4675.0,6198.0,820,6844.221352508046
36081062700,371,0.23241342224322137,2458.4691804887952,5289.0,5289.0,7091.0,820,8119.530819511205
36081062900,371,0.2635074395541177,2307.7981556149625,4379.0,4379.0,5765.0,820,6450.2018443850375
36081063000,371,0.20742688018432254,1281.4832657787438,3089.0,3089.0,4367.0,820,4896.516734221255
36081063200,371,0.3087486771194282,2894.8275966717592,4688.0,4688.0,7002.0,820,6481.172403328241
36081063301,371,0.15266794502372638,687.0057526067689,2250.0,2250.0,3152.0,820,3812.9942473932315
36081063302,371,0.11982098827336629,732.3458803268159,3056.0,3056.0,3470.0,820,5379.654119673185
36081063500,371,0.1997240767754983,2119.8713508951387,5307.0,5307.0,7079.0,820,8494.128649104861
36081063700,371,0.2449798571166153,2539.951158585068,5184.0,5184.0,6879.0,820,7828.048841414932
36081063800,371,0.30774985098292484,4565.776789182673,7418.0,7418.0,9797.0,820,10270.223210817327
36081063900,371,0.17826719098725485,1616.8834222544012,4535.0,4535.0,5905.0,820,7453.116577745598
36081064101,371,0.20243545949844155,1495.9980456934823,3695.0,3694.9999999999995,4864.0,820,5894.001954306517
36081064102,371,0.16261980700897316,73.17891315403784,225.0,225.0,250.0,820,376.8210868459621
36081064500,371,0.20993449689105648,1558.973573912986,3713.0,3713.0,4668.0,820,5867.026426087014
36081064600,371,0.28694295001964465,3026.100350907174,5273.0,5273.000000000001,7323.0,820,7519.8996490928275
36081065000,371,0.229097210231352,2214.911828516713,4834.0,4833.999999999999,6880.0,820,7453.0881714832885
36081065401,371,0.0,0.0,0.0,0.0,0.0,820,0.0
36081065402,371,0.0,0.0,0.0,0.0,0.0,820,0.0
36081065501,371,0.0,0.0,0.0,0.0,0.0,820,0.0
36081065600,371,0.36836727916940126,7189.792554828375,9759.0,9759.0,13846.0,820,12328.207445171625
36081065702,371,0.19423814781722815,1291.295206688933,3324.0,3324.0,4380.0,820,5356.704793311067
36081065703,371,0.1613283287104429,1422.9158592261067,4410.0,4410.0,5679.0,820,7397.0841407738935
36081065900,371,0.20154683710267007,1408.4092976734582,3494.0,3494.0000000000005,4339.0,820,5579.590702326542
36081066000,371,0.290354558601146,3427.3452097279287,5902.0,5902.0,8709.0,820,8376.654790272072
36081066100,371,0.17849758715742425,1031.3590585955972,2889.0,2889.0,4117.0,820,4746.640941404403
36081066301,371,0.0,0.0,0.0,0.0,0.0,820,0.0
36081066302,371,0.0,0.0,0.0,0.0,0.0,820,0.0
36081066402,371,0.0,0.0,0.0,0.0,0.0,820,0.0
36081066403,371,0.0,0.0,0.0,0.0,0.0,820,0.0
36081066404,371,0.0,0.0,0.0,0.0,0.0,820,0.0
36081066501,371,0.2261862878911446,3109.156713351673,6873.0,6873.0,9026.0,820,10636.843286648327
36081066701,371,0.2060780850899302,1646.563899868543,3995.0,3995.0000000000005,5648.0,820,6343.436100131457
36081066900,371,0.19250883732487412,1047.2480750473146,2720.0,2720.0,3695.0,820,4392.751924952685
36081067100,371,0.18534350187408655,1338.9214575384015,3612.0,3612.0,4920.0,820,5885.078542461599
36081067700,371,0.14388872746421588,930.3845117836192,3233.0,3232.9999999999995,4215.0,820,5535.61548821638
36081067900,371,0.258102043282167,3127.6805604932974,6059.0,6059.0,8412.0,820,8990.3194395067
36081068000,371,0.31481878898345017,5522.551196347684,8771.0,8771.0,12088.0,820,12019.448803652318
36081068200,371,0.147205690495252,492.55024039711236,1673.0,1673.0,2465.0,820,2853.449759602887
36081068300,371,0.2447964559432858,2805.8569780219414,5731.0,5731.0,7878.0,820,8656.143021978058
36081068700,371,0.20850761275648244,2829.4483051054644,6785.0,6785.0,8948.0,820,10740.551694894533
36081069000,371,0.2613427871409453,3189.4273742680966,6102.0,6102.0,7930.0,820,9014.572625731904
36081069300,371,0.2616916684556243,3090.578604460923,5905.0,5905.0,8177.0,820,8719.421395539077
36081069400,371,0.3487319466919464,4742.754475010471,6800.0,6799.999999999998,9703.0,820,8857.245524989528
36081069500,371,0.22521761164092136,1853.9913790280648,4116.0,4115.999999999999,5482.0,820,6378.008620971936
36081069701,371,0.2266326459691098,2802.9925653459504,6184.0,6184.0,8622.0,820,9565.00743465405
36081069702,371,0.28703547477980684,3302.630172816461,5753.0,5753.0,7395.0,820,8203.369827183542
36081070300,371,0.2069203067543477,1358.6387341490474,3283.0,3283.0,4275.0,820,5207.361265850953
36081070700,371,0.21398501830581196,1905.3226029949474,4452.0,4452.0,5481.0,820,6998.677397005051
36081070900,371,0.16701187616498758,1220.5227910137294,3654.0,3654.0,5274.0,820,6087.477208986271
36081071100,371,0.25825780856072467,5162.573593128885,9995.0,9994.999999999998,13687.0,820,14827.426406871115
36081071303,371,0.3001704607942266,5292.005223802215,8815.0,8815.000000000002,12927.0,820,12337.994776197786
36081071304,371,0.2774127530344217,6508.6580116936,11731.0,11731.0,14609.0,820,16953.341988306398
36081071305,371,0.2649860271571082,4322.982047041065,8157.0,8157.000000000001,11010.0,820,11991.017952958937
36081071306,371,0.2730229688398248,6042.544346363004,11066.0,11066.0,15024.0,820,16089.455653636996
36081071701,371,0.30046986314055424,5783.443925729387,9624.0,9624.0,12661.0,820,13464.556074270611
36081071702,371,0.28058544374973227,3603.2782686340624,6421.0,6420.999999999999,8572.0,820,9238.721731365938
36081071900,371,0.23150519608272824,2206.244518668399,4765.0,4765.0,5971.0,820,7323.7554813316
36081072100,371,0.31375920071141095,4934.177190387648,7863.0,7863.0,10612.0,820,10791.822809612351
36081072300,371,0.1304561546788381,612.6221023718238,2348.0,2348.0,3252.0,820,4083.3778976281765
36081072900,371,0.17555651135076256,672.7325514961223,1916.0,1915.9999999999995,2907.0,820,3159.2674485038774
36081073100,371,0.13193623475798677,806.1303943713,3055.0,3055.0,4204.0,820,5303.869605628701
36081073700,371,0.1586952412799807,781.7327585451858,2463.0,2463.0,3785.0,820,4144.267241454815
36081073900,371,0.22967462331283883,3644.4769227281276,7934.0,7934.000000000001,10442.0,820,12223.523077271873
36081074100,371,0.2567557366145503,2407.3417864980233,4688.0,4687.999999999999,5949.0,820,6968.658213501976
36081074300,371,0.23248026049704373,3887.9998765525597,8362.0,8362.0,10708.0,820,12836.00012344744
36081074500,371,0.2747185685542469,4580.657412073516,8337.0,8337.0,10547.0,820,12093.342587926487
36081074700,371,0.17925765139606475,1844.5612328655045,5145.0,5144.999999999999,7273.0,820,8445.438767134494
36081074900,371,0.12385794824624174,584.3617998257675,2359.0,2359.000000000001,2981.0,820,4133.638200174232
36081075701,371,0.18312741329812465,2732.6272612346156,7461.0,7461.0,10933.0,820,12189.372738765383
36081075702,371,0.19652599555367134,2432.205720972237,6188.0,6188.0,8691.0,820,9943.794279027763
36081076901,371,0.1908083721373779,2665.592958759168,6985.0,6985.0,10007.0,820,11304.407041240831
36081076902,371,0.1284283240685783,647.0218966574981,2519.0,2519.0,3347.0,820,4390.978103342502
36081077300,371,0.17209467440738624,1036.6983186300959,3012.0,3012.0000000000005,3862.0,820,4987.301681369905
36081077500,371,0.215802003899368,1412.6399175252623,3273.0,3273.0,4281.0,820,5133.360082474737
36081077902,371,0.2124103074871192,3731.6242819337117,8784.0,8784.0,11757.0,820,13836.37571806629
36081077903,371,0.26287527631895313,2711.82135050632,5158.0,5158.0,7228.0,820,7604.17864949368
36081077904,371,0.2789458539712092,6207.103142567345,11126.0,11126.0,14027.0,820,16044.896857432654
36081077905,371,0.2090955425812001,1700.3649522703195,4066.0,4065.9999999999995,5578.0,820,6431.635047729681
36081077906,371,0.25828283150122355,3042.571755084413,5890.0,5890.0,7270.0,820,8737.428244915587
36081077907,371,0.24312556934649865,2900.0017911650334,5964.0,5964.0,7445.0,820,9027.998208834964
36081077908,371,0.27242142752496123,4062.348327252223,7456.0,7456.0,10017.0,820,10849.651672747777
36081078800,371,0.19166220696316894,1115.0907201117182,2909.0,2909.0,3638.0,820,4702.909279888283
36081079000,371,0.24537645891558746,2495.969340089356,5086.0,5086.0,6645.0,820,7676.030659910644
36081079200,371,0.2719922365285119,2491.448886601169,4580.0,4580.0,6546.0,820,6668.551113398831
36081079300,371,0.0,0.0,0.0,0.0,0.0,820,0.0
36081079701,371,0.32191972181895134,7751.826901400347,12040.0,12040.0,15997.0,820,16328.173098599653
36081079702,371,0.2623859021491577,4415.429961366024,8414.0,8414.000000000002,10620.0,820,12412.570038633974
36081079900,371,0.2098660650095191,2219.963235670694,5289.0,5289.0,6903.0,820,8358.036764329307
36081080301,371,0.2141624802782649,3561.5220470275453,8315.0,8315.0,11499.0,820,13068.477952972455
36081080302,371,0.2426349720284786,2916.472363782313,6010.0,6010.000000000001,7569.0,820,9103.527636217686
36081080900,371,0.4058969341482662,10692.13703933363,13171.0,13171.0,17271.0,820,15649.86296066637
36081081400,371,0.25800116925650807,3785.9091576700002,7337.0,7337.0,10079.0,820,10888.09084233
36081081800,371,0.2985093616518707,4959.4345344841795,8307.0,8307.0,11377.0,820,11654.56546551582
36081083700,371,0.25950085684366864,3993.7181868240605,7695.0,7695.000000000001,10040.0,820,11396.28181317594
36081083800,371,0.30446118992085347,6745.033201506587,11077.0,11076.999999999998,15375.0,820,15408.966798493413
36081084000,371,0.3021946491771358,6305.593549730114,10433.0,10433.0,13937.0,820,14560.406450269886
36081084500,371,0.27028023209337027,4298.536811212959,7952.0,7951.999999999998,10322.0,820,11605.463188787038
36081084601,371,0.2814183755226308,3213.235011717401,5709.0,5709.0,7151.0,820,8204.7649882826
36081084602,371,0.16883530528954838,652.3796196388154,1932.0,1932.0,2522.0,820,3211.620380361185
36081084901,371,0.0,0.0,0.0,0.0,0.0,820,0.0
36081084902,371,0.0,0.0,0.0,0.0,0.0,820,0.0
36081085300,371,0.29764680245187525,4536.732562971484,7621.0,7621.0,10303.0,820,10705.267437028517
36081085500,371,0.2887814472268171,7189.50291015884,12448.0,12448.000000000002,16584.0,820,17706.497089841163
36081085700,371,0.37036793169473536,7179.952723834137,9693.0,9693.0,12061.0,820,12206.04727616586
36081085900,371,0.28364096212884093,5596.236182802032,9865.0,9865.0,11413.0,820,14133.763817197969
36081086100,371,0.24266130163654176,1546.2378140280452,3186.0,3185.9999999999995,3940.0,820,4825.762185971956
36081086300,371,0.3077848998443413,7759.872894875536,12606.0,12606.0,15727.0,820,17452.127105124466
36081086400,371,0.272448962931662,3010.016142469001,5524.0,5524.0,7020.0,820,8037.983857530999
36081086500,371,0.23155213339385117,3743.734892711785,8084.0,8084.0,10022.0,820,12424.265107288214
36081086900,371,0.13664508563459954,779.6968586310255,2853.0,2853.0000000000005,3995.0,820,4926.303141368975
36081087100,371,0.3129170248627703,2195.425846437196,3508.0,3508.0000000000005,4841.0,820,4820.574153562804
36081088400,371,0.2834504539441548,6425.821790913989,11335.0,11335.0,15644.0,820,16244.17820908601
36081088902,371,0.0,0.0,0.0,0.0,0.0,820,0.0
36081088903,371,0.0,0.0,0.0,0.0,0.0,820,0.0
36081089201,371,0.0,0.0,0.0,0.0,0.0,820,0.0
36081089202,371,0.0,0.0,0.0,0.0,0.0,820,0.0
36081090700,371,0.20990671473125555,900.9196196265493,2146.0,2146.0,2786.0,820,3391.080380373451
36081091900,371,0.23307950758640983,5351.971653199145,11481.0,11481.0,15164.0,820,17610.028346800857
36081092500,371,0.28054115045461836,4286.668778946569,7640.0,7640.0,9064.0,820,10993.331221053431
36081092900,371,0.28480312437317623,7962.525751225262,13979.0,13979.0,17938.0,820,19995.47424877474
36081093900,371,0.24760246016347576,5146.664736958006,10393.0,10393.0,13072.0,820,15639.335263041994
36081094500,371,0.2610868884539981,4017.0828657532147,7693.0,7693.000000000001,10047.0,820,11368.917134246785
36081094700,371,0.26417722551532974,3154.8044271040676,5971.0,5971.0,7719.0,820,8787.195572895933
36081097300,371,0.1876815904402389,1404.9843860356282,3743.0,3743.0,4827.0,820,6081.015613964371
36081098100,371,0.17755332487651032,1526.2483806384826,4298.0,4298.0,5460.0,820,7069.751619361517
36081098700,371,0.19144833428525776,1811.4841390071094,4731.0,4731.0,5949.0,820,7650.515860992891
36081099100,371,0.27625816877452924,7007.0121927971595,12682.0,12682.0,15836.0,820,18356.98780720284
36081099701,371,0.2270784803032233,2081.855507419952,4584.0,4584.0,5871.0,820,7086.144492580049
36081099703,371,0.23681804871230505,3163.8891307963927,6680.0,6680.0,8550.0,820,10196.110869203605
36081099704,371,0.30612127270849776,7518.950700266124,12281.0,12281.0,16482.0,820,17043.049299733877
36081099705,371,0.1817453657026169,1695.6842620054156,4665.0,4665.0,6126.0,820,7634.315737994584
36081099900,371,0.0,0.0,0.0,0.0,0.0,820,0.0
36081101700,371,0.2703807252808893,6256.069221549216,11569.0,11569.0,14291.0,820,16881.930778450784
36081102900,371,0.25613806970131636,2915.3635093403827,5691.0,5691.0,7007.0,820,8466.636490659617
36081103300,371,0.2504153131380267,4046.711460310511,8080.0,8080.0,9617.0,820,12113.288539689489
36081103900,371,0.27024609091493756,6751.287843236969,12491.0,12491.0,15926.0,820,18230.71215676303
36081104700,371,0.33251632241226126,9166.809976261216,13784.0,13783.999999999998,17505.0,820,18401.19002373878
36081105900,371,0.29104887034776683,4641.065286565488,7973.0,7973.000000000001,9973.0,820,11304.93471343451
36081108500,371,0.2528852107096483,2440.848053769525,4826.0,4826.0,5925.0,820,7211.151946230475
36081109300,371,0.31350169106955816,3601.5074270070854,5744.0,5744.0,7205.0,820,7886.4925729929155
36081109700,371,0.23477861023770985,1464.5489706628343,3119.0,3119.0,4145.0,820,4773.451029337166
36081109900,371,0.26525042305148117,3381.9428939063864,6375.0,6375.0,7960.0,820,9368.057106093614
36081111300,371,0.21605934321098896,2083.244187240354,4821.0,4821.0,6428.0,820,7558.755812759645
36081112300,371,0.2820456221011307,1604.8395897554337,2845.0,2845.0,3545.0,820,4085.1604102445663
36081112900,371,0.2291432295648963,1745.1548363662505,3808.0,3808.0000000000005,4928.0,820,5870.8451636337495
36081113300,371,0.17468026703826733,1097.6907980684707,3142.0,3142.0,4110.0,820,5186.309201931528
36081113900,371,0.2649873369561355,3429.996089560216,6472.0,6471.999999999999,8284.0,820,9514.003910439782
36081114100,371,0.2613559257111603,2489.1538364730914,4762.0,4762.0,5971.0,820,7034.84616352691
36081114700,371,0.19986767047009002,1609.334482625166,4026.0,4026.0,4925.0,820,6442.665517374835
36081115100,371,0.13166684107083038,530.0907021511632,2013.0,2013.0000000000002,2901.0,820,3495.909297848837
36081115500,371,0.19921858618162835,1684.5923647518493,4228.0,4228.0,6329.0,820,6771.407635248151
36081115700,371,0.2181129301080278,2583.765770059697,5923.0,5923.0,7270.0,820,9262.234229940303
36081115900,371,0.24662138656739363,4180.232502317322,8475.0,8475.0,10948.0,820,12769.767497682678
36081116100,371,0.3067481381057504,5436.190503510108,8861.0,8861.0,11957.0,820,12285.809496489892
36081116301,371,0.0,0.0,0.0,0.0,0.0,820,0.0
36081116302,371,0.0,0.0,0.0,0.0,0.0,820,0.0
36081116700,371,0.1795793863288534,1098.3075267872675,3058.0,3057.999999999999,4105.0,820,5017.692473212732
36081117100,371,0.24802799610489157,2532.8618962231535,5106.0,5106.000000000001,6576.0,820,7679.138103776848
36081117500,371,0.2554834664384513,4821.994945559331,9437.0,9437.0,12303.0,820,14052.00505444067
36081118100,371,0.1799812314972633,1003.5753468287394,2788.0,2788.0,3594.0,820,4572.42465317126
36081118500,371,0.22918584697020006,1718.4354805825599,3749.0,3749.0,5108.0,820,5779.56451941744
36081118700,371,0.16815345547699456,1340.1830401516463,3985.0,3985.000000000001,5542.0,820,6629.816959848354
36081118900,371,0.21890562451994988,1916.2998370476412,4377.0,4377.0,5695.0,820,6837.700162952358
36081119100,371,0.24507337558644382,3474.1601723134286,7088.0,7088.0,9287.0,820,10701.839827686572
36081119300,371,0.1780438321892146,1563.224846621304,4390.0,4390.000000000001,5645.0,820,7216.775153378696
36081119500,371,0.22464314476352187,1367.6274653203218,3044.0,3044.0,3397.0,820,4720.372534679679
36081119900,371,0.1474147058182813,686.6576997015545,2329.0,2329.0,3224.0,820,3971.3423002984455
36081120100,371,0.1566736958631978,931.2684482108482,2972.0,2972.0,3734.0,820,5012.731551789152
36081120300,371,0.12798939260159292,633.5474933778855,2475.0,2475.0000000000005,3231.0,820,4316.452506622115
36081120500,371,0.1828653581978068,1793.5434332040882,4904.0,4903.999999999998,5773.0,820,8014.45656679591
36081120701,371,0.0,0.0,0.0,0.0,0.0,820,0.0
36081120702,371,0.0,0.0,0.0,0.0,0.0,820,0.0
36081121100,371,0.0,0.0,0.0,0.0,0.0,820,0.0
36081121500,371,0.2316237266903678,3488.2533239569366,7530.0,7529.999999999999,9663.0,820,11571.746676043062
36081122300,371,0.26294857132999483,3654.45924434427,6949.0,6949.000000000001,9516.0,820,10243.540755655731
36081122702,371,0.3336866202146548,8751.932674989968,13114.0,13114.0,16652.0,820,17476.067325010034
36081122703,371,0.0,0.0,0.0,0.0,0.0,820,0.0
36081122704,371,0.0,0.0,0.0,0.0,0.0,820,0.0
36081124100,371,0.19712526199430136,2202.677677524323,5587.0,5587.0,7516.0,820,8971.322322475677
36081124700,371,0.26720097425282496,3143.3522611102317,5882.0,5882.0,7674.0,820,8620.647738889767
36081125700,371,0.2961951953455756,3485.6250588267344,5884.0,5884.0,7994.0,820,8282.374941173266
36081126500,371,0.15589919379586992,801.9454528859558,2572.0,2572.0,3463.0,820,4342.054547114045
36081126700,371,0.23435676348798373,3589.876903108936,7659.0,7659.0,9265.0,820,11728.123096891066
36081127700,371,0.23598703136282406,3160.810298073664,6697.0,6696.999999999999,8871.0,820,10233.189701926334
36081128300,371,0.037135855920136795,3.5650421683331373,48.0,48.00000000000001,115.0,820,92.43495783166686
36081129102,371,0.28104585238943036,3800.3020160098768,6761.0,6761.0,9005.0,820,9721.697983990123
36081129103,371,0.2640381581645095,3454.6752614244406,6542.0,6542.0,8408.0,820,9629.324738575559
36081129104,371,0.2967284994177307,4193.960610770206,7067.0,7067.0,9324.0,820,9940.039389229794
36081130100,371,0.3196455535326963,4350.375983579997,6805.0,6805.0,9134.0,820,9259.624016420003
36081133300,371,0.2548509521259027,2691.226054449533,5280.0,5280.0,7790.0,820,7868.773945550467
36081133900,371,0.13747597461189764,514.9850008961679,1873.0,1873.0,2573.0,820,3231.0149991038315
36081134100,371,0.2657397551036671,2800.8970187926507,5270.0,5270.0,7433.0,820,7739.102981207349
36081134701,371,0.0,0.0,0.0,0.0,0.0,820,0.0
36081134702,371,0.0,0.0,0.0,0.0,0.0,820,0.0
36081136700,371,0.3554146988032444,7902.290413191331,11117.0,11116.999999999998,14076.0,820,14331.709586808665
36081137700,371,0.29629884385384875,7014.578829396014,11837.0,11837.0,15380.0,820,16659.421170603986
36081138501,371,0.3225140280589647,6190.9792826198845,9598.0,9598.0,12124.0,820,13005.020717380114
36081138502,371,0.07542749182198583,6.335909313046809,42.0,42.00000000000001,52.0,820,77.66409068695319
36081139900,371,0.17257523036466071,1095.507562354867,3174.0,3174.0,4234.0,820,5252.492437645134
36081140300,371,0.21799775728399007,1580.4837403089275,3625.0,3625.0000000000005,4689.0,820,5669.516259691072
36081140901,371,0.14841112119845645,468.6823207447256,1579.0,1579.0,2149.0,820,2689.3176792552745
36081140902,371,0.24723201451100474,2701.2569905472365,5463.0,5463.0,7259.0,820,8224.743009452763
36081141700,371,0.31647390000530995,5473.09962669183,8647.0,8647.0,11678.0,820,11820.90037330817
36081142900,371,0.2913460519846629,3886.5563334754024,6670.0,6669.999999999999,8967.0,820,9453.443666524598
36081143500,371,0.21869001626048457,1797.6319336611823,4110.0,4110.0,5295.0,820,6422.368066338817
36081144100,371,0.21169508189297226,2348.1218483568514,5546.0,5546.000000000001,7329.0,820,8743.878151643152
36081144700,371,0.28042529398899274,2993.820438626485,5338.0,5338.000000000001,6730.0,820,7682.179561373514
36081145101,371,0.24109114030563317,1621.0968274150778,3362.0,3362.0000000000005,4122.0,820,5102.903172584923
36081145102,371,0.2250717783271442,2183.196249773297,4850.0,4850.0,6110.0,820,7516.803750226702
36081145900,371,0.25013773143296103,2872.5817077761244,5742.0,5742.0,7968.0,820,8611.418292223876
36081146300,371,0.2364449912091232,3227.9470199869506,6826.0,6825.999999999998,8338.0,820,10424.052980013048
36081146700,371,0.2410678628484424,2571.2298251414877,5333.0,5333.0,6941.0,820,8094.770174858513
36081147100,371,0.22173293669289063,2629.752629177684,5930.0,5930.0,8248.0,820,9230.247370822317
36081147900,371,0.2548129228191093,4349.146966676557,8534.0,8534.0,11155.0,820,12718.853033323443
36081148300,371,0.2181670205798305,2330.896447874909,5342.0,5341.999999999999,7084.0,820,8353.10355212509
36081150701,371,0.24877562258987818,2611.64648594854,5249.0,5249.0,7125.0,820,7886.353514051459
36081150702,371,0.24385926722518914,2948.258540752535,6045.0,6045.0,7735.0,820,9141.741459247463
36081152901,371,0.2915605989992518,6626.5892940549975,11364.0,11364.000000000002,15662.0,820,16101.410705945005
36081152902,371,0.2529810846156293,4825.867170127745,9538.0,9538.0,12793.0,820,14250.132829872255
36081155101,371,0.09070808831678256,376.0757341613804,2073.0,2073.0,3793.0,820,3769.9242658386197
36081155103,371,0.0,0.0,0.0,0.0,0.0,820,0.0
36081155104,371,0.0,0.0,0.0,0.0,0.0,820,0.0
36081156700,371,0.3500776885324117,1836.5075540410317,2623.0,2623.0,3451.0,820,3409.4924459589683
36081157101,371,0.42474958200886703,11309.382370568092,13313.0,13313.0,18772.0,820,15316.617629431907
36081157102,371,0.25492451797691595,1966.4877316739303,3857.0,3857.0,5628.0,820,5747.512268326071
36081157901,371,0.2592933159548071,3436.155023033105,6626.0,6626.000000000001,10721.0,820,9815.844976966897
36081157902,371,0.38441488318571737,4566.079982479951,5939.0,5939.000000000001,8603.0,820,7311.920017520049
36081157903,371,0.295475192362499,4136.652693074986,7000.0,7000.0,9738.0,820,9863.347306925014
36081161700,371,0.33666418450780045,4602.199402221631,6835.0,6835.000000000002,9828.0,820,9067.800597778369
36081162100,371,0.37861816743051213,9414.719351327116,12433.0,12433.0,17330.0,820,15451.280648672884
36035970602,303,0.0,0.0,0.0,0.0,0.0,2,0.0
36035971300,303,0.9998233898009018,10428.157955623406,5215.0,5215.000000000001,9562.0,2,1.8420443765940089
36075020303,151,0.0,0.0,0.0,0.0,0.0,1,0.0
36111953000,321,0.8007178240089199,2796.106641439148,1746.0,1746.0,3238.0,4,695.893358560852
36111954200,321,0.9912396925656031,9866.799899798012,4977.0,4976.999999999999,10645.0,4,87.20010020198681
36111954500,321,0.8561154316241651,7840.305122814104,4579.0,4579.0,8867.0,4,1317.6948771858958
36111955002,321,0.0,0.0,0.0,0.0,0.0,4,0.0
36029000500,22,0.4104289156647458,1525.1538506101958,1858.0,1858.0000000000002,3248.0,38,2190.8461493898044
36029005000,22,0.40773399789645326,2320.0064480308192,2845.0,2845.0000000000005,4511.0,38,3369.9935519691808
36029005400,22,0.4984851044509777,4564.1296163531515,4578.0,4577.999999999999,7566.0,38,4591.870383646848
36029005500,22,0.461832862063407,4425.282484291566,4791.0,4791.0,6394.0,38,5156.717515708434
36029005600,22,0.40926396239196805,3909.289368768079,4776.0,4776.0,7143.0,38,5642.710631231921
36029005700,22,0.526703087409865,3695.348861267614,3508.0,3508.000000000001,5004.0,38,3320.651138732387
36029005801,22,0.5921735522714062,6160.973637831712,5202.0,5202.0,7877.0,38,4243.026362168289
36029005802,22,0.5800928150756388,8398.583776665098,7239.0,7238.999999999999,9632.0,38,6079.416223334901
36029005900,22,0.5362506071036522,6006.006799560906,5600.0,5600.000000000002,7930.0,38,5193.993200439096
36029006100,22,0.644054910338495,7593.4073928908565,5895.0,5895.0,8708.0,38,4196.5926071091435
36029006301,22,0.49446040392751167,5500.377533289639,5562.0,5561.999999999999,8395.0,38,5623.622466710361
36029006302,22,0.4493203712169267,2379.6006859648433,2648.0,2648.0,4661.0,38,2916.3993140351563
36029006501,22,0.5725131796425784,3711.030430443193,3241.0,3240.999999999999,5305.0,38,2770.969569556806
36029006601,22,0.4542865278198558,2298.6898307684696,2530.0,2530.0,4270.0,38,2761.31016923153
36029006602,22,0.5032410832641419,2679.255527298292,2662.0,2662.0000000000005,4385.0,38,2644.7444727017087
36029006701,22,0.500028795764819,3333.1919525682843,3333.0,3333.0000000000005,4891.0,38,3332.8080474317167
36029006702,22,0.5073101977358565,3307.662489237785,3260.0,3260.0,4931.0,38,3212.337510762215
36029006801,22,0.0,0.0,0.0,0.0,0.0,38,0.0
36029006802,22,0.0,0.0,0.0,0.0,0.0,38,0.0
36029006901,22,0.5454366938248698,4869.658802468438,4464.0,4463.999999999999,6341.0,38,4058.341197531562
36029006903,22,0.0,0.0,0.0,0.0,0.0,38,0.0
36029006904,22,0.0,0.0,0.0,0.0,0.0,38,0.0
36029007000,22,0.5520531441669145,4871.316944128853,4412.0,4411.999999999999,6093.0,38,3952.683055871146
36029007102,22,0.5266609694377915,3138.899377849237,2980.0,2979.9999999999995,4467.0,38,2821.100622150763
36029007103,22,0.0,0.0,0.0,0.0,0.0,38,0.0
36029007104,22,0.0,0.0,0.0,0.0,0.0,38,0.0
36029007202,22,0.5709950041728299,3166.7382931425145,2773.0,2773.0,4274.0,38,2379.2617068574855
36029007306,22,0.0,0.0,0.0,0.0,0.0,38,0.0
36029008101,22,0.5028643767037368,6460.80151188961,6424.0,6423.999999999999,11353.0,38,6387.19848811039
36029008201,22,0.42459201242526445,2368.374245308125,2789.0,2789.0000000000005,4793.0,38,3209.6257546918746
36029008202,22,0.44933154094776395,3760.904997732784,4185.0,4184.999999999998,7033.0,38,4609.095002267215
36029008400,22,0.5670118634423728,2813.512866401053,2481.0,2481.0,4240.0,38,2148.4871335989465
36029008700,22,0.4239294580171119,4574.198852004638,5395.0,5395.000000000001,9035.0,38,6215.801147995363
36029008800,22,0.47994875210866816,4466.403087123267,4653.0,4653.0,7272.0,38,4839.596912876734
36029016500,22,0.4859083365154594,1121.4764406776803,1154.0,1154.0,1767.0,38,1186.5235593223197
36029016900,22,0.6561953159014644,5332.2431370153,4063.0,4063.0,7013.0,38,2793.7568629846996
36029017100,22,0.6197830421774793,10887.1089188896,8783.0,8783.0,12369.0,38,6678.891081110401
36029980000,22,0.0,0.0,0.0,0.0,0.0,38,0.0
36115082001,438,1.0,10880.0,5440.0,5440.0,8053.0,1,0.0
36009962200,38,1.0,4848.0,2424.0,2424.0,5166.0,1,0.0
36033951100,311,1.0,7476.0,3738.0,3738.0,6482.0,1,0.0
36077590102,253,0.0,0.0,0.0,0.0,0.0,2,0.0
36077590202,253,0.9999702131109338,6947.793040694768,3474.0,3474.0,4955.0,2,0.20695930523197947
36101962200,97,0.9799510759657271,5607.280056675891,2861.0,2861.0,5277.0,4,114.71994332410964
36101962301,97,0.0,0.0,0.0,0.0,0.0,4,0.0
36101962400,97,0.9785766872309734,5534.829742978386,2828.0,2828.0,5990.0,4,121.17025702161447
36101963000,97,0.9847615330135727,6012.953920580875,3053.0,3053.0,6944.0,4,93.04607941912506
36089490100,267,0.8774843268083896,6472.324394538681,3688.0,3687.9999999999995,6145.0,2,903.6756054613182
36089490200,267,0.9636375929785082,6167.2805950624515,3200.0,3199.9999999999995,5520.0,2,232.71940493754784
36117020800,114,0.855643692301997,5084.234819658466,2971.0,2971.0000000000005,5006.0,3,857.7651803415342
36117020900,114,0.9885662425060221,10120.941190776655,5119.0,5119.000000000001,9821.0,3,117.05880922334597
36117021501,114,0.9530243758286064,4063.695938533178,2132.0,2132.0,3517.0,3,200.30406146682196
36023970100,160,0.9899600103472335,5343.804135854366,2699.0,2698.9999999999995,6463.0,3,54.195864145633536
36067016901,160,0.9923318382573021,5245.466097028099,2643.0,2643.0000000000005,4946.0,3,40.53390297190121
36067016902,160,0.9205414285783098,4471.990260033429,2429.0,2429.0,4510.0,3,386.0097399665708
36057072200,302,0.9445342367854574,7684.730550486482,4068.0,4067.9999999999995,7016.0,3,451.26944951351805
36057072300,302,0.978420750764285,6169.921254319582,3153.0,3153.0,6129.0,3,136.07874568041842
36057072700,302,0.881336095945557,7412.036566902134,4205.0,4205.0,7500.0,3,997.9634330978658
36123150101,110,0.0,0.0,0.0,0.0,0.0,4,0.0
36123150102,110,0.0,0.0,0.0,0.0,0.0,4,0.0
36123150501,110,0.0,0.0,0.0,0.0,0.0,4,0.0
36123150502,110,0.0,0.0,0.0,0.0,0.0,4,0.0
36007011903,158,0.9316166875130305,4633.861403689813,2487.0,2486.9999999999995,5611.0,3,340.1385963101861
36023971100,158,0.9739837957893869,9217.782643350756,4732.0,4731.999999999999,7943.0,3,246.2173566492431
36023971200,158,0.9141950308581905,7059.4140282869475,3861.0,3860.9999999999995,8432.0,3,662.5859717130523
36013036901,10,0.9969359771878317,4777.317202684089,2396.0,2396.0,5535.0,2,14.682797315910687
36013037400,10,0.9770889656503398,7343.800665827955,3758.0,3758.0000000000005,7752.0,2,172.19933417204606
36019103512,396,0.0,0.0,0.0,0.0,0.0,1,0.0
36103169905,463,0.0,0.0,0.0,0.0,0.0,13,0.0
36103170003,463,0.0,0.0,0.0,0.0,0.0,13,0.0
36103170004,463,0.0,0.0,0.0,0.0,0.0,13,0.0
36103190403,463,0.745558122877547,6273.12604589168,4207.0,4206.999999999998,6439.0,13,2140.8739541083187
36103190603,463,0.7731884424306623,9712.793213813979,6281.0,6280.999999999999,9906.0,13,2849.206786186019
36103190604,463,0.7571807034372826,7564.235227338453,4995.0,4995.000000000002,7947.0,13,2425.764772661548
36103190606,463,0.0,0.0,0.0,0.0,0.0,13,0.0
36103190706,463,0.9578915782676116,7362.354670564863,3843.0,3843.0000000000005,7543.0,13,323.6453294351367
36103190709,463,0.0,0.0,0.0,0.0,0.0,13,0.0
36103190710,463,0.0,0.0,0.0,0.0,0.0,13,0.0
36103190713,463,0.0,0.0,0.0,0.0,0.0,13,0.0
36103190801,463,0.0,0.0,0.0,0.0,0.0,13,0.0
36103190802,463,0.0,0.0,0.0,0.0,0.0,13,0.0
36119012400,402,0.8589864523755214,10160.091758697667,5914.0,5914.0,8589.0,8,1667.908241302333
36119012501,402,0.8205925714532976,6517.146202482089,3971.0,3970.9999999999995,5803.0,8,1424.8537975179106
36119012502,402,0.8946218499545356,11964.67262129196,6687.0,6687.000000000001,10611.0,8,1409.3273787080404
36119012503,402,0.8721501100004281,7043.484288363456,4038.0,4037.9999999999995,5773.0,8,1032.5157116365433
36119012600,402,0.9112217243627642,8753.195884228713,4803.0,4802.999999999999,7663.0,8,852.8041157712871
36119012700,402,0.9477365792788478,8518.256374558283,4494.0,4494.0,7975.0,8,469.74362544171595
36119012804,402,0.0,0.0,0.0,0.0,0.0,8,0.0
36119983000,402,0.8124835701961184,1234.9750266981,760.0,760.0000000000001,1900.0,8,285.0249733019
36007012501,187,0.0,0.0,0.0,0.0,0.0,2,0.0
36007012502,187,0.0,0.0,0.0,0.0,0.0,2,0.0
36019101901,422,0.0,0.0,0.0,0.0,0.0,3,0.0
36019102800,422,0.0,0.0,0.0,0.0,0.0,3,0.0
36031960100,422,0.9987981542645687,4648.406609947303,2327.0,2327.0,4832.0,3,5.59339005269707
36029013802,41,0.0,0.0,0.0,0.0,0.0,6,0.0
36029013900,41,0.8308184236343243,4212.249407826024,2535.0,2535.0,4715.0,6,857.7505921739757
36029014000,41,0.9516979694181045,5881.493451003886,3090.0,3090.0,6012.0,6,298.5065489961142
36029014101,41,0.9416945537991023,11445.35560687429,6077.0,6077.0,11830.0,6,708.6443931257113
36029015001,41,0.8893869133228031,9849.07067813672,5537.0,5537.0,10277.0,6,1224.9293218632786
36029015002,41,0.8787885271889554,5891.398286274756,3352.0,3352.0,6479.0,6,812.6017137252431
36095740700,326,1.0,10698.0,5349.0,5349.0,9432.0,1,0.0
36027010000,405,0.9320479361483653,8509.597657034576,4565.0,4565.0,6597.0,5,620.4023429654246
36027040001,405,0.9543413005790982,9331.54923706242,4889.0,4888.999999999999,7760.0,5,446.4507629375786
36027180001,405,0.955768851675893,9249.930946519293,4839.0,4838.999999999999,10135.0,5,428.0690534807073
36027200001,405,0.933140474211297,5401.017064734986,2894.0,2893.9999999999995,5574.0,5,386.98293526501334
36027200002,405,0.9518881908646669,2691.939803765278,1414.0,1414.0000000000002,2665.0,5,136.06019623472207
36003950402,59,0.0,0.0,0.0,0.0,0.0,3,0.0
36003951301,59,0.0,0.0,0.0,0.0,0.0,3,0.0
36003951302,59,0.0,0.0,0.0,0.0,0.0,3,0.0
36083051800,412,0.9058051027083412,10282.699525945089,5676.0,5675.999999999999,11595.0,7,1069.30047405491
36083051901,412,0.9422891665670834,8989.438649049976,4770.0,4770.000000000001,8018.0,7,550.5613509500241
36091062002,412,0.0,0.0,0.0,0.0,0.0,7,0.0
36091062100,412,0.9299534623259372,3604.4996199753327,1938.0,1938.0000000000002,3725.0,7,271.50038002466744
36091062200,412,0.9713486130994754,6682.878458124391,3440.0,3439.9999999999995,6568.0,7,197.12154187560907
36091062300,412,0.8976558866832087,4053.8139842613705,2258.0,2258.0,4618.0,7,462.1860157386294
36091062404,412,0.74994209986905,2390.815414382532,1594.0,1594.0,4123.0,7,797.1845856174684
36075021504,138,0.0,0.0,0.0,0.0,0.0,1,0.0
36029015201,30,0.9133288360067663,6053.543525052847,3314.0,3314.0000000000005,6815.0,5,574.4564749471529
36029015202,30,0.9497411205422539,8868.682583623568,4669.0,4669.000000000001,10190.0,5,469.31741637643336
36029015302,30,0.9592499251222709,5233.6675914671105,2728.0,2728.0000000000005,6000.0,5,222.33240853288996
36029015800,30,0.7360002112844329,7934.082277646189,5390.0,5390.000000000001,8449.0,5,2845.9177223538127
36029015900,30,0.9804899853523301,9689.202035251727,4941.0,4941.0,8037.0,5,192.79796474827356
36039080404,323,0.0,0.0,0.0,0.0,0.0,3,0.0
36111950600,323,0.9939084291829496,4454.69757959798,2241.0,2240.9999999999995,5358.0,3,27.302420402019475
36111955300,323,0.9342010046010913,3865.723757039316,2069.0,2068.9999999999995,4133.0,3,272.2762429606838
36063024002,44,0.9890541892916929,3445.864795492258,1742.0,1742.0,3885.0,2,38.13520450774197
36063024101,44,0.9461263973488637,7130.008530421037,3768.0,3768.0,8502.0,2,405.9914695789631
36073401200,55,1.0,6302.0,3151.0,3151.0,6279.0,1,0.0
36113074000,360,1.0,3126.0,1563.0,1563.0,2615.0,1,0.0
36053030601,192,0.0,0.0,0.0,0.0,0.0,4,0.0
36053030701,192,0.0,0.0,0.0,0.0,0.0,4,0.0
36053031000,192,0.9995345537317903,9063.779333239874,4534.0,4534.0,9092.0,4,4.220666760125572
36065025602,192,0.0,0.0,0.0,0.0,0.0,4,0.0
36017970300,190,0.7820034664424413,7616.713763149379,4870.0,4870.0,6059.0,3,2123.2862368506217
36017970400,190,0.8332898290251132,7579.60428481243,4548.0,4548.000000000001,5317.0,3,1516.3957151875707
36017970601,190,0.7506042533854761,7225.316543088593,4813.0,4813.0,7315.0,3,2400.683456911407
36069051501,111,0.0,0.0,0.0,0.0,0.0,1,0.0
36117020104,104,0.0,0.0,0.0,0.0,0.0,6,0.0
36117020106,104,0.0,0.0,0.0,0.0,0.0,6,0.0
36117020201,104,0.9825550918962456,8027.475100792327,4085.0,4085.0000000000005,9207.0,6,142.52489920767363
36117020401,104,0.9890290869689592,5425.81357111171,2743.0,2743.0,4699.0,6,60.18642888829
36117020402,104,0.9780603053029249,8847.533521770258,4523.0,4523.0,8016.0,6,198.46647822974145
36117020500,104,0.9427959822783747,9473.21402993311,5024.0,5024.000000000001,8329.0,6,574.7859700668912
