{"type":"FeatureCollection","name":"nucleo_urbano_referencial_34","features":[{"type":"Feature","properties":{"CUT_REG":"13","CUT_PROV":"131","CUT_COM":"13101","REGION":"Metropolitana de Santiago","PROVINCIA":"Santiago","COMUNA":"Santiago","SUPERFICIE":23.18},"geometry":{"type":"Polygon","coordinates":[[[-70.67173623499997,-33.47589486399994],[-70.67208211599996,-33.47574488999993],[-70.67244276399998,-33.47561932199994],[-70.67259535999995,-33.47550359199994],[-70.67274779399997,-33.47525466099995],[-70.67285243099997,-33.475034971999946],[-70.67287854799997,-33.47488249699995],[-70.67291611899998,-33.473920205999946],[-70.67291272899996,-33.47273460799994],[-70.67291253299999,-33.47266607199998],[-70.67291670599997,-33.47183505199996],[-70.67294339099993,-33.47063205799998],[-70.67517836899998,-33.47063389899995],[-70.67724717699997,-33.47065241799993],[-70.67925300999997,-33.470671048999975],[-70.67976182499996,-33.47067361399996],[-70.67980925099994,-33.47062457699997],[-70.67983887199995,-33.470572499999946],[-70.67984722999995,-33.47052710199995],[-70.67984371099993,-33.470491927999944],[-70.67974069499996,-33.47039071399996],[-70.67918876699997,-33.46954884399997],[-70.67913879899999,-33.46938115699993],[-70.67908799699995,-33.46904724199993],[-70.67893704399995,-33.466553793999935],[-70.67883026499999,-33.46491215899994],[-70.67876429599994,-33.46381607999996],[-70.67867988099994,-33.462720727999965],[-70.67861760499994,-33.46180106099996],[-70.67850559399994,-33.46056242499998],[-70.67840741299995,-33.45914072199997],[-70.67827035399995,-33.45740572099993],[-70.67814710199997,-33.45523773299993],[-70.67802646499996,-33.45382263499994],[-70.67790439999999,-33.451881362999984],[-70.67782889099993,-33.45122529199995],[-70.67783248499995,-33.45098191699998],[-70.67789356599997,-33.450458571999945],[-70.67903116499997,-33.450722319999954],[-70.67909657299998,-33.44965760599996],[-70.67924392999998,-33.44786181599994],[-70.67950140799996,-33.44485776199997],[-70.67957605199996,-33.44384120299998],[-70.67977000099995,-33.443839999999966],[-70.68055411099994,-33.443927920999954],[-70.68367810599995,-33.44407368199995],[-70.68686705699997,-33.44422680899993],[-70.69014021899994,-33.44438797299995],[-70.69203903999994,-33.444474802999935],[-70.69185469299998,-33.442198950999966],[-70.69176781799996,-33.44112644099994],[-70.69171256499999,-33.44013200899997],[-70.69174408599997,-33.43963054599993],[-70.69180923099998,-33.43926787799995],[-70.69103033999994,-33.43916664499994],[-70.68868414099995,-33.43901758599998],[-70.68677036099996,-33.43888952699996],[-70.68649283999997,-33.43886866699995],[-70.68592818999997,-33.43882622499996],[-70.68414714999994,-33.43870812999995],[-70.68423868599996,-33.43761335499994],[-70.68379964499997,-33.437573982999936],[-70.68379762999996,-33.43761695999996],[-70.68372640699994,-33.43761315499995],[-70.68362864099998,-33.43653001299998],[-70.68262844899994,-33.436316913999974],[-70.68087896999998,-33.436029436999945],[-70.68077671599997,-33.43732628499998],[-70.68133016599995,-33.43734428199997],[-70.68132162899997,-33.43746921899998],[-70.68142130399997,-33.43747263999995],[-70.68143191799999,-33.437427070999945],[-70.68192903999994,-33.437466065999956],[-70.68188826999994,-33.43792681799994],[-70.68182273699995,-33.43792293499996],[-70.68176967999995,-33.438565507999954],[-70.68007286799997,-33.438441274999946],[-70.68009255799996,-33.438204294999935],[-70.68026598099993,-33.436117009999975],[-70.68047201099995,-33.43432397699996],[-70.68055270999997,-33.43254152199995],[-70.68063976199994,-33.431031090999966],[-70.68069542099994,-33.43026326399996],[-70.68072797499997,-33.42989527299994],[-70.68068041899994,-33.42941834399994],[-70.68059588799997,-33.428963642999975],[-70.68036891199995,-33.42853799799997],[-70.68022063699993,-33.428280488999974],[-70.67991888299997,-33.42789984199993],[-70.67965534499996,-33.42765709799994],[-70.67934870599998,-33.42741151699994],[-70.67903173199994,-33.42722509599997],[-70.67832370099995,-33.42692728499998],[-70.67792307499997,-33.42675755199997],[-70.67754452399998,-33.426606026999934],[-70.67722995399998,-33.426557542999944],[-70.67686860399994,-33.42656828499997],[-70.67662294299998,-33.42661393999998],[-70.67620737899995,-33.426792347999935],[-70.67593720099995,-33.426958723999974],[-70.67372019699997,-33.42767887599996],[-70.67178644899997,-33.42831489799994],[-70.67178347499998,-33.42801830199994],[-70.67176629799997,-33.42780674699998],[-70.67171354899995,-33.42749330999993],[-70.67157404899996,-33.42695356599995],[-70.67143970499995,-33.42655059799995],[-70.67141426999996,-33.42646412299996],[-70.67136237199998,-33.42628767399998],[-70.67127914199995,-33.42600410399996],[-70.67114631099997,-33.42603843999996],[-70.67069520199993,-33.42615504999998],[-70.67053623399994,-33.42621460299995],[-70.67047168099998,-33.42623878599994],[-70.66978174299999,-33.426497250999944],[-70.66884458699997,-33.42684973099995],[-70.66779728699998,-33.42721063799996],[-70.66649258199993,-33.42767780799994],[-70.66548339199994,-33.42808615299998],[-70.66480713499993,-33.428387321999935],[-70.66423721899997,-33.42859965399998],[-70.66380267199997,-33.42872456899994],[-70.66310970699993,-33.42880925199995],[-70.66258483299998,-33.42886467799997],[-70.66182862699998,-33.42904140899998],[-70.66142910999997,-33.42918548999995],[-70.66104893899995,-33.429350445999944],[-70.66014087799994,-33.42965400299994],[-70.65898767899995,-33.42987720999997],[-70.65856358499997,-33.42997987999996],[-70.65801228399994,-33.43015656199998],[-70.65704237099999,-33.43053273099997],[-70.65652732099994,-33.43080110899996],[-70.65550701699993,-33.43104754999996],[-70.65354945299998,-33.43150698199997],[-70.65160731799995,-33.431931205999945],[-70.65152634899994,-33.43195053399995],[-70.65029947599999,-33.43224340599994],[-70.64941091299994,-33.43242453999994],[-70.64935277499995,-33.43243639099995],[-70.64834325399994,-33.43266371499993],[-70.64653863999996,-33.43311211399998],[-70.64495739299997,-33.43349268299994],[-70.64329404799997,-33.433886507999944],[-70.64236509599993,-33.43408435899994],[-70.64035431399998,-33.43456033899997],[-70.63878394099999,-33.43493436299997],[-70.63670870699997,-33.43540749699997],[-70.63571585399995,-33.43563244699993],[-70.63540099999994,-33.435690782999984],[-70.63537643299998,-33.435695334999934],[-70.63538926699994,-33.43646057799998],[-70.63522012599998,-33.43716637999995],[-70.63501019799997,-33.43792462299996],[-70.63477531699994,-33.43890559499994],[-70.63442924399999,-33.44001491999995],[-70.63392670799993,-33.44176335199995],[-70.63347995299995,-33.443435102999956],[-70.63323348999995,-33.44421709299996],[-70.63284780699996,-33.445424850999984],[-70.63226031199997,-33.447379112999954],[-70.63198500599998,-33.448401359999934],[-70.63163439299996,-33.44958355399996],[-70.63155535899995,-33.449830420999945],[-70.63095332599994,-33.45190645499997],[-70.63056638899997,-33.45321888899997],[-70.63028952699995,-33.454095550999966],[-70.63008295799995,-33.45471418699998],[-70.62978658099996,-33.455696546999945],[-70.62886877599993,-33.458947928999976],[-70.62799070699998,-33.46194318899995],[-70.62761934599996,-33.46328506999998],[-70.62725181899998,-33.464447923999955],[-70.62697580399998,-33.465453314999934],[-70.62681830599996,-33.46594375899997],[-70.62636573599997,-33.467503490999945],[-70.62612689299993,-33.46846109599994],[-70.62604069799994,-33.468724719999955],[-70.62595148299994,-33.46891092499993],[-70.62586747299997,-33.469032450999975],[-70.62563010999997,-33.46923962099993],[-70.62510664599995,-33.46956118299994],[-70.62541296899997,-33.47011900499996],[-70.62589701799993,-33.47080902599998],[-70.62613261299998,-33.47104323899998],[-70.62675098299997,-33.47158704699996],[-70.62780229399993,-33.471977263999975],[-70.62858961699999,-33.47230911099996],[-70.63193404199995,-33.473523426999975],[-70.63504974999995,-33.47474494199997],[-70.63716597399997,-33.47542428899993],[-70.63869997699999,-33.47593562399993],[-70.63946533599994,-33.476143357999945],[-70.64048609199995,-33.47629941599996],[-70.64177892299995,-33.47649651599994],[-70.64197401399997,-33.47652888899995],[-70.64198765099997,-33.47653115199995],[-70.64265987799996,-33.47657041299993],[-70.64487551499997,-33.47669981599995],[-70.64719297299996,-33.476892136999936],[-70.65032084999996,-33.47680137799995],[-70.65376840499994,-33.47654017499997],[-70.65492178599999,-33.47643742499997],[-70.65573974899996,-33.47635912599998],[-70.65675100399994,-33.47626232399995],[-70.65805728899994,-33.47616194699998],[-70.65950116999994,-33.47601755799997],[-70.66049744799994,-33.475902048999956],[-70.66184070099996,-33.475818312999934],[-70.66405672699995,-33.47579762899994],[-70.66539258599994,-33.47582457899995],[-70.66832430499994,-33.47589396799998],[-70.66942266099994,-33.47590511599998],[-70.67158605699996,-33.47590295899994],[-70.67158813099996,-33.47686286399994],[-70.67158579599999,-33.47852001599995],[-70.67368257599998,-33.47850602799997],[-70.67533921399996,-33.47848006199996],[-70.67708985499996,-33.478456379999955],[-70.67878519299995,-33.478444158999935],[-70.68081323199993,-33.47840950799997],[-70.68070176599997,-33.47683980099998],[-70.68068180699998,-33.476510420999944],[-70.67994253999996,-33.47651375299995],[-70.67893446399995,-33.47650594099997],[-70.67798768199998,-33.47657603099998],[-70.67737366399996,-33.47662729399997],[-70.67624699799995,-33.47667117299994],[-70.67559757899994,-33.47665848099996],[-70.67454487499998,-33.476551022999956],[-70.67377425199999,-33.47645406099997],[-70.67291189699995,-33.47647286499995],[-70.67233906099995,-33.47644480599996],[-70.67184446299996,-33.47626536699994],[-70.67173296299995,-33.47624710599996],[-70.67173623499997,-33.47589486399994]]]}},{"type":"Feature","properties":{"CUT_REG":"13","CUT_PROV":"131","CUT_COM":"13102","REGION":"Metropolitana de Santiago","PROVINCIA":"Santiago","COMUNA":"Cerrillos","SUPERFICIE":16.82},"geometry":{"type":"Polygon","coordinates":[[[-70.69537842199998,-33.50199686199994],[-70.69619671599997,-33.50363200199996],[-70.69672121299993,-33.50468993699997],[-70.69712564799994,-33.50550690399996],[-70.69763542899994,-33.50653347799994],[-70.69786562899998,-33.50698792899993],[-70.69830963799996,-33.50790099899996],[-70.69893293199993,-33.50919228799995],[-70.69996625499994,-33.51134187499997],[-70.70028840199996,-33.51204161399994],[-70.70068410899995,-33.512890245999984],[-70.70142915999998,-33.51450332899998],[-70.70171937699996,-33.51513446599995],[-70.70197258699994,-33.51567932399996],[-70.70232680099997,-33.51645159599997],[-70.70258735199997,-33.51701015799995],[-70.70311371399998,-33.518154822999975],[-70.70354402299995,-33.51908383799997],[-70.70402012099999,-33.520185795999964],[-70.70454332299994,-33.52140742199998],[-70.70503477399996,-33.522570308999946],[-70.70539020699994,-33.523401726999964],[-70.70546235399996,-33.52359797599996],[-70.70569095599996,-33.524206281999966],[-70.70584399699999,-33.52492411099996],[-70.70595139099999,-33.52585503399996],[-70.70599394599998,-33.52617475699998],[-70.70601749099995,-33.526720832999956],[-70.70605507799996,-33.52756109199993],[-70.70606742899997,-33.52776928199995],[-70.70609703999997,-33.52836299499995],[-70.70612543599998,-33.52880783599994],[-70.70616159199994,-33.529185730999984],[-70.70616763999993,-33.52938992199995],[-70.70620938999997,-33.52983506099997],[-70.70626593499998,-33.530332718999944],[-70.70638401399998,-33.53141234299994],[-70.70743722199995,-33.53100217799994],[-70.70873762999997,-33.53050183399995],[-70.71054838499998,-33.529839824999954],[-70.71126097899997,-33.52958703199994],[-70.71266638599997,-33.52906427199997],[-70.71367326899997,-33.52867371699995],[-70.71516407599995,-33.528119523999976],[-70.71616836799996,-33.52773944699993],[-70.71685167499999,-33.527481215999956],[-70.71856163199993,-33.52685187399993],[-70.72008949199994,-33.526279672999976],[-70.72171799799997,-33.525674667999965],[-70.72262614299996,-33.52534818399994],[-70.72338657999995,-33.525062109999965],[-70.72496179399997,-33.524481710999964],[-70.72624764699998,-33.52397724299993],[-70.72514705099996,-33.522513645999936],[-70.72405279899994,-33.521204643999965],[-70.72293580199994,-33.519824367999945],[-70.72198809999998,-33.51854014999998],[-70.72124615099995,-33.51757517699997],[-70.72073100099993,-33.51691424999996],[-70.72050830899997,-33.51663698599998],[-70.71942684899994,-33.51524723299997],[-70.71882458599998,-33.51450101299997],[-70.71836475499998,-33.51393474799994],[-70.71923122999993,-33.51327849499995],[-70.71999202799998,-33.51268037199998],[-70.72133526399995,-33.51146869699994],[-70.72308337599998,-33.509848732999956],[-70.72325690099996,-33.50970209999997],[-70.72704206499998,-33.50988527399994],[-70.72852807199996,-33.50992771699998],[-70.72911000099998,-33.50994999999995],[-70.73048440599996,-33.50999058999997],[-70.73207244199995,-33.51000990799997],[-70.73424732399997,-33.51006250599994],[-70.73723601199998,-33.510031595999976],[-70.73861765999999,-33.510070903999974],[-70.73878214799998,-33.51009350999993],[-70.73893678799993,-33.510133708999945],[-70.73933073699999,-33.510089999999934],[-70.73965385199995,-33.51007529499998],[-70.73985428999998,-33.510078627999974],[-70.73878277699998,-33.50772227799996],[-70.73795099699998,-33.50586569899997],[-70.73712036499995,-33.50409793699998],[-70.73669406699997,-33.50316252999994],[-70.73627412799993,-33.502232567999954],[-70.73528288699998,-33.50011138499997],[-70.73499107599997,-33.49944377999998],[-70.73436839999994,-33.49813899399993],[-70.73421591499994,-33.497828615999936],[-70.73379672699997,-33.497077340999965],[-70.73348949799998,-33.49669108399996],[-70.73317164399998,-33.49629199199995],[-70.73279087099996,-33.49586991199993],[-70.73244024399997,-33.495517131999975],[-70.73185260399998,-33.49499776399995],[-70.73147987199997,-33.494716583999946],[-70.73130488899994,-33.48555393699996],[-70.73135400999996,-33.48245530599996],[-70.73100221499993,-33.48248408099994],[-70.73052854899998,-33.48246981999995],[-70.73028999899998,-33.48246999999998],[-70.72963998699998,-33.48253293099998],[-70.72934939299995,-33.48259663799996],[-70.72891035799995,-33.48271311899998],[-70.72853454199998,-33.48278696099993],[-70.72813666499997,-33.48282531899997],[-70.72777579599995,-33.48275578799996],[-70.72736950599995,-33.48254969299995],[-70.72704897799997,-33.48218134299998],[-70.72673176699993,-33.48197996899995],[-70.72636681199998,-33.48188364799995],[-70.72603257199995,-33.481900234999955],[-70.72458399799996,-33.48229997599998],[-70.72454277899993,-33.48195649099995],[-70.72445266899996,-33.48156134599998],[-70.72417942999994,-33.48105012599996],[-70.72387712699998,-33.48071634699994],[-70.72361966399995,-33.48029640799996],[-70.72351756799998,-33.47999360799997],[-70.72305200099999,-33.477691592999975],[-70.72234986499996,-33.47404475099995],[-70.72226415599994,-33.47367014099996],[-70.72214131599998,-33.47339745399995],[-70.72198667399994,-33.47321035999994],[-70.72153546799996,-33.47359518799993],[-70.72081584299997,-33.47420646499995],[-70.72072631599997,-33.47428644799993],[-70.72062798999997,-33.47435342899996],[-70.72043301999997,-33.47450049199995],[-70.72034166799995,-33.474560217999965],[-70.72017608899995,-33.474681818999954],[-70.72007293299998,-33.474770698999976],[-70.71997639099999,-33.474877859999935],[-70.71976796499996,-33.47506447799998],[-70.71961280099998,-33.475208359999954],[-70.71939184099995,-33.47540970799997],[-70.71909129399995,-33.47568946599995],[-70.71871058899995,-33.47601924799994],[-70.71853854799997,-33.47617434099993],[-70.71838612599998,-33.47631365199993],[-70.71822695099996,-33.47639937099996],[-70.71794509799997,-33.476616828999965],[-70.71772145499995,-33.476826321999965],[-70.71751662999998,-33.47697948199993],[-70.71732480099996,-33.47714200499996],[-70.71701157399997,-33.477429091999966],[-70.71674735899995,-33.47767493599997],[-70.71658911999998,-33.47780835999998],[-70.71642247099999,-33.478020639999954],[-70.71630035399994,-33.478181002999975],[-70.71612846999994,-33.47834444199998],[-70.71589274999997,-33.47851950099994],[-70.71563684499995,-33.47868171699997],[-70.71543184699993,-33.47882652399994],[-70.71521847299994,-33.478979798999944],[-70.71485802999996,-33.479255602999956],[-70.71450374699998,-33.479555181999956],[-70.71429561699995,-33.47968571499996],[-70.71407157099998,-33.47980334399995],[-70.71390303299995,-33.479920205999974],[-70.71385089799998,-33.48001994699996],[-70.71379629299997,-33.48013881199995],[-70.71372866599995,-33.480247118999955],[-70.71368818899998,-33.48028824199997],[-70.71359939099995,-33.480333610999935],[-70.71345270799998,-33.48040364199994],[-70.71327527599993,-33.480502729999955],[-70.71311962399994,-33.48062661899996],[-70.71291707699999,-33.48079857499994],[-70.71272078499999,-33.480974480999976],[-70.71262067899994,-33.48109635999998],[-70.71256631999995,-33.48115556899995],[-70.71250995199995,-33.481184980999956],[-70.71241498899997,-33.48120657499993],[-70.71226999999993,-33.481209999999976],[-70.71193287199998,-33.48119653499998],[-70.71176317099997,-33.48118217699994],[-70.71160667799995,-33.48118791799993],[-70.71153441799999,-33.48120561799993],[-70.71147054099998,-33.48128762599998],[-70.71141999999998,-33.481319998999936],[-70.71127541499999,-33.48135593699993],[-70.71107780199998,-33.48129782199993],[-70.71043791999995,-33.481047771999954],[-70.70993956299998,-33.48089955699993],[-70.70960237499997,-33.48083859399998],[-70.70928294699996,-33.48081198299997],[-70.70894220799994,-33.48083004899996],[-70.70815801099997,-33.48094560499993],[-70.70783240299994,-33.48096679599996],[-70.70732989399994,-33.48095785399994],[-70.70673446999996,-33.480880517999935],[-70.70592654199999,-33.480772341999966],[-70.70515036999996,-33.48061361599997],[-70.70433868799995,-33.48045895399997],[-70.70237437199995,-33.48004095999994],[-70.70074836999999,-33.47974117299998],[-70.69954982999997,-33.47945936199994],[-70.69914463899994,-33.47941481199996],[-70.69871195999997,-33.47942074399998],[-70.69852770499995,-33.47938986599996],[-70.69796344299994,-33.47914587099996],[-70.69763539399997,-33.47904180099994],[-70.69697245699996,-33.47892084199998],[-70.69582213899997,-33.47870156499994],[-70.69487273999994,-33.47849145899994],[-70.69363906899997,-33.47823154499997],[-70.69275852999994,-33.478047920999984],[-70.69232845699997,-33.477967897999974],[-70.69221955599994,-33.477949998999975],[-70.69209461199995,-33.47790875599998],[-70.69201234699995,-33.477878816999976],[-70.69186999999994,-33.47782000099994],[-70.69151399999998,-33.47761317699997],[-70.69102494999998,-33.47728198699997],[-70.69078537399997,-33.47712920899994],[-70.69060284899996,-33.477055106999956],[-70.69042721899996,-33.47702815399998],[-70.69004559999996,-33.477038370999935],[-70.68946076199995,-33.477096452999945],[-70.68911709799994,-33.47708181099995],[-70.68876876899998,-33.47700280799995],[-70.68841980099995,-33.47689088599998],[-70.68791216699998,-33.476701667999976],[-70.68742568199997,-33.476545802999965],[-70.68687506899994,-33.476386514999945],[-70.68654141299999,-33.47626775899994],[-70.68644016099995,-33.476367541999934],[-70.68632725199996,-33.476476927999954],[-70.68629299099996,-33.47653084199993],[-70.68613115599999,-33.476760196999976],[-70.68600620999996,-33.476953735999984],[-70.68591153999995,-33.47724039599996],[-70.68589256099995,-33.477318916999934],[-70.68579777599996,-33.47771724599994],[-70.68574829099998,-33.47792598299998],[-70.68564134199994,-33.47828439199998],[-70.68558086599995,-33.47857249599997],[-70.68553665499996,-33.478818383999965],[-70.68550421799995,-33.47908415399996],[-70.68551332299995,-33.47920142399994],[-70.68553337499998,-33.47947220699996],[-70.68569002199996,-33.479947838999976],[-70.68576498699997,-33.48014889399997],[-70.68600000099997,-33.48076999899996],[-70.68617742899994,-33.48121993799998],[-70.68625692199998,-33.48141206199995],[-70.68633396799999,-33.481620454999984],[-70.68657204599998,-33.482224464999945],[-70.68677822499996,-33.48272511499994],[-70.68716110599996,-33.483674322999946],[-70.68773398499997,-33.48516973399995],[-70.68810709699994,-33.486054647999936],[-70.68843938999998,-33.48683131299998],[-70.68893181999994,-33.487994242999946],[-70.68913404999995,-33.48846024699998],[-70.68946713699995,-33.48934126699993],[-70.68973682799998,-33.48994316799997],[-70.69026370899996,-33.491118505999964],[-70.69076924299998,-33.49224975299995],[-70.69085009099996,-33.49245337199994],[-70.69127432499994,-33.49353275599998],[-70.69147099399999,-33.49396612099997],[-70.69182113099998,-33.494727259999934],[-70.69212359699998,-33.495379888999935],[-70.69242275699997,-33.49600870099994],[-70.69272427699997,-33.49664881299998],[-70.69291433099994,-33.49704886099994],[-70.69311710299996,-33.49748034999993],[-70.69334068999996,-33.497956888999965],[-70.69354098199994,-33.498370514999976],[-70.69371249399995,-33.49873204199997],[-70.69384989299994,-33.499023646999945],[-70.69404895599996,-33.499410445999956],[-70.69423765999994,-33.499777105999954],[-70.69434126399995,-33.499978501999976],[-70.69448176499998,-33.50025003799993],[-70.69453301599998,-33.500355259999935],[-70.69495981199998,-33.501174394999964],[-70.69533668399998,-33.50191582999997],[-70.69537842199998,-33.50199686199994]]]}},{"type":"Feature","properties":{"CUT_REG":"13","CUT_PROV":"131","CUT_COM":"13103","REGION":"Metropolitana de Santiago","PROVINCIA":"Santiago","COMUNA":"Cerro Navia","SUPERFICIE":11.05},"geometry":{"type":"Polygon","coordinates":[[[-70.72240769499996,-33.41167798399994],[-70.72218561999995,-33.41190657699997],[-70.72196670299996,-33.41212207099994],[-70.72177297399998,-33.412238575999936],[-70.72139039699994,-33.41241334399996],[-70.72088158599996,-33.41261009699997],[-70.72046865599998,-33.41277516699995],[-70.72001692699996,-33.41296100699998],[-70.71952318499996,-33.41315754499993],[-70.71921572599996,-33.41331861899994],[-70.71890881399997,-33.41350750699996],[-70.71866456899994,-33.41366264499993],[-70.71813159699997,-33.41401147499994],[-70.71766978799997,-33.41429861499995],[-70.71732718599998,-33.41451328499994],[-70.71689739299995,-33.414741807999974],[-70.71638544399997,-33.41493352699996],[-70.71585609799996,-33.41516089399994],[-70.71618535099998,-33.41564700899994],[-70.71649606999995,-33.41611061499998],[-70.71661422799997,-33.416291083999965],[-70.71668389599995,-33.416459577999944],[-70.71676796399998,-33.416746745999944],[-70.71692331499997,-33.41743760299994],[-70.71718979799994,-33.41856447699996],[-70.71746456099999,-33.41980505099997],[-70.71778645499995,-33.42114108099997],[-70.71807897899998,-33.422363701999984],[-70.71828182499996,-33.42316771299994],[-70.71845559299999,-33.42387348799997],[-70.71856394799994,-33.42416790499993],[-70.71894391899997,-33.42554106399996],[-70.71926104999994,-33.42678610299998],[-70.71973732499998,-33.428605594999965],[-70.71999229399995,-33.429603628999985],[-70.72024998599994,-33.430586449999964],[-70.72051529199996,-33.43180185199998],[-70.72068531299993,-33.432621488999985],[-70.72084850799996,-33.433400751999955],[-70.72101402199996,-33.43414457399996],[-70.72129124499997,-33.43550397299998],[-70.72153307499997,-33.43659829499995],[-70.72162744499997,-33.436965973999975],[-70.72176821899996,-33.43732606699996],[-70.72188070399994,-33.43760724699996],[-70.72210992299995,-33.438176442999975],[-70.72233665299996,-33.43877004299998],[-70.72245933499994,-33.438792242999966],[-70.72277599699999,-33.43879129099997],[-70.72301214099997,-33.438774216999946],[-70.72327881499996,-33.43874120199996],[-70.72353082599994,-33.438694597999984],[-70.72374018599999,-33.43857100499997],[-70.72385463899997,-33.43843149099996],[-70.72397142999995,-33.43820229399995],[-70.72407118399997,-33.43804746799998],[-70.72413040299995,-33.43792251399998],[-70.72417406099999,-33.43784260099994],[-70.72424622799997,-33.43774849899995],[-70.72431729299996,-33.437702685999966],[-70.72468983999994,-33.43761647499997],[-70.72523442299996,-33.437495110999976],[-70.72597841199996,-33.43737096999996],[-70.72653600899997,-33.437283900999944],[-70.72675131699998,-33.43725331799993],[-70.72703350899997,-33.43717352999994],[-70.72730919099996,-33.43707659199998],[-70.72748256299997,-33.43700521499994],[-70.72777369999994,-33.43685806299993],[-70.72788358199995,-33.43679963899996],[-70.72809748799995,-33.43669838699998],[-70.72837279099997,-33.43658248799994],[-70.72857463499997,-33.43649519599995],[-70.72870702699998,-33.43643128499997],[-70.72883157199993,-33.43638644699996],[-70.72899561999998,-33.436363470999936],[-70.72911057099998,-33.43635324799993],[-70.72975912199996,-33.43629075699994],[-70.73032407199997,-33.43626390899993],[-70.73095768199994,-33.436277476999976],[-70.73170463099996,-33.43630325199996],[-70.73240823799995,-33.43632100699995],[-70.73271090999998,-33.43634091399997],[-70.73301327399997,-33.43634530799994],[-70.73379544499994,-33.43638436999993],[-70.73416181099998,-33.436401658999955],[-70.73459796799995,-33.436412797999935],[-70.73507900899995,-33.43640606699995],[-70.73586230999996,-33.43639855099997],[-70.73647292999993,-33.43639344799993],[-70.73757719799994,-33.43639521799997],[-70.73869993399995,-33.436394993999954],[-70.73952626599998,-33.43637995599994],[-70.73973624599995,-33.43638239699993],[-70.73992939399994,-33.43638464299994],[-70.74045781799998,-33.43638239899997],[-70.74088335699997,-33.43639265599995],[-70.74088563799995,-33.43502485299996],[-70.74087570399996,-33.43417033099996],[-70.74085765599995,-33.43305296099993],[-70.74084058599993,-33.432141254999976],[-70.74083863899995,-33.43170177299993],[-70.74083057399997,-33.43155442899996],[-70.74082224899996,-33.431052043999955],[-70.74080410499994,-33.42988695499997],[-70.74133208999996,-33.42990674199996],[-70.74161885499996,-33.42990271499997],[-70.74288645699994,-33.42993787399996],[-70.74414500999995,-33.42994737899994],[-70.74440469199999,-33.42995517899993],[-70.74567180799994,-33.429965978999974],[-70.74659449599994,-33.43000022899997],[-70.74682546299994,-33.42993827899994],[-70.74705999999998,-33.429889998999954],[-70.74833576099996,-33.429644983999935],[-70.74898012799997,-33.42950848199996],[-70.74938760599997,-33.429393930999936],[-70.74967264399999,-33.42930401099994],[-70.74986816299997,-33.42926259899997],[-70.75001620499995,-33.42923760299993],[-70.75055693399997,-33.42912689399998],[-70.75083482599996,-33.42902132499995],[-70.75131041299994,-33.42881274999996],[-70.75175385399996,-33.42861894299995],[-70.75198007599994,-33.42849119599998],[-70.75218749299995,-33.428362281999966],[-70.75240213899997,-33.428253308999956],[-70.75253452799996,-33.42821421499997],[-70.75294496799995,-33.42816260199993],[-70.75354799699994,-33.42809394699998],[-70.75439953899996,-33.42798741499996],[-70.75451526199998,-33.42796859799995],[-70.75473733599995,-33.42788957999994],[-70.75504973799997,-33.42771765899994],[-70.75524221899997,-33.427610425999944],[-70.75538586299996,-33.42753681099998],[-70.75555050699995,-33.42748866799997],[-70.75583304099996,-33.427444582999954],[-70.75613270099996,-33.42740311699998],[-70.75673227899995,-33.42733306399998],[-70.75701527299998,-33.42731187499993],[-70.75761504699994,-33.42733630299995],[-70.75903495499995,-33.42739061299994],[-70.75998544599997,-33.42745013899997],[-70.76046669499993,-33.427523477999955],[-70.76103594799997,-33.42764280899996],[-70.76127939299994,-33.42769232099994],[-70.76159232899994,-33.427716508999936],[-70.76187396299997,-33.42771250699997],[-70.76273182399996,-33.42766595599994],[-70.76290389999997,-33.427647761999935],[-70.76303142299997,-33.42762161199994],[-70.76333816599998,-33.42750844699998],[-70.76394904499995,-33.427237771999955],[-70.76480258099997,-33.42689349099993],[-70.76527207299995,-33.426639137999985],[-70.76591117299995,-33.426291352999954],[-70.76639739099994,-33.42602741999997],[-70.76676961399994,-33.425845927999944],[-70.76710917899999,-33.42576511899995],[-70.76730744499997,-33.42583449099993],[-70.76755249399997,-33.42613163799996],[-70.76778914699997,-33.42629528699996],[-70.76803418099996,-33.42631088199994],[-70.76826917099999,-33.42611187699998],[-70.76846326999998,-33.425860960999955],[-70.76866913399994,-33.42562896599998],[-70.76891772599998,-33.42553952299994],[-70.76944008599997,-33.425479577999965],[-70.76989966799994,-33.42541098199996],[-70.77059125599999,-33.425277034999965],[-70.77125930799997,-33.42510524499994],[-70.77168392199997,-33.42507174599996],[-70.77177975999996,-33.42506418499994],[-70.77199795599995,-33.42504697099997],[-70.77219023799995,-33.42504225599998],[-70.77259185199995,-33.424951601999965],[-70.77281256899994,-33.42480626899993],[-70.77313541199999,-33.42442369099996],[-70.77364022799998,-33.42429871699994],[-70.77407342299995,-33.42402904399995],[-70.77417218199997,-33.42388970299993],[-70.77424022799994,-33.42379369699995],[-70.77440271099994,-33.423346006999964],[-70.77447937899996,-33.42309824599994],[-70.77467235999995,-33.42294474499994],[-70.77502165899995,-33.42284382099996],[-70.77558543499998,-33.422842601999946],[-70.77594738199997,-33.42280486899995],[-70.77634125299994,-33.42258448499996],[-70.77656819199996,-33.42237086999995],[-70.77680296599993,-33.42220518299996],[-70.77694591799997,-33.42191688499997],[-70.77713599599997,-33.421470359999944],[-70.77725488599998,-33.420881691999966],[-70.77734382199998,-33.42049865299998],[-70.77745332499995,-33.42028711299997],[-70.77772036899995,-33.41998741799995],[-70.77826563699995,-33.41983683099994],[-70.77865997599997,-33.41964029299993],[-70.77897155299996,-33.41929223599993],[-70.77922015899998,-33.41892599299996],[-70.77958186099994,-33.41852472199997],[-70.77967409399997,-33.418303883999954],[-70.77995614699995,-33.41790375499994],[-70.78016472899998,-33.41752854099997],[-70.78041036299999,-33.417295955999975],[-70.78057290499999,-33.41717432099995],[-70.78071288499996,-33.41706255399998],[-70.78100050399996,-33.416922790999934],[-70.78123590899997,-33.416858995999974],[-70.78158048999995,-33.41673474499993],[-70.78193732399995,-33.41665326499998],[-70.78213662699994,-33.41665994599998],[-70.78214872099994,-33.41641639699998],[-70.78216023099998,-33.416144223999936],[-70.78216793999997,-33.41568599599998],[-70.78219515099994,-33.415346788999955],[-70.78221986299997,-33.414606764999974],[-70.78227135999998,-33.413785229999974],[-70.78227139199998,-33.41378451999998],[-70.78186179899996,-33.413777324999955],[-70.78125167799993,-33.41375969599994],[-70.78094134899999,-33.413783224999975],[-70.78076854999995,-33.413796325999954],[-70.78012152299993,-33.41389799099994],[-70.77949234199997,-33.41391031899997],[-70.77895667299998,-33.41387841399995],[-70.77855132599996,-33.41387102999994],[-70.77826379299995,-33.413844352999945],[-70.77799491799993,-33.41378663199998],[-70.77777360499994,-33.41373701799995],[-70.77737877999994,-33.41366679699996],[-70.77705343599996,-33.413634712999965],[-70.77660559999998,-33.41356240399995],[-70.77623537999995,-33.41354131399993],[-70.77585023499995,-33.41356002599997],[-70.77539876899993,-33.413606078999976],[-70.77499503299998,-33.41367784099998],[-70.77453657199999,-33.41376687999997],[-70.77407165299996,-33.41392529199993],[-70.77359234299996,-33.414149890999965],[-70.77330298999993,-33.41423650699994],[-70.77290738299996,-33.41432134299998],[-70.77272808099997,-33.414403085999936],[-70.77257583999994,-33.41446134699993],[-70.77235620399995,-33.414494177999984],[-70.77210530599996,-33.41453735299996],[-70.77184234099997,-33.41456750399993],[-70.77170015099995,-33.41458552599994],[-70.77122928499995,-33.41459935499995],[-70.77081959899994,-33.41457221299993],[-70.77007854899995,-33.41450031299996],[-70.76942002299995,-33.41442393199998],[-70.76877696299994,-33.41433412999993],[-70.76756756299994,-33.41405774699996],[-70.76651661899996,-33.41383518099997],[-70.76585629799996,-33.413669728999935],[-70.76523610799995,-33.41354329199993],[-70.76471018199999,-33.413428255999975],[-70.76427981999996,-33.413338315999965],[-70.76362424899997,-33.41320661499998],[-70.76284588699997,-33.41303952599998],[-70.76209139099996,-33.41288528899997],[-70.76149787499998,-33.412715565999974],[-70.76108246799998,-33.41259939599996],[-70.76081037399996,-33.412566967999965],[-70.76044342699998,-33.41251279199997],[-70.75996716099996,-33.41249975599993],[-70.75932631699999,-33.41251874599993],[-70.75870940199997,-33.41255388899998],[-70.75768820599995,-33.41263434799998],[-70.75674612899996,-33.41273677299995],[-70.75617693499998,-33.412797619999935],[-70.75545329899995,-33.412807864999934],[-70.75520447099996,-33.41275859999996],[-70.75480133399998,-33.412665328999935],[-70.75444625399996,-33.412614265999935],[-70.75392933399996,-33.412535798999954],[-70.75336009399996,-33.41239868399998],[-70.75299446699995,-33.41232536399997],[-70.75254401799998,-33.41231124299998],[-70.75195409999998,-33.41231957799994],[-70.75124639599994,-33.41233946999995],[-70.75093648899997,-33.41226576099996],[-70.75068962099994,-33.41223515799993],[-70.75027201899996,-33.41220583499995],[-70.74999994699994,-33.412209925999946],[-70.74936433699997,-33.41225715699994],[-70.74860263099998,-33.41233058199998],[-70.74758962099997,-33.412427338999976],[-70.74689569399999,-33.41254598799998],[-70.74643647899995,-33.41259864299997],[-70.74591334899998,-33.41260270899994],[-70.74539590599994,-33.41249781999994],[-70.74454364799993,-33.412371244999974],[-70.74399120799995,-33.412286636999966],[-70.74351847999998,-33.41225369399996],[-70.74286622799997,-33.41229255299993],[-70.74240288099998,-33.412335353999936],[-70.74190433599995,-33.41238854599993],[-70.74101132299995,-33.412387886999966],[-70.74024815899998,-33.41238869999995],[-70.73919671599998,-33.41233416599994],[-70.73798789399996,-33.412278528999934],[-70.73721994399995,-33.41223649999995],[-70.73605812099999,-33.41217028899996],[-70.73528269999997,-33.41214814799997],[-70.73429294099998,-33.41222797499995],[-70.73300906899993,-33.41235479399995],[-70.73201937099998,-33.412437900999976],[-70.73120343499994,-33.41255486699998],[-70.73043173899998,-33.41272069699994],[-70.72976268699995,-33.41290488699997],[-70.72898501599997,-33.41316646799993],[-70.72840349099994,-33.41334340399993],[-70.72784597099997,-33.413456173999975],[-70.72716996999998,-33.41348868399996],[-70.72681542199996,-33.41346392799994],[-70.72633725699995,-33.413355112999966],[-70.72550869299994,-33.41303342499998],[-70.72419510999998,-33.41245453999994],[-70.72352374599996,-33.412124054999936],[-70.72240769499996,-33.41167798399994]]]}},{"type":"Feature","properties":{"CUT_REG":"13","CUT_PROV":"131","CUT_COM":"13104","REGION":"Metropolitana de Santiago","PROVINCIA":"Santiago","COMUNA":"Conchalí","SUPERFICIE":10.94},"geometry":{"type":"Polygon","coordinates":[[[-70.65819997799997,-33.399677914999984],[-70.65982277799998,-33.39946685299998],[-70.66105544599998,-33.399366087999965],[-70.66648552899994,-33.39895290599998],[-70.66677816599997,-33.39895320399995],[-70.66804093199994,-33.399075522999965],[-70.66815491699998,-33.39911595899997],[-70.66763658699995,-33.39957813999996],[-70.67030010299999,-33.39975539399995],[-70.67210372999995,-33.39986962199998],[-70.67218451599996,-33.39970752299996],[-70.67261112799997,-33.39985445399998],[-70.67354920099996,-33.40020470999997],[-70.67474438599999,-33.40063804199997],[-70.67559626499997,-33.40094341699995],[-70.67692856599996,-33.40142511099998],[-70.67815798699996,-33.40187763299997],[-70.67903683199995,-33.40219458299998],[-70.67993994599993,-33.40248170799998],[-70.68080127199994,-33.40272481799997],[-70.68187285799996,-33.403030892999936],[-70.68248778299994,-33.40203717899993],[-70.68305694899993,-33.401071402999946],[-70.68385524699994,-33.39972916299996],[-70.68462712599995,-33.39845018699998],[-70.68538426899994,-33.39719726399994],[-70.68633510099994,-33.39560482299993],[-70.68664999999999,-33.39509999999996],[-70.68751490699998,-33.39364746399997],[-70.68793729599997,-33.39293453999994],[-70.68876126199996,-33.39155348099996],[-70.68889428799997,-33.391383564999956],[-70.68928005199996,-33.39064902399997],[-70.69024912999998,-33.38848180799994],[-70.69093781699996,-33.38692381599998],[-70.69168639399999,-33.38526210799995],[-70.69183390599994,-33.38493465899995],[-70.69249997899993,-33.38347296799998],[-70.69343373899994,-33.381411181999965],[-70.69348738199994,-33.381292207999934],[-70.69415205999996,-33.37981798499993],[-70.69496072399994,-33.37799783699995],[-70.69567684299994,-33.37636571099995],[-70.69656572299994,-33.37437320199996],[-70.69749961899998,-33.37231247999995],[-70.69810304299995,-33.37099860699993],[-70.69852329999998,-33.37004784299995],[-70.69918081899993,-33.36860297499993],[-70.70018744799995,-33.36637140299996],[-70.70025777899997,-33.366192970999975],[-70.69993739999995,-33.36610535099993],[-70.69946708499998,-33.36601947899993],[-70.69874854399995,-33.36595671199996],[-70.69733189799996,-33.36587967899993],[-70.69674593599996,-33.36586820699995],[-70.69454059799995,-33.36586718899997],[-70.69206483099998,-33.36599422599994],[-70.69104686099996,-33.36607043099997],[-70.68994620299998,-33.36614727899996],[-70.68889325999999,-33.366227640999966],[-70.68776324499999,-33.36630964799997],[-70.68486704499998,-33.36652817499993],[-70.68393110399995,-33.366607115999955],[-70.68318935199994,-33.36670616799995],[-70.68227328299997,-33.36689188399998],[-70.68120547899997,-33.36723824199993],[-70.67780470199995,-33.36851469499993],[-70.67620139599995,-33.36911309699997],[-70.67372018799995,-33.37005519799993],[-70.67243771999995,-33.370560472999955],[-70.67189736999995,-33.37077275199994],[-70.67122026199996,-33.37103538799994],[-70.66862587599996,-33.37195837499996],[-70.66554909699994,-33.373099846999935],[-70.66451874699999,-33.373493716999974],[-70.66263723699996,-33.374201221999954],[-70.66091673599993,-33.37485069299993],[-70.66011232999995,-33.37516354899998],[-70.65898501199996,-33.37558304099997],[-70.65794712399997,-33.37597218199994],[-70.65676033499994,-33.376408942999944],[-70.65713087299997,-33.37706224799996],[-70.65725884499994,-33.37728022899995],[-70.65759433999995,-33.37794049599995],[-70.65769459699999,-33.37820487499994],[-70.65773543499995,-33.37843912099993],[-70.65773313799997,-33.378904182999975],[-70.65764870199996,-33.380640030999984],[-70.65760348899994,-33.38156687199995],[-70.65752906799997,-33.383107725999935],[-70.65733682099994,-33.38434420799996],[-70.65725264199995,-33.38494501799994],[-70.65721244799994,-33.38522485699997],[-70.65715657999993,-33.38624976299997],[-70.65714882899994,-33.386365222999984],[-70.65717574599995,-33.386779496999964],[-70.65723835399996,-33.38729249499994],[-70.65742459799998,-33.38864229799998],[-70.65741569099998,-33.38954830299997],[-70.65735491899994,-33.39044015099995],[-70.65730391799997,-33.39116698399994],[-70.65722017799999,-33.39194546599998],[-70.65720445399995,-33.39294516899997],[-70.65723311099998,-33.393185623999955],[-70.65726657699997,-33.393315376999965],[-70.65741495599997,-33.393926765999936],[-70.65748607699999,-33.39422407699993],[-70.65754422599997,-33.39456327099998],[-70.65761803999999,-33.395076158999984],[-70.65766999999994,-33.39560999899993],[-70.65774999999996,-33.39647999999994],[-70.65775935399995,-33.39743323499994],[-70.65779585799999,-33.39792870599996],[-70.65788443699995,-33.398509743999966],[-70.65819997799997,-33.399677914999984]]]}},{"type":"Feature","properties":{"CUT_REG":"13","CUT_PROV":"131","CUT_COM":"13105","REGION":"Metropolitana de Santiago","PROVINCIA":"Santiago","COMUNA":"El Bosque","SUPERFICIE":14.25},"geometry":{"type":"Polygon","coordinates":[[[-70.68540430399997,-33.539130402999945],[-70.68475919899998,-33.539355214999944],[-70.68335343599995,-33.53985917999995],[-70.68112999999994,-33.540689999999984],[-70.68098999899996,-33.54073999999997],[-70.68057822299994,-33.54089090699995],[-70.67952203199997,-33.54127722399994],[-70.67778643199995,-33.54190871999998],[-70.67726707099996,-33.542104731999984],[-70.67666596999999,-33.542317596999965],[-70.67560162399997,-33.54271138799993],[-70.67494631699998,-33.54295074699996],[-70.67345351599994,-33.543502058999934],[-70.67135580299998,-33.54427055699995],[-70.66830263299994,-33.54541174199994],[-70.66813851999996,-33.54562561299997],[-70.66678194199994,-33.54638374399997],[-70.66665098699997,-33.54641986599995],[-70.66557842699996,-33.546568874999934],[-70.66474323499995,-33.546703228999945],[-70.66405823899998,-33.546824105999974],[-70.66312941499996,-33.54697975199997],[-70.66157315199996,-33.54722684799998],[-70.66045868799995,-33.54742075499996],[-70.65913278199997,-33.547644687999934],[-70.65813501399998,-33.54780217399997],[-70.65679711299998,-33.54802528899995],[-70.65684807399998,-33.54822027999995],[-70.65575993599998,-33.548384607999935],[-70.65467438199994,-33.54857342599996],[-70.65349877799997,-33.548760484999946],[-70.65355283099996,-33.54893576799998],[-70.65384496899998,-33.54996583199994],[-70.65412999999995,-33.55115999999998],[-70.65415455299996,-33.55141569399996],[-70.65449182699996,-33.552839450999954],[-70.65495069799994,-33.55496923499993],[-70.65536501099996,-33.55670606599995],[-70.65580872499999,-33.558179173999974],[-70.65621245799997,-33.55986961499997],[-70.65650356599997,-33.56105722899997],[-70.65679569099996,-33.56230462899998],[-70.65714525799996,-33.563576772999966],[-70.65738967099998,-33.564465043999974],[-70.65764126299996,-33.56537075399996],[-70.65812247099996,-33.56710516099997],[-70.65828599199995,-33.567697092999936],[-70.65846051299997,-33.568327530999966],[-70.65859622999994,-33.56880673699993],[-70.65871747699998,-33.56924461899996],[-70.65883076399996,-33.56962391199994],[-70.65889898099994,-33.56988212099998],[-70.65933374499997,-33.571421010999984],[-70.65946789899994,-33.57190739499998],[-70.65968089199998,-33.57267045599997],[-70.65984877099999,-33.57322080899996],[-70.66001299699997,-33.57366956699997],[-70.66017677899998,-33.57391647099996],[-70.66034209399999,-33.574511238999946],[-70.66050980599994,-33.575141763999966],[-70.66067341599995,-33.575736553999945],[-70.66074666299994,-33.575988966999944],[-70.66084265099994,-33.57635703699998],[-70.66100146499997,-33.57696906999996],[-70.66124337999997,-33.577811908999934],[-70.66136999999998,-33.57832999999994],[-70.66153535499996,-33.57894612599995],[-70.66164938199995,-33.579362626999966],[-70.66189745599996,-33.58025835099994],[-70.66218895499998,-33.58136680299998],[-70.66236891299997,-33.58201004499995],[-70.66260553499995,-33.58284292999997],[-70.66277402399999,-33.58351209399996],[-70.66290286999998,-33.58398709099998],[-70.66303408599998,-33.58449641499993],[-70.66323756299994,-33.58519718699995],[-70.66367999999994,-33.58511999999996],[-70.66539999999998,-33.584769999999935],[-70.66721295099995,-33.58441583399997],[-70.66835790599998,-33.58418279399996],[-70.67132421699995,-33.58358013299994],[-70.67468060899995,-33.58289624599996],[-70.67675599299997,-33.58248589599998],[-70.67829884299994,-33.58186942499998],[-70.68085460699996,-33.58083116999995],[-70.68337038899995,-33.57986062699996],[-70.68521999999996,-33.57911999899994],[-70.68578000099996,-33.578889999999944],[-70.68621999899995,-33.578719999999976],[-70.68695999899995,-33.578439999999944],[-70.68922368299997,-33.577529468999955],[-70.69020154199995,-33.57715534899995],[-70.69110669799994,-33.57679557599994],[-70.69170424999999,-33.576565984999945],[-70.69331532399997,-33.57592167499996],[-70.69466688499995,-33.57541833199997],[-70.69628023099995,-33.57477586099998],[-70.69790745499995,-33.57414463099997],[-70.70080373299999,-33.57299392599998],[-70.70051011699996,-33.572324150999975],[-70.69988657499994,-33.57099273299997],[-70.69927829999995,-33.56962483299998],[-70.69900630899997,-33.569010111999944],[-70.69871765099998,-33.56841005499996],[-70.69824252599994,-33.56732589199993],[-70.69790470199996,-33.56659471499995],[-70.69720308499996,-33.56504149699998],[-70.69682691199995,-33.56424256699995],[-70.69672709499997,-33.56402084299998],[-70.69671614299995,-33.56397088699998],[-70.69673209499996,-33.563912210999945],[-70.69675260199995,-33.56386778799998],[-70.69681876799996,-33.56382631799994],[-70.69690081599998,-33.563795367999944],[-70.69696298799994,-33.56376826999997],[-70.69701805999995,-33.56374246099995],[-70.69706145399994,-33.56370249699995],[-70.69710470899997,-33.56365537599993],[-70.69711636399995,-33.56359556599995],[-70.69710008699997,-33.56349199699997],[-70.69704254399994,-33.56324583299994],[-70.69688708099994,-33.56258345799995],[-70.69661395099996,-33.561296365999965],[-70.69585616899997,-33.55762723099997],[-70.69557636399998,-33.55631620799994],[-70.69557235499997,-33.556111053999985],[-70.69557072799995,-33.55600166599993],[-70.69554396199999,-33.55593423999994],[-70.69548291999996,-33.55588858899995],[-70.69543157299995,-33.55586638699998],[-70.69530187499998,-33.55585814199998],[-70.69333162299995,-33.556112663999954],[-70.69321832099996,-33.55612836299997],[-70.69312000099995,-33.55613999999997],[-70.69306477799995,-33.55608923999995],[-70.69303395599997,-33.55602857899993],[-70.69269536999997,-33.55526777299997],[-70.69071197099998,-33.55094276999995],[-70.69048999999995,-33.55040999999994],[-70.69007999899998,-33.54952999999995],[-70.68950890899998,-33.54828908899998],[-70.68935524399996,-33.54795980899996],[-70.68923717499996,-33.54770680599995],[-70.68901171999994,-33.54722368399996],[-70.68880870699996,-33.54678865799997],[-70.68845288699998,-33.54601080899994],[-70.68807748399996,-33.54517849999996],[-70.68713999999994,-33.54309999999998],[-70.68619182199996,-33.541116716999966],[-70.68622739199998,-33.54060084899993],[-70.68600889599998,-33.54026596299997],[-70.68569181899994,-33.539667090999956],[-70.68540430399997,-33.539130402999945]]]}},{"type":"Feature","properties":{"CUT_REG":"13","CUT_PROV":"131","CUT_COM":"13106","REGION":"Metropolitana de Santiago","PROVINCIA":"Santiago","COMUNA":"Estación Central","SUPERFICIE":14.38},"geometry":{"type":"Polygon","coordinates":[[[-70.69203903999994,-33.444474802999935],[-70.69014021899994,-33.44438797299995],[-70.68686705699997,-33.44422680899993],[-70.68367810599995,-33.44407368199995],[-70.68055411099994,-33.443927920999954],[-70.67977000099995,-33.443839999999966],[-70.67957605199996,-33.44384120299998],[-70.67950140799996,-33.44485776199997],[-70.67924392999998,-33.44786181599994],[-70.67909657299998,-33.44965760599996],[-70.67903116499997,-33.450722319999954],[-70.67789356599997,-33.450458571999945],[-70.67783248499995,-33.45098191699998],[-70.67782889099993,-33.45122529199995],[-70.67790439999999,-33.451881362999984],[-70.67802646499996,-33.45382263499994],[-70.67814710199997,-33.45523773299993],[-70.67827035399995,-33.45740572099993],[-70.67840741299995,-33.45914072199997],[-70.67850559399994,-33.46056242499998],[-70.67861760499994,-33.46180106099996],[-70.67867988099994,-33.462720727999965],[-70.67876429599994,-33.46381607999996],[-70.67883026499999,-33.46491215899994],[-70.67893704399995,-33.466553793999935],[-70.67908799699995,-33.46904724199993],[-70.67913879899999,-33.46938115699993],[-70.67918876699997,-33.46954884399997],[-70.67974069499996,-33.47039071399996],[-70.67984371099993,-33.470491927999944],[-70.67984722999995,-33.47052710199995],[-70.67983887199995,-33.470572499999946],[-70.67980925099994,-33.47062457699997],[-70.67976182499996,-33.47067361399996],[-70.67925300999997,-33.470671048999975],[-70.67724717699997,-33.47065241799993],[-70.67517836899998,-33.47063389899995],[-70.67294339099993,-33.47063205799998],[-70.67291670599997,-33.47183505199996],[-70.67291253299999,-33.47266607199998],[-70.67291272899996,-33.47273460799994],[-70.67291611899998,-33.473920205999946],[-70.67287854799997,-33.47488249699995],[-70.67285243099997,-33.475034971999946],[-70.67274779399997,-33.47525466099995],[-70.67259535999995,-33.47550359199994],[-70.67244276399998,-33.47561932199994],[-70.67208211599996,-33.47574488999993],[-70.67173623499997,-33.47589486399994],[-70.67173296299995,-33.47624710599996],[-70.67184446299996,-33.47626536699994],[-70.67233906099995,-33.47644480599996],[-70.67291189699995,-33.47647286499995],[-70.67377425199999,-33.47645406099997],[-70.67454487499998,-33.476551022999956],[-70.67559757899994,-33.47665848099996],[-70.67624699799995,-33.47667117299994],[-70.67737366399996,-33.47662729399997],[-70.67798768199998,-33.47657603099998],[-70.67893446399995,-33.47650594099997],[-70.67994253999996,-33.47651375299995],[-70.68068180699998,-33.476510420999944],[-70.68070360899998,-33.47651032299996],[-70.68292626799996,-33.47647671499993],[-70.68330501599996,-33.47640643099993],[-70.68381266199998,-33.47628786599995],[-70.68458373699997,-33.47605476699994],[-70.68489456799995,-33.47600615999994],[-70.68540403099996,-33.47602571699997],[-70.68585118999994,-33.476091931999974],[-70.68624495199998,-33.47617963099998],[-70.68642179399995,-33.47622518399993],[-70.68654141299999,-33.47626775899994],[-70.68687506899994,-33.476386514999945],[-70.68742568199997,-33.476545802999965],[-70.68791216699998,-33.476701667999976],[-70.68841980099995,-33.47689088599998],[-70.68876876899998,-33.47700280799995],[-70.68911709799994,-33.47708181099995],[-70.68946076199995,-33.477096452999945],[-70.69004559999996,-33.477038370999935],[-70.69042721899996,-33.47702815399998],[-70.69060284899996,-33.477055106999956],[-70.69078537399997,-33.47712920899994],[-70.69102494999998,-33.47728198699997],[-70.69151399999998,-33.47761317699997],[-70.69186999999994,-33.47782000099994],[-70.69201234699995,-33.477878816999976],[-70.69209461199995,-33.47790875599998],[-70.69221955599994,-33.477949998999975],[-70.69232845699997,-33.477967897999974],[-70.69275852999994,-33.478047920999984],[-70.69363906899997,-33.47823154499997],[-70.69487273999994,-33.47849145899994],[-70.69582213899997,-33.47870156499994],[-70.69697245699996,-33.47892084199998],[-70.69763539399997,-33.47904180099994],[-70.69796344299994,-33.47914587099996],[-70.69852770499995,-33.47938986599996],[-70.69871195999997,-33.47942074399998],[-70.69914463899994,-33.47941481199996],[-70.69954982999997,-33.47945936199994],[-70.70074836999999,-33.47974117299998],[-70.70237437199995,-33.48004095999994],[-70.70433868799995,-33.48045895399997],[-70.70515036999996,-33.48061361599997],[-70.70592654199999,-33.480772341999966],[-70.70673446999996,-33.480880517999935],[-70.70732989399994,-33.48095785399994],[-70.70783240299994,-33.48096679599996],[-70.70815801099997,-33.48094560499993],[-70.70894220799994,-33.48083004899996],[-70.70928294699996,-33.48081198299997],[-70.70960237499997,-33.48083859399998],[-70.70993956299998,-33.48089955699993],[-70.71043791999995,-33.481047771999954],[-70.71107780199998,-33.48129782199993],[-70.71127541499999,-33.48135593699993],[-70.71141999999998,-33.481319998999936],[-70.71147054099998,-33.48128762599998],[-70.71153441799999,-33.48120561799993],[-70.71160667799995,-33.48118791799993],[-70.71176317099997,-33.48118217699994],[-70.71193287199998,-33.48119653499998],[-70.71226999999993,-33.481209999999976],[-70.71241498899997,-33.48120657499993],[-70.71250995199995,-33.481184980999956],[-70.71256631999995,-33.48115556899995],[-70.71262067899994,-33.48109635999998],[-70.71272078499999,-33.480974480999976],[-70.71291707699999,-33.48079857499994],[-70.71311962399994,-33.48062661899996],[-70.71327527599993,-33.480502729999955],[-70.71345270799998,-33.48040364199994],[-70.71359939099995,-33.480333610999935],[-70.71368818899998,-33.48028824199997],[-70.71372866599995,-33.480247118999955],[-70.71379629299997,-33.48013881199995],[-70.71385089799998,-33.48001994699996],[-70.71390303299995,-33.479920205999974],[-70.71407157099998,-33.47980334399995],[-70.71429561699995,-33.47968571499996],[-70.71450374699998,-33.479555181999956],[-70.71485802999996,-33.479255602999956],[-70.71521847299994,-33.478979798999944],[-70.71543184699993,-33.47882652399994],[-70.71563684499995,-33.47868171699997],[-70.71589274999997,-33.47851950099994],[-70.71612846999994,-33.47834444199998],[-70.71630035399994,-33.478181002999975],[-70.71642247099999,-33.478020639999954],[-70.71658911999998,-33.47780835999998],[-70.71674735899995,-33.47767493599997],[-70.71701157399997,-33.477429091999966],[-70.71732480099996,-33.47714200499996],[-70.71751662999998,-33.47697948199993],[-70.71772145499995,-33.476826321999965],[-70.71794509799997,-33.476616828999965],[-70.71822695099996,-33.47639937099996],[-70.71838612599998,-33.47631365199993],[-70.71853854799997,-33.47617434099993],[-70.71871058899995,-33.47601924799994],[-70.71909129399995,-33.47568946599995],[-70.71939184099995,-33.47540970799997],[-70.71961280099998,-33.475208359999954],[-70.71976796499996,-33.47506447799998],[-70.71997639099999,-33.474877859999935],[-70.72007293299998,-33.474770698999976],[-70.72017608899995,-33.474681818999954],[-70.72034166799995,-33.474560217999965],[-70.72043301999997,-33.47450049199995],[-70.72062798999997,-33.47435342899996],[-70.72072631599997,-33.47428644799993],[-70.72081584299997,-33.47420646499995],[-70.72153546799996,-33.47359518799993],[-70.72198667399994,-33.47321035999994],[-70.72215672399994,-33.47306532399995],[-70.72233124999997,-33.472948250999934],[-70.72245837399998,-33.47288855399995],[-70.72271394899997,-33.47282124299994],[-70.72306214799994,-33.47272048299993],[-70.72349203599998,-33.47260426999998],[-70.72387399099995,-33.47248299499995],[-70.72415228099999,-33.472388930999955],[-70.72435263699998,-33.47232744699994],[-70.72483839599994,-33.47218611399995],[-70.72508266999995,-33.47209967999993],[-70.72539770599997,-33.47196358499997],[-70.72561388599996,-33.47188183499998],[-70.72596661599994,-33.47179460399997],[-70.72627721899994,-33.47173659199996],[-70.72648549799999,-33.471687162999956],[-70.72670181799998,-33.471612567999955],[-70.72693101699997,-33.47154137199993],[-70.72880238099998,-33.47093905099996],[-70.72951508499995,-33.47070004699998],[-70.73032569499998,-33.47044535499998],[-70.73131098699997,-33.470170322999934],[-70.73283498499995,-33.46971237799994],[-70.73362798099998,-33.469443971999965],[-70.73326880399998,-33.46919450599995],[-70.73225733199996,-33.468582313999946],[-70.73143628199995,-33.46809629999996],[-70.73142685999994,-33.46633434299997],[-70.73138349799996,-33.46300881299993],[-70.73137856399995,-33.46204492199996],[-70.73138582099995,-33.46112142399994],[-70.73137216199996,-33.45957546099993],[-70.73136599799994,-33.45812006299997],[-70.73135435599994,-33.45689022199997],[-70.73134470999997,-33.45589892199996],[-70.73126860999997,-33.45492508799998],[-70.72948732999998,-33.45526249699998],[-70.72813935599999,-33.45551853099994],[-70.72560572099997,-33.45600554899994],[-70.72128391699994,-33.456842337999944],[-70.71869606299998,-33.45733646799994],[-70.71745228799995,-33.45757144299995],[-70.71442812399994,-33.45815927399997],[-70.71379100799999,-33.458291575999965],[-70.71302559799994,-33.45840614999997],[-70.71156019699998,-33.45841339599997],[-70.71019999899994,-33.45825999999994],[-70.71008999999998,-33.45822999999996],[-70.70922970599997,-33.45800033499995],[-70.70868444799999,-33.457874610999966],[-70.70739504799997,-33.45756415099993],[-70.70686116699994,-33.45742526399994],[-70.70630072999995,-33.45731598799995],[-70.70557247999994,-33.45715052299994],[-70.70567261999997,-33.456113923999965],[-70.70592352599994,-33.45448736399993],[-70.70626447399997,-33.45249704899993],[-70.70634203999998,-33.45210275699998],[-70.70645601499996,-33.45178595799996],[-70.70667379999998,-33.45122724599997],[-70.70685904099997,-33.450392748999946],[-70.70693462899999,-33.44989773999998],[-70.70710247199997,-33.44878647799993],[-70.70661156999995,-33.448747424999965],[-70.70577088699997,-33.448637306999956],[-70.70568011799998,-33.44862423999996],[-70.70541643299998,-33.44858921399998],[-70.70424727299996,-33.44844924499995],[-70.70272845099998,-33.448243917999946],[-70.70046865999996,-33.44796140799997],[-70.69919673999993,-33.44780562099993],[-70.69827414999997,-33.44769800599994],[-70.69763538899997,-33.44769530199994],[-70.69677000099995,-33.44773999999995],[-70.69621441699996,-33.44777774499994],[-70.69480847299997,-33.447842786999956],[-70.69413802199995,-33.447879152999974],[-70.69358702799997,-33.447911018999946],[-70.69286367699993,-33.44794953199994],[-70.69225281399997,-33.44797648399998],[-70.69213712299995,-33.44659223799994],[-70.69204632699996,-33.44534651999993],[-70.69203903999994,-33.444474802999935]]]}},{"type":"Feature","properties":{"CUT_REG":"13","CUT_PROV":"131","CUT_COM":"13107","REGION":"Metropolitana de Santiago","PROVINCIA":"Santiago","COMUNA":"Huechuraba","SUPERFICIE":44.99},"geometry":{"type":"Polygon","coordinates":[[[-70.62671458399996,-33.39322725099993],[-70.62738379399997,-33.39281896799997],[-70.62764588399995,-33.39265906799994],[-70.62834919799997,-33.39216958299994],[-70.62889914599998,-33.39177183499993],[-70.63012775799996,-33.39088747599993],[-70.63114633299995,-33.39010343699994],[-70.63205844399994,-33.38943060699995],[-70.63335281199994,-33.38847012999997],[-70.63508084599994,-33.38720676799994],[-70.63690226399996,-33.38585581899997],[-70.63871184899995,-33.38452459999996],[-70.63992607099993,-33.383656179999946],[-70.64028628899996,-33.383414140999946],[-70.64131755199998,-33.382734668999944],[-70.64301999999998,-33.381749999999954],[-70.64433406699999,-33.381073613999945],[-70.64563369399997,-33.380548734999934],[-70.64626437699997,-33.38030843399997],[-70.64869726399996,-33.379394177999984],[-70.65099602299995,-33.37853594599994],[-70.65209146599994,-33.37812756899996],[-70.65293819199997,-33.377819002999956],[-70.65562351099999,-33.37683905999995],[-70.65676033499994,-33.376408942999944],[-70.65794712399997,-33.37597218199994],[-70.65898501199996,-33.37558304099997],[-70.66011232999995,-33.37516354899998],[-70.66091673599993,-33.37485069299993],[-70.66263723699996,-33.374201221999954],[-70.66451874699999,-33.373493716999974],[-70.66554909699994,-33.373099846999935],[-70.66862587599996,-33.37195837499996],[-70.67122026199996,-33.37103538799994],[-70.67189736999995,-33.37077275199994],[-70.67243771999995,-33.370560472999955],[-70.67372018799995,-33.37005519799993],[-70.67620139599995,-33.36911309699997],[-70.67780470199995,-33.36851469499993],[-70.68120547899997,-33.36723824199993],[-70.68227328299997,-33.36689188399998],[-70.68318935199994,-33.36670616799995],[-70.68393110399995,-33.366607115999955],[-70.68486704499998,-33.36652817499993],[-70.68776324499999,-33.36630964799997],[-70.68889325999999,-33.366227640999966],[-70.68917485699995,-33.36579160699995],[-70.68943187099995,-33.36533675599998],[-70.68945977199996,-33.365277739999954],[-70.68959950299995,-33.364780861999975],[-70.68961394799999,-33.364729497999974],[-70.68964457399994,-33.36418293799994],[-70.68969696999994,-33.36348399099995],[-70.68979999999993,-33.36292999899996],[-70.68986614599999,-33.362433470999974],[-70.69024285499995,-33.36132775599998],[-70.69055642399996,-33.360449578999976],[-70.69085302799994,-33.35961338799996],[-70.69141865999995,-33.35798612099995],[-70.69177551299998,-33.35695821899998],[-70.69189575499996,-33.35655989199995],[-70.69201524399995,-33.35612280099997],[-70.69220069199997,-33.355237417999945],[-70.69238937599994,-33.35415215499995],[-70.69252707899994,-33.35365403399993],[-70.69273806099994,-33.35289082399993],[-70.69234181199994,-33.35224571599997],[-70.69201765699995,-33.351362506999976],[-70.69172342299998,-33.35072096499994],[-70.69099999999997,-33.350169998999945],[-70.69048507999997,-33.349714812999935],[-70.68976411299997,-33.34857576799993],[-70.68915409899995,-33.34775207699994],[-70.68871227199998,-33.34715548499997],[-70.68822123699994,-33.346889845999954],[-70.68775685799994,-33.34561280599996],[-70.68758271699994,-33.34443251099998],[-70.68758551299999,-33.34364405699995],[-70.68761451199998,-33.34331394299994],[-70.68759925599994,-33.34306221399993],[-70.68750008899997,-33.34284099799993],[-70.68733117899995,-33.34265239499996],[-70.68694419699995,-33.34224606399994],[-70.68620893199994,-33.341626892999955],[-70.68556448799995,-33.341157512999985],[-70.68466100399996,-33.34065943899998],[-70.68367420099997,-33.34023375899994],[-70.68251999999995,-33.33958999899994],[-70.68136328699995,-33.33872912999993],[-70.68073313899998,-33.338260151999975],[-70.68042053599999,-33.338074819999974],[-70.68025724599994,-33.33795564899998],[-70.68011683399999,-33.33782718699996],[-70.68003318399997,-33.33764196299995],[-70.67999378699994,-33.33748693899997],[-70.67995917499996,-33.33735074499998],[-70.67997343499997,-33.337110190999965],[-70.68002422199999,-33.33686222999995],[-70.68003988099997,-33.336197383999945],[-70.68025073199993,-33.335911316999955],[-70.68024520699998,-33.33528733999998],[-70.68035521999997,-33.334799085999975],[-70.68056616499996,-33.33423788099998],[-70.68077183799994,-33.33361636999996],[-70.68086466799997,-33.33310663599997],[-70.68102337499994,-33.332552170999975],[-70.68117999999998,-33.33200999899998],[-70.68121686699993,-33.33170081099996],[-70.68144977499998,-33.331304142999954],[-70.68168023199996,-33.33087152199994],[-70.68113351499994,-33.330821657999934],[-70.68080999999995,-33.33072999999996],[-70.68019498399997,-33.33050999899996],[-70.67849498399994,-33.329789998999956],[-70.67741435599999,-33.32957390599995],[-70.67598498399997,-33.32935999899996],[-70.67356498399994,-33.32935999899996],[-70.67249498299998,-33.32925999899993],[-70.66845498299995,-33.32809999899996],[-70.66776498399997,-33.32786999899997],[-70.66737498399993,-33.327849998999966],[-70.66689498299996,-33.32800999899996],[-70.66633498299996,-33.32832999899995],[-70.66565498299997,-33.32866999899994],[-70.66519498399998,-33.328799998999955],[-70.66361427799995,-33.32902674999997],[-70.66252566399999,-33.32913088899994],[-70.66087567499994,-33.32891231299993],[-70.65926498399995,-33.328379998999935],[-70.65854498299996,-33.32822999899997],[-70.65803553299997,-33.32837555699996],[-70.65800148199997,-33.32838528599996],[-70.65784498299996,-33.32842999899998],[-70.65691498299998,-33.32958999899995],[-70.65619498399997,-33.33036999899997],[-70.65544086499995,-33.33122572399998],[-70.65435498299996,-33.33236999899998],[-70.65187003799997,-33.33412706599995],[-70.65186824299997,-33.334128334999946],[-70.65039498299996,-33.33516999899996],[-70.65019498299995,-33.33547999899997],[-70.65004498299999,-33.336259998999935],[-70.64936498399999,-33.33717999899994],[-70.64866498399994,-33.337629998999944],[-70.64824004399998,-33.33769207599994],[-70.64790166899996,-33.33796277699997],[-70.64750498299998,-33.33855999899998],[-70.64706363499994,-33.33921319899997],[-70.64699482399993,-33.339315038999985],[-70.64675498399998,-33.339669998999966],[-70.64605498399999,-33.34069999899998],[-70.64551498299994,-33.34169999899996],[-70.64524498299994,-33.34195999899998],[-70.64458498299996,-33.34208999899994],[-70.64333920699994,-33.34210392099993],[-70.64332274299994,-33.342104104999976],[-70.64279498399998,-33.342109998999945],[-70.64038498299993,-33.342619998999965],[-70.63922498399995,-33.34256999899998],[-70.63840498399998,-33.34244999899994],[-70.63756994699997,-33.34226640999998],[-70.63699498299997,-33.34213999999997],[-70.63678652299996,-33.34199109999997],[-70.63619008299997,-33.34156507199998],[-70.63580498399995,-33.34128999999996],[-70.63487498399996,-33.340769998999974],[-70.63457566299996,-33.34068164599995],[-70.63321498399995,-33.34027999999995],[-70.63311078299995,-33.34027530599997],[-70.63309328599996,-33.340274517999944],[-70.63226649299997,-33.340237274999936],[-70.63210498399997,-33.34022999999996],[-70.63049498299995,-33.34051999999997],[-70.62891498399995,-33.340359999999976],[-70.62779498399993,-33.340539999999976],[-70.62672498299997,-33.34056999999996],[-70.62386498399997,-33.34064999999998],[-70.62288498299995,-33.34120999999993],[-70.62204133999995,-33.34152287599994],[-70.62202058699995,-33.341530571999954],[-70.62137498399994,-33.34176999999994],[-70.62069498399995,-33.341849999999965],[-70.61988656799997,-33.342057187999956],[-70.61917977899998,-33.34208155899995],[-70.61864498399996,-33.34209999999996],[-70.61741498299995,-33.34165999999993],[-70.61529498399995,-33.34118999999998],[-70.61248498299994,-33.34024999999997],[-70.61230645999996,-33.34020788799995],[-70.61219522599998,-33.34018164899993],[-70.61159084099995,-33.34003907599998],[-70.60858498399995,-33.33932999999996],[-70.60611498299994,-33.339429999999936],[-70.60508498299998,-33.33947999999998],[-70.60449498399998,-33.33922999999993],[-70.60399498299995,-33.338769999999954],[-70.60306498399996,-33.33827999999994],[-70.60295799799997,-33.338264583999944],[-70.60188506799994,-33.33810997399996],[-70.60111128199998,-33.33823219399994],[-70.59996908599999,-33.33841409699994],[-70.59817475499995,-33.338170797999965],[-70.59680619599999,-33.33753213699998],[-70.59625877299999,-33.337106363999965],[-70.59606719699997,-33.336792782999964],[-70.59592498299997,-33.33655999999996],[-70.59589748599996,-33.336545754999975],[-70.59588847799995,-33.33655939999994],[-70.59575212599998,-33.336765957999944],[-70.59562750199996,-33.33695474899997],[-70.59548255299995,-33.33717432999998],[-70.59495875599998,-33.337665389999984],[-70.59430400999997,-33.337829075999935],[-70.59345283999994,-33.33796002599996],[-70.59279809399999,-33.338189185999966],[-70.59211061099995,-33.33854929699993],[-70.59135765199994,-33.33877845799998],[-70.59070290599993,-33.33904035599994],[-70.59034279599996,-33.33940046699996],[-70.59011363499997,-33.340382585999976],[-70.58978626199996,-33.34133196799996],[-70.58942615099994,-33.34244503599996],[-70.58903330399994,-33.34362357899994],[-70.58879762799995,-33.34442550099993],[-70.58867204799998,-33.34456658199997],[-70.58862756099995,-33.34461655999996],[-70.58845923399997,-33.34480566399998],[-70.58797714099995,-33.34549904099998],[-70.58774565799996,-33.34590287499998],[-70.58715836999994,-33.34644010799997],[-70.58699141799997,-33.346580589999974],[-70.58679625799994,-33.346744806999936],[-70.58638158299993,-33.34709373499993],[-70.58593878599999,-33.347470345999966],[-70.58558933199998,-33.34802364899997],[-70.58497778799995,-33.348576950999984],[-70.58438460699995,-33.34905797299996],[-70.58343522499996,-33.349876404999975],[-70.58264952899998,-33.35033472799995],[-70.58232999999996,-33.35068999899994],[-70.58304237699997,-33.35131684499993],[-70.58366438599995,-33.35180790499993],[-70.58435999999995,-33.35212999899994],[-70.58572999999996,-33.352679998999974],[-70.58641431899997,-33.35308465999998],[-70.58713453999997,-33.35383761799994],[-70.58762559999997,-33.35409951699995],[-70.58854224499999,-33.35413225399998],[-70.59052999999994,-33.354559998999946],[-70.59223890999994,-33.35506416399994],[-70.59296930299996,-33.35569495799996],[-70.59327999999994,-33.356349998999974],[-70.59338365899998,-33.35647202699994],[-70.59340757899997,-33.35650018599995],[-70.59371425099994,-33.356861196999944],[-70.59439787099996,-33.35740710899995],[-70.59602083799996,-33.35864429199995],[-70.59651656099999,-33.35898336499997],[-70.59661951799995,-33.35943756599994],[-70.59715215599994,-33.35992675699998],[-70.59762773599994,-33.36042066199997],[-70.59883999999994,-33.36107999899997],[-70.60070999999994,-33.36218999899995],[-70.60082999999997,-33.36232999899994],[-70.60082999999997,-33.36242999899997],[-70.60074999999995,-33.362579998999934],[-70.60046908399994,-33.36278926299997],[-70.60013124999995,-33.36300406299995],[-70.59959225399996,-33.36317626399995],[-70.59862704799997,-33.36383824099994],[-70.59785942899998,-33.36431342199995],[-70.59741158399999,-33.36454825499993],[-70.59728731299998,-33.36475028999996],[-70.59728404499998,-33.365299594999954],[-70.59728285399996,-33.365499822999936],[-70.59718879599995,-33.366032820999976],[-70.59729806299998,-33.36720548699998],[-70.59730590399994,-33.36869794299997],[-70.59727282199998,-33.37072947799993],[-70.59721262499994,-33.371371583999974],[-70.59747097199994,-33.37170768599998],[-70.59818368599997,-33.37224791999995],[-70.59906901999994,-33.37353934499998],[-70.59951999999998,-33.374049998999965],[-70.59958518599996,-33.37427464099994],[-70.59988323299996,-33.37530176399997],[-70.60021091499993,-33.37579383899998],[-70.60040473699996,-33.37612778399995],[-70.60044449499998,-33.376435081999944],[-70.60003897499996,-33.377120358999946],[-70.59961060599994,-33.37775581999995],[-70.59961471199995,-33.378068009999936],[-70.59961597899996,-33.37816429399993],[-70.59961999999996,-33.37846999899995],[-70.59984124699997,-33.37883606899993],[-70.60008203599995,-33.37901666099998],[-70.60097999999994,-33.37976999899996],[-70.60301533199998,-33.381083503999946],[-70.60352087599995,-33.38178907699995],[-70.60366477199995,-33.38215909599995],[-70.60363368699996,-33.38256831099994],[-70.60355342399998,-33.38302982499994],[-70.60314999999997,-33.38441999899993],[-70.60288491599994,-33.385025524999946],[-70.60231030999995,-33.385999271999935],[-70.60218594699995,-33.38672547699997],[-70.60219505099997,-33.38722167399993],[-70.60225164199994,-33.38843785199998],[-70.60236636199994,-33.38910925799996],[-70.60272875499999,-33.389791781999975],[-70.60292172099997,-33.39010420799997],[-70.60294529099997,-33.39014237099997],[-70.60315999999995,-33.39048999899995],[-70.60396925899994,-33.391303981999954],[-70.60456430499994,-33.39194006599996],[-70.60505888999995,-33.39232989299995],[-70.60532350199998,-33.39259666899994],[-70.60562077999998,-33.392997133999984],[-70.60592741799996,-33.39342982499994],[-70.60618010399998,-33.39371288899997],[-70.60684421299999,-33.394363607999935],[-70.60737642099997,-33.39516892399996],[-70.60811378499994,-33.39600239499998],[-70.60898620599994,-33.39765182299993],[-70.60946377199997,-33.398867321999944],[-70.60961617499999,-33.400063917999944],[-70.60960981699998,-33.40029592199994],[-70.60963245899995,-33.40057849899995],[-70.60959142099995,-33.40092731899995],[-70.60960876399997,-33.401242844999956],[-70.60964685199997,-33.40148956799993],[-70.60964162099998,-33.40187534699993],[-70.60973383899994,-33.402249093999956],[-70.60990192799994,-33.402568464999945],[-70.61020126999995,-33.40387045499995],[-70.61013366099996,-33.40456894599998],[-70.61016067199995,-33.40498761799995],[-70.61026871599995,-33.40547381799996],[-70.61034891299994,-33.40571440999997],[-70.61091747099994,-33.40519440799994],[-70.61187363699997,-33.40431989599995],[-70.61345453299998,-33.40281040799994],[-70.61423505799996,-33.402102507999984],[-70.61545643199997,-33.400994767999975],[-70.61606750199996,-33.40034971599994],[-70.61672513099995,-33.39957990099998],[-70.61686523599997,-33.39941589499995],[-70.61718355999994,-33.399093198999935],[-70.61744633399996,-33.39899671499995],[-70.61756001499998,-33.39868384499994],[-70.61873322299994,-33.398210407999954],[-70.61903428699998,-33.39790528399993],[-70.61921178699998,-33.397785399999975],[-70.61942623399995,-33.39761437899995],[-70.61967193699996,-33.39751811299993],[-70.61980132799994,-33.397362519999945],[-70.61991561899998,-33.39748160999994],[-70.62000148199996,-33.39757107699995],[-70.62257351599999,-33.39682878899998],[-70.62294087199996,-33.39639090399993],[-70.62273324599994,-33.39623971599997],[-70.62294795599996,-33.39585393599998],[-70.62301621099994,-33.39585304299993],[-70.62371898999999,-33.394980250999936],[-70.62355001699996,-33.39472935699996],[-70.62483205199999,-33.39414706499997],[-70.62587685099999,-33.39365734799998],[-70.62671458399996,-33.39322725099993]]]}},{"type":"Feature","properties":{"CUT_REG":"13","CUT_PROV":"131","CUT_COM":"13108","REGION":"Metropolitana de Santiago","PROVINCIA":"Santiago","COMUNA":"Independencia","SUPERFICIE":7.35},"geometry":{"type":"Polygon","coordinates":[[[-70.68187285799996,-33.403030892999936],[-70.68080127199994,-33.40272481799997],[-70.67993994599993,-33.40248170799998],[-70.67903683199995,-33.40219458299998],[-70.67815798699996,-33.40187763299997],[-70.67692856599996,-33.40142511099998],[-70.67559626499997,-33.40094341699995],[-70.67474438599999,-33.40063804199997],[-70.67354920099996,-33.40020470999997],[-70.67261112799997,-33.39985445399998],[-70.67218451599996,-33.39970752299996],[-70.67210372999995,-33.39986962199998],[-70.67030010299999,-33.39975539399995],[-70.66763658699995,-33.39957813999996],[-70.66815491699998,-33.39911595899997],[-70.66804093199994,-33.399075522999965],[-70.66677816599997,-33.39895320399995],[-70.66648552899994,-33.39895290599998],[-70.66105544599998,-33.399366087999965],[-70.65982277799998,-33.39946685299998],[-70.65819997799997,-33.399677914999984],[-70.65826219999997,-33.399908263999976],[-70.65827074399994,-33.39997739699993],[-70.65827129199994,-33.40007248899997],[-70.65826847399995,-33.40013542299994],[-70.65824726799997,-33.40031522299995],[-70.65820674999998,-33.40055991199995],[-70.65800218599998,-33.401446626999984],[-70.65789095299994,-33.40192212499994],[-70.65768071299993,-33.402880600999936],[-70.65745261599994,-33.404059324999935],[-70.65730530899998,-33.40481779899994],[-70.65721043199994,-33.40527602299994],[-70.65541750099999,-33.40580266899997],[-70.65483339799994,-33.40597271599995],[-70.65396586199995,-33.40620699899995],[-70.65305383999998,-33.40640055099993],[-70.65325348299996,-33.407205904999955],[-70.65315256099996,-33.407232059999956],[-70.65317098399998,-33.40831941199997],[-70.65315633399996,-33.40940812699995],[-70.65324587199996,-33.409605082999974],[-70.65347918999998,-33.40959658099996],[-70.65348612899999,-33.410497738999936],[-70.65349399599995,-33.41127655499997],[-70.65268947099997,-33.41127469799994],[-70.65268739599998,-33.41221739499997],[-70.65268787899998,-33.41296114499994],[-70.65268253799997,-33.41381063999995],[-70.65267110699995,-33.41527833499998],[-70.65264672699993,-33.41743763599993],[-70.65156386799998,-33.41746431799993],[-70.65051937599998,-33.41764609799998],[-70.65052621499996,-33.41769301199997],[-70.65011283799998,-33.417763940999976],[-70.65017138399998,-33.41809762999998],[-70.65035063599998,-33.41903736799998],[-70.65050111799997,-33.41982640899994],[-70.65063141699994,-33.42050848499997],[-70.65077914599993,-33.42130667199996],[-70.65104429599995,-33.42330671899998],[-70.65117583999995,-33.42481743899998],[-70.65125231399998,-33.42575212599996],[-70.65128033799994,-33.426094638999984],[-70.65128866499998,-33.42619641799996],[-70.65136118699996,-33.42698896699994],[-70.65149738199995,-33.428578982999966],[-70.65166002299998,-33.430432534999966],[-70.65170120999994,-33.43119562299995],[-70.65160731799995,-33.431931205999945],[-70.65354945299998,-33.43150698199997],[-70.65550701699993,-33.43104754999996],[-70.65652732099994,-33.43080110899996],[-70.65704237099999,-33.43053273099997],[-70.65801228399994,-33.43015656199998],[-70.65856358499997,-33.42997987999996],[-70.65898767899995,-33.42987720999997],[-70.66014087799994,-33.42965400299994],[-70.66104893899995,-33.429350445999944],[-70.66142910999997,-33.42918548999995],[-70.66182862699998,-33.42904140899998],[-70.66258483299998,-33.42886467799997],[-70.66310970699993,-33.42880925199995],[-70.66380267199997,-33.42872456899994],[-70.66423721899997,-33.42859965399998],[-70.66480713499993,-33.428387321999935],[-70.66548339199994,-33.42808615299998],[-70.66649258199993,-33.42767780799994],[-70.66779728699998,-33.42721063799996],[-70.66884458699997,-33.42684973099995],[-70.66978174299999,-33.426497250999944],[-70.67047168099998,-33.42623878599994],[-70.67053623399994,-33.42621460299995],[-70.67069520199993,-33.42615504999998],[-70.67114631099997,-33.42603843999996],[-70.67127914199995,-33.42600410399996],[-70.67114118599994,-33.42558779099994],[-70.67136034399994,-33.425468733999935],[-70.67165128599999,-33.42528368999996],[-70.67193995799994,-33.42503051899996],[-70.67229323399994,-33.424605638999935],[-70.67254862499993,-33.42428419099997],[-70.67283587099996,-33.42391403899995],[-70.67336469399999,-33.423242123999955],[-70.67412878299996,-33.42226342799995],[-70.67465227999998,-33.42171837999996],[-70.67510748299998,-33.42137459199995],[-70.67555525599994,-33.42110621099994],[-70.67669229999996,-33.42042227899998],[-70.67713005899998,-33.420098087999975],[-70.67740318699998,-33.41983517799997],[-70.67766442099997,-33.41958610499995],[-70.67802892199995,-33.41912447499993],[-70.67823890199998,-33.418798005999975],[-70.67842794999996,-33.418432990999975],[-70.67865504799994,-33.41786397799996],[-70.67875908999997,-33.41742419499997],[-70.67891944299998,-33.416282713999976],[-70.67917291399993,-33.41438832899996],[-70.67947613199993,-33.41210347599997],[-70.67972496099998,-33.410307769999974],[-70.67987906099995,-33.409212975999935],[-70.68026265499998,-33.40645241399994],[-70.68033637099995,-33.40598118099996],[-70.68048313299994,-33.405511934999936],[-70.68071704299996,-33.40500412999995],[-70.68149303599995,-33.40368352199994],[-70.68187285799996,-33.403030892999936]]]}},{"type":"Feature","properties":{"CUT_REG":"13","CUT_PROV":"131","CUT_COM":"13109","REGION":"Metropolitana de Santiago","PROVINCIA":"Santiago","COMUNA":"La Cisterna","SUPERFICIE":10.01},"geometry":{"type":"Polygon","coordinates":[[[-70.65349877799997,-33.548760484999946],[-70.65467438199994,-33.54857342599996],[-70.65575993599998,-33.548384607999935],[-70.65684807399998,-33.54822027999995],[-70.65679711299998,-33.54802528899995],[-70.65813501399998,-33.54780217399997],[-70.65913278199997,-33.547644687999934],[-70.66045868799995,-33.54742075499996],[-70.66157315199996,-33.54722684799998],[-70.66312941499996,-33.54697975199997],[-70.66405823899998,-33.546824105999974],[-70.66474323499995,-33.546703228999945],[-70.66557842699996,-33.546568874999934],[-70.66665098699997,-33.54641986599995],[-70.66678194199994,-33.54638374399997],[-70.66813851999996,-33.54562561299997],[-70.66830263299994,-33.54541174199994],[-70.67135580299998,-33.54427055699995],[-70.67345351599994,-33.543502058999934],[-70.67494631699998,-33.54295074699996],[-70.67560162399997,-33.54271138799993],[-70.67666596999999,-33.542317596999965],[-70.67726707099996,-33.542104731999984],[-70.67778643199995,-33.54190871999998],[-70.67952203199997,-33.54127722399994],[-70.68057822299994,-33.54089090699995],[-70.68098999899996,-33.54073999999997],[-70.68112999999994,-33.540689999999984],[-70.68335343599995,-33.53985917999995],[-70.68475919899998,-33.539355214999944],[-70.68540430399997,-33.539130402999945],[-70.68514164199996,-33.53862465499998],[-70.68429505799998,-33.537049939999974],[-70.68287648599994,-33.534421684999984],[-70.68242476099994,-33.53357648599996],[-70.68207935499998,-33.53292454199993],[-70.68155680999996,-33.531952409999974],[-70.68081905499997,-33.53057661599996],[-70.68030628099996,-33.52963679499993],[-70.67980255999998,-33.52869303199998],[-70.67913146499995,-33.52746139299995],[-70.67859174699998,-33.52642266999993],[-70.67797787099994,-33.52520170199995],[-70.67766645399996,-33.52453592099994],[-70.67713713399996,-33.52344360199993],[-70.67660801199997,-33.52236082299993],[-70.67612149799999,-33.52135954399995],[-70.67587199699994,-33.52083035499993],[-70.67528583599994,-33.51962426699998],[-70.67465449199995,-33.51831952599997],[-70.67442889599994,-33.51784727599994],[-70.67409651399998,-33.517155043999935],[-70.67368561099994,-33.516290167999955],[-70.67322724099995,-33.51532667199996],[-70.67284196699995,-33.514490078999984],[-70.67242660699998,-33.51362907599997],[-70.67197796599999,-33.51269598399995],[-70.67175952799994,-33.51223890299997],[-70.67135186899998,-33.51142169499997],[-70.67102962199993,-33.51075034499996],[-70.67019558499999,-33.51103026399994],[-70.66934091299998,-33.51128158499995],[-70.66843739899997,-33.51154847099997],[-70.66698810099996,-33.51198494899995],[-70.66631131299994,-33.51219269599994],[-70.66567064599997,-33.51239040799993],[-70.66494857399994,-33.51261366899996],[-70.66426669999998,-33.51281670099996],[-70.66291156699998,-33.51322681299996],[-70.66236578099995,-33.513396987999954],[-70.66140367899999,-33.51369324199993],[-70.66084717399997,-33.513861764999945],[-70.66040460599999,-33.51399296799997],[-70.65937230299994,-33.514305656999966],[-70.65807474299999,-33.514712558999975],[-70.65702970799998,-33.51491862299997],[-70.65574000099997,-33.515169998999966],[-70.65353094299996,-33.51560756599997],[-70.65283129299996,-33.51574365799996],[-70.65126799599994,-33.51605160799994],[-70.64903303199998,-33.51648958099997],[-70.64820217899995,-33.51665245999993],[-70.64767035799997,-33.516756716999964],[-70.64718488899996,-33.51685433799997],[-70.64652941499997,-33.51698143099998],[-70.64550999999994,-33.51718999999997],[-70.64462277299998,-33.517365892999976],[-70.64467286399997,-33.51758854899998],[-70.64478322299993,-33.518001064999964],[-70.64499598899994,-33.51878205999998],[-70.64507676699998,-33.51906134899997],[-70.64528705299995,-33.51978630399998],[-70.64551919899998,-33.520612374999985],[-70.64570182699998,-33.52130548399998],[-70.64600167799995,-33.52232153899996],[-70.64630323199998,-33.52327672599995],[-70.64647606199998,-33.52382799399993],[-70.64666358799997,-33.52447808699998],[-70.64689463099995,-33.525244517999965],[-70.64709434699995,-33.52593620399995],[-70.64718291599996,-33.52632514599998],[-70.64736911999995,-33.52698002699998],[-70.64754858899994,-33.527580118999936],[-70.64765395899997,-33.52802848799996],[-70.64771940399999,-33.528249520999964],[-70.64777239299997,-33.528339485999936],[-70.64783729299995,-33.528381570999954],[-70.64789629299997,-33.528412996999975],[-70.64793008899994,-33.52846742699995],[-70.64794231899998,-33.52851140599995],[-70.64796854299993,-33.528617236999935],[-70.64812799199996,-33.52921282099993],[-70.64845342899997,-33.53037288399997],[-70.64872239899995,-33.53133446099997],[-70.64891242299996,-33.531964234999975],[-70.64915122099995,-33.53283673599998],[-70.64936433999998,-33.53363203199996],[-70.64969695299999,-33.53471802699994],[-70.64988491499997,-33.535388388999934],[-70.65014729199999,-33.53630113599996],[-70.65050600199999,-33.537559768999984],[-70.65073055899995,-33.53828094099998],[-70.65104445699995,-33.539204928999936],[-70.65127843099998,-33.54004165099997],[-70.65091999999999,-33.54009999899995],[-70.65095669699997,-33.54035856199994],[-70.65097251499998,-33.54059099099993],[-70.65114155799995,-33.54131409499996],[-70.65134646399997,-33.54204984499995],[-70.65159508399995,-33.54291147099997],[-70.65186368499997,-33.54392434299996],[-70.65212999999994,-33.54487999999998],[-70.65239579299998,-33.54484408199994],[-70.65249040399993,-33.54515575299996],[-70.65283599899993,-33.546364524999944],[-70.65311491799997,-33.547380043999965],[-70.65316648699996,-33.54757349699997],[-70.65336748299995,-33.54833471699993],[-70.65349877799997,-33.548760484999946]]]}},{"type":"Feature","properties":{"CUT_REG":"13","CUT_PROV":"131","CUT_COM":"13110","REGION":"Metropolitana de Santiago","PROVINCIA":"Santiago","COMUNA":"La Florida","SUPERFICIE":71.06},"geometry":{"type":"Polygon","coordinates":[[[-70.61382274599998,-33.50823008499998],[-70.61335891499994,-33.50827002899996],[-70.61252139199996,-33.50832243899998],[-70.61077581999996,-33.50841155299997],[-70.60864999899997,-33.508509999999944],[-70.60551241399997,-33.50873970999993],[-70.60440984299998,-33.50882303499998],[-70.60409378699995,-33.50884698699997],[-70.60364304299998,-33.50888118199998],[-70.60232944899997,-33.50898082899994],[-70.60053647399997,-33.509111049999944],[-70.59999969799998,-33.50914997999996],[-70.59913254199995,-33.50921303299998],[-70.59743550099995,-33.509324997999954],[-70.59434185499998,-33.509542771999975],[-70.59302176599994,-33.50962328899993],[-70.59208724299998,-33.50970191399995],[-70.59163731899997,-33.50977068999998],[-70.59122085999996,-33.50992493299998],[-70.59069451499994,-33.51017602899998],[-70.59021366599995,-33.51035161999994],[-70.58989794599995,-33.51041532599993],[-70.58932839799996,-33.51042263499994],[-70.58895277899995,-33.51032604599993],[-70.58854408699995,-33.51017320999995],[-70.58784377799998,-33.51003902499997],[-70.58645759099994,-33.51011176999998],[-70.58546797499997,-33.51017950599993],[-70.58497739499995,-33.510212783999975],[-70.58314675999998,-33.510331184999984],[-70.58230932399994,-33.51038162799995],[-70.58088819399995,-33.510445413999946],[-70.58064389099997,-33.510458935999964],[-70.57995357999994,-33.51051291199997],[-70.57825122499997,-33.51061558999993],[-70.57720434499998,-33.51068656799998],[-70.57573405499994,-33.51079915099996],[-70.57487678299998,-33.510929044999955],[-70.57413474199996,-33.511031301999935],[-70.57294466599996,-33.511163703999955],[-70.57190998099998,-33.51126274699993],[-70.57101255299995,-33.51134313199998],[-70.57065005599998,-33.511380042999974],[-70.56987598199999,-33.51145885799997],[-70.56909753299993,-33.51152703599996],[-70.56875837699994,-33.51155580899996],[-70.56818830499998,-33.51153456999998],[-70.56791040699994,-33.51152984899994],[-70.56752190999998,-33.51154609499997],[-70.56623295699995,-33.511612524999975],[-70.56598279799994,-33.51160999699994],[-70.56556856199995,-33.51158125699993],[-70.56479696999997,-33.51144039199994],[-70.56460026899998,-33.51139365699993],[-70.56410550599998,-33.511373927999955],[-70.56206557699994,-33.51144954499995],[-70.56170635099994,-33.51147369299997],[-70.56032431399996,-33.511612000999946],[-70.55960410999995,-33.511732741999936],[-70.55902788799995,-33.51178845299995],[-70.55769990199997,-33.51188498999994],[-70.55684336599995,-33.51194757799993],[-70.55459401999997,-33.512050614999964],[-70.55293583299994,-33.512123505999966],[-70.55073376599995,-33.51221205999997],[-70.54973621899995,-33.51225713399998],[-70.54845435499993,-33.51231784399994],[-70.54709148099994,-33.51238660499996],[-70.54622403999997,-33.51246726099998],[-70.54551882199996,-33.512503263999974],[-70.54491872999995,-33.51249213999995],[-70.54443947399994,-33.512452303999964],[-70.54378440599999,-33.51242725599997],[-70.54335426899996,-33.512434162999966],[-70.54269522499999,-33.51249408499996],[-70.54175285299993,-33.51240104699997],[-70.54026103699994,-33.51207291999998],[-70.53855962199998,-33.511694345999956],[-70.53753650199997,-33.51118210599998],[-70.53612167399996,-33.51085652499995],[-70.53414233099994,-33.51034130199997],[-70.53335410399995,-33.51008872299997],[-70.53083332799997,-33.509202836999975],[-70.52815264199995,-33.50826066099995],[-70.52767312199995,-33.50809212499996],[-70.52481610099994,-33.50778314599995],[-70.52428464599996,-33.507632817999934],[-70.52423434999997,-33.50761859199997],[-70.52357775199994,-33.50743286599993],[-70.52321777399999,-33.507212239999944],[-70.52182741499996,-33.50636010899996],[-70.52030663099998,-33.50542799799996],[-70.51976502699995,-33.50508796299994],[-70.51972084799996,-33.50505691899997],[-70.51950818999995,-33.50490748799996],[-70.51950674999995,-33.504906475999974],[-70.51950530999994,-33.50490546399993],[-70.51946591799998,-33.50487778299998],[-70.51919418599994,-33.50468683999998],[-70.51898961599994,-33.50454309099996],[-70.51885073199998,-33.50444549799994],[-70.51877832999998,-33.50439462199995],[-70.51877358499996,-33.50439069199996],[-70.51872713699998,-33.50435221499998],[-70.51872595299994,-33.504351233999955],[-70.51869924099998,-33.50432910599994],[-70.51868585699998,-33.50431801899998],[-70.51867239899997,-33.50430686999994],[-70.51866139699996,-33.50429775599997],[-70.51862659099999,-33.50426892399997],[-70.51862631799997,-33.50426893899993],[-70.51859910799993,-33.504246508999984],[-70.51854192999997,-33.504199374999985],[-70.51824859099997,-33.50395756499995],[-70.51824373399995,-33.50395447999995],[-70.51823942399994,-33.50395174299996],[-70.51823766599995,-33.50395062699994],[-70.51813877999996,-33.50388781299995],[-70.51812204499998,-33.50387718299993],[-70.51810684599997,-33.50386752899993],[-70.51810267399998,-33.503864878999934],[-70.51808157499994,-33.503852001999974],[-70.51794954999997,-33.50377143099996],[-70.51794918199994,-33.50377120599995],[-70.51788809999994,-33.503733928999964],[-70.51779212699995,-33.50365899099995],[-70.51773338299995,-33.50361312299998],[-70.51770707899993,-33.50359258399993],[-70.51762682299994,-33.50352991799997],[-70.51753532599997,-33.503458473999956],[-70.51743643799995,-33.50338302199998],[-70.51741591999996,-33.503367365999964],[-70.51741532199998,-33.503366909999954],[-70.51707514799995,-33.50303272499997],[-70.51691844099997,-33.50287877699998],[-70.51687225999996,-33.50283340899995],[-70.51626411499996,-33.50223597199994],[-70.51625936499994,-33.50223130399996],[-70.51625884199996,-33.50223078899995],[-70.51623762699995,-33.50220943199997],[-70.51621819399998,-33.50220146799995],[-70.51621740899998,-33.50220114599995],[-70.51616854299994,-33.50218112099998],[-70.51616850299996,-33.50218110499998],[-70.51611760799994,-33.502160611999955],[-70.51600105499995,-33.50211368099997],[-70.51585913399998,-33.50203876099994],[-70.51576611599995,-33.50199029799995],[-70.51561774899994,-33.50189291099997],[-70.51556985599996,-33.50186644199994],[-70.51552211899997,-33.50184898899994],[-70.51549249499993,-33.501838077999935],[-70.51548261999994,-33.50183444099997],[-70.51547319899998,-33.50183155099995],[-70.51545886799994,-33.501827153999955],[-70.51543786499997,-33.50182070999995],[-70.51543725599998,-33.50182068199996],[-70.51539948299995,-33.50181892499995],[-70.51535736399995,-33.501814930999956],[-70.51530675799995,-33.50180653099994],[-70.51521982899999,-33.50179857599994],[-70.51513551199997,-33.50178607999993],[-70.51507356499997,-33.50178683799993],[-70.51502452499994,-33.50178743799995],[-70.51491076899998,-33.501784319999956],[-70.51480197799998,-33.501776631999974],[-70.51465300899997,-33.50176041599997],[-70.51451314199994,-33.50172605299997],[-70.51437746799996,-33.50170065599997],[-70.51433396199997,-33.50169370599997],[-70.51423730899995,-33.50167826599994],[-70.51408904699997,-33.50165458099997],[-70.51402801499995,-33.50164630799998],[-70.51399145599999,-33.50163322699996],[-70.51395893399996,-33.50162009699994],[-70.51393608699993,-33.501602340999966],[-70.51389507699997,-33.50158480399995],[-70.51383305799999,-33.50155850699997],[-70.51331574099999,-33.50139425399993],[-70.51321760999997,-33.50135786799996],[-70.51315504299998,-33.50133466799997],[-70.51312828199997,-33.50132474499998],[-70.51295851599997,-33.50131016299997],[-70.51275507599996,-33.501296142999934],[-70.51268417799997,-33.501291256999934],[-70.51265186899997,-33.50129038899996],[-70.51229881299997,-33.50118656899997],[-70.51214340199994,-33.50114499799997],[-70.51207669799999,-33.50114094199995],[-70.51204536699998,-33.50113961099993],[-70.51198103799999,-33.501136878999944],[-70.51180113699996,-33.50110453399998],[-70.51170957099998,-33.50109140199993],[-70.51170125599998,-33.50109106999997],[-70.51166545899997,-33.501089640999965],[-70.51161176699998,-33.50109097199993],[-70.51158113799994,-33.50108764899994],[-70.51152548299996,-33.501090671999975],[-70.51149388699997,-33.50109225699998],[-70.51146605999998,-33.50109365199995],[-70.51141812699996,-33.50109184699994],[-70.51125590299995,-33.50106689199998],[-70.51125103399994,-33.501066142999946],[-70.51117907699995,-33.501055073999964],[-70.51111113099995,-33.50104462199994],[-70.51095886399997,-33.50102119899998],[-70.51086710599998,-33.50104030999995],[-70.51080877899994,-33.501050850999945],[-70.51076456999994,-33.50105874099995],[-70.51070315899995,-33.501068146999955],[-70.51066096199997,-33.50107434299997],[-70.51060347599997,-33.50107414299998],[-70.51056515099998,-33.501073978999955],[-70.51051145599996,-33.50106895199997],[-70.51045825899996,-33.50105535399996],[-70.51045404099995,-33.501054275999934],[-70.51045052799998,-33.501053223999975],[-70.51040381299998,-33.501039237999976],[-70.51038331099994,-33.50103309999997],[-70.51038327199996,-33.50103308799993],[-70.51033538299998,-33.50101527499993],[-70.51030095499993,-33.501007080999955],[-70.51024348599998,-33.500992405999966],[-70.51017842799996,-33.50097768799998],[-70.51012483599999,-33.500963009999964],[-70.51009425499996,-33.500953281999955],[-70.51005746599998,-33.500939090999964],[-70.51005209899995,-33.50093702099997],[-70.50995447699995,-33.50092220399995],[-70.50990659499996,-33.50092039699996],[-70.50984528099997,-33.50091050299994],[-70.50979166499997,-33.500903851999965],[-70.50975323299997,-33.50090368899998],[-70.50971883499994,-33.50090031999997],[-70.50965933099997,-33.50090172199998],[-70.50958657999996,-33.50089340899996],[-70.50953867199996,-33.500889979999954],[-70.50946583799998,-33.50088004599996],[-70.50939119699996,-33.50086210699993],[-70.50934713799995,-33.50085714199997],[-70.50930498799994,-33.50085368799995],[-70.50923985399999,-33.50084699599995],[-70.50919760199997,-33.500850035999974],[-70.50913624799995,-33.500862687999984],[-70.50899803999994,-33.50089422199994],[-70.50895000199995,-33.50089886599994],[-70.50894995299996,-33.50089887099995],[-70.50887521599998,-33.500906630999964],[-70.50883882999995,-33.50090968899997],[-70.50879081899996,-33.50091270899998],[-70.50875254499994,-33.500909296999964],[-70.50872950799999,-33.50090921699996],[-70.50871804299999,-33.50090917599994],[-70.50868292399997,-33.500906577999956],[-70.50866912899994,-33.50090444499995],[-70.50865673099997,-33.50090252799998],[-70.50861657899998,-33.500896342999965],[-70.50857838299999,-33.50088594399995],[-70.50856109399996,-33.50088123699993],[-70.50851230499995,-33.500854955999955],[-70.50844287699994,-33.50081481299998],[-70.50839662599998,-33.50078899799996],[-70.50839619599998,-33.50078876699996],[-70.50834692999996,-33.50076317799994],[-70.50833928499998,-33.50075993299998],[-70.50830111199997,-33.50074371499994],[-70.50826774799998,-33.50073799799998],[-70.50826178099999,-33.50073659599997],[-70.50825296399995,-33.50073452399994],[-70.50823597299996,-33.50073052999994],[-70.50816128499997,-33.50071903899993],[-70.50811530799996,-33.50070918199998],[-70.50805978199998,-33.50070092999994],[-70.50804952399994,-33.500698986999964],[-70.50804439499996,-33.500698015999944],[-70.50802532899996,-33.50069440499993],[-70.50799275799994,-33.50068461099994],[-70.50794484499994,-33.500671575999945],[-70.50789863799997,-33.50065352599995],[-70.50789855799997,-33.50065349199997],[-70.50786074899997,-33.500639096999976],[-70.50782251999993,-33.500619676999975],[-70.50781296399998,-33.50061483199994],[-70.50780230099997,-33.50060961199995],[-70.50777659399995,-33.50059702799996],[-70.50777628699996,-33.50059679799995],[-70.50774223799993,-33.50057123199997],[-70.50770406099997,-33.50054851999994],[-70.50766206199995,-33.50052269699995],[-70.50756519499998,-33.50047974599994],[-70.50753774499998,-33.50046757399997],[-70.50749758199998,-33.50045453599995],[-70.50746689799996,-33.500448054999936],[-70.50741333399998,-33.50043815499998],[-70.50737495799996,-33.500434833999975],[-70.50732704499995,-33.500428202999956],[-70.50729451399997,-33.500421650999954],[-70.50726201999998,-33.50041510699998],[-70.50721033399998,-33.50040202599996],[-70.50714142599998,-33.50038248299995],[-70.50699978199998,-33.50033690499998],[-70.50695003799996,-33.500320690999956],[-70.50691379099999,-33.50030967599997],[-70.50685814299999,-33.50029781899997],[-70.50683518199997,-33.500292867999974],[-70.50680793199996,-33.50028788299994],[-70.50678156799995,-33.50028305899997],[-70.50674718599998,-33.50026201299994],[-70.50670508299999,-33.50024259399993],[-70.50664392499993,-33.50022304699996],[-70.50659800199998,-33.50020683099996],[-70.50654874899993,-33.500188874999935],[-70.50639266699994,-33.50016747199993],[-70.50636665799993,-33.500163904999965],[-70.50614819899994,-33.500134764999984],[-70.50599480699998,-33.500091587999975],[-70.50592597499997,-33.50005149799995],[-70.50584758199994,-33.50001263599995],[-70.50574480299997,-33.49996527299993],[-70.50572138099994,-33.49995433199996],[-70.50568739999994,-33.499937699999975],[-70.50561907199994,-33.49990813799997],[-70.50553910799994,-33.49987799699994],[-70.50546151299994,-33.499847915999965],[-70.50538159299998,-33.49981407599995],[-70.50531066199994,-33.49978959699996],[-70.50524626499998,-33.49976323399994],[-70.50516855199999,-33.499738745999935],[-70.50516056299995,-33.49973639399997],[-70.50511088399998,-33.49972176999995],[-70.50503983399994,-33.49970288299994],[-70.50495539199994,-33.499687585999936],[-70.50488869099996,-33.49968361599997],[-70.50482421899994,-33.49967781599997],[-70.50477305199996,-33.49967573199996],[-70.50472418799995,-33.49966992299994],[-70.50466738599994,-33.49965947499993],[-70.50457495199998,-33.49964891899998],[-70.50450826299993,-33.49963935699998],[-70.50445273599996,-33.499627946999965],[-70.50439719799994,-33.49962212799994],[-70.50432380199999,-33.49961066399993],[-70.50300999999996,-33.499589999999955],[-70.50278000099996,-33.499559999999974],[-70.50210999999996,-33.49948999999998],[-70.50187400499993,-33.499466094999946],[-70.50183052599994,-33.49946649999998],[-70.50178161899998,-33.49946438699993],[-70.50171045999997,-33.49946407699997],[-70.50159028799999,-33.49948041499994],[-70.50150353099997,-33.49949309999994],[-70.50146749899994,-33.49949479899993],[-70.50140520199994,-33.499496455999974],[-70.50134293499997,-33.499499915999934],[-70.50125837399997,-33.49950887699998],[-70.50118042299994,-33.49951415099997],[-70.50111148199994,-33.49951760199997],[-70.50106259699999,-33.499522973999944],[-70.50100028699995,-33.49953013199996],[-70.50093569499995,-33.49952983199995],[-70.50087128699994,-33.49952772699993],[-70.50081791499997,-33.49951637899994],[-70.50076688899998,-33.49949751699995],[-70.50069811199995,-33.49947300899993],[-70.50061608499993,-33.499435493999954],[-70.50054292899995,-33.49939426399993],[-70.50047203299994,-33.49935300599998],[-70.50042105199998,-33.499311777999935],[-70.50038453699995,-33.499297970999976],[-70.50032485999998,-33.499245574999975],[-70.50028057399999,-33.499211841999966],[-70.50023843099996,-33.49918376399995],[-70.50020302599995,-33.49915939199997],[-70.50017863499994,-33.49913696099998],[-70.50013903599995,-33.49907539299994],[-70.50010380799995,-33.49901756099996],[-70.50006414399996,-33.498952206999945],[-70.50003324199997,-33.49890180699998],[-70.50001134999997,-33.49884958499996],[-70.49998506699995,-33.49878614299996],[-70.49996755899997,-33.49873215399998],[-70.49996113499998,-33.498696698999936],[-70.49996572299995,-33.49866318499994],[-70.49996819199998,-33.498631590999935],[-70.49997959799998,-33.49858139999998],[-70.49998875299997,-33.49852555499996],[-70.50000245099994,-33.49847723099998],[-70.50000560899997,-33.49844215099995],[-70.50000714799995,-33.498425047999945],[-70.50001857599995,-33.49836367399996],[-70.50003680799995,-33.49829112499998],[-70.50003697299996,-33.49826325699996],[-70.50003482699998,-33.498251152999956],[-70.50003268099994,-33.49823904899995],[-70.50001065799995,-33.49819792099993],[-70.49998642899999,-33.49816619899997],[-70.49995919299994,-33.49814109699997],[-70.49989278699996,-33.498097980999944],[-70.49985063299994,-33.49807540399996],[-70.49980181699993,-33.49804731599994],[-70.49974648799997,-33.49800983799997],[-70.49970440999994,-33.49798545699997],[-70.49962450499999,-33.49794602099996],[-70.49961087499997,-33.49793975899996],[-70.49957133899994,-33.49792159399993],[-70.49952258599996,-33.49789720299998],[-70.49946472599999,-33.497887711999965],[-70.49933817399994,-33.49786480399996],[-70.49924932199997,-33.49784955599995],[-70.49919372199997,-33.497840037999936],[-70.49917931199997,-33.49783719299995],[-70.49916488299993,-33.497834343999955],[-70.49913378299993,-33.49782858899994],[-70.49912157699998,-33.497825761999934],[-70.49910935799994,-33.49782293199996],[-70.49907162799997,-33.49781346799995],[-70.49903831199998,-33.49780404099994],[-70.49900496299995,-33.49779272099994],[-70.49897398099995,-33.49778137199996],[-70.49893626399995,-33.49776640699997],[-70.49888969599994,-33.497743792999984],[-70.49883194399996,-33.49771563199994],[-70.49879591599995,-33.49769875299995],[-70.49874259899997,-33.49767802399998],[-70.49869148799996,-33.49766664799995],[-70.49861148399998,-33.497658867999974],[-70.49854478499998,-33.49765489499998],[-70.49849368199995,-33.49765650499995],[-70.49844253799995,-33.49766190399998],[-70.49840911099994,-33.497671055999945],[-70.49836676999996,-33.497687620999955],[-70.49831990899997,-33.49770423999996],[-70.49821518099998,-33.49774843499995],[-70.49813935999998,-33.49778353199997],[-70.49805459199996,-33.49782414799995],[-70.49797434499999,-33.497864798999956],[-70.49790512099997,-33.49790170999995],[-70.49784722399994,-33.497927570999934],[-70.49779813199996,-33.49794593099995],[-70.49775256199996,-33.49797498099997],[-70.49764335499998,-33.49801544099995],[-70.49755417399996,-33.498056109999936],[-70.49746720699994,-33.49810035999997],[-70.49738903799994,-33.49814287899994],[-70.49731766099995,-33.49817981599995],[-70.49724634899997,-33.49822053899993],[-70.49719048499998,-33.49825196699993],[-70.49713472899998,-33.49828339399994],[-70.49708350399999,-33.498309174999974],[-70.49701874799996,-33.49833683199995],[-70.49697640799997,-33.498353486999974],[-70.49694050799997,-33.49837529399997],[-70.49684530199994,-33.49841830399998],[-70.49673525899993,-33.49847688699998],[-70.49664392299997,-33.49851749099997],[-70.49655919599996,-33.49855431799995],[-70.49648329799999,-33.49859130899995],[-70.49640969099994,-33.49863007499994],[-70.49635166199994,-33.49866702999998],[-70.49630262299996,-33.49869476799995],[-70.49623115799994,-33.49873918999998],[-70.49617766199998,-33.498770588999946],[-70.49614187599997,-33.49879284599996],[-70.49607945499997,-33.498818580999966],[-70.49602152499995,-33.49884254799997],[-70.49596363799998,-33.498862816999974],[-70.49588032399998,-33.49888799299998],[-70.49575555999996,-33.498937747999946],[-70.49563959099999,-33.498985682999944],[-70.49555477599995,-33.49902999599993],[-70.49548566899995,-33.49906131299997],[-70.49545917399996,-33.49907415799993],[-70.49539428799994,-33.49910561399997],[-70.49532060499996,-33.49914627499993],[-70.49526040299997,-33.49917585999998],[-70.49520238399998,-33.49920722299993],[-70.49517017899996,-33.49922397499995],[-70.49512428699995,-33.499247846999936],[-70.49504177699998,-33.49928852399995],[-70.49497941999994,-33.49931804599993],[-70.49493924299998,-33.499329081999974],[-70.49490527099994,-33.49933787899994],[-70.49485409299996,-33.499341382999944],[-70.49479173999998,-33.49935232599995],[-70.49473606099997,-33.499363278999965],[-70.49462923399994,-33.49937953799997],[-70.49454235599995,-33.499397811999984],[-70.49447343599996,-33.499408743999936],[-70.49443331299994,-33.49941039999993],[-70.49439110199995,-33.499415778999946],[-70.49435104399998,-33.499421222999956],[-70.49431981199996,-33.499426649999975],[-70.49428424399997,-33.49943023499998],[-70.49423969699995,-33.49943753599996],[-70.49419292099998,-33.49944666799996],[-70.49412832699994,-33.49946503299998],[-70.49408384199995,-33.49947594099996],[-70.49403932699994,-33.499485135999976],[-70.49398810399998,-33.499492336999936],[-70.49394723099994,-33.49949418199998],[-70.49390057399995,-33.499497720999955],[-70.49382947199996,-33.49948811699994],[-70.49376941299994,-33.499482257999944],[-70.49372497599995,-33.49947088899995],[-70.49367397199995,-33.49945950999995],[-70.49362063199999,-33.49944996199997],[-70.49355401799994,-33.49943849999994],[-70.49350287599998,-33.499425318999954],[-70.49343622999999,-33.49941196299994],[-70.49338733599996,-33.49940434599995],[-70.49333181099996,-33.49939292999994],[-70.49329188399997,-33.49938718899995],[-70.49325192399994,-33.49937955399997],[-70.49320525799999,-33.49937001599994],[-70.49314293899994,-33.499364183999944],[-70.49307627199994,-33.499362100999974],[-70.49300942099995,-33.49936191499995],[-70.49297386399996,-33.499359907999974],[-70.49291379399995,-33.499359639999966],[-70.49285378899998,-33.499363158999984],[-70.49277591199996,-33.49936653299994],[-70.49271801599997,-33.49937372399995],[-70.49265350999997,-33.49938469199998],[-70.49259786099998,-33.49939744699998],[-70.49254878099998,-33.499410302999934],[-70.49249979599995,-33.499428749999936],[-70.49244853799996,-33.49945272499997],[-70.49241274999997,-33.49947489099998],[-70.49236591499994,-33.499511979999966],[-70.49229075699998,-33.49957865199997],[-70.49216340099997,-33.49970862899994],[-70.49208394499993,-33.49981482299995],[-70.49205194899997,-33.499887945999944],[-70.49198887599994,-33.49998001499995],[-70.49196598199995,-33.500045290999935],[-70.49196113099998,-33.500085586999944],[-70.49195309199996,-33.50015532599997],[-70.49193209699996,-33.50022367399998],[-70.49192740599995,-33.50027325399998],[-70.49190266499994,-33.50033855199996],[-70.49188322599997,-33.50038985699996],[-70.49182183899995,-33.50047261999998],[-70.49180949499998,-33.500506815999984],[-70.49173509999997,-33.50058509199994],[-70.49169676699995,-33.50061186299996],[-70.49159807099994,-33.500673408999944],[-70.49156897199998,-33.50070006799996],[-70.49153077199998,-33.50073457599996],[-70.49150737299993,-33.50077045299997],[-70.49146175799996,-33.50080350199994],[-70.49143975499999,-33.500813051999955],[-70.49136625099999,-33.500835603999974],[-70.49132393199994,-33.50084539899996],[-70.49122066599995,-33.500855927999964],[-70.49108581699994,-33.50085600299997],[-70.49098771899997,-33.50084480299995],[-70.49091141399998,-33.500811673999976],[-70.49072060099996,-33.50077992299998],[-70.49059244999995,-33.500739678999935],[-70.49051373999998,-33.500674078999964],[-70.49047437199994,-33.50064050499998],[-70.49042600899998,-33.500620967999964],[-70.49037965099996,-33.50061069299994],[-70.49034068099996,-33.50060032799996],[-70.49026720299997,-33.500624426999934],[-70.49023076999998,-33.50065426899994],[-70.49018528699997,-33.50069505499994],[-70.49014162499998,-33.50073426999995],[-70.49009242199998,-33.50077355199994],[-70.49002474999998,-33.50081305599997],[-70.48996794799996,-33.500840048999976],[-70.48989045799993,-33.500845623999965],[-70.48985718799997,-33.50084447599994],[-70.48981280899994,-33.50084191499997],[-70.48972146399996,-33.50079348999998],[-70.48955090599998,-33.500650064999945],[-70.48952441299997,-33.50061324099994],[-70.48947369899997,-33.50056432699995],[-70.48942116499995,-33.500516982999955],[-70.48937625699995,-33.50048347599994],[-70.48929124699998,-33.500481401999934],[-70.48922890399996,-33.50050846099998],[-70.48918695599997,-33.50053991799996],[-70.48915033599997,-33.500558928999965],[-70.48913031199999,-33.50057619399996],[-70.48903314299997,-33.50061914699995],[-70.48898391299997,-33.50065688199993],[-70.48893502799996,-33.50071473099996],[-70.48891178699995,-33.50075989099997],[-70.48889777999995,-33.500804939999966],[-70.48886029399995,-33.500881223999954],[-70.48882422999998,-33.50093272799995],[-70.48879671999998,-33.50105222499997],[-70.48873152999994,-33.50112884199996],[-70.48871754999993,-33.50117543799996],[-70.48870533699994,-33.50121736999995],[-70.48868043399995,-33.501273383999944],[-70.48865339299994,-33.50131239899997],[-70.48862841099998,-33.501363769999955],[-70.48855749399996,-33.50142962199993],[-70.48849359499997,-33.50147372299995],[-70.48845156599998,-33.50150053799996],[-70.48833384099999,-33.501529808999976],[-70.48824360799995,-33.50154636899998],[-70.48814034099996,-33.501556895999954],[-70.48803506699994,-33.501558159999945],[-70.48798852399995,-33.501537052999936],[-70.48789498699995,-33.50146853399997],[-70.48780335099997,-33.50140308699997],[-70.48776382499994,-33.50136022899994],[-70.48774097399996,-33.50132026499995],[-70.48763836199998,-33.50126114099993],[-70.48759561799994,-33.501246177999974],[-70.48747517299995,-33.50122440999996],[-70.48742530699997,-33.50122500899994],[-70.48734839899998,-33.50126462199995],[-70.48727323199995,-33.50129802499998],[-70.48717445299997,-33.50135492499993],[-70.48705728299996,-33.50141668799995],[-70.48697802499998,-33.501426924999976],[-70.48688388599999,-33.50143114999997],[-70.48681555099995,-33.50143197099993],[-70.48674716299996,-33.501429695999946],[-70.48667478999994,-33.501410445999966],[-70.48660254899994,-33.50139893199997],[-70.48652671999997,-33.501393650999944],[-70.48648622099995,-33.50140187599993],[-70.48643838699996,-33.50141328299998],[-70.48635928799996,-33.50143280299994],[-70.48625251099998,-33.50145420299998],[-70.48614723799994,-33.50145546599998],[-70.48607874399994,-33.50144700199996],[-70.48600096199993,-33.501435554999944],[-70.48589943599995,-33.50143986799998],[-70.48585368599998,-33.50146517799993],[-70.48577279299997,-33.50148781499996],[-70.48572495899998,-33.50149922199995],[-70.48563459299999,-33.501508043999934],[-70.48554229999996,-33.50151224599995],[-70.48547554699996,-33.50149756999997],[-70.48543910399997,-33.50146245899998],[-70.48540171899998,-33.50144143199998],[-70.48538162299997,-33.501432127999976],[-70.48532719299993,-33.50141369199997],[-70.48524705299997,-33.50139079099995],[-70.48516699399994,-33.50137266199994],[-70.48512232499996,-33.50125866299993],[-70.48508444999999,-33.50120900799993],[-70.48502647999999,-33.50115004999998],[-70.48498848399998,-33.50109323799995],[-70.48495626399995,-33.50104112899993],[-70.48490150799995,-33.50100360699997],[-70.48484150599995,-33.50099239599996],[-70.48465071799995,-33.50099468199994],[-70.48457631499997,-33.50097409899996],[-70.48451309799998,-33.50094144999997],[-70.48447221399994,-33.50088228699997],[-70.48444235299996,-33.50080151599997],[-70.48440997099993,-33.50073986399997],[-70.48439487799993,-33.50068993599996],[-70.48439662599998,-33.50062548999995],[-70.48441806199997,-33.50054648999998],[-70.48442542399994,-33.500477203999935],[-70.48442729399994,-33.50041991399996],[-70.48438954299996,-33.500377415999935],[-70.48438319599995,-33.50033931399997],[-70.48436505199999,-33.50027749199995],[-70.48432725999999,-33.500232607999976],[-70.48428393599994,-33.50019733499994],[-70.48423499799998,-33.50016690199993],[-70.48420294199997,-33.50012433499995],[-70.48417381499996,-33.500086505999946],[-70.48409896399994,-33.50003967999993],[-70.48403615599995,-33.50003088799997],[-70.48397916399995,-33.50002918399997],[-70.48392481699995,-33.50001551899993],[-70.48385111199997,-33.50000279499994],[-70.48365828499993,-33.49986936099998],[-70.48358295099996,-33.49982625299998],[-70.48349702599995,-33.49978424999995],[-70.48337455299998,-33.49971917499994],[-70.48332153399997,-33.49967254599994],[-70.48332144099999,-33.49967246399996],[-70.48326838999998,-33.49962935899998],[-70.48320185299997,-33.49958443199995],[-70.48313992499999,-33.499532054999975],[-70.48308021299994,-33.499483348999945],[-70.48303808699995,-33.49944967299996],[-70.48298735499998,-33.49939734199995],[-70.48292690199997,-33.49933673999993],[-70.48288935399995,-33.49929372099996],[-70.48285402399995,-33.49925455299996],[-70.48282088999997,-33.49921156999994],[-70.48278337499994,-33.49917044399996],[-70.48275244599995,-33.49913681499993],[-70.48271482199993,-33.49909568999993],[-70.48267055599996,-33.49905635799996],[-70.48262189699994,-33.49902456399997],[-70.48258645199996,-33.49900388499998],[-70.48254432699997,-33.49897020999998],[-70.48250674299999,-33.49894396499997],[-70.48242028999994,-33.498898914999984],[-70.48237371999994,-33.49886339799997],[-70.48231621399998,-33.498824043999946],[-70.48225640199996,-33.49878841599997],[-70.48221651299997,-33.49876589599995],[-70.48218318999994,-33.49874338799998],[-70.48213675899996,-33.49870967299995],[-70.48210122699999,-33.49869647999998],[-70.48206352299997,-33.49867582799993],[-70.48203176199996,-33.49866286099996],[-70.48199181599995,-33.49864963099998],[-70.48194735599998,-33.49864944099994],[-70.48191182999994,-33.49864923499996],[-70.48187842699997,-33.49864728899996],[-70.48184295799996,-33.49863779299994],[-70.48179403399996,-33.498628277999956],[-70.48179169499997,-33.49862736199998],[-70.48175768599998,-33.49859101199996],[-70.48172764299994,-33.498550954999985],[-70.48170761499995,-33.49848419299997],[-70.48160084599994,-33.49839077799993],[-70.48154348999998,-33.49836760199997],[-70.48149117799994,-33.49830618799996],[-70.48145643899994,-33.498273196999946],[-70.48128372099995,-33.49816549999997],[-70.48120895499994,-33.49812344399993],[-70.48116827699994,-33.49807620699994],[-70.48109286099998,-33.497995979999985],[-70.48106300499995,-33.49791520799994],[-70.48090647299995,-33.49771309399995],[-70.48085413199993,-33.497676343999956],[-70.48081885899995,-33.49762779599996],[-70.48074165299994,-33.49752509599995],[-70.48071521499998,-33.497489608999956],[-70.48065768099997,-33.49743911699994],[-70.48061325799995,-33.49742210699998],[-70.48056389699997,-33.497372361999965],[-70.48044316599999,-33.49730699299994],[-70.48038572999997,-33.49727904499997],[-70.48028769799998,-33.49720863299996],[-70.48026410599994,-33.497161191999965],[-70.48021171499994,-33.49709500599994],[-70.48014191399994,-33.49700993799996],[-70.48007845799998,-33.496962973999985],[-70.47989020199998,-33.496946133999984],[-70.47978175599997,-33.496933111999965],[-70.47966191899997,-33.496920226999976],[-70.47949099199997,-33.49691749599998],[-70.47946219199997,-33.49689875099995],[-70.47924456899995,-33.49682976499997],[-70.47901923699999,-33.49677577899996],[-70.47867434999995,-33.496793621999984],[-70.47862870999995,-33.49678939399996],[-70.47841775599994,-33.49677759499997],[-70.47831500499996,-33.49676450399994],[-70.47816612699995,-33.49671855799994],[-70.47804564199998,-33.496667499999944],[-70.47793109599996,-33.49663068899997],[-70.47782248799996,-33.49660812299993],[-70.47765709299995,-33.49659577899996],[-70.47753123899997,-33.496563873999946],[-70.47726033799995,-33.49637621299996],[-70.47717882699999,-33.49627219499996],[-70.47708584499998,-33.49616354099993],[-70.47702687099996,-33.496044936999965],[-70.47698562899996,-33.49596429999997],[-70.47684999999996,-33.49579999899993],[-70.47680980299998,-33.49576797299994],[-70.47696335799998,-33.49565913899994],[-70.47706521699996,-33.49561974599993],[-70.47709881799994,-33.495585938999966],[-70.47707385099994,-33.49545738499995],[-70.47705026099999,-33.49540994399996],[-70.47697509499994,-33.49534402799998],[-70.47687739199995,-33.49529269799996],[-70.47681393899995,-33.495245730999955],[-70.47668776199998,-33.49519473999993],[-70.47656207199998,-33.49517237699996],[-70.47641929699995,-33.495150216999946],[-70.47619126299998,-33.49513861699995],[-70.47583192499997,-33.49510949199998],[-70.47564391599997,-33.49510695999993],[-70.47538732699996,-33.49509092599993],[-70.47501684299993,-33.495076248999965],[-70.47484591899996,-33.49507351099993],[-70.47466344299994,-33.49506136699995],[-70.47445818799997,-33.495049492999954],[-70.47431012399994,-33.495051254999964],[-70.47423039699999,-33.49505220399993],[-70.47413342399994,-33.49504381299994],[-70.47400236299995,-33.49504059999998],[-70.47386560699994,-33.49503745499993],[-70.47359185299996,-33.495016849999956],[-70.47347763499994,-33.49499911899994],[-70.47342589599998,-33.494971100999976],[-70.47336228399996,-33.49491458999995],[-70.47333308299994,-33.494871986999954],[-70.47323009199994,-33.49484457799997],[-70.47319022799996,-33.49484505199996],[-70.47309951599993,-33.49486999199996],[-70.47296429599999,-33.49495750099993],[-70.47290864099995,-33.495034518999944],[-70.47289260699995,-33.49509674899997],[-70.47288844799994,-33.49518747199994],[-70.47286696199996,-33.495264084999974],[-70.47282261499998,-33.49533619599998],[-70.47275476299995,-33.49536563699996],[-70.47261182699998,-33.49533392999996],[-70.47243456099994,-33.49529308599995],[-70.47228528399995,-33.49522327599993],[-70.47214642899996,-33.495096073999946],[-70.47196177299998,-33.49495509899998],[-70.47194201099995,-33.494825171999935],[-70.47190030299998,-33.494688580999934],[-70.47189941399995,-33.494636096999955],[-70.47177877499996,-33.49457548999993],[-70.47165300599994,-33.494548349999945],[-70.47157889299996,-33.49454445799995],[-70.47148216299996,-33.494550379999964],[-70.47122756999994,-33.49459166599996],[-70.47106773699994,-33.494631657999946],[-70.47088093999997,-33.494700687999966],[-70.47079143699995,-33.49479719599998],[-70.47071211399998,-33.49482199899995],[-70.47058755499995,-33.494866428999956],[-70.47049187299996,-33.494934376999936],[-70.47041880899997,-33.494992510999964],[-70.47037991299999,-33.495050239999955],[-70.47034671299997,-33.49510790199997],[-70.47025632199995,-33.49515192499996],[-70.47019416299997,-33.49518129699993],[-70.47010906399998,-33.49520139599997],[-70.47000086299994,-33.49520267999998],[-70.46989217699996,-33.49517533599993],[-70.46977089299997,-33.49507655599996],[-70.46970671799994,-33.49498664399994],[-70.46960276099998,-33.49490197599994],[-70.46932000799995,-33.49468580399997],[-70.46884650999993,-33.49430486299997],[-70.46846437299996,-33.49393715399998],[-70.46814270599998,-33.49343987499998],[-70.46773578399996,-33.49295314999995],[-70.46731683299998,-33.49242838799995],[-70.46715040099997,-33.492354001999956],[-70.46708703599995,-33.49231180099997],[-70.46695549599997,-33.49227995299998],[-70.46685852699994,-33.492271555999935],[-70.46679019199996,-33.49227236599995],[-70.46675032899998,-33.49227283699997],[-70.46661357799996,-33.49226968399995],[-70.46657371599997,-33.49227015599996],[-70.46643704499996,-33.49227177399996],[-70.46635154499995,-33.49226801299994],[-70.46628312899998,-33.49226405099995],[-70.46623163599997,-33.49225034299997],[-70.46613939599996,-33.49218462299996],[-70.46605902799996,-33.49214739499996],[-70.46592227699995,-33.49214424099995],[-70.46588241499995,-33.49214471299996],[-70.46577421699993,-33.49214599299995],[-70.46571743199996,-33.49215620899997],[-70.46560923399994,-33.492157488999965],[-70.46533725899997,-33.49224183499996],[-70.46506023199998,-33.492364418999955],[-70.46498106999996,-33.49239876099995],[-70.46483333099997,-33.49241959699998],[-70.46474831299997,-33.49244446399996],[-70.46467484499993,-33.49247873899998],[-70.46455614199994,-33.492532636999954],[-70.46438000999996,-33.49255858099997],[-70.46426611699997,-33.492559926999945],[-70.46416313099996,-33.49253250999993],[-70.46407153499996,-33.49250495899997],[-70.46393341799995,-33.49242068899997],[-70.46385850399997,-33.49236907899996],[-70.46377260299994,-33.49234145999998],[-70.46352187899998,-33.49233487799995],[-70.46325423099995,-33.49233803899995],[-70.46298088899994,-33.49234126699997],[-70.46263062999998,-33.492512432999945],[-70.46216310799997,-33.49282337899996],[-70.46153244099997,-33.49325555499996],[-70.46106426999995,-33.49352832599993],[-70.46064574599995,-33.49370506399998],[-70.46051612899998,-33.49378772099993],[-70.46042645499995,-33.493874679999976],[-70.46021285899997,-33.49404422799995],[-70.46006102299998,-33.49416055299997],[-70.45983996899997,-33.49422519799998],[-70.45960656299997,-33.49423271999996],[-70.45942994599994,-33.49423002899994],[-70.45916662599996,-33.494152000999975],[-70.45901856199998,-33.49415374499995],[-70.45889375699994,-33.49418384799998],[-70.45884851899996,-33.494203469999945],[-70.45881515099995,-33.49425158599996],[-70.45870831099995,-33.49433397299998],[-70.45862866399995,-33.494339682999964],[-70.45853746799997,-33.494335984999964],[-70.45845758099995,-33.49432738099995],[-70.45836076999996,-33.494328519999954],[-70.45824133899998,-33.49433947099993],[-70.45813995299994,-33.494407475999935],[-70.45791464199993,-33.494558068999936],[-70.45775670699999,-33.49465060199998],[-70.45756436299996,-33.49472922199993],[-70.45708334299997,-33.494916226999976],[-70.45686396299993,-33.495081065999955],[-70.45677396399998,-33.495148935999964],[-70.45662052299997,-33.49516982999995],[-70.45650093199998,-33.495171235999976],[-70.45640411999995,-33.495172373999935],[-70.45633546199997,-33.49515409199995],[-70.45626672499998,-33.495131037999954],[-70.45615266799996,-33.49512283399997],[-70.45603869199994,-33.495119400999954],[-70.45589062599998,-33.49512114199996],[-70.45581153699999,-33.49516024899998],[-70.45572177799994,-33.49524243299993],[-70.45544835799996,-33.49546351099997],[-70.45516444099997,-33.49550020399994],[-70.45501934099997,-33.495509065999954],[-70.45485787599995,-33.49556107199993],[-70.45473057999999,-33.49561267599995],[-70.45457705799998,-33.49562879499996],[-70.45433787299999,-33.495631602999936],[-70.45417520999996,-33.495612036999944],[-70.45391870199995,-33.49560073099997],[-70.45376493999999,-33.49560253499993],[-70.45360263699996,-33.495604439999966],[-70.45342336799996,-33.49561370199996],[-70.45313340799999,-33.49564573699996],[-70.45284296899996,-33.49564914299998],[-70.45267176399994,-33.495629674999975],[-70.45245772799996,-33.49560355099993],[-70.45223514999998,-33.49557752599998],[-70.45203867699996,-33.49557982899995],[-70.45183449799998,-33.49563233199996],[-70.45171633899997,-33.49571961799995],[-70.45153814499997,-33.49579328999994],[-70.45130774099994,-33.49581030699994],[-70.45110284399993,-33.49581986499993],[-70.45097470899998,-33.49582136599997],[-70.45090601199996,-33.49580069499996],[-70.45074287199998,-33.495752495999966],[-70.45063821499997,-33.49562486999997],[-70.45062895699994,-33.495582026999955],[-70.45026707599999,-33.49540014399997],[-70.45009396299997,-33.49526615899998],[-70.45002466999995,-33.495209702999944],[-70.44987801899998,-33.49512551699996],[-70.44976565699994,-33.495048088999965],[-70.44961118099997,-33.49500694599993],[-70.44945682399998,-33.494972959999984],[-70.44935407799994,-33.49495984499998],[-70.44883264299995,-33.49494446899996],[-70.44876335099997,-33.494888010999944],[-70.44862512499998,-33.49479656699998],[-70.44856401799996,-33.49471853899996],[-70.44821636899997,-33.49436467999993],[-70.44800031199998,-33.49421687699993],[-70.44783622299997,-33.49411141799993],[-70.44769811799995,-33.49402712999995],[-70.44752608399995,-33.49395755599994],[-70.44730362999996,-33.49393867899994],[-70.44694414499997,-33.49389992699997],[-70.44677270599993,-33.49386613699994],[-70.44657480799998,-33.49378254599998],[-70.44646256999994,-33.49371227199998],[-70.44629907899997,-33.49364259599997],[-70.44617817999995,-33.49356526399998],[-70.44611790899995,-33.49353733399994],[-70.44592807799995,-33.49342501399997],[-70.44565270799995,-33.49330653299995],[-70.44551496299994,-33.49324371399996],[-70.44545457399994,-33.493208625999955],[-70.44534221799995,-33.49313119399994],[-70.44528147199998,-33.49307463499997],[-70.44521242199994,-33.49303248899997],[-70.44505818899995,-33.49300565499993],[-70.44481900999995,-33.49300844399994],[-70.44457888099998,-33.49295397599997],[-70.44434669999998,-33.49286362299995],[-70.44424348199993,-33.49282187599994],[-70.44408865499997,-33.492759253999964],[-70.44391638799993,-33.492675359999964],[-70.44358822599997,-33.492464429999984],[-70.44331262499998,-33.49233162999997],[-70.44303014399998,-33.49229912799996],[-70.44285918499997,-33.49229396099997],[-70.44252580899996,-33.49228352599994],[-70.44214141799995,-33.49228800099996],[-70.44200391499999,-33.49223949199995],[-70.44172938399998,-33.49217110199993],[-70.44132695999997,-33.49211851599995],[-70.44115564599997,-33.49209187499997],[-70.44098480599996,-33.49209386199993],[-70.44077944199995,-33.492074774999935],[-70.44057407799994,-33.49205568799994],[-70.44049696299999,-33.49204226699993],[-70.44026597299995,-33.492023476999975],[-70.44016311399997,-33.49200319799996],[-70.44012870899996,-33.491989280999974],[-70.44001695199995,-33.49194762899998],[-70.43982879099997,-33.491935498999965],[-70.43929977899995,-33.491977437999935],[-70.43876257999995,-33.49204094499993],[-70.43834544199996,-33.49213168999995],[-70.43800518099994,-33.49222154199998],[-70.43754680499995,-33.49217807599996],[-70.43699287899994,-33.49211232799996],[-70.43677237699995,-33.493346034999945],[-70.43651978499997,-33.494095725999955],[-70.43641874199994,-33.49543633899998],[-70.43650071499997,-33.49695060099998],[-70.43679512199998,-33.497531795999976],[-70.43705908699997,-33.49799403499998],[-70.43743666599994,-33.49842993599998],[-70.43778224099998,-33.49887714899995],[-70.43818879899999,-33.49928370699996],[-70.43857502899994,-33.49979190499994],[-70.43871849399994,-33.499999930999934],[-70.43898158599995,-33.500381414999936],[-70.43938814499995,-33.500889610999934],[-70.44007929299994,-33.50143846499998],[-70.44058748999998,-33.50182469499998],[-70.44103470399995,-33.502312563999965],[-70.44140060599995,-33.50280043399994],[-70.44190880399998,-33.50308502499996],[-70.44241700099997,-33.50355256599994],[-70.44306575199994,-33.50426184199995],[-70.44385901699997,-33.50469165099997],[-70.44492503899994,-33.505080093999936],[-70.44529050099999,-33.505111435999936],[-70.44606271199996,-33.504980916999955],[-70.44694946299995,-33.50486557099998],[-70.44753087999999,-33.50488741199996],[-70.44807184899997,-33.50494109599998],[-70.44849344699998,-33.50521976599998],[-70.44881716699996,-33.50550231799997],[-70.44921935399998,-33.50570759499993],[-70.44961899599997,-33.505760185999975],[-70.45016927099994,-33.50596372699994],[-70.45077527499996,-33.50629507899998],[-70.45141353199995,-33.50678907799994],[-70.45210529399998,-33.507277289999934],[-70.45275293299994,-33.50785191699998],[-70.45309993799998,-33.50816281799996],[-70.45335597299999,-33.50848432999993],[-70.45414208499994,-33.50916231499997],[-70.45467472299998,-33.50987454199998],[-70.45529380999994,-33.51058047699996],[-70.45640356299998,-33.511531435999984],[-70.45820325999995,-33.51285604699996],[-70.45998006699995,-33.51417135699995],[-70.46110804799997,-33.51484526399997],[-70.46276169799995,-33.51560839999996],[-70.46394360899995,-33.516208982999956],[-70.46444555999994,-33.516810204999956],[-70.46493273099998,-33.51731984999998],[-70.46551780799996,-33.518229205999944],[-70.46610547399996,-33.51929124099996],[-70.46636835499999,-33.52001351499996],[-70.46646980599996,-33.52062316599995],[-70.46687714399997,-33.521801865999976],[-70.46717765299996,-33.52340179099997],[-70.46754588999994,-33.524962733999985],[-70.46836440599998,-33.52619382199998],[-70.46901772699994,-33.52679133799995],[-70.47013421199995,-33.52707001099998],[-70.47066446499997,-33.52742640699995],[-70.47246025099997,-33.52781548099995],[-70.47446340999994,-33.528335683999956],[-70.47563661399994,-33.52897073599996],[-70.47665388699994,-33.52941822299994],[-70.47704111199994,-33.52969071299998],[-70.47794291399998,-33.530201733999945],[-70.47884364599997,-33.53058367899996],[-70.47972782699998,-33.530973985999935],[-70.47996481899997,-33.53150564599997],[-70.48003756499998,-33.53243059499994],[-70.47997048899998,-33.53317586899993],[-70.47982641399994,-33.53408431999998],[-70.47966231099997,-33.535155266999936],[-70.47957733099997,-33.535518973999956],[-70.47973554599997,-33.536108842999965],[-70.48015763799998,-33.536800546999984],[-70.48083954499998,-33.53735551899996],[-70.48174578099997,-33.537697822999974],[-70.48273109699994,-33.53799860999993],[-70.48333264399997,-33.53818467999997],[-70.48406299999994,-33.53840499599994],[-70.48469849299994,-33.53857633599995],[-70.48515598199998,-33.538835708999954],[-70.48565706399995,-33.53914466599997],[-70.48602982899996,-33.53944800199997],[-70.48629639299998,-33.54003894699997],[-70.48637628399996,-33.540710874999945],[-70.48624924699993,-33.54177899699994],[-70.48652755399996,-33.54255591799995],[-70.48677470899997,-33.54301108499993],[-70.48714129799998,-33.54327786699997],[-70.48935197699996,-33.54341782999995],[-70.49091881099997,-33.54346293999998],[-70.49225706399994,-33.54354276999993],[-70.49366839499999,-33.54342979599994],[-70.49469673399994,-33.54325746099994],[-70.49603278099994,-33.54320933899993],[-70.49670113499997,-33.54350920199994],[-70.49752917899997,-33.54355938599997],[-70.49868697199997,-33.54373310899996],[-70.49949373599998,-33.54421716799993],[-70.50000008399996,-33.544633095999984],[-70.50067836699998,-33.54515992499995],[-70.50099066899998,-33.545330270999955],[-70.50146668699995,-33.545623906999936],[-70.50163291899997,-33.545843798999954],[-70.50184969099996,-33.54602012799995],[-70.50236685099998,-33.54626439499998],[-70.50284883499995,-33.54645181999996],[-70.50296019499996,-33.546464784999955],[-70.50360172499995,-33.54648562799997],[-70.50411417899994,-33.54645792699995],[-70.50483906999995,-33.54635605899995],[-70.50648801499995,-33.54580628699995],[-70.50742122799994,-33.54539405999998],[-70.50864614799997,-33.54504269599994],[-70.50997710699994,-33.544890460999966],[-70.51148343299997,-33.54449984499996],[-70.51216008799997,-33.54421716799993],[-70.51369644799996,-33.54345632299993],[-70.51468038099995,-33.54301478899998],[-70.51587229899997,-33.54273534199996],[-70.51680993399998,-33.542580690999955],[-70.51734103899997,-33.54255394699993],[-70.51868894999996,-33.54248607099993],[-70.51961953399996,-33.542417385999954],[-70.52140728799998,-33.54248132799995],[-70.52181928399995,-33.54257648099997],[-70.52393910199999,-33.54305148699996],[-70.52457293999998,-33.54312242499998],[-70.52511169599995,-33.54313368499993],[-70.52563518299996,-33.54324892599993],[-70.52702044199998,-33.54327121799997],[-70.52733780299997,-33.54333172799994],[-70.52763486899994,-33.543453332999945],[-70.52790736599997,-33.543636085999935],[-70.52908151699995,-33.54404870199994],[-70.53052944299998,-33.544068986999946],[-70.53140476399994,-33.544058975999974],[-70.53180794999997,-33.54417725099995],[-70.53250146299996,-33.544722243999956],[-70.53288329399999,-33.54524690699998],[-70.53338928699998,-33.54594247899996],[-70.53379438299999,-33.54629060299993],[-70.53436290699995,-33.546856221999974],[-70.53513842399997,-33.54752425999993],[-70.53614871399998,-33.54793167999998],[-70.53656488899998,-33.54826056899998],[-70.53715488399996,-33.548749552999936],[-70.53745524399994,-33.548974887999975],[-70.53798201099994,-33.54911150999993],[-70.53864367399996,-33.549141464999934],[-70.53916688899994,-33.54907769499994],[-70.53958804399997,-33.549043823999966],[-70.54027915399996,-33.54880616099996],[-70.54113302599995,-33.54874781199993],[-70.54106320699998,-33.54901590999998],[-70.54176681399997,-33.54918005099995],[-70.54277050299999,-33.549807355999974],[-70.54389965399997,-33.55050993899994],[-70.54450186799994,-33.55096159999994],[-70.54548673399995,-33.55151588299998],[-70.54587900499996,-33.55217710399995],[-70.54639976199996,-33.55261441299996],[-70.54671283199997,-33.552911148999954],[-70.54707285099994,-33.55296391599995],[-70.54725757899996,-33.55277549199997],[-70.54726416699998,-33.55206091799994],[-70.54726829799995,-33.55157722499996],[-70.54731220099995,-33.55101178399997],[-70.54753803099999,-33.550384477999955],[-70.54786423099995,-33.549807355999974],[-70.54794632399995,-33.549694159999945],[-70.54820509199993,-33.54943958699994],[-70.54862137399994,-33.54908493299996],[-70.54898681499998,-33.54890618799993],[-70.54951350199997,-33.548689045999936],[-70.55005985099996,-33.54846724699996],[-70.55050801199997,-33.54827643899995],[-70.55097143099994,-33.548096200999964],[-70.55115132299994,-33.54802916799997],[-70.55165021999994,-33.547967238999945],[-70.55201633599995,-33.54795879799997],[-70.55270198199997,-33.54795778199997],[-70.55305832499994,-33.548000714999944],[-70.55363544699998,-33.54802580599994],[-70.55432686299997,-33.54796067399997],[-70.55671358299998,-33.547879974999944],[-70.55794503199996,-33.54783471899998],[-70.55879142099997,-33.54782737099998],[-70.56005618799998,-33.54780482399997],[-70.56115497299999,-33.547776640999984],[-70.56176573699997,-33.54777114199993],[-70.56268052699994,-33.54776069999997],[-70.56375689399994,-33.54773057199998],[-70.56605263299997,-33.54764312499998],[-70.56818267399996,-33.547574003999955],[-70.56774505999994,-33.54812967399994],[-70.56735995099996,-33.548596059999966],[-70.56673070499994,-33.54942265999995],[-70.56610180399997,-33.550210034999964],[-70.56580232299996,-33.55055834199993],[-70.56536673299996,-33.551104334999934],[-70.56503582099998,-33.55148938699995],[-70.56454786899997,-33.55206290499996],[-70.56397118199999,-33.55274026699993],[-70.56370637099997,-33.55302333599997],[-70.56342542799996,-33.55335401999997],[-70.56311136899996,-33.55373253199997],[-70.56270480199998,-33.55421493499995],[-70.56224504099998,-33.554783347999944],[-70.56094859599995,-33.55637374499997],[-70.56027430499995,-33.55718981199993],[-70.55980324699993,-33.55776151899994],[-70.55958918999994,-33.55803445899994],[-70.55902220299998,-33.558730639999965],[-70.55857883899995,-33.55926880599998],[-70.55815952199998,-33.559779800999934],[-70.55771769499995,-33.56029897999997],[-70.55722958599995,-33.56081905299993],[-70.55735314199995,-33.56084942299998],[-70.56030721899998,-33.56136112299998],[-70.56212732299997,-33.56167698199994],[-70.56342545299998,-33.56190157299994],[-70.56465736499996,-33.56212053899998],[-70.56557196899996,-33.56229429699994],[-70.56592708799997,-33.56235709199996],[-70.56658238499995,-33.56247048899996],[-70.56723773599998,-33.562586744999976],[-70.56824644799997,-33.562762944999974],[-70.56998256199995,-33.56306734899994],[-70.57255242999997,-33.563517186999945],[-70.57308257099999,-33.563612096999975],[-70.57528365899998,-33.56399927699994],[-70.57633185599997,-33.564182065999944],[-70.57776954099995,-33.564435757999945],[-70.57933075199998,-33.56471076299994],[-70.58105502199999,-33.56501802499997],[-70.58311863899996,-33.565365302999965],[-70.58450544199997,-33.56559035399994],[-70.58442661699996,-33.56603694599994],[-70.58421850899998,-33.56714727299993],[-70.58408943899997,-33.567820841999946],[-70.58387390399997,-33.56887919899998],[-70.58493890899996,-33.56901063599997],[-70.58600163799997,-33.56914209399997],[-70.58773534199997,-33.56937087699998],[-70.59217796999997,-33.56993417399997],[-70.59263496099999,-33.56998496299997],[-70.59326454299998,-33.56996193599997],[-70.59374999999994,-33.56962999999996],[-70.59496999999993,-33.569009999999935],[-70.59544999999997,-33.56886999999995],[-70.59665999999999,-33.56843999999995],[-70.59742381099994,-33.56810108899998],[-70.59770121199995,-33.56797800499993],[-70.59816999999998,-33.56776999999994],[-70.59867999899996,-33.567339998999955],[-70.59900999999996,-33.567230000999984],[-70.59998000099995,-33.56719999999996],[-70.60067196399996,-33.56735930899998],[-70.60113635299996,-33.56749752899998],[-70.60193752499998,-33.56790234399995],[-70.60243569999994,-33.56804717299997],[-70.60400062199994,-33.56850513499995],[-70.60433720399993,-33.568422692999945],[-70.60782879799996,-33.56935336899994],[-70.60974472299995,-33.56987501599997],[-70.61153940199995,-33.57031269399994],[-70.61190417299997,-33.567855074999954],[-70.61249627899997,-33.56378847299993],[-70.61269437499993,-33.562258061999955],[-70.61054558899997,-33.56202262199997],[-70.61234083699998,-33.55573416599998],[-70.61434210699997,-33.54878849299996],[-70.61499793999997,-33.54636046899998],[-70.61377273499994,-33.54657001999993],[-70.61345821299994,-33.54658151599995],[-70.61313176799996,-33.54659478899998],[-70.61191297099998,-33.546620907999966],[-70.61103442699994,-33.54665344099993],[-70.61058584999995,-33.546659502999944],[-70.61056667599996,-33.546163381999975],[-70.61055118199994,-33.54555871599996],[-70.61051002999994,-33.54449267899997],[-70.61046075599995,-33.54321915999998],[-70.61042292699995,-33.54233203499996],[-70.61040245699996,-33.541458999999975],[-70.61037467799997,-33.54088312599998],[-70.61032695099993,-33.53953904799994],[-70.61011082899995,-33.537295970999935],[-70.61011550699999,-33.536472715999935],[-70.61010613999997,-33.536159665999946],[-70.61007329699999,-33.53534882899993],[-70.61005426599996,-33.53489870599998],[-70.61003787799996,-33.53420695799997],[-70.60997849899996,-33.532925216999956],[-70.60997315899994,-33.532445088999964],[-70.60994697699994,-33.53180118999995],[-70.60993628499995,-33.53141657499998],[-70.60990846699997,-33.53049233399997],[-70.60984100299999,-33.528966124999954],[-70.60980069199996,-33.528328373999955],[-70.60977922499995,-33.52736229299995],[-70.60975404099997,-33.52677206699997],[-70.60974141799994,-33.52628308599998],[-70.60980637099993,-33.52556045499995],[-70.60986517299995,-33.52508247499998],[-70.60996746299998,-33.52426093199995],[-70.61002844299998,-33.523708359999944],[-70.61012821999998,-33.52294351799998],[-70.61015011499995,-33.52220354999997],[-70.61020620599999,-33.52157945899995],[-70.61036594799998,-33.52078401099993],[-70.61053787199995,-33.51949329499996],[-70.61061655799995,-33.51874363999997],[-70.61073889099998,-33.517659366999965],[-70.61092796299994,-33.51614174799994],[-70.61100212199995,-33.51553233399994],[-70.61103949899996,-33.515051649999975],[-70.61113911599995,-33.51408697499994],[-70.61127594299995,-33.51306293999994],[-70.61138051299997,-33.51215820999994],[-70.61145430499994,-33.51143713099998],[-70.61155403799995,-33.51054821199995],[-70.61158975399997,-33.51035447499993],[-70.61313440499998,-33.508864064999955],[-70.61382274599998,-33.50823008499998]]]}},{"type":"Feature","properties":{"CUT_REG":"13","CUT_PROV":"131","CUT_COM":"13111","REGION":"Metropolitana de Santiago","PROVINCIA":"Santiago","COMUNA":"La Granja","SUPERFICIE":10.05},"geometry":{"type":"Polygon","coordinates":[[[-70.63660464299994,-33.51872977099998],[-70.63607982299999,-33.518688991999966],[-70.63566457099995,-33.518647948999956],[-70.63488103699996,-33.51856404599994],[-70.63435593799994,-33.51851371099997],[-70.63388913299997,-33.51845783299996],[-70.63322550699996,-33.51838784699993],[-70.63240212799997,-33.51830564599993],[-70.63189118199995,-33.51825034299998],[-70.63127179199995,-33.51818453499993],[-70.63083217899998,-33.518135444999984],[-70.63015985699997,-33.51805720599998],[-70.62919659899995,-33.51795892999996],[-70.62844309099995,-33.517880555999966],[-70.62801638699995,-33.51783605799994],[-70.62776999999994,-33.51781999999997],[-70.62732960499994,-33.51774606299995],[-70.62709771699997,-33.51768468599994],[-70.62665276099995,-33.51750203199998],[-70.62589423599997,-33.517155274999936],[-70.62553065099996,-33.51698228599997],[-70.62457113199997,-33.51654987399996],[-70.62412718699994,-33.51634452999997],[-70.62330827299996,-33.515889982999965],[-70.62280245899996,-33.51565084699996],[-70.62196785099997,-33.51527046399997],[-70.62118747099998,-33.514895330999934],[-70.62074136199993,-33.51464943899998],[-70.62005979699995,-33.51437918599993],[-70.61951975799997,-33.51421325899997],[-70.61915746399995,-33.51410823699996],[-70.61798292599997,-33.513827713999945],[-70.61696858299996,-33.513583264999966],[-70.61599847399998,-33.51334300299993],[-70.61515696499998,-33.51312491699997],[-70.61495999999994,-33.51308999999998],[-70.61485999999996,-33.51308999999998],[-70.61475979299996,-33.51308453399997],[-70.61408517499996,-33.51308400999994],[-70.61237018299994,-33.51307294399993],[-70.61127594299995,-33.51306293999994],[-70.61113911599995,-33.51408697499994],[-70.61103949899996,-33.515051649999975],[-70.61100212199995,-33.51553233399994],[-70.61092796299994,-33.51614174799994],[-70.61073889099998,-33.517659366999965],[-70.61061655799995,-33.51874363999997],[-70.61053787199995,-33.51949329499996],[-70.61036594799998,-33.52078401099993],[-70.61020620599999,-33.52157945899995],[-70.61015011499995,-33.52220354999997],[-70.61012821999998,-33.52294351799998],[-70.61002844299998,-33.523708359999944],[-70.60996746299998,-33.52426093199995],[-70.60986517299995,-33.52508247499998],[-70.60980637099993,-33.52556045499995],[-70.60974141799994,-33.52628308599998],[-70.60975404099997,-33.52677206699997],[-70.60977922499995,-33.52736229299995],[-70.60980069199996,-33.528328373999955],[-70.60984100299999,-33.528966124999954],[-70.60990846699997,-33.53049233399997],[-70.60993628499995,-33.53141657499998],[-70.60994697699994,-33.53180118999995],[-70.60997315899994,-33.532445088999964],[-70.60997849899996,-33.532925216999956],[-70.61003787799996,-33.53420695799997],[-70.61005426599996,-33.53489870599998],[-70.61007329699999,-33.53534882899993],[-70.61010613999997,-33.536159665999946],[-70.61011550699999,-33.536472715999935],[-70.61011082899995,-33.537295970999935],[-70.61032695099993,-33.53953904799994],[-70.61037467799997,-33.54088312599998],[-70.61040245699996,-33.541458999999975],[-70.61042292699995,-33.54233203499996],[-70.61046075599995,-33.54321915999998],[-70.61051002999994,-33.54449267899997],[-70.61055118199994,-33.54555871599996],[-70.61056667599996,-33.546163381999975],[-70.61058584999995,-33.546659502999944],[-70.61103442699994,-33.54665344099993],[-70.61191297099998,-33.546620907999966],[-70.61313176799996,-33.54659478899998],[-70.61345821299994,-33.54658151599995],[-70.61377273499994,-33.54657001999993],[-70.61499793999997,-33.54636046899998],[-70.61434210699997,-33.54878849299996],[-70.61234083699998,-33.55573416599998],[-70.61303959999998,-33.55589179599997],[-70.61353869199996,-33.55600316199997],[-70.61405298299997,-33.55611957699995],[-70.61452728499995,-33.556226728999945],[-70.61629298899999,-33.55662258099994],[-70.62005394599998,-33.55747006599995],[-70.62378653499997,-33.55827858199996],[-70.62569941899994,-33.55872292799995],[-70.62757832799997,-33.55915921899998],[-70.62841619899996,-33.55934003699997],[-70.62987134099996,-33.55965516899994],[-70.63060681499996,-33.55981504299996],[-70.63098405499994,-33.55819970799996],[-70.63100757899997,-33.55808494199994],[-70.63144766699997,-33.555937806999964],[-70.63193313799997,-33.55379350299995],[-70.63248816699996,-33.55114733199997],[-70.63272000099994,-33.55015999999995],[-70.63310999999999,-33.54802999999998],[-70.63363999999996,-33.54523999999998],[-70.63410999899997,-33.54260999999997],[-70.63415554099998,-33.54206073599994],[-70.63416830699998,-33.541750080999975],[-70.63423093599994,-33.54112663799998],[-70.63427427099998,-33.540477057999965],[-70.63430000099999,-33.539939998999955],[-70.63431999999995,-33.539669998999955],[-70.63435009199998,-33.53913151399996],[-70.63440903199995,-33.538251472999946],[-70.63446049599997,-33.53765547199998],[-70.63449808299998,-33.536852066999984],[-70.63455458699997,-33.53538866699995],[-70.63464937099997,-33.53395339399998],[-70.63485438899994,-33.53235799199996],[-70.63497080099995,-33.53140978499994],[-70.63508171199999,-33.53064239499997],[-70.63518123499995,-33.530178184999954],[-70.63531385999994,-33.529656271999954],[-70.63542703799999,-33.52916086199997],[-70.63554585899993,-33.52835996299996],[-70.63566063499997,-33.52734436999998],[-70.63575450899998,-33.52642926899995],[-70.63587344999996,-33.52533249499993],[-70.63592290999998,-33.52493336899994],[-70.63607424599996,-33.52359040199997],[-70.63617132099995,-33.52269434599998],[-70.63628839399996,-33.521650088999934],[-70.63641723299997,-33.520474443999944],[-70.63652524499997,-33.51955438199997],[-70.63660464299994,-33.51872977099998]]]}},{"type":"Feature","properties":{"CUT_REG":"13","CUT_PROV":"131","CUT_COM":"13112","REGION":"Metropolitana de Santiago","PROVINCIA":"Santiago","COMUNA":"La Pintana","SUPERFICIE":30.48},"geometry":{"type":"Polygon","coordinates":[[[-70.63098405499994,-33.55819970799996],[-70.63060681499996,-33.55981504299996],[-70.62987134099996,-33.55965516899994],[-70.62841619899996,-33.55934003699997],[-70.62757832799997,-33.55915921899998],[-70.62569941899994,-33.55872292799995],[-70.62378653499997,-33.55827858199996],[-70.62005394599998,-33.55747006599995],[-70.61629298899999,-33.55662258099994],[-70.61452728499995,-33.556226728999945],[-70.61405298299997,-33.55611957699995],[-70.61353869199996,-33.55600316199997],[-70.61303959999998,-33.55589179599997],[-70.61234083699998,-33.55573416599998],[-70.61054558899997,-33.56202262199997],[-70.61269437499993,-33.562258061999955],[-70.61249627899997,-33.56378847299993],[-70.61190417299997,-33.567855074999954],[-70.61153940199995,-33.57031269399994],[-70.61251030799997,-33.57050558699996],[-70.61224821399998,-33.57235986799998],[-70.61200733699997,-33.57396882199998],[-70.61176092899996,-33.57558739199993],[-70.61155524499998,-33.57679025699997],[-70.61137025999994,-33.578033414999936],[-70.61130923399998,-33.578277586999945],[-70.61115000599995,-33.57921976599994],[-70.61108130399998,-33.57966446699993],[-70.61104833799999,-33.579957960999934],[-70.61095166699994,-33.580818618999956],[-70.61084851499999,-33.58155725299997],[-70.61069094899995,-33.58274278699997],[-70.61055152599994,-33.58367754899996],[-70.61028586899994,-33.584876418999954],[-70.60986089099998,-33.58624677199998],[-70.60973704899999,-33.58663969599996],[-70.60950879599994,-33.58724395099995],[-70.60928592999994,-33.58783143299996],[-70.60884166699998,-33.58893240899994],[-70.60849259299994,-33.58978638299993],[-70.60812426899997,-33.59067878299993],[-70.60784118399994,-33.59155575699998],[-70.60771147999998,-33.59205594599996],[-70.60751535399999,-33.59304888799994],[-70.60733893299994,-33.59416623899995],[-70.60706036899995,-33.59587988399994],[-70.60685766199998,-33.596949826999946],[-70.60663530499994,-33.597865826999964],[-70.60654689899997,-33.598172389999945],[-70.60641073899995,-33.59851774999993],[-70.60637085499997,-33.59867336099995],[-70.60634803099998,-33.59882636399993],[-70.60624764499994,-33.599102063999965],[-70.60602245399997,-33.59972058899996],[-70.60573898799998,-33.60042576699993],[-70.60547286399998,-33.600989942999945],[-70.60527257699994,-33.601427884999964],[-70.60517815399999,-33.601647938999974],[-70.60513312599994,-33.60175870399996],[-70.60530805299999,-33.601789949999954],[-70.60551969399995,-33.60182732099997],[-70.60574181999993,-33.601866014999985],[-70.60599540999993,-33.60191214599996],[-70.60712348299995,-33.60207143899993],[-70.60804999999993,-33.60219999999998],[-70.61476004799994,-33.60311879599993],[-70.62342725999997,-33.60434171199995],[-70.62448593499994,-33.60443646999994],[-70.62699757699994,-33.604661276999934],[-70.62695382899994,-33.60597536599994],[-70.62676675099993,-33.60957789999998],[-70.62668232699997,-33.61145920699994],[-70.62663541599994,-33.61299977199997],[-70.62660359799997,-33.61427361699998],[-70.62659312799997,-33.614710240999955],[-70.62657390799995,-33.61549683499993],[-70.62653757899994,-33.61726627699994],[-70.62651930599998,-33.61862263299997],[-70.62667188399996,-33.61922954499994],[-70.62691721199997,-33.62021890699998],[-70.62703140899998,-33.62068029499994],[-70.62712475899997,-33.62105665599995],[-70.62718679399995,-33.62130339099997],[-70.62726765799994,-33.621622352999964],[-70.62731430499997,-33.621809042999985],[-70.62735834099993,-33.62195162499995],[-70.62743509099994,-33.622279290999984],[-70.62749046099998,-33.62251269199993],[-70.62760090099994,-33.62298247899997],[-70.62807073499994,-33.62496970299998],[-70.62820392199995,-33.625530097999956],[-70.62835086899997,-33.626153432999956],[-70.62849237199998,-33.62680999699995],[-70.62862740399999,-33.62738756099998],[-70.62966910599994,-33.627374164999935],[-70.63034543399993,-33.62736238599996],[-70.63101837499994,-33.62735255599995],[-70.63543348999997,-33.62728469999996],[-70.64102142599995,-33.62719442799994],[-70.64319999999998,-33.62716999899993],[-70.64474762099996,-33.62714021599993],[-70.64430999899997,-33.62519999999995],[-70.64385774699997,-33.62316911099998],[-70.64349008899995,-33.621538330999954],[-70.64625757799996,-33.621344043999954],[-70.64587785999998,-33.61983838699996],[-70.64551117499997,-33.61831239399993],[-70.64528807799996,-33.61737813199994],[-70.64501827499998,-33.61626696999997],[-70.64406687599995,-33.61230163799996],[-70.64372085999997,-33.610899435999954],[-70.64346142699998,-33.60987402799998],[-70.64441840299997,-33.609792493999976],[-70.64482666799995,-33.60975769299995],[-70.64740984299993,-33.60953708399995],[-70.64981443699997,-33.60933252099994],[-70.65147317599997,-33.60919149799997],[-70.65279527399997,-33.60907648699998],[-70.65421302099998,-33.60895302399996],[-70.65573838899996,-33.60882094599998],[-70.65666081299997,-33.60874273899998],[-70.65694948099997,-33.60871739799995],[-70.65826300899994,-33.60860244299994],[-70.65997727499996,-33.60845930299996],[-70.66182450399998,-33.60829742599998],[-70.66322625599997,-33.608174074999965],[-70.66477495999999,-33.608041094999976],[-70.66644583099998,-33.60788497499993],[-70.66725709999997,-33.60781081199997],[-70.66888024399998,-33.60765709299994],[-70.67048389799999,-33.60749120799994],[-70.67064414599997,-33.607461126999965],[-70.67060641599994,-33.607323485999984],[-70.66967860099999,-33.604680377999955],[-70.66886836399993,-33.60236494499998],[-70.66848484799993,-33.60132862099994],[-70.66794342099996,-33.59964304199997],[-70.66735387999995,-33.59797480999998],[-70.66705244499997,-33.597134697999934],[-70.66686927499995,-33.59652825399996],[-70.66669012099999,-33.59595253499998],[-70.66648447099993,-33.59531107899994],[-70.66595039099997,-33.593691958999955],[-70.66562952399994,-33.59270703399994],[-70.66529759099996,-33.59174566599995],[-70.66492772299995,-33.59050199799998],[-70.66468086599997,-33.58971166699996],[-70.66454889999994,-33.58927395999996],[-70.66412795699995,-33.587943079999945],[-70.66383490599998,-33.58699825599996],[-70.66346681799996,-33.58584503999998],[-70.66338160199996,-33.58557202299994],[-70.66331573199994,-33.58536792999996],[-70.66323756299994,-33.58519718699995],[-70.66303408599998,-33.58449641499993],[-70.66290286999998,-33.58398709099998],[-70.66277402399999,-33.58351209399996],[-70.66260553499995,-33.58284292999997],[-70.66236891299997,-33.58201004499995],[-70.66218895499998,-33.58136680299998],[-70.66189745599996,-33.58025835099994],[-70.66164938199995,-33.579362626999966],[-70.66153535499996,-33.57894612599995],[-70.66136999999998,-33.57832999999994],[-70.66124337999997,-33.577811908999934],[-70.66100146499997,-33.57696906999996],[-70.66084265099994,-33.57635703699998],[-70.66074666299994,-33.575988966999944],[-70.66067341599995,-33.575736553999945],[-70.66050980599994,-33.575141763999966],[-70.66034209399999,-33.574511238999946],[-70.66017677899998,-33.57391647099996],[-70.66001299699997,-33.57366956699997],[-70.65984877099999,-33.57322080899996],[-70.65968089199998,-33.57267045599997],[-70.65946789899994,-33.57190739499998],[-70.65933374499997,-33.571421010999984],[-70.65889898099994,-33.56988212099998],[-70.65883076399996,-33.56962391199994],[-70.65871747699998,-33.56924461899996],[-70.65859622999994,-33.56880673699993],[-70.65846051299997,-33.568327530999966],[-70.65828599199995,-33.567697092999936],[-70.65812247099996,-33.56710516099997],[-70.65764126299996,-33.56537075399996],[-70.65738967099998,-33.564465043999974],[-70.65714525799996,-33.563576772999966],[-70.65679569099996,-33.56230462899998],[-70.65650356599997,-33.56105722899997],[-70.65621245799997,-33.55986961499997],[-70.65580872499999,-33.558179173999974],[-70.65536501099996,-33.55670606599995],[-70.65495069799994,-33.55496923499993],[-70.65446591999995,-33.555036049999956],[-70.65223794799994,-33.55535399099995],[-70.65143705999998,-33.55547161399994],[-70.65084868999998,-33.555551960999935],[-70.64995059799998,-33.55568083999998],[-70.64892946799995,-33.55582856999996],[-70.64832707699998,-33.55591180999994],[-70.64719709499997,-33.55608453699995],[-70.64651840299996,-33.55619687799998],[-70.64538118199994,-33.55638780899994],[-70.64475076799994,-33.55647774899995],[-70.64407378599998,-33.556566490999955],[-70.64354586299999,-33.55663875099998],[-70.64300278799993,-33.556711209999946],[-70.64167892699999,-33.55687830399995],[-70.64043610099998,-33.55703796699993],[-70.63937498199994,-33.55719067899997],[-70.63858989499994,-33.55728716699997],[-70.63804026699995,-33.55735697199998],[-70.63665741399996,-33.55755379399994],[-70.63609603199995,-33.55763190199997],[-70.63543864699994,-33.55772758799998],[-70.63486005099998,-33.557811354999956],[-70.63397365599997,-33.55793180799998],[-70.63328496799994,-33.558032426999944],[-70.63241911299997,-33.55815169199997],[-70.63218298599998,-33.55817340999994],[-70.63186144699995,-33.558170013999984],[-70.63117285999994,-33.558098696999934],[-70.63100757899997,-33.55808494199994],[-70.63098405499994,-33.55819970799996]]]}},{"type":"Feature","properties":{"CUT_REG":"13","CUT_PROV":"131","CUT_COM":"13113","REGION":"Metropolitana de Santiago","PROVINCIA":"Santiago","COMUNA":"La Reina","SUPERFICIE":23.39},"geometry":{"type":"Polygon","coordinates":[[[-70.50024814899996,-33.46028982099995],[-70.51823680799998,-33.459829697999965],[-70.52084035799999,-33.459762885999965],[-70.52097217999994,-33.45970223499995],[-70.52111185299998,-33.459655114999975],[-70.52135738699997,-33.45963062699997],[-70.52162544599997,-33.45962447299996],[-70.52194485299998,-33.45960008999998],[-70.52233895399996,-33.45957268099994],[-70.52933890199995,-33.45917937199994],[-70.52956417599995,-33.45919438499993],[-70.52965226999999,-33.45923917399995],[-70.52988646099993,-33.459820768999975],[-70.53026168499997,-33.46112444199997],[-70.53056477999996,-33.46217777099997],[-70.53061779699993,-33.462438040999984],[-70.53072512899996,-33.463916482999934],[-70.53075648499998,-33.46412311499995],[-70.53085642599996,-33.46443320199995],[-70.53097010099998,-33.46465909699998],[-70.53137882299995,-33.465471295999976],[-70.53342157099996,-33.46488260999996],[-70.53438713899999,-33.46461857899993],[-70.53566758299996,-33.46424915499995],[-70.53581369699998,-33.464222133999954],[-70.53595761499997,-33.46417252499998],[-70.53646901199994,-33.46402786099998],[-70.53675078899994,-33.46394877299997],[-70.53732436199994,-33.46378114799995],[-70.53844371999998,-33.46346080199993],[-70.53884472199996,-33.463344054999936],[-70.53936038999996,-33.46319767299997],[-70.54009219999995,-33.46299595199997],[-70.54146227699994,-33.462875991999965],[-70.54178999999993,-33.46286999999995],[-70.54203203399999,-33.46286449399997],[-70.54220844499997,-33.46288452099998],[-70.54231880799995,-33.462907807999954],[-70.54245993399996,-33.46294577799995],[-70.54250506799997,-33.46296589899998],[-70.54336370599998,-33.46334888299998],[-70.54379174299999,-33.463539958999945],[-70.54399926899998,-33.463615586999936],[-70.54413340899998,-33.46364201499995],[-70.54423254099999,-33.46364875399996],[-70.54438851399993,-33.46364680999994],[-70.54482377399995,-33.463582549999956],[-70.54524999999995,-33.46352000099995],[-70.54798954899996,-33.46316801099994],[-70.55055267599994,-33.462731788999974],[-70.55098275399996,-33.462654301999976],[-70.55101000099995,-33.46264999999994],[-70.55113275899998,-33.462647457999935],[-70.55142189899993,-33.46264146899995],[-70.55154484899998,-33.46263892199994],[-70.55165065899996,-33.46263672999993],[-70.55176794399995,-33.46263476299998],[-70.55207989099995,-33.462630857999955],[-70.55251023999995,-33.46262546799994],[-70.55288822299997,-33.46262077099993],[-70.55334476399997,-33.462615325999934],[-70.55349276599998,-33.462613559999966],[-70.55378428799997,-33.46261096699993],[-70.55455392299996,-33.462606395999956],[-70.55485226899998,-33.46260461999998],[-70.55549678299997,-33.462600607999946],[-70.55569596199996,-33.46259935399996],[-70.55634837799994,-33.46259354099993],[-70.55703517299997,-33.462591155999974],[-70.55735834299998,-33.46258963699995],[-70.55767945299993,-33.46258745099993],[-70.55804948999997,-33.46258493199997],[-70.55862449199998,-33.462579724999955],[-70.55975168299994,-33.462571545999936],[-70.56047817999996,-33.46256795499994],[-70.56192500399999,-33.46255192899997],[-70.56204953799994,-33.46254704399996],[-70.56208668299996,-33.462545586999966],[-70.56229670199997,-33.46251145399998],[-70.56252632599995,-33.462455337999984],[-70.56282676299998,-33.462355625999976],[-70.56337401799993,-33.46217400799998],[-70.56445865999996,-33.46181419599998],[-70.56550297099994,-33.46144209899995],[-70.56640862299997,-33.46112831599993],[-70.56753308399993,-33.46073612799995],[-70.56813825999996,-33.46051690199994],[-70.56867471899994,-33.46031746799997],[-70.56925436999995,-33.46009099099996],[-70.57035944399996,-33.45965794299997],[-70.57089894499995,-33.459473566999975],[-70.57147881299994,-33.45927643199997],[-70.57172695099996,-33.45919739399994],[-70.57233246199996,-33.45901369199993],[-70.57228729999997,-33.45888889699995],[-70.57188245299994,-33.45766804899995],[-70.57170124699996,-33.45695462699996],[-70.57154877399995,-33.45630603199993],[-70.57138380599997,-33.45571283999993],[-70.57108026499998,-33.454708764999964],[-70.57096871199997,-33.45424903999998],[-70.57076363299996,-33.453366323999944],[-70.57077050399994,-33.452961743999936],[-70.57086787299994,-33.452079691999984],[-70.57097631099998,-33.45135428899994],[-70.57118251299994,-33.45058071099993],[-70.57127871499995,-33.44996444099996],[-70.57143537099995,-33.448973646999946],[-70.57163133199998,-33.447803971999974],[-70.57184497799994,-33.44661799399995],[-70.57208503799995,-33.44526121499996],[-70.57232304799999,-33.443916824999974],[-70.57253681099996,-33.44272013999995],[-70.57272117599996,-33.44166932799993],[-70.57296663199998,-33.44025601499993],[-70.57312378899996,-33.43921759999995],[-70.57329314899994,-33.43850915899998],[-70.57340378099997,-33.43817369799996],[-70.57352720699998,-33.43790059099996],[-70.57392879799994,-33.43768074299993],[-70.57444319399997,-33.437419373999944],[-70.57504378699997,-33.437108947999945],[-70.57586058399994,-33.43676212599996],[-70.57636901999996,-33.436549501999934],[-70.57680779399993,-33.436403618999975],[-70.57750017799998,-33.436259518999975],[-70.57811549999997,-33.43607341099994],[-70.57866435099999,-33.43581196799994],[-70.57962304399996,-33.435313452999935],[-70.58089589399998,-33.434598224999945],[-70.58226004899996,-33.433795386999975],[-70.58295325199998,-33.433341362999954],[-70.58328665799996,-33.43307943299993],[-70.58370151499997,-33.43271629599997],[-70.58406140199997,-33.43230675899997],[-70.58443001899997,-33.43184970999994],[-70.58449346699996,-33.43176590499996],[-70.58417696899994,-33.43170486699995],[-70.58401241899998,-33.43168136699995],[-70.58369818099999,-33.43166457899997],[-70.58295534499996,-33.43163886199994],[-70.58194472699995,-33.43157975299994],[-70.58076600599998,-33.43151157899996],[-70.58010000799999,-33.431460862999984],[-70.57977620299994,-33.431442586999935],[-70.57972841699996,-33.43143839499993],[-70.57966140699995,-33.43142644799997],[-70.57957897299997,-33.431405895999944],[-70.57950152699993,-33.43139728199998],[-70.57866502899998,-33.431363130999955],[-70.57809986799998,-33.431347922999976],[-70.57723236699997,-33.43134055899998],[-70.57486740599995,-33.43126260899993],[-70.57409632899999,-33.43125799899997],[-70.57335833899998,-33.43123616199995],[-70.57280348399996,-33.43121039799996],[-70.57212079699997,-33.431186252999964],[-70.57096629499995,-33.43113767999995],[-70.57020421099998,-33.43110252899993],[-70.56941298599997,-33.43109174399996],[-70.56845933999995,-33.43106940699994],[-70.56764108799996,-33.431041350999976],[-70.56692514199995,-33.43102479799995],[-70.56621773799998,-33.43100573299995],[-70.56544527799997,-33.43097708399995],[-70.56499566499997,-33.430966757999954],[-70.56370356399998,-33.43090705199995],[-70.56272284999994,-33.43086501099998],[-70.56063325099996,-33.430768832999945],[-70.55901958599998,-33.43070360899998],[-70.55853992899995,-33.43066723499993],[-70.55656399799994,-33.43057204399997],[-70.55503674399995,-33.43049852299998],[-70.55448432899993,-33.43049172299993],[-70.55348671899998,-33.43041141699996],[-70.55226089499996,-33.43026835499995],[-70.55144380399997,-33.430197773999964],[-70.55068395399996,-33.43012647099994],[-70.54147855799994,-33.42908469699995],[-70.53915203099996,-33.42883680399996],[-70.53921891999994,-33.429079359999946],[-70.53922715599998,-33.42938468299997],[-70.53921981499997,-33.42993597299994],[-70.53919614099993,-33.430368157999965],[-70.53908194499996,-33.43099235799997],[-70.53892435299997,-33.43157653199995],[-70.53874248099999,-33.43207510599996],[-70.53801808799994,-33.433439420999946],[-70.53488083399998,-33.43305363099995],[-70.53285979799995,-33.432802926999955],[-70.53125033099997,-33.432600384999944],[-70.52967382299994,-33.43240121699995],[-70.52737301899998,-33.43211551699994],[-70.52423055599996,-33.43173740399993],[-70.52402491899994,-33.43172998299997],[-70.52360599499997,-33.431681666999964],[-70.52342259899996,-33.431657722999944],[-70.52312530499995,-33.43162012299996],[-70.52300033299997,-33.43161543699995],[-70.52295864199994,-33.43163398599995],[-70.52291728599994,-33.43165253099994],[-70.52259058999994,-33.43182288099996],[-70.52232749599995,-33.431961859999944],[-70.52223678299998,-33.43200977899994],[-70.52200671599996,-33.432134305999966],[-70.52176247599994,-33.432278477999944],[-70.52155263999998,-33.43239788799997],[-70.52139137899997,-33.43247288799995],[-70.52112866099998,-33.43255643499998],[-70.52082257699993,-33.43265024899995],[-70.52058602199997,-33.432735907999984],[-70.52006263899995,-33.43294959399998],[-70.51965411699996,-33.43311638499995],[-70.51951648899995,-33.43317257499996],[-70.51945465399996,-33.433209104999946],[-70.51943114499994,-33.43322299399995],[-70.51938484299995,-33.43326630399997],[-70.51937198199994,-33.433278332999976],[-70.51932961499995,-33.43333906799995],[-70.51930247299998,-33.43341081999995],[-70.51929787399996,-33.43350686599996],[-70.51929757499994,-33.43351310699995],[-70.51930576199999,-33.43364084299998],[-70.51930597799998,-33.43364421799998],[-70.51930600299994,-33.433644639999955],[-70.51930600499998,-33.43364467899994],[-70.51930600499998,-33.43364471799998],[-70.51930600599997,-33.43364500299998],[-70.51930600799994,-33.433645550999984],[-70.51930600799994,-33.43364563799997],[-70.51930507699996,-33.43364499099994],[-70.51928112599995,-33.43362835599993],[-70.51926653899994,-33.43361822399993],[-70.51925412299994,-33.433609599999954],[-70.51923953599999,-33.433599467999954],[-70.51923035799996,-33.433593093999946],[-70.51922733399994,-33.43359099299994],[-70.51921274699998,-33.43358086099994],[-70.51916603099994,-33.43354841399997],[-70.51904323999997,-33.43344862499998],[-70.51892879299999,-33.43339382999994],[-70.51886133299996,-33.433372222999935],[-70.51885537899994,-33.43337031599998],[-70.51882236399996,-33.43336788599993],[-70.51880237599994,-33.433377949999965],[-70.51856905599993,-33.43349542399994],[-70.51827667399994,-33.433585826999945],[-70.51768673599997,-33.43378405799996],[-70.51711880599998,-33.433956071999944],[-70.51711588299997,-33.433956956999964],[-70.51670154199996,-33.43408244999995],[-70.51610214599998,-33.43430930599993],[-70.51552468099999,-33.43448816799997],[-70.51537695799993,-33.43453146899998],[-70.51536336699996,-33.43453545299997],[-70.51470919799993,-33.434727201999976],[-70.51412034499998,-33.434906196999975],[-70.51362642499998,-33.43500667699993],[-70.51360846799997,-33.435010329999955],[-70.51337165199993,-33.43505850599996],[-70.51272689199993,-33.435228596999934],[-70.51196951499998,-33.43527062499993],[-70.51192668699997,-33.435273000999985],[-70.51155640099995,-33.43529354699996],[-70.51068152499994,-33.43554193199998],[-70.50995688699999,-33.43573962399995],[-70.50990277899996,-33.435750214999985],[-70.50973482699999,-33.43578308699995],[-70.50933288099998,-33.43586175699994],[-70.50835937399995,-33.43607101199996],[-70.50690512699998,-33.436349425999936],[-70.50603285599993,-33.43659863899995],[-70.50504808099998,-33.436925567999936],[-70.50447469199997,-33.437342944999955],[-70.50396794499994,-33.43777710099994],[-70.50348249899997,-33.43838390899998],[-70.50253999999995,-33.440039999999954],[-70.50192478699995,-33.44077330799996],[-70.50142066599994,-33.44113099699996],[-70.50073340799997,-33.441549735999956],[-70.49973053499997,-33.44217995499997],[-70.49899889699998,-33.442639714999984],[-70.49762711499994,-33.44363938799995],[-70.49636025399997,-33.44494778799998],[-70.49612519199997,-33.44519055099994],[-70.49580367399994,-33.44552260099994],[-70.49535999999995,-33.44623999999993],[-70.49510854899995,-33.446757857999955],[-70.49474446899995,-33.44749202199995],[-70.49485083999997,-33.44904651099995],[-70.49495475999998,-33.45045785999997],[-70.49491610299998,-33.45085919999997],[-70.49450790099996,-33.45163788899998],[-70.49320115399996,-33.452819585999976],[-70.49143617499993,-33.45376449899993],[-70.49019999999996,-33.45431999999994],[-70.48961421399997,-33.454778611999984],[-70.48884801199995,-33.45556136399995],[-70.48817085199994,-33.45658122399993],[-70.48805843999997,-33.457648898999935],[-70.48731658299994,-33.458696061999945],[-70.48697647699998,-33.45919027299993],[-70.48653678899996,-33.460252613999955],[-70.48653503399998,-33.460256853999965],[-70.48638828199995,-33.460611419999964],[-70.50024814899996,-33.46028982099995]]]}},{"type":"Feature","properties":{"CUT_REG":"13","CUT_PROV":"131","CUT_COM":"13114","REGION":"Metropolitana de Santiago","PROVINCIA":"Santiago","COMUNA":"Las Condes","SUPERFICIE":99.09},"geometry":{"type":"Polygon","coordinates":[[[-70.51760193599995,-33.372685374999946],[-70.51663527399995,-33.372299605999956],[-70.51570818699997,-33.371950855999955],[-70.51419049399993,-33.37149924999994],[-70.51300291999996,-33.37109145199997],[-70.51243278199996,-33.37093570899998],[-70.51195009399999,-33.37080760799995],[-70.51116589499998,-33.370681486999956],[-70.51008766999996,-33.37049417199995],[-70.50935187899995,-33.37037426799998],[-70.50885591299993,-33.37030871299993],[-70.50813792499997,-33.37023153699994],[-70.50681675299995,-33.37013781999997],[-70.50592240299994,-33.37005799999997],[-70.50541960299995,-33.36992570099994],[-70.50473278199996,-33.369676321999975],[-70.50391913699997,-33.36932825699995],[-70.50327106299994,-33.36901635999993],[-70.50253168199998,-33.36868647599994],[-70.50163721499996,-33.36826778899996],[-70.50089768199996,-33.36792835099993],[-70.50039862199998,-33.367681449999964],[-70.49977916799998,-33.36737873299995],[-70.49942391099995,-33.36722553699997],[-70.49909262799997,-33.36714363599998],[-70.49881969199998,-33.367064608999954],[-70.49850348499996,-33.36703263399994],[-70.49806674999996,-33.367020009999976],[-70.49767276399996,-33.36701283299993],[-70.49706279999998,-33.36701422599998],[-70.49679981799994,-33.367006103999984],[-70.49647068399997,-33.36698689199994],[-70.49612249499995,-33.36698375399993],[-70.49591475099999,-33.36697486699995],[-70.49570966599998,-33.36695758999997],[-70.49555079999993,-33.36691746699995],[-70.49536298799995,-33.36681601499998],[-70.49526279499997,-33.366731544999936],[-70.49514931599998,-33.36660792699996],[-70.49504420199997,-33.36646035399997],[-70.49461550499996,-33.36593176799994],[-70.49437731799998,-33.36564336099997],[-70.49410115499995,-33.365319591999935],[-70.49404569699993,-33.365269473999945],[-70.49394852899997,-33.36519899999996],[-70.49355578199999,-33.36498789299998],[-70.49322629799997,-33.36478098199996],[-70.49296672499997,-33.36466425499998],[-70.49276665799994,-33.36461667799995],[-70.49258331499993,-33.364592984999945],[-70.49229302499998,-33.36457929499994],[-70.49199091499997,-33.36457290399994],[-70.49179595799995,-33.36454661299996],[-70.49159056999997,-33.36450899399995],[-70.49140572599998,-33.36447542199994],[-70.49119736599994,-33.36446360799994],[-70.49096717199996,-33.364472099999944],[-70.49077099699997,-33.36447445599998],[-70.49045733799994,-33.36449110899997],[-70.49001220399998,-33.36450217899994],[-70.48964561399998,-33.364516600999934],[-70.48955193799998,-33.36452631599997],[-70.48924936599997,-33.364592941999945],[-70.48906423099999,-33.36464240899994],[-70.48887882799994,-33.36467613099995],[-70.48868136199997,-33.36470283799997],[-70.48838626999998,-33.36470780899998],[-70.48811990999997,-33.364696684999956],[-70.48761777499993,-33.36466691099997],[-70.48720098199993,-33.36463897599998],[-70.48656556999998,-33.36459790999993],[-70.48614373299995,-33.36457432699996],[-70.48582261599995,-33.364553831999956],[-70.48559705099996,-33.36453362399993],[-70.48540380099996,-33.36450730299998],[-70.48522741599999,-33.36446932499996],[-70.48501479299995,-33.36440744199996],[-70.48481930299994,-33.36434964899996],[-70.48465990399995,-33.36430717199994],[-70.48450771699999,-33.36428751699998],[-70.48436612999996,-33.36428920999998],[-70.48424530499994,-33.36430783499998],[-70.48414343899998,-33.36433768799998],[-70.48404186499994,-33.36438471699995],[-70.48393032199994,-33.36444761399997],[-70.48383766599994,-33.364517443999944],[-70.48376041099993,-33.36458995299995],[-70.48366468299997,-33.36467986399998],[-70.48357884999996,-33.36474961199997],[-70.48349447899994,-33.36480502499995],[-70.48342514499996,-33.364841646999935],[-70.48326400999997,-33.36489797699994],[-70.48314493899994,-33.36491944399995],[-70.48302396699995,-33.364929479999944],[-70.48288393899998,-33.36492256199995],[-70.48271971299994,-33.36489732199993],[-70.48262706099996,-33.36486693099994],[-70.48254437799994,-33.36482067199995],[-70.48247555699999,-33.364770068999974],[-70.48246714799996,-33.36476480799996],[-70.48238359799996,-33.36471253399998],[-70.48218366999998,-33.36458865999998],[-70.48205569599997,-33.36450902099995],[-70.48198288799995,-33.36447381499994],[-70.48190504199994,-33.36443866999997],[-70.48185179399997,-33.364422066999964],[-70.48179361599995,-33.364403925999966],[-70.48165682199993,-33.364378502999955],[-70.48158346499997,-33.36437035999995],[-70.48144496199996,-33.364362993999976],[-70.48134690899997,-33.36436416399994],[-70.48125241899999,-33.36435752799997],[-70.48118516399995,-33.36434493599995],[-70.48109529299995,-33.36431654099994],[-70.48089058399995,-33.36425236699995],[-70.48077293199998,-33.36422671399998],[-70.48068244899997,-33.36421877499998],[-70.48053722999998,-33.364211488999956],[-70.48051984599994,-33.364211695999984],[-70.48029108899993,-33.364214423999954],[-70.48006778099995,-33.36421708699993],[-70.47990790999995,-33.36423703099996],[-70.47973036299999,-33.36428423999996],[-70.47960187399997,-33.36431282799998],[-70.47950849099993,-33.36433197799994],[-70.47940047799995,-33.36433943099996],[-70.47931106099998,-33.36433781799997],[-70.47923186199995,-33.36433290399998],[-70.47920240299999,-33.36433107599993],[-70.47906492799996,-33.364319319999936],[-70.47893077999998,-33.364315560999955],[-70.47875208299996,-33.36432036799994],[-70.47835988099996,-33.364337501999955],[-70.47823633399997,-33.36434289899995],[-70.47816191099997,-33.36434614999996],[-70.47747437299995,-33.36422985599995],[-70.47757071999996,-33.36984321199998],[-70.47790386699995,-33.37011836299996],[-70.47843492499999,-33.370410310999944],[-70.47883042399997,-33.370674045999976],[-70.47942134699997,-33.370941957999946],[-70.48019398999998,-33.371557062999955],[-70.48078674299995,-33.37226567299996],[-70.48117991299995,-33.37297666199993],[-70.48146318699997,-33.37362805199996],[-70.48152087199998,-33.37420334299998],[-70.48185216699994,-33.37516135899995],[-70.48214012699998,-33.37591996799995],[-70.48233031699993,-33.37623386599995],[-70.48248779899995,-33.376715186999945],[-70.48250871399995,-33.37752862599996],[-70.48240142999998,-33.37824576299994],[-70.48216736799998,-33.37953709699997],[-70.48181807699996,-33.380407452999975],[-70.48150542399998,-33.38125828099993],[-70.48079383799995,-33.38206614499995],[-70.48000932699995,-33.382767496999975],[-70.47956019199995,-33.38311884999996],[-70.47922803599994,-33.38365970099994],[-70.47898995599996,-33.384419761999936],[-70.47890274199995,-33.38519128499996],[-70.47877158399996,-33.38609904699996],[-70.47879549899994,-33.38667144599998],[-70.47875890099994,-33.387029808999955],[-70.47864001599999,-33.387568116999944],[-70.47831389699996,-33.38846682099995],[-70.47795312299996,-33.388983930999984],[-70.47714819599997,-33.39017420399995],[-70.47668189299998,-33.39171187699998],[-70.47660996899998,-33.391872389999946],[-70.47620040499999,-33.393217482999944],[-70.47583520599994,-33.39385251799996],[-70.47553999799999,-33.394249996999974],[-70.47550439199995,-33.394297937999966],[-70.47513066099998,-33.39442851999996],[-70.47419419999994,-33.39462885699993],[-70.47344406799994,-33.394732371999964],[-70.47342999999995,-33.39472889199993],[-70.47234927499994,-33.39446155699994],[-70.47193031699999,-33.39438066099996],[-70.47153686999997,-33.394304688999966],[-70.47126826899995,-33.39415513999995],[-70.47098870999997,-33.393999494999946],[-70.47029209199997,-33.393611635999946],[-70.47025000199994,-33.39358999899997],[-70.47024997499994,-33.39359000999997],[-70.47021586099999,-33.39360543399994],[-70.46942626599997,-33.39361916799993],[-70.46870242899996,-33.39371125499997],[-70.46792311299998,-33.393887510999946],[-70.46657998199998,-33.39436869999997],[-70.46551764399999,-33.394631801999935],[-70.46433973399996,-33.394788880999954],[-70.46354357699994,-33.39481020499994],[-70.46257917099996,-33.39497667999996],[-70.46103430499994,-33.39530508499996],[-70.45998695699996,-33.395615687999964],[-70.45780850399996,-33.396333297999945],[-70.45699950299996,-33.39643824799998],[-70.45582274399999,-33.39666681899996],[-70.45498087999994,-33.39690622399996],[-70.45496839099997,-33.39690729999995],[-70.45421334199995,-33.39723510999994],[-70.45391462899994,-33.39739311899996],[-70.45376057999994,-33.39753809599995],[-70.45351652299996,-33.39782047799997],[-70.45320030899995,-33.39859083799996],[-70.45308975599994,-33.39910890799996],[-70.45284070399998,-33.40016927199997],[-70.45264302399994,-33.400620285999935],[-70.45188036599995,-33.40176328599995],[-70.45187833699998,-33.40176896299994],[-70.45165997199996,-33.40237997099996],[-70.45161551699994,-33.40258122899996],[-70.45161643499995,-33.40277637099996],[-70.45161689399998,-33.402873790999934],[-70.45181627299996,-33.40385013399998],[-70.45199867199995,-33.40474914199996],[-70.45209048899994,-33.40493413599995],[-70.45225854899996,-33.405272740999976],[-70.45253023899994,-33.405667466999944],[-70.45284904399995,-33.40637762499995],[-70.45304268199999,-33.407112654999935],[-70.45311115199996,-33.40787255699996],[-70.45315152699999,-33.408621084999936],[-70.45306302499995,-33.40917216899993],[-70.45306907699995,-33.409535561999974],[-70.45307042999997,-33.40961680199996],[-70.45308999299994,-33.41002999899996],[-70.45292705099996,-33.410695748999956],[-70.45278434099998,-33.412354053999934],[-70.45270725899996,-33.41372877699996],[-70.45258019399995,-33.41549603999994],[-70.45245046599996,-33.416249206999964],[-70.45225965899994,-33.416586388999974],[-70.45230755899996,-33.417019994999976],[-70.45199944299998,-33.417669961999934],[-70.45169254099994,-33.41831735899996],[-70.45144421799995,-33.41859476399998],[-70.45045470199994,-33.41943186799995],[-70.44966503599994,-33.42019990599994],[-70.44902565599995,-33.42076574399994],[-70.44843581499998,-33.42123078099996],[-70.44770916799996,-33.421683094999935],[-70.44719058299995,-33.42217215599993],[-70.44677381899999,-33.42242327799994],[-70.44656528399997,-33.42253848399997],[-70.44494116899995,-33.42343574199998],[-70.44421749099996,-33.42383553099995],[-70.44306358599994,-33.424371995999934],[-70.44176151399995,-33.42497732499993],[-70.44173946699993,-33.42498606099997],[-70.44088932399995,-33.42532291899994],[-70.44047512599997,-33.42548703699998],[-70.43968623199999,-33.42556521699993],[-70.43890424599994,-33.42564270699995],[-70.43676230399996,-33.42595615299996],[-70.43574992599997,-33.426187771999935],[-70.43535961799995,-33.42630190799997],[-70.43511376799995,-33.426373799999965],[-70.43492999999995,-33.42649999899993],[-70.43489644699997,-33.42652426199993],[-70.43466012799996,-33.426695147999965],[-70.43450621499994,-33.42689464199998],[-70.43421077899995,-33.427277569999944],[-70.43362771899996,-33.42869988699994],[-70.43354510799998,-33.428994141999965],[-70.43331803999996,-33.429802940999934],[-70.43324566999996,-33.430447224999966],[-70.43314645999999,-33.43133044599995],[-70.43314636799994,-33.43134167899996],[-70.43314404099993,-33.43162717799993],[-70.43314365299995,-33.43167479699997],[-70.43313559399996,-33.432663684999966],[-70.43307088499995,-33.432808172999955],[-70.43285099299999,-33.43329917199998],[-70.43226042399994,-33.434268034999945],[-70.43183572999999,-33.434892901999945],[-70.43167170499999,-33.43533731399998],[-70.43117974499995,-33.43642971099996],[-70.43112517899993,-33.43656153599994],[-70.43065045999998,-33.437767650999945],[-70.43024761699996,-33.43842021499995],[-70.43015368899995,-33.43857236699995],[-70.43012084699996,-33.43908236899995],[-70.43024780099995,-33.43956024399995],[-70.43039537499993,-33.44011572399995],[-70.43063962399998,-33.44181452799995],[-70.43083343099994,-33.442201703999956],[-70.43091772199995,-33.442370092999965],[-70.43138222999994,-33.44278573499997],[-70.43187948299999,-33.443259617999956],[-70.43189434499993,-33.443321020999974],[-70.43203385299995,-33.443897386999936],[-70.43201226799994,-33.444195081999965],[-70.43196466799998,-33.44485155499996],[-70.43194985799994,-33.445055803999935],[-70.43157383999994,-33.44568637799995],[-70.43050367899997,-33.44644574899996],[-70.43024980799999,-33.44662588899996],[-70.43005000199997,-33.44683999199998],[-70.42986824699994,-33.44704544599995],[-70.42931002799997,-33.44775098699995],[-70.42878649699998,-33.44818458599997],[-70.42843414499998,-33.44868963099998],[-70.42819496799996,-33.44918473399997],[-70.42818732499995,-33.44937397099994],[-70.42818030999996,-33.44954768399998],[-70.42826881499997,-33.44991808499998],[-70.42825316599993,-33.450220582999975],[-70.42822583899994,-33.45073495199995],[-70.42820072099994,-33.451489444999936],[-70.42833939599996,-33.452325851999944],[-70.42840997999997,-33.45358204399997],[-70.42831563299995,-33.45399025199998],[-70.42811547199994,-33.45485626799996],[-70.42807897799997,-33.45501416399998],[-70.42799995699994,-33.455589989999964],[-70.42794583599994,-33.45587373899997],[-70.42779156499995,-33.45672767999997],[-70.42766341699996,-33.45742520899995],[-70.42758061899997,-33.45787589199995],[-70.42734061699997,-33.458528152999975],[-70.42731740899995,-33.458591224999964],[-70.42737562699995,-33.45909335699997],[-70.42789999299998,-33.45990001799993],[-70.42837564599995,-33.46063214299994],[-70.42854690999997,-33.46118884699996],[-70.42867267899999,-33.46159766099993],[-70.42919448799995,-33.462932448999936],[-70.42950623999997,-33.46365163199994],[-70.42959788099995,-33.46371483099995],[-70.42967057199996,-33.46376496099998],[-70.42998502199998,-33.46388703399998],[-70.43094135799998,-33.46390218499994],[-70.43203018699995,-33.46399435999996],[-70.43286247199995,-33.46444564199993],[-70.43341650499997,-33.46545531299995],[-70.43400722599995,-33.46679451999995],[-70.43442434899998,-33.46783719499996],[-70.43470587299998,-33.468614324999976],[-70.43473984099995,-33.46915863199996],[-70.43472610599997,-33.469434605999936],[-70.43472106199994,-33.469535949999965],[-70.43450000899998,-33.46978989799993],[-70.43382487599996,-33.47052049699994],[-70.43340060899999,-33.47132150599998],[-70.43273092799996,-33.47278003899993],[-70.43256921299997,-33.473193841999944],[-70.43229913999994,-33.47388490599997],[-70.43230327499998,-33.47430412499995],[-70.43230849099996,-33.47483278599998],[-70.43275338999996,-33.47604274299994],[-70.43276250899999,-33.47606433599998],[-70.43303953699996,-33.47672030999996],[-70.43330858299998,-33.47749758599997],[-70.43346210999994,-33.47845999899994],[-70.43350373099997,-33.47872090399994],[-70.43372211399998,-33.48052638299998],[-70.43373526999994,-33.480635149999955],[-70.43377414699995,-33.48107400599997],[-70.43377999999996,-33.481139998999936],[-70.43378002799994,-33.481140006999965],[-70.43474658599996,-33.481474351999964],[-70.43546802699996,-33.48186513199994],[-70.43593999999996,-33.48229000099997],[-70.43639988899997,-33.482857115999934],[-70.43673054999994,-33.48336813699996],[-70.43703010799999,-33.48399712899993],[-70.43743666599994,-33.48452565399998],[-70.43786355199995,-33.48495253999994],[-70.43827010999996,-33.48531844299998],[-70.43862650699998,-33.485655932999975],[-70.43878097499999,-33.48584844099997],[-70.43885999999998,-33.48597000099994],[-70.43886010099999,-33.48596999599994],[-70.43886015599998,-33.48596999199998],[-70.43886025399996,-33.48596998399995],[-70.43887466699994,-33.48596880699995],[-70.43887540999998,-33.48596874599997],[-70.43887850499993,-33.48596849299997],[-70.43888205099995,-33.48596820399996],[-70.43889212699997,-33.485967381999956],[-70.43890682699998,-33.48596618199997],[-70.43896163599999,-33.48596170999997],[-70.43913794699995,-33.48594732299995],[-70.43936457099994,-33.485875274999955],[-70.44000679299995,-33.485671095999976],[-70.44019901299998,-33.48560998399995],[-70.44075999999995,-33.485516693999955],[-70.44157427299996,-33.48538127799998],[-70.44227431999997,-33.48526485299993],[-70.44343849799998,-33.48507122999996],[-70.44346269699997,-33.48506886499996],[-70.44469575199997,-33.48494834999997],[-70.44511653899997,-33.48490722099996],[-70.44722365199993,-33.48462984199995],[-70.44738063299997,-33.48455063199998],[-70.44872985299997,-33.483869822999964],[-70.44876218899998,-33.483853505999946],[-70.44966843099996,-33.48342834399995],[-70.45184099199997,-33.482409090999965],[-70.45237398999996,-33.48194978599997],[-70.45328543599999,-33.48116434299993],[-70.45529259999995,-33.480067435999956],[-70.45529856199994,-33.480064177999964],[-70.45621999599996,-33.479309995999984],[-70.45655027799995,-33.47901956499993],[-70.45672080599996,-33.47886961199998],[-70.45766657499996,-33.47841807499998],[-70.45814022899998,-33.47823838499994],[-70.45836758699994,-33.47808430899994],[-70.45864779299995,-33.47789441799995],[-70.45927257099999,-33.47725204499994],[-70.45996101299994,-33.47676255199997],[-70.46081003099994,-33.47635086599996],[-70.46117333399997,-33.476174698999955],[-70.46163492199997,-33.47597736299997],[-70.46188615699998,-33.47586995499995],[-70.46198635799993,-33.47582711699994],[-70.46277273399994,-33.47566826999997],[-70.46300951199999,-33.47562043999994],[-70.46363648799996,-33.475521982999965],[-70.46399686599995,-33.475465388999964],[-70.46540932799996,-33.47531290999996],[-70.46559500699993,-33.47529286499997],[-70.46646617099998,-33.47528255999998],[-70.46717129099994,-33.47527421399997],[-70.46845929999995,-33.47519238399997],[-70.46951067099997,-33.47521064799997],[-70.47044868499995,-33.47520794899998],[-70.47070801899997,-33.47519207499994],[-70.47075909799997,-33.47518894799998],[-70.47097958699999,-33.47525679399996],[-70.47131019099999,-33.47535090399998],[-70.47149999399994,-33.475389994999944],[-70.47170790999996,-33.47530635499993],[-70.47205906899995,-33.47504430099997],[-70.47208336399996,-33.47502617099997],[-70.47270984899995,-33.47458328199997],[-70.47278418399998,-33.47453073099996],[-70.47347951499995,-33.473819366999976],[-70.47368089699995,-33.47365843699998],[-70.47466254899996,-33.47287395899997],[-70.47478158299998,-33.472730411999976],[-70.47591824499995,-33.471359647999975],[-70.47618145599995,-33.47104221999996],[-70.47749926599994,-33.46946627099993],[-70.47767189699994,-33.469259819999934],[-70.47911379499993,-33.46806619499995],[-70.48006979099995,-33.467139792999944],[-70.48075595899996,-33.46652895099993],[-70.48176274999997,-33.465632684999946],[-70.48235767799997,-33.46523767699995],[-70.48326900299998,-33.46463258099993],[-70.48355347699999,-33.46444369499994],[-70.48439401599995,-33.46388558099994],[-70.48471651199998,-33.46377551799998],[-70.48625464599996,-33.463250561999985],[-70.48656243099998,-33.46243807899998],[-70.48628091099994,-33.46136306599993],[-70.48638828199995,-33.460611419999964],[-70.48653503399998,-33.460256853999965],[-70.48653678899996,-33.460252613999955],[-70.48697647699998,-33.45919027299993],[-70.48731658299994,-33.458696061999945],[-70.48805843999997,-33.457648898999935],[-70.48817085199994,-33.45658122399993],[-70.48884801199995,-33.45556136399995],[-70.48961421399997,-33.454778611999984],[-70.49019999999996,-33.45431999999994],[-70.49143617499993,-33.45376449899993],[-70.49320115399996,-33.452819585999976],[-70.49450790099996,-33.45163788899998],[-70.49491610299998,-33.45085919999997],[-70.49495475999998,-33.45045785999997],[-70.49485083999997,-33.44904651099995],[-70.49474446899995,-33.44749202199995],[-70.49510854899995,-33.446757857999955],[-70.49535999999995,-33.44623999999993],[-70.49580367399994,-33.44552260099994],[-70.49612519199997,-33.44519055099994],[-70.49636025399997,-33.44494778799998],[-70.49762711499994,-33.44363938799995],[-70.49899889699998,-33.442639714999984],[-70.49973053499997,-33.44217995499997],[-70.50073340799997,-33.441549735999956],[-70.50142066599994,-33.44113099699996],[-70.50192478699995,-33.44077330799996],[-70.50253999999995,-33.440039999999954],[-70.50348249899997,-33.43838390899998],[-70.50396794499994,-33.43777710099994],[-70.50447469199997,-33.437342944999955],[-70.50504808099998,-33.436925567999936],[-70.50603285599993,-33.43659863899995],[-70.50690512699998,-33.436349425999936],[-70.50835937399995,-33.43607101199996],[-70.50933288099998,-33.43586175699994],[-70.50973482699999,-33.43578308699995],[-70.50990277899996,-33.435750214999985],[-70.50995688699999,-33.43573962399995],[-70.51068152499994,-33.43554193199998],[-70.51155640099995,-33.43529354699996],[-70.51192668699997,-33.435273000999985],[-70.51196951499998,-33.43527062499993],[-70.51272689199993,-33.435228596999934],[-70.51337165199993,-33.43505850599996],[-70.51360846799997,-33.435010329999955],[-70.51362642499998,-33.43500667699993],[-70.51412034499998,-33.434906196999975],[-70.51470919799993,-33.434727201999976],[-70.51536336699996,-33.43453545299997],[-70.51537695799993,-33.43453146899998],[-70.51552468099999,-33.43448816799997],[-70.51610214599998,-33.43430930599993],[-70.51670154199996,-33.43408244999995],[-70.51711588299997,-33.433956956999964],[-70.51711880599998,-33.433956071999944],[-70.51768673599997,-33.43378405799996],[-70.51827667399994,-33.433585826999945],[-70.51856905599993,-33.43349542399994],[-70.51880237599994,-33.433377949999965],[-70.51882236399996,-33.43336788599993],[-70.51885537899994,-33.43337031599998],[-70.51886133299996,-33.433372222999935],[-70.51892879299999,-33.43339382999994],[-70.51904323999997,-33.43344862499998],[-70.51916603099994,-33.43354841399997],[-70.51921274699998,-33.43358086099994],[-70.51922733399994,-33.43359099299994],[-70.51923035799996,-33.433593093999946],[-70.51923953599999,-33.433599467999954],[-70.51925412299994,-33.433609599999954],[-70.51926653899994,-33.43361822399993],[-70.51928112599995,-33.43362835599993],[-70.51930507699996,-33.43364499099994],[-70.51930600799994,-33.43364563799997],[-70.51930600799994,-33.433645550999984],[-70.51930600599997,-33.43364500299998],[-70.51930600499998,-33.43364471799998],[-70.51930600499998,-33.43364467899994],[-70.51930600299994,-33.433644639999955],[-70.51930597799998,-33.43364421799998],[-70.51930576199999,-33.43364084299998],[-70.51929757499994,-33.43351310699995],[-70.51929787399996,-33.43350686599996],[-70.51930247299998,-33.43341081999995],[-70.51932961499995,-33.43333906799995],[-70.51937198199994,-33.433278332999976],[-70.51938484299995,-33.43326630399997],[-70.51943114499994,-33.43322299399995],[-70.51945465399996,-33.433209104999946],[-70.51951648899995,-33.43317257499996],[-70.51965411699996,-33.43311638499995],[-70.52006263899995,-33.43294959399998],[-70.52058602199997,-33.432735907999984],[-70.52082257699993,-33.43265024899995],[-70.52112866099998,-33.43255643499998],[-70.52139137899997,-33.43247288799995],[-70.52155263999998,-33.43239788799997],[-70.52176247599994,-33.432278477999944],[-70.52200671599996,-33.432134305999966],[-70.52223678299998,-33.43200977899994],[-70.52232749599995,-33.431961859999944],[-70.52259058999994,-33.43182288099996],[-70.52291728599994,-33.43165253099994],[-70.52295864199994,-33.43163398599995],[-70.52300033299997,-33.43161543699995],[-70.52312530499995,-33.43162012299996],[-70.52342259899996,-33.431657722999944],[-70.52360599499997,-33.431681666999964],[-70.52402491899994,-33.43172998299997],[-70.52423055599996,-33.43173740399993],[-70.52737301899998,-33.43211551699994],[-70.52967382299994,-33.43240121699995],[-70.53125033099997,-33.432600384999944],[-70.53285979799995,-33.432802926999955],[-70.53488083399998,-33.43305363099995],[-70.53801808799994,-33.433439420999946],[-70.53874248099999,-33.43207510599996],[-70.53892435299997,-33.43157653199995],[-70.53908194499996,-33.43099235799997],[-70.53919614099993,-33.430368157999965],[-70.53921981499997,-33.42993597299994],[-70.53922715599998,-33.42938468299997],[-70.53921891999994,-33.429079359999946],[-70.53915203099996,-33.42883680399996],[-70.54147855799994,-33.42908469699995],[-70.55068395399996,-33.43012647099994],[-70.55144380399997,-33.430197773999964],[-70.55226089499996,-33.43026835499995],[-70.55348671899998,-33.43041141699996],[-70.55448432899993,-33.43049172299993],[-70.55503674399995,-33.43049852299998],[-70.55656399799994,-33.43057204399997],[-70.55853992899995,-33.43066723499993],[-70.55901958599998,-33.43070360899998],[-70.56063325099996,-33.430768832999945],[-70.56272284999994,-33.43086501099998],[-70.56370356399998,-33.43090705199995],[-70.56499566499997,-33.430966757999954],[-70.56544527799997,-33.43097708399995],[-70.56621773799998,-33.43100573299995],[-70.56692514199995,-33.43102479799995],[-70.56764108799996,-33.431041350999976],[-70.56845933999995,-33.43106940699994],[-70.56941298599997,-33.43109174399996],[-70.57020421099998,-33.43110252899993],[-70.57096629499995,-33.43113767999995],[-70.57212079699997,-33.431186252999964],[-70.57280348399996,-33.43121039799996],[-70.57335833899998,-33.43123616199995],[-70.57409632899999,-33.43125799899997],[-70.57486740599995,-33.43126260899993],[-70.57723236699997,-33.43134055899998],[-70.57809986799998,-33.431347922999976],[-70.57866502899998,-33.431363130999955],[-70.57950152699993,-33.43139728199998],[-70.57957897299997,-33.431405895999944],[-70.57966140699995,-33.43142644799997],[-70.57972841699996,-33.43143839499993],[-70.57977620299994,-33.431442586999935],[-70.58010000799999,-33.431460862999984],[-70.58076600599998,-33.43151157899996],[-70.58194472699995,-33.43157975299994],[-70.58295534499996,-33.43163886199994],[-70.58369818099999,-33.43166457899997],[-70.58401241899998,-33.43168136699995],[-70.58417696899994,-33.43170486699995],[-70.58449346699996,-33.43176590499996],[-70.58449942799996,-33.431758025999954],[-70.58491293399999,-33.43120342199995],[-70.58552350699995,-33.43060590899995],[-70.58654910799999,-33.42969081199993],[-70.58755710299994,-33.428817582999955],[-70.58877666399997,-33.42776829899998],[-70.58982640799996,-33.42693841199997],[-70.59072864599995,-33.42623945399998],[-70.59098905199994,-33.426071056999945],[-70.59227805899997,-33.42504931299993],[-70.59373006999994,-33.42391348399997],[-70.59522154099994,-33.42273634399993],[-70.59687056999996,-33.42149102099995],[-70.59874364199999,-33.42010226799994],[-70.59965088899997,-33.41945402699997],[-70.60025176099998,-33.419021407999935],[-70.60061084899996,-33.41876057799993],[-70.60122891999998,-33.41828867899994],[-70.60159538699997,-33.418028396999944],[-70.60204277299994,-33.417765842999984],[-70.60227479299994,-33.41766462199996],[-70.60273652699993,-33.41749972799994],[-70.60319613499996,-33.417380986999945],[-70.60434553799996,-33.417267797999955],[-70.60485535499998,-33.417185426999936],[-70.60532911199994,-33.41690482399997],[-70.60651766499996,-33.41631835099997],[-70.60697023299997,-33.41625437399995],[-70.60771940399997,-33.416096755999945],[-70.60754307499997,-33.41576053599994],[-70.60724116299997,-33.41497427199994],[-70.60701910199998,-33.41399218199996],[-70.60687018799996,-33.41332652199998],[-70.60649169099997,-33.412092377999954],[-70.60625905099994,-33.41149692999994],[-70.60609648699995,-33.41119399499996],[-70.60597767399997,-33.41072209199996],[-70.60562970999996,-33.409823727999935],[-70.60551192799994,-33.40950903799995],[-70.60540467299995,-33.40931917399996],[-70.60538288799995,-33.409257630999946],[-70.60527416099995,-33.409221473999935],[-70.60513005699994,-33.40917353399993],[-70.60493241499995,-33.409107680999966],[-70.60478010699995,-33.40905666799995],[-70.60459049199994,-33.408992609999984],[-70.60431661799998,-33.408899418999965],[-70.60341097399998,-33.408600253999964],[-70.60282132099996,-33.408401939999976],[-70.60232908799998,-33.40825707799996],[-70.60204656599996,-33.40819486299995],[-70.60174871599997,-33.40815655499995],[-70.60139891399996,-33.40813375999994],[-70.60086352799993,-33.40811917999997],[-70.59992895099998,-33.408082702999934],[-70.59934481299996,-33.40806734199998],[-70.59923759499998,-33.40806446099998],[-70.59890959499995,-33.40802822499995],[-70.59850050699998,-33.40791574599996],[-70.59791817899998,-33.40771520599998],[-70.59751872999993,-33.40756971099995],[-70.59704161499997,-33.40734240499995],[-70.59660731799994,-33.40718357299994],[-70.59597324499998,-33.406961697999975],[-70.59567050799996,-33.406857110999965],[-70.59478200399997,-33.40654371099998],[-70.59412682799996,-33.40631190299996],[-70.59360690399996,-33.406134882999936],[-70.59284749599993,-33.405867400999966],[-70.59217551699999,-33.40562985099996],[-70.59120854299994,-33.40528993999993],[-70.59089717399996,-33.40517798299993],[-70.59024184399993,-33.40495346399996],[-70.58965991099996,-33.40477442399998],[-70.58843894699999,-33.40453836299997],[-70.58663820399994,-33.40420090499998],[-70.58599843699994,-33.40407561799998],[-70.58486136499994,-33.403652516999955],[-70.58386793899996,-33.403078499999936],[-70.58294139699996,-33.40265832999995],[-70.58099498199994,-33.40185535599994],[-70.58045734999996,-33.40163119899995],[-70.57949019399996,-33.40122638799994],[-70.57843046999994,-33.40077538999998],[-70.57739148499996,-33.40034419699998],[-70.57641121799998,-33.39993769499995],[-70.57540541599997,-33.39955131399995],[-70.57472755899994,-33.39928665799994],[-70.57406217899995,-33.39903640899996],[-70.57335928899994,-33.398770904999935],[-70.57251501199994,-33.398440421999965],[-70.57191738499995,-33.39821018999993],[-70.57154585199999,-33.398078804999955],[-70.57140999999996,-33.39802999999995],[-70.57109999999994,-33.397899999999936],[-70.57032897899995,-33.39760254699996],[-70.56973429599998,-33.39737447799996],[-70.56940427099994,-33.397249400999954],[-70.56866309299994,-33.396974297999975],[-70.56736808999995,-33.39652304799995],[-70.56634415399998,-33.39617408399994],[-70.56543303199999,-33.395860546999984],[-70.56501214599996,-33.395712593999974],[-70.56420285899998,-33.39543029599997],[-70.56327783499995,-33.39510835599998],[-70.56176004499997,-33.39457986699995],[-70.56100484799998,-33.39432081599995],[-70.56003498999996,-33.393989182999974],[-70.55908148399993,-33.393661778999956],[-70.55835112799997,-33.393411138999966],[-70.55738322999997,-33.39307668399994],[-70.55631964499997,-33.392708392999964],[-70.55538570099998,-33.392381677999936],[-70.55447164199995,-33.39206494999996],[-70.55373546699997,-33.39180409299996],[-70.55291137999995,-33.39150170299996],[-70.55156245699999,-33.390979010999956],[-70.55038149899997,-33.39051871099997],[-70.55009388999997,-33.39040523399996],[-70.54944489099995,-33.39020812299998],[-70.54847166999997,-33.389827468999954],[-70.54803320799994,-33.38965716699994],[-70.54724836799994,-33.38931036499997],[-70.54638405299994,-33.388986358999944],[-70.54546295699998,-33.38867772799995],[-70.54510107699997,-33.38856520599995],[-70.54425416299995,-33.38828713899994],[-70.54298112499998,-33.38778952399997],[-70.54230385199997,-33.38751431099996],[-70.54084060099996,-33.38694407099996],[-70.53932093699996,-33.38634121299998],[-70.53873163699996,-33.38608691299993],[-70.53757690799995,-33.385589409999966],[-70.53715469799994,-33.38540849899994],[-70.53633118099998,-33.38506942099997],[-70.53562343099998,-33.384791906999965],[-70.53495694099996,-33.38446011099995],[-70.53398244499994,-33.38384231899994],[-70.53357718999996,-33.38345943699994],[-70.53261906899996,-33.38247968099995],[-70.53232781999998,-33.38218912999997],[-70.53147553799994,-33.38137702699993],[-70.53124674699995,-33.381161100999975],[-70.53049688599998,-33.38047934499997],[-70.53017661699994,-33.38017319499994],[-70.52932440599994,-33.37937460399996],[-70.52897123399998,-33.378985762999946],[-70.52821268699995,-33.378067459999954],[-70.52764704899994,-33.37748211799993],[-70.52746072099995,-33.37733744099995],[-70.52687963699998,-33.37692328399993],[-70.52644677799998,-33.37663889099997],[-70.52572656999996,-33.37624942499997],[-70.52485086199994,-33.37581942399993],[-70.52394106299994,-33.375440863999984],[-70.52245207299995,-33.37481635499995],[-70.52182681399995,-33.374546169999974],[-70.52077693299998,-33.37408395299997],[-70.52042886699996,-33.37393564599995],[-70.51958741299995,-33.37357111499995],[-70.51880431899997,-33.37322408399996],[-70.51873909799997,-33.37319691699997],[-70.51763178399995,-33.372698801999945],[-70.51760193599995,-33.372685374999946]]]}},{"type":"Feature","properties":{"CUT_REG":"13","CUT_PROV":"131","CUT_COM":"13115","REGION":"Metropolitana de Santiago","PROVINCIA":"Santiago","COMUNA":"Lo Barnechea","SUPERFICIE":1024.02},"geometry":{"type":"Polygon","coordinates":[[[-70.49909262799997,-33.36714363599998],[-70.49942391099995,-33.36722553699997],[-70.49977916799998,-33.36737873299995],[-70.50039862199998,-33.367681449999964],[-70.50089768199996,-33.36792835099993],[-70.50163721499996,-33.36826778899996],[-70.50253168199998,-33.36868647599994],[-70.50327106299994,-33.36901635999993],[-70.50391913699997,-33.36932825699995],[-70.50473278199996,-33.369676321999975],[-70.50541960299995,-33.36992570099994],[-70.50592240299994,-33.37005799999997],[-70.50681675299995,-33.37013781999997],[-70.50813792499997,-33.37023153699994],[-70.50885591299993,-33.37030871299993],[-70.50935187899995,-33.37037426799998],[-70.51008766999996,-33.37049417199995],[-70.51116589499998,-33.370681486999956],[-70.51195009399999,-33.37080760799995],[-70.51243278199996,-33.37093570899998],[-70.51300291999996,-33.37109145199997],[-70.51419049399993,-33.37149924999994],[-70.51570818699997,-33.371950855999955],[-70.51663527399995,-33.372299605999956],[-70.51760193599995,-33.372685374999946],[-70.51763178399995,-33.372698801999945],[-70.51825811299994,-33.37168128099995],[-70.51908803599997,-33.37077984999996],[-70.51967518399994,-33.37018731799998],[-70.52001286299998,-33.369844701999966],[-70.52008499599998,-33.369769616999974],[-70.52013623099998,-33.36971745099993],[-70.52025078799994,-33.36962882699993],[-70.52071838499995,-33.36945994699994],[-70.52115594999998,-33.36940347799998],[-70.52162987299994,-33.36933633999996],[-70.52201871999995,-33.369280465999964],[-70.52248010699998,-33.369193035999956],[-70.52295527499996,-33.36919742799995],[-70.52398961799997,-33.36913362499996],[-70.52536196099999,-33.36923771299996],[-70.52641020399994,-33.36962517099994],[-70.52820050699995,-33.37001898099993],[-70.52864518299998,-33.370112708999955],[-70.52894884499995,-33.370243107999954],[-70.52932178399993,-33.37038845899997],[-70.52976596899998,-33.37047317099996],[-70.53007337699995,-33.37057309499994],[-70.53045549699993,-33.370604456999956],[-70.53094363699995,-33.37057138199998],[-70.53149471099994,-33.37064123999994],[-70.53245649499996,-33.370552360999966],[-70.53335382699998,-33.370428895999964],[-70.53425349799994,-33.37032323799997],[-70.53603055499997,-33.37042972199998],[-70.53731942799993,-33.37037577799998],[-70.53795255399996,-33.37044279199995],[-70.53865995599995,-33.37048130399995],[-70.53891272599998,-33.370463807999954],[-70.53947631499994,-33.370366633999936],[-70.54030282399998,-33.37000740299993],[-70.54119554299996,-33.369535636999956],[-70.54267546299997,-33.36909028399998],[-70.54347755499998,-33.368615010999974],[-70.54423762299996,-33.36817604799995],[-70.54654855799998,-33.36578480199995],[-70.54700322599996,-33.36526363699994],[-70.54709360099997,-33.365128649999974],[-70.54918056399998,-33.36306772499995],[-70.54968341899996,-33.36256035499997],[-70.55009970999998,-33.36198247899995],[-70.55081577399994,-33.36147244099993],[-70.55173932999998,-33.360637673999975],[-70.55329679299996,-33.35947283899998],[-70.55412828299995,-33.35893288999995],[-70.55489425199994,-33.35864387199996],[-70.55572092399996,-33.358201004999955],[-70.55689845899997,-33.35801577999996],[-70.55802111999998,-33.35807522799996],[-70.55896909499995,-33.35816627299994],[-70.55999387799994,-33.35820875699994],[-70.56044924699995,-33.35805719799998],[-70.56082721499996,-33.357947528999944],[-70.56134775599998,-33.357796674999975],[-70.56155968999997,-33.35770382299995],[-70.56205886599997,-33.35760151799997],[-70.56273840799997,-33.357265895999944],[-70.56329302999995,-33.35692066099995],[-70.56400270399996,-33.35642640399993],[-70.56481591399995,-33.35584259899997],[-70.56576848799995,-33.35521291099997],[-70.56632387499997,-33.35491177199998],[-70.56710999999996,-33.35480999899994],[-70.56721411699993,-33.35482216899993],[-70.56769681299994,-33.35489618899993],[-70.56821470899996,-33.355028112999946],[-70.56890693999998,-33.355214683999975],[-70.56945684999994,-33.355436803999964],[-70.57034814699995,-33.35566891999997],[-70.57099705699994,-33.35570365999996],[-70.57151409099998,-33.35562973699996],[-70.57213425099997,-33.355494851999936],[-70.57290001699994,-33.35517074799998],[-70.57337431099995,-33.35479407899993],[-70.57433905699997,-33.35402012199995],[-70.57480006899993,-33.35357280699998],[-70.57523430599997,-33.353097213999945],[-70.57591667799994,-33.35264229899997],[-70.57643362699997,-33.35231145199998],[-70.57690999999994,-33.352169998999955],[-70.57734345699998,-33.35195992599995],[-70.57790176099996,-33.35183585899995],[-70.57848074399993,-33.35169111399995],[-70.57901836999997,-33.35164975699996],[-70.57947328599994,-33.351608400999964],[-70.57984548899998,-33.35150501199996],[-70.58020274299997,-33.35134820199994],[-70.58073464099994,-33.35111213099998],[-70.58162093199996,-33.35076875799996],[-70.58232999999996,-33.35068999899994],[-70.58264952899998,-33.35033472799995],[-70.58343522499996,-33.349876404999975],[-70.58438460699995,-33.34905797299996],[-70.58497778799995,-33.348576950999984],[-70.58558933199998,-33.34802364899997],[-70.58593878599999,-33.347470345999966],[-70.58638158299993,-33.34709373499993],[-70.58679625799994,-33.346744806999936],[-70.58699141799997,-33.346580589999974],[-70.58715836999994,-33.34644010799997],[-70.58774565799996,-33.34590287499998],[-70.58797714099995,-33.34549904099998],[-70.58845923399997,-33.34480566399998],[-70.58862756099995,-33.34461655999996],[-70.58867204799998,-33.34456658199997],[-70.58879762799995,-33.34442550099993],[-70.58903330399994,-33.34362357899994],[-70.58942615099994,-33.34244503599996],[-70.58978626199996,-33.34133196799996],[-70.59011363499997,-33.340382585999976],[-70.59034279599996,-33.33940046699996],[-70.59070290599993,-33.33904035599994],[-70.59135765199994,-33.33877845799998],[-70.59211061099995,-33.33854929699993],[-70.59279809399999,-33.338189185999966],[-70.59345283999994,-33.33796002599996],[-70.59430400999997,-33.337829075999935],[-70.59495875599998,-33.337665389999984],[-70.59548255299995,-33.33717432999998],[-70.59562750199996,-33.33695474899997],[-70.59575212599998,-33.336765957999944],[-70.59588847799995,-33.33655939999994],[-70.59589748599996,-33.336545754999975],[-70.59504227699995,-33.336102754999956],[-70.59446444099996,-33.33558574399996],[-70.59391498299993,-33.33462999999995],[-70.59355206899994,-33.333913061999965],[-70.59332498299995,-33.33298000099995],[-70.59349124399995,-33.33214914299998],[-70.59437498399996,-33.331070000999944],[-70.59489498299996,-33.33055000099995],[-70.59558498399997,-33.32910000099997],[-70.59671495799995,-33.32780016999993],[-70.59744485599998,-33.326766146999944],[-70.59802269299996,-33.32579295099998],[-70.59884382699994,-33.324241917999984],[-70.59960413599998,-33.32135273999995],[-70.60030362199996,-33.31898057199993],[-70.60033403399996,-33.31788572599993],[-70.60051498399997,-33.31695000099995],[-70.60146498299997,-33.31501999999995],[-70.60299498399996,-33.31270999999998],[-70.60391498399997,-33.31184000099995],[-70.60441498299997,-33.31101999999993],[-70.60456064799996,-33.31060111199997],[-70.60454922799994,-33.31021282599994],[-70.60427514399998,-33.31011004499993],[-70.60387543799999,-33.310075782999945],[-70.60321306799995,-33.30987022099998],[-70.60281336199995,-33.30957329599994],[-70.60253927799994,-33.309287791999964],[-70.60225377399996,-33.309036548999984],[-70.60194542899995,-33.30868252399995],[-70.60163708499994,-33.30838559799997],[-70.60133498399995,-33.30812999999995],[-70.60054498299996,-33.30796000099997],[-70.59871498399997,-33.30802000099993],[-70.59732498299996,-33.30783999999994],[-70.59645498299994,-33.30751000099997],[-70.59560498299999,-33.306600000999936],[-70.59436498399998,-33.305610000999934],[-70.59376498399996,-33.30531000099995],[-70.59242681099994,-33.30462591899993],[-70.59178814899997,-33.30416973299998],[-70.59160567499998,-33.30343983499995],[-70.59172732499997,-33.30264911299997],[-70.59224433599996,-33.30198003999993],[-70.59267010899998,-33.30131096699995],[-70.59294950899994,-33.30067381099997],[-70.59292413099996,-33.29996322499994],[-70.59239118899995,-33.29910036699994],[-70.59125498399999,-33.298150000999954],[-70.59058087999995,-33.297357733999945],[-70.58919354199998,-33.29647795799997],[-70.58733247799995,-33.29566585699996],[-70.58662188899996,-33.29539515699997],[-70.58584362599998,-33.29488759399993],[-70.58509919999995,-33.29434619299997],[-70.58358498399997,-33.29328000099997],[-70.58201498299997,-33.292460001999984],[-70.58145498299996,-33.29154999999997],[-70.58019498299996,-33.29000999999994],[-70.57963498299995,-33.28904000099993],[-70.57828504299994,-33.28783827299998],[-70.57649498299998,-33.286810000999935],[-70.57453498399997,-33.285020000999964],[-70.57369277099997,-33.28370218599997],[-70.57308452199999,-33.28245527699994],[-70.57254498299994,-33.281680000999984],[-70.57174637699995,-33.28002228499997],[-70.57125498399995,-33.27927000099993],[-70.57115498299999,-33.27784000099996],[-70.57124498299999,-33.27678000099996],[-70.57111498399996,-33.27570000199995],[-70.57093498399996,-33.27447000099994],[-70.57159498299995,-33.27231000099994],[-70.57218498399999,-33.27062000099994],[-70.57300498399997,-33.26898000099993],[-70.57334809699995,-33.267391000999964],[-70.57367249499998,-33.26605285499994],[-70.57316160599999,-33.26510080999998],[-70.57178498299999,-33.26352000099996],[-70.57079345499994,-33.26240336699993],[-70.56963498299996,-33.26095000099997],[-70.56892498399998,-33.25987999999995],[-70.56769498299997,-33.257740000999945],[-70.56640498399997,-33.256010000999936],[-70.56588691999997,-33.255388239999945],[-70.56467042399998,-33.254698891999965],[-70.56353502799993,-33.25413119299998],[-70.56320619299998,-33.25364180799994],[-70.56284454299998,-33.253199792999965],[-70.56206096999995,-33.252998875999936],[-70.56153858799996,-33.25293860199997],[-70.56097602299997,-33.25259704499996],[-70.56055409899994,-33.25225548699996],[-70.56023263399999,-33.25159246299995],[-70.56008828999995,-33.25104940399996],[-70.56037498299997,-33.25006999999994],[-70.56052829499998,-33.25000006799996],[-70.56094498299996,-33.24981000099996],[-70.56143498299997,-33.24963000099996],[-70.56170498299997,-33.24879999899997],[-70.56196498399999,-33.24842000099994],[-70.56199498299998,-33.24799000099995],[-70.56207498299995,-33.247510001999956],[-70.56167498399998,-33.246640000999946],[-70.56094498399995,-33.24563000099994],[-70.56069498299996,-33.24495000099995],[-70.56003498299998,-33.244370000999936],[-70.55949498299998,-33.24406000099998],[-70.55908498299993,-33.24369000099995],[-70.55879498299998,-33.24331999899994],[-70.55850498299998,-33.24218000099995],[-70.55840498399994,-33.241619999999955],[-70.55818498399998,-33.241469999999936],[-70.55744498399997,-33.241409998999984],[-70.55566498399997,-33.241469999999936],[-70.55326498399995,-33.24159000099996],[-70.55178498399994,-33.24173000099995],[-70.55129498399998,-33.24170000099997],[-70.55065498299996,-33.24171999999993],[-70.55017498299998,-33.24157000099996],[-70.54874498299995,-33.24087000099996],[-70.54606498399994,-33.24090000099994],[-70.54526498299998,-33.24060000099996],[-70.54484498299996,-33.24009000099994],[-70.54473498299996,-33.239680000999954],[-70.54429498399998,-33.238850000999946],[-70.54371498299997,-33.23857000099997],[-70.54271498399999,-33.23859000099998],[-70.54114559599998,-33.238693644999955],[-70.54004055699994,-33.23883428599993],[-70.53742423699998,-33.23951131699994],[-70.53660498299996,-33.23980000199998],[-70.53586498399994,-33.23988000099996],[-70.53449527099997,-33.23959776799995],[-70.53326297899997,-33.23924711199993],[-70.53217312599998,-33.23911500699995],[-70.53055485799996,-33.239048955999976],[-70.52936592799995,-33.23878474899993],[-70.52697498299995,-33.23884000099997],[-70.52419498399996,-33.238550000999965],[-70.52341498399994,-33.23830000099997],[-70.52287498299995,-33.237920000999964],[-70.52203498399996,-33.23693000099996],[-70.52105498299994,-33.23571000099997],[-70.52003498399995,-33.23490000099997],[-70.51851498399998,-33.23340000099995],[-70.51749498299995,-33.23233000099998],[-70.51556498399998,-33.231210000999965],[-70.51511498299993,-33.22926999999993],[-70.51469498399996,-33.228610000999936],[-70.51385498399998,-33.225680000999944],[-70.51372498299997,-33.22516000099995],[-70.51370498299997,-33.223960000999966],[-70.51332498399995,-33.220609999999965],[-70.51289678299997,-33.22012899099997],[-70.51213498299995,-33.21988000099998],[-70.51002498299994,-33.219210000999965],[-70.50870498399996,-33.218789999999956],[-70.50840498399998,-33.21871999999996],[-70.50788498399999,-33.21860000099997],[-70.50683498399997,-33.21873000099998],[-70.50409498299996,-33.21993999999995],[-70.50359436399998,-33.22022944899993],[-70.50315234899995,-33.22045045699997],[-70.50252950799995,-33.22055091499993],[-70.50124364499999,-33.22055091499993],[-70.50015869799995,-33.22051073099993],[-70.50000008399996,-33.22046898999997],[-70.49939521699997,-33.22030981599994],[-70.49864498299996,-33.220190000999935],[-70.49754678699998,-33.22002853299995],[-70.49668284799998,-33.219666883999935],[-70.49602498399997,-33.21932000199996],[-70.49518498399993,-33.21900000099998],[-70.49464498299994,-33.21877999999998],[-70.49360498399994,-33.21856000099996],[-70.49317498299996,-33.218430000999945],[-70.49236498299996,-33.21830000099993],[-70.49168498299997,-33.21839000099993],[-70.49091498399997,-33.218610000999945],[-70.49008498299997,-33.21881999999994],[-70.48951498299994,-33.218850000999964],[-70.48861498399998,-33.21876999999995],[-70.48786498299995,-33.21863000099995],[-70.48653498299996,-33.21846000099998],[-70.48550498299994,-33.21823000099994],[-70.48463498399997,-33.218160000999944],[-70.48367498399995,-33.218050001999984],[-70.48261498299996,-33.21810000099998],[-70.48146679599995,-33.21829395599997],[-70.48039524299998,-33.218481478999934],[-70.47894864699998,-33.21872257799998],[-70.47811819299994,-33.21872257799998],[-70.47710021799998,-33.21877615599993],[-70.47626498399995,-33.21892999999994],[-70.47533498399997,-33.219120000999965],[-70.47479498399997,-33.219090000999984],[-70.47399498299995,-33.21898999999996],[-70.47314498299994,-33.21883000099996],[-70.47284498299996,-33.21866000099993],[-70.47217498299995,-33.218080000999976],[-70.47178498299996,-33.21779000099997],[-70.47116498399998,-33.21724000099994],[-70.47069768999995,-33.216927726999984],[-70.47029585699994,-33.21623121699997],[-70.47024227999998,-33.21553470799995],[-70.47024227999998,-33.21502572099996],[-70.47017498399998,-33.21454000099993],[-70.46995498399997,-33.21420999999998],[-70.46991498399996,-33.21419000099996],[-70.46987498299995,-33.21373000099993],[-70.46993498299997,-33.21270999999996],[-70.46998498299996,-33.211840000999985],[-70.46998498299996,-33.21116999999998],[-70.46997498299999,-33.21052000099996],[-70.46956498399999,-33.20968000099998],[-70.46916498299998,-33.20907000099993],[-70.46853498399997,-33.20843999999994],[-70.46799498299998,-33.20788000099998],[-70.46722498299994,-33.20720000099993],[-70.46672498399994,-33.20673000099998],[-70.46577498399995,-33.20591000099995],[-70.46512561399999,-33.20516743299993],[-70.46491130399994,-33.204631656999936],[-70.46469699299996,-33.204095879999954],[-70.46461662699994,-33.203426159999935],[-70.46467020399996,-33.20281001699993],[-70.46555423599995,-33.20248855099993],[-70.46625074499997,-33.202301029999944],[-70.46678652099996,-33.20227424099994],[-70.46750981999998,-33.20224745199994],[-70.46804559499998,-33.20197956299995],[-70.46820498399995,-33.20146000099993],[-70.46796498299994,-33.20062000099995],[-70.46763498399997,-33.19996999999995],[-70.46746498299996,-33.19920000099995],[-70.46743498299998,-33.19833000099993],[-70.46742498299994,-33.19752999999997],[-70.46732498399996,-33.19644000099993],[-70.46717498299995,-33.19577000099997],[-70.46707498299997,-33.19508999999994],[-70.46674498399994,-33.19458000099996],[-70.46635498399996,-33.19407999899994],[-70.46598498299994,-33.19354999999996],[-70.46511498299998,-33.19286000099993],[-70.46441498299998,-33.192610000999935],[-70.46323498299995,-33.19203000099998],[-70.46264498399995,-33.19165000099997],[-70.46230498299997,-33.19140999999996],[-70.46118498399994,-33.190549998999984],[-70.46073498399994,-33.18982000099993],[-70.46029498299998,-33.18887000099994],[-70.46008498399993,-33.188410000999966],[-70.45998498299997,-33.18740000099996],[-70.45990498299994,-33.18677999999994],[-70.45974498299995,-33.18559000099998],[-70.45974498299995,-33.184920000999966],[-70.45980498299997,-33.18376000099994],[-70.45992498399994,-33.18312000099996],[-70.46002498299998,-33.18269000099997],[-70.46078498299994,-33.181390000999954],[-70.46138498399995,-33.18022000199994],[-70.46158498399996,-33.179719999999975],[-70.46190498399994,-33.17897000099998],[-70.46199318399994,-33.17791809899995],[-70.46146477099995,-33.17686127099995],[-70.46083727899997,-33.17639890799995],[-70.45951624499997,-33.175639313999966],[-70.45782498299997,-33.17436000099997],[-70.45774498399999,-33.17429999999996],[-70.45713838299997,-33.174153151999974],[-70.45614760799998,-33.17372381499996],[-70.45542103899999,-33.17309632399997],[-70.45496697199997,-33.17252983099996],[-70.45488035099999,-33.171992788999944],[-70.45492565099994,-33.17157713399996],[-70.45492498299996,-33.17070000099994],[-70.45493498399998,-33.169390000999954],[-70.45490498299995,-33.16890000099994],[-70.45470711199994,-33.168476030999955],[-70.45448498299999,-33.168170000999964],[-70.45404880299998,-33.16762715799996],[-70.45370232399995,-33.16717673599993],[-70.45328498299995,-33.16673999999995],[-70.45225498299999,-33.16586000099994],[-70.45141498399994,-33.16502000099996],[-70.45074498299994,-33.164309999999944],[-70.44983498299996,-33.163269999999955],[-70.44931498299997,-33.16296000099993],[-70.44883498399997,-33.162650000999975],[-70.44776645699994,-33.16174275099996],[-70.44715031499999,-33.16142128499996],[-70.44623949499999,-33.16088550899997],[-70.44573050599996,-33.160644409999975],[-70.44524830799998,-33.160349732999975],[-70.44499498299996,-33.160020000999964],[-70.44480498399997,-33.15946000099996],[-70.44463498299996,-33.15866000099993],[-70.44449498299997,-33.15788000099997],[-70.44443498399994,-33.15687000099996],[-70.44452498299995,-33.15579999999994],[-70.44431069899997,-33.15488481199998],[-70.44378498299994,-33.153990000999954],[-70.44359498299997,-33.15363000199994],[-70.44309498399997,-33.15294000099993],[-70.44258498299996,-33.15206000099994],[-70.44191498299995,-33.15114000099993],[-70.44162498299994,-33.150680000999955],[-70.44132498299996,-33.15002999999996],[-70.44121498299995,-33.14926000099996],[-70.44120498399997,-33.14824999899997],[-70.44124498299993,-33.14756000099993],[-70.44113762899997,-33.14698403199998],[-70.44092950599997,-33.146533095999985],[-70.44065498399993,-33.146279998999944],[-70.44009498399998,-33.14600999999993],[-70.43899498399998,-33.14574000099998],[-70.43796373399994,-33.145371068999964],[-70.43754748599997,-33.14509356999997],[-70.43713123699996,-33.14474669599997],[-70.43681905199998,-33.144486540999935],[-70.43636811499994,-33.143948886999965],[-70.43605592899996,-33.14335920099995],[-70.43581498299994,-33.14279000099998],[-70.43497498299996,-33.141029999999944],[-70.43437498399999,-33.139810000999944],[-70.43376498399994,-33.13831000099998],[-70.43362498299996,-33.13781999999998],[-70.43341968899995,-33.137219535999975],[-70.43324146199996,-33.13685993399997],[-70.43317250499996,-33.136788373999934],[-70.43288498299995,-33.13649000099997],[-70.43235498399997,-33.13612000099994],[-70.43198016199995,-33.13593610199996],[-70.43113498299994,-33.135760001999984],[-70.43052329199998,-33.13534641799998],[-70.43032319099996,-33.13514536499997],[-70.43014173199998,-33.13482610799997],[-70.42986498399995,-33.13382000099995],[-70.42963498399996,-33.13287000099996],[-70.42946498299995,-33.13231000099995],[-70.42903498299995,-33.131310000999974],[-70.42837498399996,-33.13045000099993],[-70.42753498399998,-33.12979999999993],[-70.42664498299996,-33.12897000099997],[-70.42593498399998,-33.128589999999974],[-70.42530498399998,-33.12815000099994],[-70.42441498299996,-33.12787000099996],[-70.42337498399996,-33.12783000099995],[-70.42160498299995,-33.127460000999974],[-70.42103498299997,-33.12694000099998],[-70.42028498399998,-33.12614000099995],[-70.41997498299997,-33.125790000999984],[-70.41938498299999,-33.125279999999975],[-70.41863498399994,-33.12471000099998],[-70.41787498299993,-33.12413000199996],[-70.41721498299995,-33.12366999999995],[-70.41644498399995,-33.123340000999974],[-70.41591498299994,-33.123009999999965],[-70.41540498299997,-33.12278999999995],[-70.41477498299997,-33.12266000099993],[-70.41295498299996,-33.12258000099996],[-70.41171498399996,-33.12248000099993],[-70.41067498399997,-33.12239000099993],[-70.40949498399993,-33.12227999999993],[-70.40811498299996,-33.122229999999945],[-70.40723498399996,-33.12215999999995],[-70.40586498399995,-33.12219000099998],[-70.40538498399997,-33.12226000099997],[-70.40424498299996,-33.12233999999995],[-70.40349498399996,-33.122420000999966],[-70.40276498399999,-33.12240000099996],[-70.40208498399994,-33.12224999999995],[-70.40165498299996,-33.12215999999995],[-70.40119498299998,-33.12204000099996],[-70.40001498399994,-33.12183000099998],[-70.39953498399996,-33.12172000099997],[-70.39914498299999,-33.12161999999995],[-70.39801498299994,-33.12130999999994],[-70.39765498299994,-33.121160000999964],[-70.39701498399995,-33.120830000999945],[-70.39588498399996,-33.12010000099997],[-70.39509498399997,-33.11954999999995],[-70.39368498299996,-33.11855000099996],[-70.39297498299999,-33.11831000099994],[-70.39207498399998,-33.11804000099994],[-70.39099498299998,-33.11768000099994],[-70.39020498399998,-33.11730000099993],[-70.38983498399995,-33.116980000999945],[-70.38906498299997,-33.11648999999994],[-70.38828498299995,-33.11605000099996],[-70.38724498299996,-33.11570999999998],[-70.38594498299994,-33.11511000099995],[-70.38539498299997,-33.11442000099993],[-70.38483498299996,-33.11398000099996],[-70.38420498299996,-33.11338000199993],[-70.38394498299994,-33.11303000099997],[-70.38374498299999,-33.112500000999944],[-70.38370498299997,-33.111910000999956],[-70.38369498299994,-33.111340000999974],[-70.38365498299999,-33.11045000099995],[-70.38355498299995,-33.110140000999934],[-70.38330498299996,-33.10993000099995],[-70.38230498399997,-33.10922999999997],[-70.38163498399996,-33.10881999999998],[-70.38111498399996,-33.10871000099996],[-70.38027498399998,-33.108740001999934],[-70.37886498299997,-33.10875999899997],[-70.37805498399996,-33.108799999999974],[-70.37774498399995,-33.108750000999976],[-70.37724498299997,-33.108510000999956],[-70.37680498399999,-33.10828000099997],[-70.37609498399996,-33.10796000099998],[-70.37565498399994,-33.107700000999955],[-70.37531498399994,-33.10751000199997],[-70.37482498299994,-33.10712000099994],[-70.37401498399998,-33.106479999999976],[-70.37356498299994,-33.106180000999984],[-70.37325498399997,-33.105970000999946],[-70.37254000099995,-33.10577999999998],[-70.37206175699998,-33.10571507599997],[-70.37102924799996,-33.10571416299996],[-70.37060741899995,-33.105843851999964],[-70.36999244799995,-33.10608006699994],[-70.36940058599998,-33.10634271299995],[-70.36882752599996,-33.106631972999935],[-70.36835058599996,-33.10687271399996],[-70.36753257799995,-33.10693511499994],[-70.36688569199998,-33.10688816399994],[-70.36637290799996,-33.10685094499996],[-70.36580437899994,-33.10680968099996],[-70.36505257899995,-33.10675511499994],[-70.36410999499998,-33.10684159099998],[-70.36319527499995,-33.10681376399998],[-70.36199316199998,-33.10672988899995],[-70.36127257799996,-33.106645114999935],[-70.36068861599995,-33.10652904699998],[-70.35959029099996,-33.10631597999998],[-70.35836475899998,-33.10621274699997],[-70.35714777199996,-33.10601545399993],[-70.35601115399999,-33.10580347499996],[-70.35484175399995,-33.10564386699997],[-70.35393888399994,-33.10558837099995],[-70.35320280599996,-33.105543127999965],[-70.35270774499998,-33.10551269699994],[-70.35170520599996,-33.10545107399997],[-70.35099837699994,-33.10529908199993],[-70.35040608699995,-33.105067608999946],[-70.34951867699993,-33.10472079999994],[-70.34878151999999,-33.10443271199995],[-70.34819021399994,-33.10423561099998],[-70.34766271299998,-33.10414047699993],[-70.34697160599995,-33.10391482999995],[-70.34578778199995,-33.10352788399996],[-70.34395420899995,-33.10292565999998],[-70.34346253499996,-33.10269801099997],[-70.34310288899997,-33.10243485299998],[-70.34271168799995,-33.102125282999964],[-70.34262058599995,-33.10191271399998],[-70.34260058599995,-33.10090271399997],[-70.34274058599993,-33.09978271399996],[-70.34293415199994,-33.09935732599996],[-70.34289683899993,-33.098800635999964],[-70.34294923299996,-33.09836555299995],[-70.34285828999998,-33.098133142999984],[-70.34275724399998,-33.09790073599993],[-70.34279766199995,-33.09767843299994],[-70.34292902299995,-33.09752686199994],[-70.34293912699997,-33.09718330199996],[-70.34277745199995,-33.09699131199994],[-70.34244257799998,-33.09686511499996],[-70.34190615699998,-33.09681769699995],[-70.34143016299998,-33.09677561899997],[-70.34063257799994,-33.096705113999974],[-70.34015671099996,-33.09680028899993],[-70.33958257899997,-33.096915114999945],[-70.33896806099995,-33.09697942499997],[-70.33809578699999,-33.09707885499995],[-70.33736257899994,-33.09716511499994],[-70.33644257799995,-33.09737511499998],[-70.33608112299999,-33.097537682999985],[-70.33524940099994,-33.09779148499996],[-70.33452257799996,-33.098045114999934],[-70.33424058699995,-33.09826271399993],[-70.33409781399996,-33.09850298899994],[-70.33379261099998,-33.09905951999997],[-70.33317758599998,-33.099932208999974],[-70.33273410699996,-33.10034283899995],[-70.33210994899997,-33.10057279199998],[-70.33167880599996,-33.10052452899998],[-70.33137257899995,-33.10028511499996],[-70.33078064099993,-33.100366839999936],[-70.33060640299993,-33.10077339399993],[-70.33051928399993,-33.101238028999944],[-70.33028696599996,-33.10147034599993],[-70.32952467499996,-33.10175711199997],[-70.32880594399995,-33.10205113899997],[-70.32831226999997,-33.10222537599998],[-70.32761531899996,-33.10237057399996],[-70.32668604999998,-33.10239961399998],[-70.32590197899998,-33.10231249399993],[-70.32535022499997,-33.10225441699998],[-70.32468231299998,-33.10208017799994],[-70.32389824299997,-33.10204750899993],[-70.32317225099996,-33.10225441599994],[-70.32259145899997,-33.10254481299995],[-70.32221394299995,-33.10274808999998],[-70.32193235399996,-33.102940771999954],[-70.32179067199996,-33.10329497799995],[-70.32162537699998,-33.10369641099993],[-70.32156732699997,-33.10408859699993],[-70.32184563499999,-33.10474957899993],[-70.32191521099998,-33.10527140499994],[-70.32188042399997,-33.10600196299998],[-70.32156732699997,-33.10641942399997],[-70.32121944199997,-33.10676730899996],[-70.32090050599999,-33.106892535999975],[-70.32079929899999,-33.10727712099998],[-70.32028076499995,-33.107951577999984],[-70.31971408599998,-33.10826402199996],[-70.31850458399998,-33.10892286199993],[-70.31794369999994,-33.10913611099994],[-70.31732326199995,-33.10931337799997],[-70.31679423899993,-33.10944710499996],[-70.31625257899998,-33.10949511599995],[-70.31540607899996,-33.10957608499996],[-70.31510257799994,-33.109605114999965],[-70.31471005199995,-33.10948487899998],[-70.31425471399996,-33.10923738099996],[-70.31297133799995,-33.108769121999956],[-70.31230257799996,-33.10852511499996],[-70.31169058599994,-33.108522713999946],[-70.31087217199996,-33.10845688499995],[-70.30987023599994,-33.10857186099997],[-70.30929912599998,-33.10871090999996],[-70.30906160399996,-33.108889689999955],[-70.30852089299998,-33.10929667599993],[-70.30761182499998,-33.11004846199995],[-70.30696225599996,-33.110526952999976],[-70.30576058599996,-33.111302713999976],[-70.30458058599999,-33.11196271399996],[-70.30421414799997,-33.112233834999984],[-70.30360888499996,-33.11244745699997],[-70.30295522899996,-33.112678158999984],[-70.30239677199995,-33.11287526199993],[-70.30186029199996,-33.112799508999956],[-70.30136952299995,-33.112951314999975],[-70.30077162199996,-33.11315790699996],[-70.30015257799994,-33.11337511499994],[-70.29919886899995,-33.11407106499996],[-70.29827058599994,-33.11477271399997],[-70.29782058599994,-33.11534271399995],[-70.29773625399997,-33.11602941899997],[-70.29771212699995,-33.11672715199995],[-70.29774340099993,-33.117300341999965],[-70.29776093999993,-33.117740398999956],[-70.29767821199994,-33.11814284999997],[-70.29742817899995,-33.11849597799994],[-70.29728058599994,-33.11877271299994],[-70.29707645199994,-33.118984771999976],[-70.29657412499995,-33.11923583899994],[-70.29641257899993,-33.11931511499995],[-70.29643101999994,-33.119629490999955],[-70.29656703299997,-33.12009798699995],[-70.29659725999994,-33.12062693199994],[-70.29671816099994,-33.12082339699998],[-70.29667282299994,-33.12115587699998],[-70.29679257799995,-33.122525113999984],[-70.29676349899995,-33.12283339199996],[-70.29661666799996,-33.123125665999964],[-70.29642999099997,-33.123528196999985],[-70.29622049099999,-33.12386789599998],[-70.29599381799994,-33.124076309999964],[-70.29590882099995,-33.124225070999955],[-70.29591273899996,-33.12445805699997],[-70.29596822399998,-33.12468336999996],[-70.29592058599997,-33.12503271299994],[-70.29586413499999,-33.125395743999945],[-70.29578058699997,-33.125682713999936],[-70.29532549599998,-33.126015904999974],[-70.29497540099999,-33.12625898799996],[-70.29471145799994,-33.12643798499994],[-70.29416869499994,-33.126890930999934],[-70.29360199099995,-33.12747824599995],[-70.29310876099998,-33.12792417999998],[-70.29286901199998,-33.12825808599996],[-70.29287257799996,-33.12844511499998],[-70.29204590699999,-33.12904980899998],[-70.29113391699997,-33.12965154899996],[-70.29023473299998,-33.13020485199996],[-70.28953307699999,-33.13052385599997],[-70.28853058599998,-33.13092271499994],[-70.28740058599993,-33.13137271399995],[-70.28661893999998,-33.13159939899998],[-70.28623712799998,-33.13165256299993],[-70.28579636399996,-33.13163266399994],[-70.28536345599997,-33.131536032999975],[-70.28477585899998,-33.13139787999995],[-70.28382257799996,-33.13107511599998],[-70.28297889599997,-33.130987078999965],[-70.28184219999997,-33.13093809999998],[-70.28000877699998,-33.13089853199995],[-70.27906301799999,-33.130942140999935],[-70.27832343199998,-33.13105908799997],[-70.27760019299996,-33.13111012099995],[-70.27696942799997,-33.131186130999936],[-70.27647220799997,-33.13116373499997],[-70.27592123199997,-33.131136857999934],[-70.27554257899999,-33.13104511499995],[-70.27512831299998,-33.130904560999966],[-70.27438362499998,-33.13066717899994],[-70.27345684199997,-33.130716280999934],[-70.27291257799999,-33.13074511499997],[-70.27254911999995,-33.13097443999993],[-70.27207257799995,-33.13127511599998],[-70.27180140999997,-33.131654631999936],[-70.27155058699998,-33.13200271399995],[-70.27118720599998,-33.13235174999994],[-70.27079058599998,-33.13273271399993],[-70.27067353199993,-33.13294341099993],[-70.27039058599996,-33.13345271399993],[-70.27013024499996,-33.133960996999974],[-70.26999591699996,-33.134256670999946],[-70.26989703599997,-33.134725052999954],[-70.26981257799997,-33.13512511499994],[-70.26985633499999,-33.13558729699997],[-70.26992514499995,-33.13631408999993],[-70.26997257899995,-33.13681511499993],[-70.26994241099999,-33.137493871999936],[-70.26991257799995,-33.138165113999946],[-70.26984694799995,-33.13932917999995],[-70.26974574199994,-33.140138831999934],[-70.26953578199993,-33.140929995999954],[-70.26963360899998,-33.14148459799998],[-70.26973257799995,-33.14203511499994],[-70.26986684099995,-33.14232178499998],[-70.27006117899998,-33.142736722999985],[-70.27035121799997,-33.142933366999955],[-70.27059759699995,-33.143491824999955],[-70.27074070799995,-33.144150328999956],[-70.27069731599994,-33.14467516399998],[-70.27067972299994,-33.14488796499995],[-70.27065702199997,-33.145162538999955],[-70.27077113299998,-33.14547094799997],[-70.27092359699998,-33.14574894799995],[-70.27109357999996,-33.14620836399996],[-70.27126257799995,-33.14666511599995],[-70.27137719399997,-33.146972765999976],[-70.27145257799998,-33.147175113999936],[-70.27143547299994,-33.14748728699993],[-70.27142022399994,-33.14776558699998],[-70.27138058599996,-33.147952714999974],[-70.27133411899996,-33.14809537799994],[-70.27124570099994,-33.148366830999976],[-70.27090621499997,-33.14940911699995],[-70.27073058599996,-33.150062712999954],[-70.27064791799995,-33.15044201499995],[-70.27055509299998,-33.15111191099993],[-70.27054130699997,-33.15178740999994],[-70.27050895399998,-33.15249967699998],[-70.27039058599996,-33.15352271399996],[-70.27010483999999,-33.15449670399994],[-70.26976198899996,-33.15526291899994],[-70.26956790199995,-33.155548264999936],[-70.26930000599998,-33.15594212199994],[-70.26904945999996,-33.15631047099998],[-70.26890294299994,-33.15688568499996],[-70.26874371699995,-33.15797479899993],[-70.26888937499996,-33.15871797899996],[-70.26899659299994,-33.159300163999944],[-70.26880363699996,-33.159852917999956],[-70.26866058599995,-33.16026271499993],[-70.26857511599997,-33.16050755699996],[-70.26835395399996,-33.160968287999935],[-70.26822343599997,-33.161291967999944],[-70.26808107799997,-33.16182666999998],[-70.26804990399995,-33.162447587999964],[-70.26793173699997,-33.16293285399996],[-70.26773058599997,-33.16360271399998],[-70.26761253899997,-33.16376368699997],[-70.26740058699994,-33.16405271399998],[-70.26722629099999,-33.16421553799995],[-70.26688550299997,-33.16445037099993],[-70.26621992999998,-33.16483319099996],[-70.26569936799996,-33.16502465999997],[-70.26497058599995,-33.165292713999975],[-70.26488576999998,-33.165481917999955],[-70.26482573199996,-33.16611666799997],[-70.26479813099996,-33.16649389199995],[-70.26467852399998,-33.16699992399998],[-70.26460491899996,-33.16757955999998],[-70.26456811599996,-33.16801198799993],[-70.26450760499995,-33.16860620999995],[-70.26451774099996,-33.16901839299993],[-70.26453554899996,-33.16942426899993],[-70.26455917299995,-33.16980520699997],[-70.26457213399993,-33.17001420099996],[-70.26460257799994,-33.17050511499997],[-70.26456358899998,-33.17098362699994],[-70.26459571799995,-33.17170141899993],[-70.26447610999998,-33.17236386199994],[-70.26430794299995,-33.172928818999935],[-70.26422769499999,-33.17333912299995],[-70.26431257799999,-33.17376511599997],[-70.26444888399993,-33.17423158199995],[-70.26462588599998,-33.17483732499994],[-70.26476984399994,-33.175355311999965],[-70.26487257799994,-33.17606511499997],[-70.26495137499995,-33.17622781499995],[-70.26510922999995,-33.17655375499993],[-70.26555187699995,-33.177467741999976],[-70.26592058599994,-33.17834271399994],[-70.26622988299994,-33.17975037599996],[-70.26637058599994,-33.18037271399993],[-70.26641557099998,-33.18061758899995],[-70.26630018699996,-33.18084503399996],[-70.26609058699995,-33.18101271299997],[-70.26595313599995,-33.18112267399994],[-70.26518372499999,-33.181729161999954],[-70.26442058599997,-33.18232271399995],[-70.26329131599994,-33.18265456199998],[-70.26240644099994,-33.18291458999994],[-70.26137994199996,-33.18318856899998],[-70.26017234399995,-33.18346094999998],[-70.25933257799994,-33.18352511499995],[-70.25875750099993,-33.183500900999945],[-70.25838257899994,-33.18348511499994],[-70.25777257799996,-33.18355511499993],[-70.25699058599997,-33.18369271499995],[-70.25662258099999,-33.183755204999954],[-70.25613661799997,-33.18376280199993],[-70.25550754599993,-33.18380620499994],[-70.25481257799999,-33.18381511599995],[-70.25379384699994,-33.18365901799996],[-70.25299438099995,-33.18356223999996],[-70.25252467399997,-33.18368419799998],[-70.25208515799994,-33.18382851299998],[-70.25156032099994,-33.18400084399997],[-70.25095891899997,-33.18448872299996],[-70.25073884799997,-33.18487708199996],[-70.25071295699996,-33.18522660499997],[-70.25045405099996,-33.18544667499998],[-70.25000005299995,-33.18555785799998],[-70.24981973299998,-33.18560201899993],[-70.24921130399997,-33.18567969099996],[-70.24848636799999,-33.18597743199996],[-70.24795560999996,-33.18630106499995],[-70.24693428899997,-33.18655874099994],[-70.24632417599997,-33.18657993199997],[-70.24578080099997,-33.18659880599995],[-70.24464333499998,-33.18663831499998],[-70.24412334399995,-33.18672944699995],[-70.24382606199998,-33.186896547999936],[-70.24356715699997,-33.18694832899996],[-70.24312571599995,-33.18690108399994],[-70.24287905399996,-33.18768964999998],[-70.24256226199998,-33.18899202099993],[-70.24194627399999,-33.190399989999946],[-70.24146785299996,-33.19086904899996],[-70.23988278599995,-33.19201053599994],[-70.23933218499997,-33.19267759999997],[-70.23915653399996,-33.19525390299998],[-70.23968570099998,-33.19748481499994],[-70.23910165399997,-33.19957069599997],[-70.23764153899998,-33.20178172999994],[-70.23512498999997,-33.20307311299996],[-70.23375458199996,-33.20328757699997],[-70.23244666099998,-33.20324397899998],[-70.23097723599994,-33.20356300599997],[-70.22994551299996,-33.204603436999946],[-70.22865598099997,-33.20640310899995],[-70.22750306399996,-33.20841355299996],[-70.22732164299998,-33.209734149999974],[-70.22664373199996,-33.21119426699994],[-70.22537462999998,-33.21229083099996],[-70.22385100199995,-33.213745202999974],[-70.22300096899994,-33.21428922399997],[-70.22211960699997,-33.214853295999944],[-70.21961789499994,-33.216348240999935],[-70.21832999999998,-33.21732000199995],[-70.21788944099995,-33.217738518999965],[-70.21785716199997,-33.21894862399995],[-70.21790052099993,-33.21990254499997],[-70.21798724199994,-33.22055294699993],[-70.21759700199993,-33.221376788999976],[-70.21738020099997,-33.22211390999996],[-70.21759700199993,-33.22298111099997],[-70.21833412299998,-33.223414711999965],[-70.21889780299995,-33.22376159299995],[-70.22019999999998,-33.22427000199997],[-70.22041540699996,-33.22558271599996],[-70.22071892699995,-33.22697023899997],[-70.22175956899997,-33.22749055999998],[-70.22275999999994,-33.22791000099994],[-70.22297365099996,-33.22918160299997],[-70.22332053199995,-33.23026560499994],[-70.22314709199998,-33.23165312799995],[-70.22291999999999,-33.23214000099995],[-70.22236853399994,-33.23292980399998],[-70.22227988999998,-33.23403793199998],[-70.22193300999999,-33.23494849399998],[-70.22151117199996,-33.23633616699993],[-70.22082029899997,-33.237352718999944],[-70.21973531299994,-33.23787524499994],[-70.21897911899998,-33.23840482199995],[-70.21778186799997,-33.23852639299997],[-70.21521219599998,-33.23724657899993],[-70.21431999999999,-33.23705000199993],[-70.21443171499993,-33.23798369999997],[-70.21535486199997,-33.23899995499994],[-70.21594931799996,-33.23980482299993],[-70.21638291899995,-33.24071538499993],[-70.21635582699997,-33.241419777999965],[-70.21555907699997,-33.24257986899994],[-70.21446693299998,-33.24385396899993],[-70.21363158699995,-33.24540074199996],[-70.21312999899999,-33.24582000199996],[-70.21139650899994,-33.24639555599998],[-70.20985267299994,-33.24770218699996],[-70.20915145799995,-33.248559227999976],[-70.20825546199995,-33.24976687599997],[-70.20834265799994,-33.25000006799996],[-70.20866482499997,-33.25086164399994],[-70.20901170499997,-33.251989005999974],[-70.20987890599997,-33.25268276699995],[-70.21078946899996,-33.253073008999934],[-70.21078762699995,-33.25397416499993],[-70.21026169599998,-33.25520088999997],[-70.21007382099998,-33.25711721899995],[-70.21070274799996,-33.25766917799996],[-70.21070274799996,-33.25910005999998],[-70.20950206599997,-33.26012927399995],[-70.20875999999998,-33.260200001999976],[-70.20827021699995,-33.26061170299994],[-70.20706781399997,-33.26113775399995],[-70.20606321899999,-33.26131142299994],[-70.20560238499996,-33.26185168099994],[-70.20466999899998,-33.26221000199996],[-70.20376120599997,-33.263730435999946],[-70.20229577599997,-33.26519586499995],[-70.20097061699994,-33.26628438399996],[-70.19999670799996,-33.26714142499998],[-70.19906175399996,-33.26842698499996],[-70.19814186299993,-33.26985254799996],[-70.19790324799999,-33.27108388199997],[-70.19799342799996,-33.271955624999975],[-70.19814372899998,-33.272947606999935],[-70.19883510999995,-33.27408988899998],[-70.19922589099997,-33.27505181199996],[-70.19976697299995,-33.27613397499994],[-70.20009763399997,-33.27799769899997],[-70.19952923099999,-33.279256860999965],[-70.19886516999998,-33.28034238499998],[-70.19916577099997,-33.28124418699997],[-70.19892999999996,-33.28235000199993],[-70.19874492999998,-33.28364899299993],[-70.19874492999998,-33.28455079499997],[-70.19889522999995,-33.285302297999976],[-70.19886516999998,-33.28647463999994],[-70.19883510999995,-33.287767222999946],[-70.19904553099997,-33.28978124899993],[-70.19886544499997,-33.29127324099994],[-70.19750349899994,-33.29269681499994],[-70.19652958899997,-33.293748636999965],[-70.19598419899995,-33.29433298299995],[-70.19508820299995,-33.29573541299993],[-70.19388055499996,-33.29659245299996],[-70.19299999999998,-33.297020001999954],[-70.19252249499993,-33.29750668899993],[-70.19228201399994,-33.29816800899994],[-70.19174093299995,-33.29873915199994],[-70.19134999999994,-33.29933000099993],[-70.19110399099998,-33.30011869699996],[-70.19029656599997,-33.30138408999994],[-70.18975117699995,-33.30228008599994],[-70.18869935499998,-33.30356564699997],[-70.18795594599999,-33.30463227799993],[-70.18777999999998,-33.305650001999936],[-70.18741228199997,-33.30622411099995],[-70.18705156199997,-33.307035731999974],[-70.18666077899996,-33.30754675399993],[-70.18643988399998,-33.30820145699994],[-70.18639023899993,-33.30910987699997],[-70.18654053899996,-33.310101860999964],[-70.18642029899996,-33.31121408299998],[-70.18608927799994,-33.31217500899993],[-70.18550493099997,-33.31318787399994],[-70.18464789099994,-33.31474612899996],[-70.18430999999998,-33.31569000199994],[-70.18350447199998,-33.31785735999995],[-70.18284314999994,-33.31887940299998],[-70.18249999999995,-33.32040000099994],[-70.18229596499998,-33.32123988799998],[-70.18206158899994,-33.321825289999936],[-70.18231527399996,-33.32272680199998],[-70.18241182699995,-33.32326749799995],[-70.18258562199998,-33.32417509499993],[-70.18272079699994,-33.32510200199994],[-70.18277999999998,-33.32630000199998],[-70.18262424299996,-33.327129610999975],[-70.18243197499999,-33.32830274999998],[-70.18190723899994,-33.32900454899993],[-70.18178157399996,-33.330080512999984],[-70.18178157299997,-33.33045102999995],[-70.18148680999997,-33.33081560099998],[-70.18121999999994,-33.33101000199997],[-70.18161068699999,-33.33270703699998],[-70.18192906299998,-33.333733827999936],[-70.18231527399996,-33.33583867999994],[-70.18194134799995,-33.33700562799993],[-70.18173595699994,-33.33782766899998],[-70.18125319299997,-33.33885112899998],[-70.18034915399994,-33.33967818299993],[-70.17938006699995,-33.34076287599993],[-70.17883293499995,-33.341129776999935],[-70.17856902299997,-33.34186357899995],[-70.17826649099999,-33.34270036999993],[-70.17821499599995,-33.343498540999974],[-70.17777728999994,-33.34398774199997],[-70.17713173599998,-33.34434028499993],[-70.17622993399993,-33.34491142799993],[-70.17557105199995,-33.345677501999944],[-70.17568885199995,-33.34659479199996],[-70.17616981299994,-33.347165933999975],[-70.17743233599998,-33.34785731499994],[-70.17845437899996,-33.348368334999975],[-70.17920588099997,-33.34908977899994],[-70.17984999999999,-33.34981000199997],[-70.17974696199997,-33.35080320299994],[-70.17941630099995,-33.35212584599998],[-70.17848443999998,-33.35347854899993],[-70.17791329799996,-33.35419999199996],[-70.17721000099993,-33.355700001999935],[-70.17716179599995,-33.356153896999956],[-70.17797341799997,-33.35669497699996],[-70.17842431899999,-33.35702563799998],[-70.17905558099994,-33.35753665999994],[-70.17989726299999,-33.35846852199995],[-70.18061870399998,-33.359099783999966],[-70.18131008599994,-33.35982122599995],[-70.18155056599994,-33.36081320899996],[-70.18173092799998,-33.36201560999996],[-70.18224194899994,-33.36246651199997],[-70.18350447199998,-33.36249657099995],[-70.18472000099996,-33.362500000999944],[-70.18723192099998,-33.36309777399998],[-70.18909564599994,-33.36381921599997],[-70.19041828899998,-33.364570716999935],[-70.19092930999994,-33.36520197899995],[-70.19156057199996,-33.36601360099996],[-70.19195135399997,-33.36673504299995],[-70.19213171299998,-33.367606784999964],[-70.19207159399997,-33.36859876699998],[-70.19222189399994,-33.369199968999965],[-70.19333411699995,-33.37019195099998],[-70.19390525899996,-33.370823213999984],[-70.19426597899997,-33.37160477499998],[-70.19432609899997,-33.37250657799996],[-70.19438621899997,-33.373468498999955],[-70.19408561799997,-33.37415988199996],[-70.19342429699998,-33.37497150399997],[-70.19324393699998,-33.375332224999966],[-70.19336417699998,-33.37608372599993],[-70.19378501799997,-33.376624806999985],[-70.19450645899997,-33.37734624999996],[-70.19546838099996,-33.377917389999936],[-70.19706156499996,-33.37875907399996],[-70.19793330899995,-33.37999153599998],[-70.19859462999995,-33.38131417999995],[-70.19892528999998,-33.38212580199996],[-70.19883510999995,-33.382757063999975],[-70.19889522999995,-33.38344844499994],[-70.19874492999998,-33.38426006699996],[-70.19946637199996,-33.385402349999936],[-70.20018781399995,-33.38645445199995],[-70.20084913499994,-33.387205954999956],[-70.20157057699998,-33.388498537999965],[-70.20226195899994,-33.389851240999974],[-70.20280303999994,-33.39081316299996],[-70.20370484299997,-33.39147448499995],[-70.20430604499995,-33.391745026999956],[-70.20508760599995,-33.39228610699996],[-70.20589922799996,-33.39264682899994],[-70.20725193199996,-33.39339833099996],[-70.20893529499995,-33.394089710999936],[-70.21079902099996,-33.39487127399997],[-70.21257256399997,-33.39535223499996],[-70.21440622899996,-33.395893316999945],[-70.21533809199997,-33.39772698099995],[-70.21642025399996,-33.398779083999955],[-70.21726193699993,-33.40001154699996],[-70.21801343899995,-33.40091334899995],[-70.21810361899998,-33.401574670999935],[-70.21804349799999,-33.40235623299998],[-70.21777295899994,-33.40286725399994],[-70.21750870499994,-33.403325431999974],[-70.21687115599997,-33.404610737999974],[-70.21693127599997,-33.406113742999935],[-70.21711163599997,-33.40740632599994],[-70.21723187599997,-33.40848848799993],[-70.21762265799998,-33.40954059099994],[-70.21819379999994,-33.41125401499994],[-70.21921584199998,-33.41245641799998],[-70.22002746399994,-33.41296743999993],[-70.22113968599996,-33.41350851999994],[-70.22237214899997,-33.41413978299994],[-70.22319045199998,-33.41432915199994],[-70.22401429399997,-33.41463267299997],[-70.22509829499995,-33.41571667399995],[-70.22644245699996,-33.416844036999976],[-70.22803313399999,-33.41860306199993],[-70.22979698799998,-33.41958065699998],[-70.23154047299994,-33.420873238999945],[-70.23283305699994,-33.42153456099993],[-70.23409557899998,-33.422616722999976],[-70.23511762099997,-33.42306762399994],[-70.23562561199998,-33.423210497999946],[-70.23609090099995,-33.42358801699993],[-70.23610960399998,-33.423999486999946],[-70.23595930399995,-33.42463074899996],[-70.23592924399998,-33.425231949999954],[-70.23607954399995,-33.42604357199997],[-70.23668074599993,-33.42649447399998],[-70.23737212799995,-33.428177837999954],[-70.23803344999999,-33.42913975999994],[-70.23887513099999,-33.42980108199998],[-70.24031801499996,-33.43019186299995],[-70.24127993699994,-33.43073294399994],[-70.24146029799994,-33.43151450599993],[-70.24221179899996,-33.43214576799994],[-70.24275288099994,-33.43286720899994],[-70.24311360199994,-33.433919311999944],[-70.24287312199993,-33.43455057399996],[-70.24240999999995,-33.435070001999975],[-70.24269275999995,-33.435662796999964],[-70.24359456399998,-33.435963396999966],[-70.24431600599996,-33.43632411799996],[-70.24509756599997,-33.43659465899998],[-70.24599936899995,-33.43674495999994],[-70.24687111099996,-33.43701549999997],[-70.24763972099998,-33.43708079199996],[-70.24828340699997,-33.43737044899996],[-70.24895927699998,-33.43785321399997],[-70.24979606899996,-33.43827160999996],[-70.25000005299995,-33.438388171999975],[-70.25069722799998,-33.43878655899994],[-70.25156620499996,-33.43917276999997],[-70.25240299599994,-33.43920495399993],[-70.25330396699997,-33.43933012599996],[-70.25417570999997,-33.43966078699998],[-70.25462661099994,-33.440261988999964],[-70.25501739199996,-33.44086318999996],[-70.25534805199999,-33.441524510999955],[-70.25567871399994,-33.44224595299994],[-70.25597931399994,-33.44269685499995],[-70.25661057599996,-33.443237935999946],[-70.25718171699998,-33.44359865699994],[-70.25844423999996,-33.44389925799993],[-70.25913562199997,-33.44398943799996],[-70.26015766499995,-33.44413973899998],[-70.26126988799996,-33.44407961799993],[-70.26214162999997,-33.44392931699997],[-70.26304343199996,-33.44389925699994],[-70.26382499399995,-33.44407961799993],[-70.26461563899994,-33.44443500999995],[-70.26541817799995,-33.444650758999956],[-70.26635004099995,-33.44516178099997],[-70.26749232399999,-33.44576298199996],[-70.26782298499995,-33.44615376399997],[-70.26815364599997,-33.44654454399995],[-70.26887448999997,-33.446998590999954],[-70.26971676899996,-33.44720586699998],[-70.27070875199996,-33.44756658699998],[-70.27173079399995,-33.44801748799995],[-70.27233199599993,-33.44867880999993],[-70.27287307699999,-33.449249950999956],[-70.27326385799995,-33.45000145299997],[-70.27389511999996,-33.450602654999955],[-70.27431596099996,-33.45132409699994],[-70.27476686099993,-33.452045537999936],[-70.27539812399993,-33.45261667999995],[-70.27590914399997,-33.45297739999995],[-70.27687106699995,-33.453578601999936],[-70.27774280899996,-33.45378902199997],[-70.27846724199998,-33.45394506499997],[-70.27945623399995,-33.45442028399998],[-70.27990713499997,-33.45523190599994],[-70.28077887599994,-33.45580304699996],[-70.28207588799995,-33.45588224499994],[-70.28272609199996,-33.455268203999935],[-70.28293283199997,-33.45464798299997],[-70.28336778299996,-33.45397497699997],[-70.28418013199996,-33.453272132999984],[-70.28491382099998,-33.45291280499998],[-70.28582719699995,-33.452539230999946],[-70.28668362399998,-33.45238940499996],[-70.28806060499994,-33.45219924099996],[-70.28927300799995,-33.451929604999975],[-70.29006744099996,-33.45156457699994],[-70.29136002399997,-33.45102349499996],[-70.29277284699998,-33.45096337599995],[-70.29451633199994,-33.45162469699994],[-70.29543279299997,-33.45219004399996],[-70.29716161799996,-33.45270685999998],[-70.29806341999995,-33.453277999999955],[-70.29869468199996,-33.45387920299993],[-70.29896522299998,-33.45454052499997],[-70.29905540299995,-33.45544232699996],[-70.29911552399994,-33.45607358799998],[-70.29887504299995,-33.45664472899995],[-70.29887504299995,-33.45706556999994],[-70.29890510299998,-33.45754653199998],[-70.29890510199994,-33.458057552999946],[-70.29938606399998,-33.45853851499993],[-70.29974678399998,-33.45913971599998],[-70.30040810599996,-33.459560556999975],[-70.30106942799995,-33.46028199899996],[-70.30149026899994,-33.46115373999993],[-70.30182092999996,-33.46172488299993],[-70.30221171099998,-33.46220584399998],[-70.30263255299997,-33.46289722599994],[-70.30311351299997,-33.463558545999945],[-70.30380489499998,-33.46403950799993],[-70.30476681699997,-33.46440022899998],[-70.30533795799994,-33.46470082999997],[-70.30584897999995,-33.46485112899995],[-70.30663054199994,-33.46521185199998],[-70.30720168399995,-33.465422270999966],[-70.30817304199996,-33.46595826999993],[-70.30895142699995,-33.46597710599997],[-70.30978461299998,-33.46599535799993],[-70.31071219199998,-33.46591791099996],[-70.31150027499996,-33.465752932999976],[-70.31237201599998,-33.46587317299998],[-70.31342411899993,-33.46623389499996],[-70.31444616199997,-33.46638419499993],[-70.31507742399998,-33.466624674999935],[-70.31565516999996,-33.46702858499998],[-70.31603740299994,-33.467465423999954],[-70.31633772999999,-33.46784765799998],[-70.31658345199997,-33.468229891999954],[-70.31694114699997,-33.468638700999975],[-70.31739204899998,-33.46914972099995],[-70.31793313099996,-33.469961342999966],[-70.31847421299994,-33.47089320499998],[-70.31913553399994,-33.471434285999976],[-70.31988703499997,-33.47200542799993],[-70.32069865799997,-33.472636690999934],[-70.32160045999996,-33.472847110999965],[-70.32271268299996,-33.47287716999995],[-70.32352430499998,-33.47311765099994],[-70.32475676899998,-33.47305753099994],[-70.32565857099996,-33.47323789199993],[-70.32656037199996,-33.47338819199996],[-70.32716913399997,-33.473552721999965],[-70.32767259499997,-33.47368879299995],[-70.32875475799995,-33.474259933999974],[-70.32941607899994,-33.47447035499994],[-70.33013752199997,-33.47468077599996],[-70.33103932399996,-33.47504149599996],[-70.33215290699997,-33.47587369099995],[-70.33300017299996,-33.47613029699994],[-70.33418031199994,-33.47647207899996],[-70.33542809499994,-33.47738618099993],[-70.33602929599994,-33.478588584999954],[-70.33666055799995,-33.47943026699994],[-70.33744211999993,-33.47967074699994],[-70.33819362099996,-33.480302009999946],[-70.33852428199998,-33.48099339099997],[-70.33894512399996,-33.481805012999985],[-70.33948620599995,-33.48261663499994],[-70.34011746699997,-33.48357855799998],[-70.34053830699997,-33.48429999999996],[-70.34116956899999,-33.48514168199995],[-70.34180083099994,-33.48553246299997],[-70.34240203199994,-33.485803002999944],[-70.34324371499997,-33.48646432499993],[-70.34375473599994,-33.48691522599995],[-70.34402527699996,-33.48736612699997],[-70.34456635699996,-33.48787714799994],[-70.34505987099993,-33.488379073999965],[-70.34570425899994,-33.488823939999975],[-70.34644729799999,-33.48937049799997],[-70.34700122399994,-33.49025189499997],[-70.34775272599995,-33.490342074999944],[-70.34832386699998,-33.490402194999945],[-70.34892506799997,-33.49025189399998],[-70.34952627099995,-33.490342073999955],[-70.34997717199997,-33.490582554999946],[-70.35063849199997,-33.490672735999965],[-70.35117957499995,-33.490462314999945],[-70.35150324099999,-33.490208336999956],[-70.35163975299997,-33.48985340499996],[-70.35173313999996,-33.489380568999934],[-70.35179305399998,-33.488604330999976],[-70.35202198699994,-33.48810604999994],[-70.35245882599997,-33.48742348999997],[-70.35325059499996,-33.48679553499994],[-70.35352426099996,-33.48643426499996],[-70.35412546199996,-33.486344084999985],[-70.35481684299998,-33.486314024999956],[-70.35550822499994,-33.48622384299995],[-70.35610942699998,-33.48616372399994],[-70.35668056799994,-33.486344084999985],[-70.35737194899997,-33.48661462499996],[-70.35800321199997,-33.48688516699997],[-70.35866453299997,-33.48697534599995],[-70.35986693599995,-33.48724588699997],[-70.36061843799996,-33.487215825999954],[-70.36167054099997,-33.48700540599998],[-70.36263246399994,-33.48670480599998],[-70.36359821099995,-33.48644060299995],[-70.36452649299997,-33.48592185599995],[-70.36529096099997,-33.48548501799996],[-70.36600082399997,-33.48499357399993],[-70.36673798899994,-33.48458403799998],[-70.36744785199994,-33.484311014999946],[-70.36834883199998,-33.48398338599998],[-70.36905869399999,-33.48360115099996],[-70.36987776599995,-33.48321891799998],[-70.37053302499999,-33.483164312999975],[-70.37127018999996,-33.48291859099993],[-70.37241689199993,-33.482700171999966],[-70.37323596499994,-33.48259096299995],[-70.37399517199998,-33.48252645399998],[-70.37525769499996,-33.48246633499997],[-70.37597913799993,-33.48246633499997],[-70.37676069799994,-33.48261663599993],[-70.37763244099995,-33.48282705599996],[-70.37844406299996,-33.482977355999935],[-70.37934586599994,-33.483097595999936],[-70.38024766799998,-33.48348837599997],[-70.38102922999997,-33.48390921799995],[-70.38166049099993,-33.48423987899997],[-70.38217151299995,-33.48511162199998],[-70.38298313399997,-33.48559258299997],[-70.38355427599998,-33.48577294299997],[-70.38415547799997,-33.485863123999934],[-70.38490697899994,-33.48616372399994],[-70.38547812099995,-33.486314024999956],[-70.38619956199994,-33.48646432499993],[-70.38731178499995,-33.48667474599995],[-70.38797310799998,-33.48697534599995],[-70.38866448899995,-33.48721582699994],[-70.38962641099994,-33.48751642599996],[-70.39025767299995,-33.48790720799997],[-70.39070857499996,-33.48817774999998],[-70.39121959499994,-33.48844828899996],[-70.39170055599993,-33.488989370999946],[-70.39221157799994,-33.48950039199997],[-70.39245205799995,-33.490071532999934],[-70.39269253899994,-33.49070279499995],[-70.39314343999996,-33.49097333599997],[-70.39350416099995,-33.49091321599997],[-70.39419554299997,-33.490792975999966],[-70.39485686399996,-33.490462314999945],[-70.39539794599995,-33.49013165399998],[-70.39593902699994,-33.48995129299993],[-70.39660034899998,-33.48965069399998],[-70.39783281199993,-33.48916973199994],[-70.39859990799994,-33.48979879999996],[-70.39971930599995,-33.49015373199995],[-70.40048377399995,-33.49029024299995],[-70.40138475499998,-33.490235638999934],[-70.40242224599996,-33.49009912599996],[-70.40318671299997,-33.48955307799997],[-70.40389657599997,-33.48903433299995],[-70.40474295199994,-33.48857019099995],[-70.40531630199996,-33.48821525999995],[-70.40640839799994,-33.487833025999976],[-70.40721155499995,-33.48718576699997],[-70.40784281699996,-33.48673486599995],[-70.40859431799998,-33.48646432499993],[-70.40937588099996,-33.486283964999984],[-70.41030774299998,-33.486043483999936],[-70.41129972599998,-33.48565270299997],[-70.41205752799993,-33.48510752799996],[-70.41286356899997,-33.48460854999996],[-70.41369814299998,-33.484256408999954],[-70.41443726799997,-33.483802509999975],[-70.41535845699997,-33.48330353299997],[-70.41593419999998,-33.48299646999993],[-70.41661950199995,-33.48264556699996],[-70.41712787599994,-33.48223316499997],[-70.41797248199998,-33.482034115999966],[-70.41862692199999,-33.48194996799998],[-70.41935582599996,-33.481925253999975],[-70.42019750799994,-33.482105614999966],[-70.42118949099995,-33.48231603399995],[-70.42221153399998,-33.48252645399998],[-70.42305321599997,-33.48270681599996],[-70.42383329199998,-33.48278751299995],[-70.42392495799999,-33.482796995999934],[-70.42485681999995,-33.48282705599996],[-70.42545802199999,-33.482977355999935],[-70.42593898299998,-33.48315771599994],[-70.42678066599996,-33.48357855799998],[-70.42723156599999,-33.48378897699996],[-70.42789288799997,-33.48417975899997],[-70.42834378899994,-33.484269938999944],[-70.42858763899994,-33.484201679999956],[-70.42881171299996,-33.48401037299993],[-70.42893864299998,-33.483489962999954],[-70.42895593499998,-33.48289581199998],[-70.42902782799996,-33.48268469799996],[-70.42916145999999,-33.482523415999935],[-70.42945252899995,-33.48225342599994],[-70.42972552899994,-33.48210889499995],[-70.43004921399995,-33.48184572899993],[-70.43055214299994,-33.48178023899993],[-70.43119809199999,-33.481852010999944],[-70.43198878999993,-33.48174073299998],[-70.43274092199994,-33.481517123999936],[-70.43377999999996,-33.481139998999936],[-70.43377414699995,-33.48107400599997],[-70.43373526999994,-33.480635149999955],[-70.43372211399998,-33.48052638299998],[-70.43350373099997,-33.47872090399994],[-70.43346210999994,-33.47845999899994],[-70.43330858299998,-33.47749758599997],[-70.43303953699996,-33.47672030999996],[-70.43276250899999,-33.47606433599998],[-70.43275338999996,-33.47604274299994],[-70.43230849099996,-33.47483278599998],[-70.43230327499998,-33.47430412499995],[-70.43229913999994,-33.47388490599997],[-70.43256921299997,-33.473193841999944],[-70.43273092799996,-33.47278003899993],[-70.43340060899999,-33.47132150599998],[-70.43382487599996,-33.47052049699994],[-70.43450000899998,-33.46978989799993],[-70.43472106199994,-33.469535949999965],[-70.43472610599997,-33.469434605999936],[-70.43473984099995,-33.46915863199996],[-70.43470587299998,-33.468614324999976],[-70.43442434899998,-33.46783719499996],[-70.43400722599995,-33.46679451999995],[-70.43341650499997,-33.46545531299995],[-70.43286247199995,-33.46444564199993],[-70.43203018699995,-33.46399435999996],[-70.43094135799998,-33.46390218499994],[-70.42998502199998,-33.46388703399998],[-70.42967057199996,-33.46376496099998],[-70.42959788099995,-33.46371483099995],[-70.42950623999997,-33.46365163199994],[-70.42919448799995,-33.462932448999936],[-70.42867267899999,-33.46159766099993],[-70.42854690999997,-33.46118884699996],[-70.42837564599995,-33.46063214299994],[-70.42789999299998,-33.45990001799993],[-70.42737562699995,-33.45909335699997],[-70.42731740899995,-33.458591224999964],[-70.42734061699997,-33.458528152999975],[-70.42758061899997,-33.45787589199995],[-70.42766341699996,-33.45742520899995],[-70.42779156499995,-33.45672767999997],[-70.42794583599994,-33.45587373899997],[-70.42799995699994,-33.455589989999964],[-70.42807897799997,-33.45501416399998],[-70.42811547199994,-33.45485626799996],[-70.42831563299995,-33.45399025199998],[-70.42840997999997,-33.45358204399997],[-70.42833939599996,-33.452325851999944],[-70.42820072099994,-33.451489444999936],[-70.42822583899994,-33.45073495199995],[-70.42825316599993,-33.450220582999975],[-70.42826881499997,-33.44991808499998],[-70.42818030999996,-33.44954768399998],[-70.42818732499995,-33.44937397099994],[-70.42819496799996,-33.44918473399997],[-70.42843414499998,-33.44868963099998],[-70.42878649699998,-33.44818458599997],[-70.42931002799997,-33.44775098699995],[-70.42986824699994,-33.44704544599995],[-70.43005000199997,-33.44683999199998],[-70.43024980799999,-33.44662588899996],[-70.43050367899997,-33.44644574899996],[-70.43157383999994,-33.44568637799995],[-70.43194985799994,-33.445055803999935],[-70.43196466799998,-33.44485155499996],[-70.43201226799994,-33.444195081999965],[-70.43203385299995,-33.443897386999936],[-70.43189434499993,-33.443321020999974],[-70.43187948299999,-33.443259617999956],[-70.43138222999994,-33.44278573499997],[-70.43091772199995,-33.442370092999965],[-70.43083343099994,-33.442201703999956],[-70.43063962399998,-33.44181452799995],[-70.43039537499993,-33.44011572399995],[-70.43024780099995,-33.43956024399995],[-70.43012084699996,-33.43908236899995],[-70.43015368899995,-33.43857236699995],[-70.43024761699996,-33.43842021499995],[-70.43065045999998,-33.437767650999945],[-70.43112517899993,-33.43656153599994],[-70.43117974499995,-33.43642971099996],[-70.43167170499999,-33.43533731399998],[-70.43183572999999,-33.434892901999945],[-70.43226042399994,-33.434268034999945],[-70.43285099299999,-33.43329917199998],[-70.43307088499995,-33.432808172999955],[-70.43313559399996,-33.432663684999966],[-70.43314365299995,-33.43167479699997],[-70.43314404099993,-33.43162717799993],[-70.43314636799994,-33.43134167899996],[-70.43314645999999,-33.43133044599995],[-70.43324566999996,-33.430447224999966],[-70.43331803999996,-33.429802940999934],[-70.43354510799998,-33.428994141999965],[-70.43362771899996,-33.42869988699994],[-70.43421077899995,-33.427277569999944],[-70.43450621499994,-33.42689464199998],[-70.43466012799996,-33.426695147999965],[-70.43489644699997,-33.42652426199993],[-70.43492999999995,-33.42649999899993],[-70.43511376799995,-33.426373799999965],[-70.43535961799995,-33.42630190799997],[-70.43574992599997,-33.426187771999935],[-70.43676230399996,-33.42595615299996],[-70.43890424599994,-33.42564270699995],[-70.43968623199999,-33.42556521699993],[-70.44047512599997,-33.42548703699998],[-70.44088932399995,-33.42532291899994],[-70.44173946699993,-33.42498606099997],[-70.44176151399995,-33.42497732499993],[-70.44306358599994,-33.424371995999934],[-70.44421749099996,-33.42383553099995],[-70.44494116899995,-33.42343574199998],[-70.44656528399997,-33.42253848399997],[-70.44677381899999,-33.42242327799994],[-70.44719058299995,-33.42217215599993],[-70.44770916799996,-33.421683094999935],[-70.44843581499998,-33.42123078099996],[-70.44902565599995,-33.42076574399994],[-70.44966503599994,-33.42019990599994],[-70.45045470199994,-33.41943186799995],[-70.45144421799995,-33.41859476399998],[-70.45169254099994,-33.41831735899996],[-70.45199944299998,-33.417669961999934],[-70.45230755899996,-33.417019994999976],[-70.45225965899994,-33.416586388999974],[-70.45245046599996,-33.416249206999964],[-70.45258019399995,-33.41549603999994],[-70.45270725899996,-33.41372877699996],[-70.45278434099998,-33.412354053999934],[-70.45292705099996,-33.410695748999956],[-70.45308999299994,-33.41002999899996],[-70.45307042999997,-33.40961680199996],[-70.45306907699995,-33.409535561999974],[-70.45306302499995,-33.40917216899993],[-70.45315152699999,-33.408621084999936],[-70.45311115199996,-33.40787255699996],[-70.45304268199999,-33.407112654999935],[-70.45284904399995,-33.40637762499995],[-70.45253023899994,-33.405667466999944],[-70.45225854899996,-33.405272740999976],[-70.45209048899994,-33.40493413599995],[-70.45199867199995,-33.40474914199996],[-70.45181627299996,-33.40385013399998],[-70.45161689399998,-33.402873790999934],[-70.45161643499995,-33.40277637099996],[-70.45161551699994,-33.40258122899996],[-70.45165997199996,-33.40237997099996],[-70.45187833699998,-33.40176896299994],[-70.45188036599995,-33.40176328599995],[-70.45264302399994,-33.400620285999935],[-70.45284070399998,-33.40016927199997],[-70.45308975599994,-33.39910890799996],[-70.45320030899995,-33.39859083799996],[-70.45351652299996,-33.39782047799997],[-70.45376057999994,-33.39753809599995],[-70.45391462899994,-33.39739311899996],[-70.45421334199995,-33.39723510999994],[-70.45496839099997,-33.39690729999995],[-70.45498087999994,-33.39690622399996],[-70.45582274399999,-33.39666681899996],[-70.45699950299996,-33.39643824799998],[-70.45780850399996,-33.396333297999945],[-70.45998695699996,-33.395615687999964],[-70.46103430499994,-33.39530508499996],[-70.46257917099996,-33.39497667999996],[-70.46354357699994,-33.39481020499994],[-70.46433973399996,-33.394788880999954],[-70.46551764399999,-33.394631801999935],[-70.46657998199998,-33.39436869999997],[-70.46792311299998,-33.393887510999946],[-70.46870242899996,-33.39371125499997],[-70.46942626599997,-33.39361916799993],[-70.47021586099999,-33.39360543399994],[-70.47024997499994,-33.39359000999997],[-70.47025000199994,-33.39358999899997],[-70.47029209199997,-33.393611635999946],[-70.47098870999997,-33.393999494999946],[-70.47126826899995,-33.39415513999995],[-70.47153686999997,-33.394304688999966],[-70.47193031699999,-33.39438066099996],[-70.47234927499994,-33.39446155699994],[-70.47342999999995,-33.39472889199993],[-70.47344406799994,-33.394732371999964],[-70.47419419999994,-33.39462885699993],[-70.47513066099998,-33.39442851999996],[-70.47550439199995,-33.394297937999966],[-70.47553999799999,-33.394249996999974],[-70.47583520599994,-33.39385251799996],[-70.47620040499999,-33.393217482999944],[-70.47660996899998,-33.391872389999946],[-70.47668189299998,-33.39171187699998],[-70.47714819599997,-33.39017420399995],[-70.47795312299996,-33.388983930999984],[-70.47831389699996,-33.38846682099995],[-70.47864001599999,-33.387568116999944],[-70.47875890099994,-33.387029808999955],[-70.47879549899994,-33.38667144599998],[-70.47877158399996,-33.38609904699996],[-70.47890274199995,-33.38519128499996],[-70.47898995599996,-33.384419761999936],[-70.47922803599994,-33.38365970099994],[-70.47956019199995,-33.38311884999996],[-70.48000932699995,-33.382767496999975],[-70.48079383799995,-33.38206614499995],[-70.48150542399998,-33.38125828099993],[-70.48181807699996,-33.380407452999975],[-70.48216736799998,-33.37953709699997],[-70.48240142999998,-33.37824576299994],[-70.48250871399995,-33.37752862599996],[-70.48248779899995,-33.376715186999945],[-70.48233031699993,-33.37623386599995],[-70.48214012699998,-33.37591996799995],[-70.48185216699994,-33.37516135899995],[-70.48152087199998,-33.37420334299998],[-70.48146318699997,-33.37362805199996],[-70.48117991299995,-33.37297666199993],[-70.48078674299995,-33.37226567299996],[-70.48019398999998,-33.371557062999955],[-70.47942134699997,-33.370941957999946],[-70.47883042399997,-33.370674045999976],[-70.47843492499999,-33.370410310999944],[-70.47790386699995,-33.37011836299996],[-70.47757071999996,-33.36984321199998],[-70.47747437299995,-33.36422985599995],[-70.47816191099997,-33.36434614999996],[-70.47823633399997,-33.36434289899995],[-70.47835988099996,-33.364337501999955],[-70.47875208299996,-33.36432036799994],[-70.47893077999998,-33.364315560999955],[-70.47906492799996,-33.364319319999936],[-70.47920240299999,-33.36433107599993],[-70.47923186199995,-33.36433290399998],[-70.47931106099998,-33.36433781799997],[-70.47940047799995,-33.36433943099996],[-70.47950849099993,-33.36433197799994],[-70.47960187399997,-33.36431282799998],[-70.47973036299999,-33.36428423999996],[-70.47990790999995,-33.36423703099996],[-70.48006778099995,-33.36421708699993],[-70.48029108899993,-33.364214423999954],[-70.48051984599994,-33.364211695999984],[-70.48053722999998,-33.364211488999956],[-70.48068244899997,-33.36421877499998],[-70.48077293199998,-33.36422671399998],[-70.48089058399995,-33.36425236699995],[-70.48109529299995,-33.36431654099994],[-70.48118516399995,-33.36434493599995],[-70.48125241899999,-33.36435752799997],[-70.48134690899997,-33.36436416399994],[-70.48144496199996,-33.364362993999976],[-70.48158346499997,-33.36437035999995],[-70.48165682199993,-33.364378502999955],[-70.48179361599995,-33.364403925999966],[-70.48185179399997,-33.364422066999964],[-70.48190504199994,-33.36443866999997],[-70.48198288799995,-33.36447381499994],[-70.48205569599997,-33.36450902099995],[-70.48218366999998,-33.36458865999998],[-70.48238359799996,-33.36471253399998],[-70.48246714799996,-33.36476480799996],[-70.48247555699999,-33.364770068999974],[-70.48254437799994,-33.36482067199995],[-70.48262706099996,-33.36486693099994],[-70.48271971299994,-33.36489732199993],[-70.48288393899998,-33.36492256199995],[-70.48302396699995,-33.364929479999944],[-70.48314493899994,-33.36491944399995],[-70.48326400999997,-33.36489797699994],[-70.48342514499996,-33.364841646999935],[-70.48349447899994,-33.36480502499995],[-70.48357884999996,-33.36474961199997],[-70.48366468299997,-33.36467986399998],[-70.48376041099993,-33.36458995299995],[-70.48383766599994,-33.364517443999944],[-70.48393032199994,-33.36444761399997],[-70.48404186499994,-33.36438471699995],[-70.48414343899998,-33.36433768799998],[-70.48424530499994,-33.36430783499998],[-70.48436612999996,-33.36428920999998],[-70.48450771699999,-33.36428751699998],[-70.48465990399995,-33.36430717199994],[-70.48481930299994,-33.36434964899996],[-70.48501479299995,-33.36440744199996],[-70.48522741599999,-33.36446932499996],[-70.48540380099996,-33.36450730299998],[-70.48559705099996,-33.36453362399993],[-70.48582261599995,-33.364553831999956],[-70.48614373299995,-33.36457432699996],[-70.48656556999998,-33.36459790999993],[-70.48720098199993,-33.36463897599998],[-70.48761777499993,-33.36466691099997],[-70.48811990999997,-33.364696684999956],[-70.48838626999998,-33.36470780899998],[-70.48868136199997,-33.36470283799997],[-70.48887882799994,-33.36467613099995],[-70.48906423099999,-33.36464240899994],[-70.48924936599997,-33.364592941999945],[-70.48955193799998,-33.36452631599997],[-70.48964561399998,-33.364516600999934],[-70.49001220399998,-33.36450217899994],[-70.49045733799994,-33.36449110899997],[-70.49077099699997,-33.36447445599998],[-70.49096717199996,-33.364472099999944],[-70.49119736599994,-33.36446360799994],[-70.49140572599998,-33.36447542199994],[-70.49159056999997,-33.36450899399995],[-70.49179595799995,-33.36454661299996],[-70.49199091499997,-33.36457290399994],[-70.49229302499998,-33.36457929499994],[-70.49258331499993,-33.364592984999945],[-70.49276665799994,-33.36461667799995],[-70.49296672499997,-33.36466425499998],[-70.49322629799997,-33.36478098199996],[-70.49355578199999,-33.36498789299998],[-70.49394852899997,-33.36519899999996],[-70.49404569699993,-33.365269473999945],[-70.49410115499995,-33.365319591999935],[-70.49437731799998,-33.36564336099997],[-70.49461550499996,-33.36593176799994],[-70.49504420199997,-33.36646035399997],[-70.49514931599998,-33.36660792699996],[-70.49526279499997,-33.366731544999936],[-70.49536298799995,-33.36681601499998],[-70.49555079999993,-33.36691746699995],[-70.49570966599998,-33.36695758999997],[-70.49591475099999,-33.36697486699995],[-70.49612249499995,-33.36698375399993],[-70.49647068399997,-33.36698689199994],[-70.49679981799994,-33.367006103999984],[-70.49706279999998,-33.36701422599998],[-70.49767276399996,-33.36701283299993],[-70.49806674999996,-33.367020009999976],[-70.49850348499996,-33.36703263399994],[-70.49881969199998,-33.367064608999954],[-70.49909262799997,-33.36714363599998]]]}},{"type":"Feature","properties":{"CUT_REG":"13","CUT_PROV":"131","CUT_COM":"13116","REGION":"Metropolitana de Santiago","PROVINCIA":"Santiago","COMUNA":"Lo Espejo","SUPERFICIE":8.26},"geometry":{"type":"Polygon","coordinates":[[[-70.67102962199993,-33.51075034499996],[-70.67135186899998,-33.51142169499997],[-70.67175952799994,-33.51223890299997],[-70.67197796599999,-33.51269598399995],[-70.67242660699998,-33.51362907599997],[-70.67284196699995,-33.514490078999984],[-70.67322724099995,-33.51532667199996],[-70.67368561099994,-33.516290167999955],[-70.67409651399998,-33.517155043999935],[-70.67442889599994,-33.51784727599994],[-70.67465449199995,-33.51831952599997],[-70.67528583599994,-33.51962426699998],[-70.67587199699994,-33.52083035499993],[-70.67612149799999,-33.52135954399995],[-70.67660801199997,-33.52236082299993],[-70.67713713399996,-33.52344360199993],[-70.67766645399996,-33.52453592099994],[-70.67797787099994,-33.52520170199995],[-70.67859174699998,-33.52642266999993],[-70.67913146499995,-33.52746139299995],[-70.67980255999998,-33.52869303199998],[-70.68030628099996,-33.52963679499993],[-70.68081905499997,-33.53057661599996],[-70.68155680999996,-33.531952409999974],[-70.68207935499998,-33.53292454199993],[-70.68242476099994,-33.53357648599996],[-70.68287648599994,-33.534421684999984],[-70.68429505799998,-33.537049939999974],[-70.68514164199996,-33.53862465499998],[-70.68540430399997,-33.539130402999945],[-70.68671845199998,-33.538629613999944],[-70.68784205299994,-33.53822392999996],[-70.68895290999995,-33.53781094899995],[-70.69067527799996,-33.53718075199998],[-70.69183637999998,-33.53675878699994],[-70.69203785099995,-33.536687315999984],[-70.69318696599998,-33.53626502599997],[-70.69416470299996,-33.53590901699994],[-70.69476561099998,-33.535690821999935],[-70.69551478499994,-33.53542000899995],[-70.69669938199996,-33.534978112999966],[-70.69841772699993,-33.53432368599994],[-70.69910109499995,-33.53406902599994],[-70.69949825899994,-33.53392327599994],[-70.70025410699998,-33.53364566299996],[-70.70129833099998,-33.53325432599996],[-70.70186532099996,-33.533051833999934],[-70.70269420899996,-33.53277995999997],[-70.70480438499999,-33.532029758999954],[-70.70547556299994,-33.531772470999954],[-70.70594295799998,-33.53158506099993],[-70.70638401399998,-33.53141234299994],[-70.70626593499998,-33.530332718999944],[-70.70620938999997,-33.52983506099997],[-70.70616763999993,-33.52938992199995],[-70.70616159199994,-33.529185730999984],[-70.70612543599998,-33.52880783599994],[-70.70609703999997,-33.52836299499995],[-70.70606742899997,-33.52776928199995],[-70.70605507799996,-33.52756109199993],[-70.70601749099995,-33.526720832999956],[-70.70599394599998,-33.52617475699998],[-70.70595139099999,-33.52585503399996],[-70.70584399699999,-33.52492411099996],[-70.70569095599996,-33.524206281999966],[-70.70546235399996,-33.52359797599996],[-70.70539020699994,-33.523401726999964],[-70.70503477399996,-33.522570308999946],[-70.70454332299994,-33.52140742199998],[-70.70402012099999,-33.520185795999964],[-70.70354402299995,-33.51908383799997],[-70.70311371399998,-33.518154822999975],[-70.70258735199997,-33.51701015799995],[-70.70232680099997,-33.51645159599997],[-70.70197258699994,-33.51567932399996],[-70.70171937699996,-33.51513446599995],[-70.70142915999998,-33.51450332899998],[-70.70068410899995,-33.512890245999984],[-70.70028840199996,-33.51204161399994],[-70.69996625499994,-33.51134187499997],[-70.69893293199993,-33.50919228799995],[-70.69830963799996,-33.50790099899996],[-70.69786562899998,-33.50698792899993],[-70.69763542899994,-33.50653347799994],[-70.69712564799994,-33.50550690399996],[-70.69672121299993,-33.50468993699997],[-70.69619671599997,-33.50363200199996],[-70.69537842199998,-33.50199686199994],[-70.69459136199998,-33.502267684999936],[-70.69415899499995,-33.50240485699993],[-70.69288080599995,-33.50284808799995],[-70.69117256899995,-33.50344432999998],[-70.69076443099993,-33.503582439999946],[-70.69016863699994,-33.50378082799995],[-70.68960859699996,-33.50398086299998],[-70.68896056599993,-33.50421803399996],[-70.68802452799997,-33.504534751999984],[-70.68750245199993,-33.50471929699995],[-70.68618418799997,-33.50516479299995],[-70.68492130599998,-33.50559967899994],[-70.68446585499998,-33.505752048999966],[-70.68395457899999,-33.50585567999997],[-70.68369577299995,-33.50593188099998],[-70.68336899799993,-33.50605603499997],[-70.68307785499996,-33.50617542799995],[-70.68286797399998,-33.50627447699998],[-70.68200754099996,-33.506645300999935],[-70.68150906099999,-33.506863702999965],[-70.68106378099998,-33.50706214199994],[-70.68059298699995,-33.50726092599996],[-70.67984667499996,-33.50759598299993],[-70.67917865999993,-33.50788935799994],[-70.67851043299999,-33.508172043999934],[-70.67826984599998,-33.50826722599993],[-70.67805626699999,-33.50830282299995],[-70.67686019499996,-33.50834617499993],[-70.67666173799995,-33.50837665199998],[-70.67651463499993,-33.50842353499996],[-70.67637032999994,-33.50848320699998],[-70.67545676499998,-33.50888035799994],[-70.67504174499999,-33.50906126499996],[-70.67375873399999,-33.509621590999984],[-70.67330045899996,-33.50980948899996],[-70.67269573199997,-33.51007845899994],[-70.67209083599994,-33.51033887799997],[-70.67102962199993,-33.51075034499996]]]}},{"type":"Feature","properties":{"CUT_REG":"13","CUT_PROV":"131","CUT_COM":"13117","REGION":"Metropolitana de Santiago","PROVINCIA":"Santiago","COMUNA":"Lo Prado","SUPERFICIE":6.54},"geometry":{"type":"Polygon","coordinates":[[[-70.72153307499997,-33.43659829499995],[-70.72048667999996,-33.43674127299994],[-70.71990544399995,-33.43682069199997],[-70.71853365399994,-33.43701422999993],[-70.71766742699998,-33.437145106999935],[-70.71703850499995,-33.43722463599994],[-70.71550409199995,-33.437433038999984],[-70.71481198099997,-33.43752101899997],[-70.71338326199998,-33.43773552099998],[-70.71252280199997,-33.43785363599994],[-70.71067886699996,-33.438124425999945],[-70.71020314599997,-33.43817145699995],[-70.70706954999997,-33.438057829999934],[-70.70708781099995,-33.43853761099996],[-70.70717303799995,-33.43957580399996],[-70.70724982199994,-33.44079306799995],[-70.70732543499997,-33.44134034299998],[-70.70734905599994,-33.44209158299998],[-70.70734343199996,-33.44347895699997],[-70.70733429299997,-33.44449411199997],[-70.70733389799994,-33.44460877699993],[-70.70733097399994,-33.445457646999955],[-70.70732462299998,-33.44617927799993],[-70.70726855399994,-33.44732678799994],[-70.70723162799999,-33.44779544099998],[-70.70715308899997,-33.448406397999975],[-70.70710247199997,-33.44878647799993],[-70.70693462899999,-33.44989773999998],[-70.70685904099997,-33.450392748999946],[-70.70667379999998,-33.45122724599997],[-70.70645601499996,-33.45178595799996],[-70.70634203999998,-33.45210275699998],[-70.70626447399997,-33.45249704899993],[-70.70592352599994,-33.45448736399993],[-70.70567261999997,-33.456113923999965],[-70.70557247999994,-33.45715052299994],[-70.70630072999995,-33.45731598799995],[-70.70686116699994,-33.45742526399994],[-70.70739504799997,-33.45756415099993],[-70.70868444799999,-33.457874610999966],[-70.70922970599997,-33.45800033499995],[-70.71008999999998,-33.45822999999996],[-70.71019999899994,-33.45825999999994],[-70.71156019699998,-33.45841339599997],[-70.71302559799994,-33.45840614999997],[-70.71379100799999,-33.458291575999965],[-70.71442812399994,-33.45815927399997],[-70.71745228799995,-33.45757144299995],[-70.71869606299998,-33.45733646799994],[-70.72128391699994,-33.456842337999944],[-70.72560572099997,-33.45600554899994],[-70.72813935599999,-33.45551853099994],[-70.72948732999998,-33.45526249699998],[-70.73126860999997,-33.45492508799998],[-70.73149540199995,-33.45488212799995],[-70.73318721999993,-33.45454786399995],[-70.73631779699997,-33.45393595099995],[-70.73891818599998,-33.45342767099993],[-70.73896887899997,-33.45324822199996],[-70.73904415599998,-33.452746701999956],[-70.73907170799998,-33.452379091999944],[-70.73913397799998,-33.45161452199994],[-70.73923036499997,-33.45022876799993],[-70.73933096699994,-33.44905418999997],[-70.73939219599998,-33.448237638999956],[-70.73948081199995,-33.447433701999955],[-70.73952410599998,-33.44688388299994],[-70.73955444399996,-33.44665597299996],[-70.73957607499995,-33.446574425999984],[-70.73962483399998,-33.44649249699995],[-70.73979308399998,-33.44637639399997],[-70.74026353499994,-33.44605781299998],[-70.74047040699998,-33.44593466699996],[-70.74056146999999,-33.44583589499996],[-70.74061745999995,-33.44572786699996],[-70.74062291999996,-33.44541906199993],[-70.74059385199996,-33.444740267999975],[-70.74057431599994,-33.44376236099998],[-70.74051322899999,-33.44186860099995],[-70.74064819399996,-33.44028081699997],[-70.74068303299998,-33.43989035499993],[-70.74069321199994,-33.43962373099998],[-70.74071293999998,-33.439252979999935],[-70.74073827699993,-33.43877490799997],[-70.74081306499994,-33.43770104499998],[-70.74086205599997,-33.436789146999956],[-70.74087677499995,-33.43651516899996],[-70.74088335699997,-33.43639265599995],[-70.74045781799998,-33.43638239899997],[-70.73992939399994,-33.43638464299994],[-70.73973624599995,-33.43638239699993],[-70.73952626599998,-33.43637995599994],[-70.73869993399995,-33.436394993999954],[-70.73757719799994,-33.43639521799997],[-70.73647292999993,-33.43639344799993],[-70.73586230999996,-33.43639855099997],[-70.73507900899995,-33.43640606699995],[-70.73459796799995,-33.436412797999935],[-70.73416181099998,-33.436401658999955],[-70.73379544499994,-33.43638436999993],[-70.73301327399997,-33.43634530799994],[-70.73271090999998,-33.43634091399997],[-70.73240823799995,-33.43632100699995],[-70.73170463099996,-33.43630325199996],[-70.73095768199994,-33.436277476999976],[-70.73032407199997,-33.43626390899993],[-70.72975912199996,-33.43629075699994],[-70.72911057099998,-33.43635324799993],[-70.72899561999998,-33.436363470999936],[-70.72883157199993,-33.43638644699996],[-70.72870702699998,-33.43643128499997],[-70.72857463499997,-33.43649519599995],[-70.72837279099997,-33.43658248799994],[-70.72809748799995,-33.43669838699998],[-70.72788358199995,-33.43679963899996],[-70.72777369999994,-33.43685806299993],[-70.72748256299997,-33.43700521499994],[-70.72730919099996,-33.43707659199998],[-70.72703350899997,-33.43717352999994],[-70.72675131699998,-33.43725331799993],[-70.72653600899997,-33.437283900999944],[-70.72597841199996,-33.43737096999996],[-70.72523442299996,-33.437495110999976],[-70.72468983999994,-33.43761647499997],[-70.72431729299996,-33.437702685999966],[-70.72424622799997,-33.43774849899995],[-70.72417406099999,-33.43784260099994],[-70.72413040299995,-33.43792251399998],[-70.72407118399997,-33.43804746799998],[-70.72397142999995,-33.43820229399995],[-70.72385463899997,-33.43843149099996],[-70.72374018599999,-33.43857100499997],[-70.72353082599994,-33.438694597999984],[-70.72327881499996,-33.43874120199996],[-70.72301214099997,-33.438774216999946],[-70.72277599699999,-33.43879129099997],[-70.72245933499994,-33.438792242999966],[-70.72233665299996,-33.43877004299998],[-70.72210992299995,-33.438176442999975],[-70.72188070399994,-33.43760724699996],[-70.72176821899996,-33.43732606699996],[-70.72162744499997,-33.436965973999975],[-70.72153307499997,-33.43659829499995]]]}},{"type":"Feature","properties":{"CUT_REG":"13","CUT_PROV":"131","CUT_COM":"13118","REGION":"Metropolitana de Santiago","PROVINCIA":"Santiago","COMUNA":"Macul","SUPERFICIE":12.81},"geometry":{"type":"Polygon","coordinates":[[[-70.59021366599995,-33.51035161999994],[-70.59069451499994,-33.51017602899998],[-70.59122085999996,-33.50992493299998],[-70.59163731899997,-33.50977068999998],[-70.59208724299998,-33.50970191399995],[-70.59302176599994,-33.50962328899993],[-70.59434185499998,-33.509542771999975],[-70.59743550099995,-33.509324997999954],[-70.59913254199995,-33.50921303299998],[-70.59999969799998,-33.50914997999996],[-70.60053647399997,-33.509111049999944],[-70.60232944899997,-33.50898082899994],[-70.60364304299998,-33.50888118199998],[-70.60409378699995,-33.50884698699997],[-70.60440984299998,-33.50882303499998],[-70.60551241399997,-33.50873970999993],[-70.60864999899997,-33.508509999999944],[-70.61077581999996,-33.50841155299997],[-70.61252139199996,-33.50832243899998],[-70.61335891499994,-33.50827002899996],[-70.61382274599998,-33.50823008499998],[-70.61392748799994,-33.50799304999998],[-70.61409312499995,-33.50761402999996],[-70.61419465399996,-33.507189740999934],[-70.61423625599997,-33.506999177999944],[-70.61433471699996,-33.50654815799993],[-70.61428968999996,-33.50602713699993],[-70.61444999999998,-33.50540999899994],[-70.61479292399997,-33.50384517799995],[-70.61546689099998,-33.500799608999955],[-70.61564036299995,-33.50001758899998],[-70.61582064099997,-33.499186650999945],[-70.61625640599993,-33.497229421999975],[-70.61687130199994,-33.49447947099998],[-70.61720686199999,-33.49301109399994],[-70.61761794399996,-33.49129667699998],[-70.61837325699997,-33.48797969999998],[-70.61856320799996,-33.487414102999935],[-70.61892469799994,-33.48682777399995],[-70.62043422799997,-33.484352186999956],[-70.62058435099993,-33.484014714999944],[-70.62094338399999,-33.48268111999994],[-70.62116358999998,-33.48191313299998],[-70.62146992199996,-33.480833633999964],[-70.62169844799996,-33.47997949899997],[-70.62201821499997,-33.478691209999965],[-70.62205453399997,-33.47857480399995],[-70.62228005499998,-33.47780568899998],[-70.62261703499996,-33.476508095999975],[-70.62304918799998,-33.47492625799998],[-70.62089628099994,-33.47482034999996],[-70.61987203799998,-33.47477011799998],[-70.61944371699997,-33.47475002799996],[-70.61922986099995,-33.47473999699997],[-70.61890375999997,-33.47472469999997],[-70.61860398699997,-33.47470972299993],[-70.61781892899995,-33.47467049699998],[-70.61764585299994,-33.47466184899997],[-70.61693099799999,-33.47462573799993],[-70.61587305299997,-33.474569292999945],[-70.61441086299999,-33.47449200899996],[-70.61375194399994,-33.47445985199994],[-70.61250747699995,-33.47439910899993],[-70.61209923699994,-33.47437917899998],[-70.61140367999997,-33.474344730999974],[-70.61093884099995,-33.47432056499997],[-70.61012423799997,-33.474278210999955],[-70.60920199599997,-33.47423021399993],[-70.60871541499995,-33.47420448999998],[-70.60789755899998,-33.47416291099995],[-70.60700144499998,-33.47412060199997],[-70.60482468399994,-33.474009215999956],[-70.60240065099998,-33.47388236599994],[-70.60068000099994,-33.47377999999998],[-70.60014999999999,-33.47375999999997],[-70.59939538799995,-33.47372226999994],[-70.59868458299997,-33.473660052999946],[-70.59791298599998,-33.473634619999984],[-70.59717357999995,-33.47361480999996],[-70.59634289699994,-33.473534521999966],[-70.59529469199998,-33.47358807299997],[-70.59413961599995,-33.47364960799996],[-70.59290831799996,-33.47371855899996],[-70.59225894199994,-33.47375568499996],[-70.59181190099997,-33.473794262999945],[-70.59095004799997,-33.47388883799994],[-70.59032551699994,-33.47397287999996],[-70.58966216999994,-33.47406294299998],[-70.58935462099998,-33.474089634999984],[-70.58879560799994,-33.47403715099995],[-70.58738460199999,-33.47377970599996],[-70.58653559499999,-33.47364500599997],[-70.58623999999998,-33.47360999999995],[-70.58590924999999,-33.47358050499997],[-70.58485964199997,-33.47347765599994],[-70.58426322199995,-33.473388546999956],[-70.58356911099997,-33.47314416599994],[-70.58186656299995,-33.47226302599995],[-70.57815744199996,-33.470329247999985],[-70.57762403599997,-33.470050054999945],[-70.57645439999999,-33.46940345599995],[-70.57714734699994,-33.47267170799995],[-70.57748838199996,-33.47425131999995],[-70.57774000199998,-33.475431682999954],[-70.57804834299998,-33.47693753799996],[-70.57854841099999,-33.47945216299996],[-70.57897266999998,-33.48134619399997],[-70.57936586299996,-33.483133245999966],[-70.57974650599994,-33.484904995999955],[-70.57990756899994,-33.48568977599996],[-70.58027627799999,-33.487504781999974],[-70.58045880699996,-33.488518118999934],[-70.58061033799999,-33.48921242799997],[-70.58094860799997,-33.49013221799993],[-70.58141673599994,-33.490975694999975],[-70.58214390999996,-33.49212605499997],[-70.58262237499997,-33.49288780499995],[-70.58304911899995,-33.49357139799997],[-70.58383343699995,-33.494827003999944],[-70.58425976499996,-33.49550270499998],[-70.58456100199999,-33.49598105999996],[-70.58487725099997,-33.49648924199994],[-70.58533229799997,-33.49721778999998],[-70.58562616699999,-33.49767410199996],[-70.58583549999997,-33.49800193999994],[-70.58605029599994,-33.49834851399993],[-70.58669367399995,-33.49935762699994],[-70.58682745199997,-33.499575393999976],[-70.58703777199997,-33.49994719299997],[-70.58718701299995,-33.50021960799995],[-70.58799240099995,-33.50211916999996],[-70.58816572799998,-33.502531088999945],[-70.58833385399998,-33.502927700999976],[-70.58885471399998,-33.50413293899993],[-70.58923287899995,-33.504997540999966],[-70.58944638399998,-33.50574379999995],[-70.58959290999996,-33.506489844999976],[-70.58981869299998,-33.50787782899994],[-70.58995011099995,-33.508594838999954],[-70.59007832899994,-33.50930072999995],[-70.59021366599995,-33.51035161999994]]]}},{"type":"Feature","properties":{"CUT_REG":"13","CUT_PROV":"131","CUT_COM":"13119","REGION":"Metropolitana de Santiago","PROVINCIA":"Santiago","COMUNA":"Maipú","SUPERFICIE":136.81},"geometry":{"type":"Polygon","coordinates":[[[-70.72198667399994,-33.47321035999994],[-70.72214131599998,-33.47339745399995],[-70.72226415599994,-33.47367014099996],[-70.72234986499996,-33.47404475099995],[-70.72305200099999,-33.477691592999975],[-70.72351756799998,-33.47999360799997],[-70.72361966399995,-33.48029640799996],[-70.72387712699998,-33.48071634699994],[-70.72417942999994,-33.48105012599996],[-70.72445266899996,-33.48156134599998],[-70.72454277899993,-33.48195649099995],[-70.72458399799996,-33.48229997599998],[-70.72603257199995,-33.481900234999955],[-70.72636681199998,-33.48188364799995],[-70.72673176699993,-33.48197996899995],[-70.72704897799997,-33.48218134299998],[-70.72736950599995,-33.48254969299995],[-70.72777579599995,-33.48275578799996],[-70.72813666499997,-33.48282531899997],[-70.72853454199998,-33.48278696099993],[-70.72891035799995,-33.48271311899998],[-70.72934939299995,-33.48259663799996],[-70.72963998699998,-33.48253293099998],[-70.73028999899998,-33.48246999999998],[-70.73052854899998,-33.48246981999995],[-70.73100221499993,-33.48248408099994],[-70.73135400999996,-33.48245530599996],[-70.73130488899994,-33.48555393699996],[-70.73147987199997,-33.494716583999946],[-70.73185260399998,-33.49499776399995],[-70.73244024399997,-33.495517131999975],[-70.73279087099996,-33.49586991199993],[-70.73317164399998,-33.49629199199995],[-70.73348949799998,-33.49669108399996],[-70.73379672699997,-33.497077340999965],[-70.73421591499994,-33.497828615999936],[-70.73436839999994,-33.49813899399993],[-70.73499107599997,-33.49944377999998],[-70.73528288699998,-33.50011138499997],[-70.73627412799993,-33.502232567999954],[-70.73669406699997,-33.50316252999994],[-70.73712036499995,-33.50409793699998],[-70.73795099699998,-33.50586569899997],[-70.73878277699998,-33.50772227799996],[-70.73985428999998,-33.510078627999974],[-70.73965385199995,-33.51007529499998],[-70.73933073699999,-33.510089999999934],[-70.73893678799993,-33.510133708999945],[-70.73878214799998,-33.51009350999993],[-70.73861765999999,-33.510070903999974],[-70.73723601199998,-33.510031595999976],[-70.73424732399997,-33.51006250599994],[-70.73207244199995,-33.51000990799997],[-70.73048440599996,-33.50999058999997],[-70.72911000099998,-33.50994999999995],[-70.72852807199996,-33.50992771699998],[-70.72704206499998,-33.50988527399994],[-70.72325690099996,-33.50970209999997],[-70.72308337599998,-33.509848732999956],[-70.72133526399995,-33.51146869699994],[-70.71999202799998,-33.51268037199998],[-70.71923122999993,-33.51327849499995],[-70.71836475499998,-33.51393474799994],[-70.71882458599998,-33.51450101299997],[-70.71942684899994,-33.51524723299997],[-70.72050830899997,-33.51663698599998],[-70.72073100099993,-33.51691424999996],[-70.72124615099995,-33.51757517699997],[-70.72198809999998,-33.51854014999998],[-70.72293580199994,-33.519824367999945],[-70.72405279899994,-33.521204643999965],[-70.72514705099996,-33.522513645999936],[-70.72624764699998,-33.52397724299993],[-70.72973939199994,-33.52822016099998],[-70.73141551599997,-33.53031384999997],[-70.73366214599997,-33.53296226499998],[-70.73412981199994,-33.53346370099996],[-70.73506631499998,-33.534524345999955],[-70.73681028699997,-33.53654704199994],[-70.73875143599997,-33.53876290399995],[-70.74159018999995,-33.54199281899997],[-70.74308773399997,-33.54369157299993],[-70.74383660399997,-33.54454475899996],[-70.74467854599999,-33.54549111499995],[-70.74526734799997,-33.54614803199996],[-70.74903861899998,-33.550345698999934],[-70.74999481299994,-33.551412563999975],[-70.75002289299994,-33.55144843399995],[-70.75104879399998,-33.55257920299994],[-70.75208202099998,-33.55373276599994],[-70.75344800199997,-33.55527481699994],[-70.75387000099994,-33.55574999999993],[-70.75512999999995,-33.55712999999997],[-70.75596052499998,-33.55809985199994],[-70.75679074299995,-33.55902100299994],[-70.75773300899994,-33.56007326399998],[-70.75933732099998,-33.561879172999966],[-70.76170465799999,-33.56454771299997],[-70.76280999999994,-33.565789999999936],[-70.76361406399997,-33.566712536999944],[-70.76418865899996,-33.567450159999964],[-70.76671141299994,-33.571059625999965],[-70.76726140099998,-33.571795572999974],[-70.76763010999997,-33.571556759999964],[-70.76807589499998,-33.57141677599998],[-70.76832429999996,-33.571367892999945],[-70.76866521599999,-33.571312914999965],[-70.76885774999994,-33.57131970699993],[-70.76896698399997,-33.57136490999994],[-70.76914769799998,-33.571448937999946],[-70.77074772999998,-33.57105169099998],[-70.77548121699994,-33.56982634099995],[-70.77731975299997,-33.56935791999996],[-70.77815734599994,-33.56914279299997],[-70.77842521699995,-33.569073627999956],[-70.78168502599993,-33.56823188899995],[-70.78363533899994,-33.56772229599994],[-70.78473310199996,-33.56690369699993],[-70.78778599699996,-33.56437193599993],[-70.79194016799994,-33.56087160799996],[-70.79359460299997,-33.559418422999954],[-70.79578656499996,-33.55747995699994],[-70.79601958099994,-33.55727293499996],[-70.79799545499998,-33.555642801999966],[-70.79813761799994,-33.555525357999954],[-70.79853613699999,-33.55531408799993],[-70.79981030599998,-33.55441019199998],[-70.80075136299996,-33.553740792999974],[-70.80258371399998,-33.552440772999944],[-70.80423312699997,-33.55133587599994],[-70.80560591499994,-33.55041478499993],[-70.80670479599996,-33.54968592899996],[-70.80852612199993,-33.548467950999964],[-70.80993376099997,-33.547529907999944],[-70.81134096599999,-33.54658582199994],[-70.81224546899995,-33.545982755999944],[-70.81458956999995,-33.54435430199993],[-70.81504618499997,-33.54403409099996],[-70.81521125199998,-33.54391571299993],[-70.81586687099997,-33.54346516999993],[-70.81508491099999,-33.54286105899996],[-70.81430731799998,-33.542056456999944],[-70.81384331399994,-33.54152818199998],[-70.81327305399998,-33.54087892299998],[-70.81286328899995,-33.54041238399998],[-70.81240406999996,-33.54004937099995],[-70.81207908299996,-33.53995837299993],[-70.81149699799994,-33.53969255599998],[-70.81104906899998,-33.539527319999934],[-70.81069289899995,-33.53925337199996],[-70.81012915699995,-33.539087405999965],[-70.80963517599997,-33.53877541899993],[-70.80917630699997,-33.538547095999945],[-70.80877209399995,-33.53837318799998],[-70.80832500399998,-33.53819435199995],[-70.80780387099998,-33.53786068599993],[-70.80753692399998,-33.53760784499997],[-70.80719237599999,-33.537329977999946],[-70.80685820199994,-33.536964988999955],[-70.80651429099998,-33.53673385899998],[-70.80626093899997,-33.53650286299995],[-70.80595527699995,-33.536276922999946],[-70.80577627399998,-33.53612775299996],[-70.80560520799997,-33.53601851499997],[-70.80543382299999,-33.53589183999998],[-70.80520454999998,-33.53551835199994],[-70.80514420599997,-33.53508259899996],[-70.80513527999994,-33.53465325299993],[-70.80508979499996,-33.53410991399994],[-70.80500426599997,-33.53369600099995],[-70.80472644599996,-33.53307731099994],[-70.80451683599995,-33.53245046899997],[-70.80446742199996,-33.53212908199998],[-70.80448019899995,-33.531921315999966],[-70.80450003199996,-33.53164186699996],[-70.80457157799998,-33.531383138999956],[-70.80458331399996,-33.53112528199995],[-70.80462907699996,-33.53085977199993],[-70.80461666699995,-33.530673846999946],[-70.80467242399999,-33.53044441099996],[-70.80483357399999,-33.530146127999956],[-70.80511370399995,-33.52991501799994],[-70.80540932899999,-33.529746074999935],[-70.80582486799995,-33.52958969799994],[-70.80642057599994,-33.529466481999975],[-70.80715313799993,-33.52934842199994],[-70.80731309299995,-33.52923156099996],[-70.80733515199995,-33.52905944799994],[-70.80735735899998,-33.52889449199995],[-70.80747474199995,-33.528785408999966],[-70.80769509999993,-33.528696296999954],[-70.80814927499995,-33.52875408699998],[-70.80858949299994,-33.52896239499995],[-70.80983999999995,-33.52964999999995],[-70.81049380199994,-33.530115620999936],[-70.81140332899997,-33.530696424999974],[-70.81281721999994,-33.532100156999945],[-70.81336012099996,-33.53272210299997],[-70.81378665299997,-33.533144370999935],[-70.81503890799996,-33.53411954099994],[-70.81568109999995,-33.53459131099993],[-70.81599435599998,-33.53502390299997],[-70.81632252699995,-33.53547140999996],[-70.81671036699998,-33.53591891699995],[-70.81687445299997,-33.53620233799995],[-70.81699378799993,-33.53657525999995],[-70.81727720899994,-33.53693326599995],[-70.81748604599994,-33.53727635499996],[-70.81766504999996,-33.53752994299998],[-70.81788880199997,-33.53776861199998],[-70.81805288799995,-33.53787303099995],[-70.81841089499994,-33.537917782999955],[-70.81958932999999,-33.537753694999935],[-70.82006667099995,-33.53763436099996],[-70.82046942799997,-33.53754485899998],[-70.82094676899999,-33.53745535799993],[-70.82166277999994,-33.53739568999998],[-70.82236387499995,-33.53738077299994],[-70.82288596599994,-33.537350938999964],[-70.82364672899996,-33.537306187999945],[-70.82425832299998,-33.53718685399997],[-70.82527267199998,-33.537298729999975],[-70.82613039399996,-33.537336022999966],[-70.82639143999995,-33.537317376999965],[-70.82708134699993,-33.53707497599993],[-70.82764072999998,-33.536795283999936],[-70.82862897499996,-33.53659017699994],[-70.82915106699994,-33.53642236099995],[-70.82965451299998,-33.53619860799995],[-70.83030712799996,-33.53578839399995],[-70.83086651199994,-33.53549005499997],[-70.83159371099998,-33.53532223999997],[-70.83204121899996,-33.53526630199997],[-70.83276841699995,-33.53515442499997],[-70.83329050899994,-33.53511713199998],[-70.83383124699998,-33.534967963999975],[-70.83446521499997,-33.534669624999935],[-70.83508053699995,-33.534464517999936],[-70.83554669099993,-33.53429670199995],[-70.83599419799998,-33.534203471999945],[-70.83653493599996,-33.534222117999946],[-70.83716890499994,-33.53435264099994],[-70.83784016599998,-33.53450180999994],[-70.83856736499996,-33.53457639399994],[-70.83960155699998,-33.53464167599998],[-70.83997647499996,-33.53451189599997],[-70.84065573199996,-33.53429670299994],[-70.84125984499997,-33.53412255999996],[-70.84166360299997,-33.53390625999998],[-70.84237854099996,-33.533742278999966],[-70.84290273199997,-33.533882554999934],[-70.84341535999994,-33.53416617999994],[-70.84433503199995,-33.534480576999954],[-70.84494434299995,-33.53481879499998],[-70.84543509699995,-33.535004768999954],[-70.84575994799997,-33.53511551399998],[-70.84595190499994,-33.53525579099994],[-70.84607741699995,-33.53535176899993],[-70.84620292699998,-33.53561017399994],[-70.84705825199995,-33.53600713499998],[-70.84726607799996,-33.53604207799998],[-70.84767029599993,-33.53604207799998],[-70.84836404699996,-33.53614615199996],[-70.84890238999998,-33.53628073699997],[-70.84922924099999,-33.53637686899998],[-70.84959454399996,-33.536549907999984],[-70.84990216899996,-33.53672294699993],[-70.85017134099996,-33.536876759999984],[-70.85051953599998,-33.537056330999974],[-70.85088743099993,-33.53729349399998],[-70.85136917099999,-33.537492834999966],[-70.85159066099999,-33.53738762699993],[-70.85182859399998,-33.53719300599994],[-70.85204262399998,-33.536832534999974],[-70.85225362699998,-33.53645965399994],[-70.85230171199998,-33.53632562299998],[-70.85229091899998,-33.53603079299995],[-70.85254953699996,-33.535751120999976],[-70.85272977199998,-33.53559341499994],[-70.85295918599996,-33.53543476999994],[-70.85332448999998,-33.53537708999994],[-70.85357443599997,-33.53524250499993],[-70.85384360699999,-33.535050239999975],[-70.85415122999996,-33.53478106899996],[-70.85436315699997,-33.534579589999964],[-70.85456592299994,-33.53436555999997],[-70.85483627599996,-33.53424164699993],[-70.85514042399996,-33.534117735999985],[-70.85525307099994,-33.53385864699993],[-70.85531159299995,-33.53358814999996],[-70.85548962999997,-33.533340469999985],[-70.85582757199995,-33.53311517499998],[-70.85601907199998,-33.532788497999945],[-70.85624389999998,-33.53246938099994],[-70.85661682299997,-33.53204051999995],[-70.85693380699996,-33.53172353599996],[-70.85717620599996,-33.53146248999997],[-70.85739995999995,-33.53123873699997],[-70.85749319099995,-33.53108956799997],[-70.85764235899995,-33.53086581399998],[-70.85783269399997,-33.53078337599993],[-70.85806925299994,-33.530760846999954],[-70.85842972299997,-33.53078337599993],[-70.85872383499998,-33.53069799899998],[-70.85941374199996,-33.530716644999984],[-70.85974937299994,-33.53071664599997],[-70.86023417199993,-33.530716644999984],[-70.86109189399997,-33.53071664599997],[-70.86189367799994,-33.53064206099998],[-70.86318026099997,-33.53049289099994],[-70.86398204499994,-33.53054882999993],[-70.86508216699997,-33.53049289099994],[-70.86550999899998,-33.53049999999996],[-70.86636874899995,-33.53053018399993],[-70.86692813499997,-33.53064206099998],[-70.86742038499995,-33.53073972599998],[-70.86792729699994,-33.530894615999955],[-70.86856093799997,-33.53111990999997],[-70.86892326999998,-33.53123873699997],[-70.86940579199995,-33.53147193299998],[-70.86985638199997,-33.53168314699997],[-70.87033513299997,-33.53188027899995],[-70.87078572199994,-33.532133735999935],[-70.87133487799997,-33.53228862499998],[-70.87189811499996,-33.53230270699993],[-70.87267256399997,-33.53203516999997],[-70.87296948199997,-33.53218968999994],[-70.87328646599997,-33.53218968999994],[-70.87352886599996,-33.53220833499995],[-70.87390178799996,-33.53215239799994],[-70.87421877299994,-33.532115105999935],[-70.87481544799994,-33.53202187399995],[-70.87543077099997,-33.53198458299994],[-70.87569181699996,-33.53194728999995],[-70.87604609299996,-33.53179812099995],[-70.87653089299994,-33.53135061399996],[-70.87692246199998,-33.530977690999975],[-70.87709027699998,-33.53079122899993],[-70.87725809199998,-33.53062341499998],[-70.87748184599997,-33.530436952999935],[-70.87774289199996,-33.53025049199994],[-70.87824633599996,-33.530194551999955],[-70.87867519899999,-33.53008267599995],[-70.87929051999998,-33.52993350799994],[-70.87957021299997,-33.52987756899995],[-70.88005501199996,-33.52984027599996],[-70.88057710499999,-33.529747045999954],[-70.88117378099997,-33.52963516899996],[-70.88154670299997,-33.529504645999964],[-70.88169587199997,-33.52939276899997],[-70.88190097899997,-33.52903849399996],[-70.88203150199996,-33.52881473899998],[-70.88223660999995,-33.52849775599998],[-70.88242306999996,-33.52829264799993],[-70.88264682399995,-33.528106185999945],[-70.88288922399994,-33.527901078999946],[-70.88322999999997,-33.52780999999993],[-70.88376559299996,-33.52805024799994],[-70.88423174499997,-33.52819941699994],[-70.88466060699994,-33.52827400099994],[-70.88503352999999,-33.52836723199994],[-70.88555562199997,-33.52834858699998],[-70.88590989699998,-33.528311292999945],[-70.88635740499996,-33.528106185999945],[-70.88667438999994,-33.52791972499995],[-70.88710324999994,-33.527658678999956],[-70.88742023399993,-33.52739763399995],[-70.88801691099997,-33.52691283399997],[-70.88827795699996,-33.526745018999975],[-70.88870681799995,-33.526428033999935],[-70.88887463399993,-33.52611104999994],[-70.88891192499995,-33.52588729699994],[-70.88891192499995,-33.525533018999965],[-70.88891192499995,-33.52512280499997],[-70.88911703299993,-33.524861759999965],[-70.88945266299999,-33.52441425199993],[-70.88960183199998,-33.52419049899993],[-70.88969506299998,-33.52391080599995],[-70.89001204699997,-33.52353788399995],[-70.89027309399995,-33.52307172999997],[-70.89045955399996,-33.52279203799998],[-70.89079518499994,-33.52262422299998],[-70.89122404599993,-33.52236317799998],[-70.89148509199998,-33.52213942399993],[-70.89170884499998,-33.52191566999994],[-70.89187666099997,-33.52165462399995],[-70.89204447699996,-33.521300347999954],[-70.89206312199997,-33.52092742599996],[-70.89221228999997,-33.52051720999998],[-70.89238010599996,-33.52020022499994],[-70.89249198299996,-33.52003241099993],[-70.89275302899995,-33.519845948999944],[-70.89327512099999,-33.51973407299994],[-70.89392773499998,-33.519640841999944],[-70.89437524199997,-33.519417087999955],[-70.89502785799993,-33.519211980999955],[-70.89575505599998,-33.518988226999966],[-70.89603474799998,-33.518764472999976],[-70.89663142499995,-33.51844748899998],[-70.89728403999999,-33.518279673999984],[-70.89780613099998,-33.51811185799994],[-70.89810446999996,-33.51794404399993],[-70.89827228499996,-33.51772028999994],[-70.89844009999996,-33.51742195099996],[-70.89853332999996,-33.51719819799996],[-70.89862656099996,-33.51691850699996],[-70.89883166899995,-33.51654558399997],[-70.89903677599995,-33.51630318399998],[-70.89937240699999,-33.515911614999936],[-70.89946563599995,-33.515687861999936],[-70.89965209899998,-33.51535223099995],[-70.89985720599998,-33.51509118499996],[-70.90009960599997,-33.514718261999974],[-70.90034200599996,-33.51436398599998],[-70.90054711299996,-33.514047001999984],[-70.90067763599995,-33.51384189399994],[-70.90105055899994,-33.51341303299995],[-70.90146077399999,-33.51313334099996],[-70.90174046499999,-33.51292823299997],[-70.90233714199996,-33.51255531099997],[-70.90257954099997,-33.51231291099998],[-70.90282193999997,-33.51212645099997],[-70.90328809399995,-33.51184675799993],[-70.90358643299999,-33.51156706499995],[-70.90371695599998,-33.511455188999946],[-70.90373560199998,-33.51108226599996],[-70.90369830899994,-33.51085851299996],[-70.90369830999998,-33.510746635999965],[-70.90383999999995,-33.51056999999997],[-70.90418310899997,-33.51059746699997],[-70.90448144699997,-33.51065340599996],[-70.90476113899996,-33.510765281999966],[-70.90496624599996,-33.51085851299996],[-70.90543240099998,-33.51091445099996],[-70.90578667699998,-33.51091445099996],[-70.90639672399993,-33.510810108999976],[-70.90664211599994,-33.51067268799994],[-70.90698002899995,-33.51048559099996],[-70.90716648999995,-33.51024319099997],[-70.90731565899995,-33.51011266799998],[-70.90778181199994,-33.50998214499998],[-70.90841578099997,-33.50985162099994],[-70.90871411899997,-33.50973974499993],[-70.90940402699994,-33.50942276099994],[-70.90983288699994,-33.50923629999994],[-70.91014987199998,-33.509087129999955],[-70.91033633299998,-33.50890066899996],[-70.91052279299998,-33.50871420799996],[-70.91067196399996,-33.508620976999964],[-70.91087269499997,-33.50870954299995],[-70.91102974599994,-33.50884696399993],[-70.91119405499995,-33.509105775999956],[-70.91136186999995,-33.50940411499994],[-70.91149239399994,-33.50959057599994],[-70.91179073099994,-33.50981432899994],[-70.91229417699998,-33.51009402099993],[-70.91283491499996,-33.51018725199998],[-70.91331971499994,-33.510299128999975],[-70.91402826799998,-33.51033641999993],[-70.91512838899996,-33.51046694399997],[-70.91567552899994,-33.51053821199997],[-70.91613883199994,-33.510585327999934],[-70.91644550799998,-33.51061296299997],[-70.91663147299994,-33.51061296199998],[-70.91682307399998,-33.510556608999934],[-70.91696999999994,-33.51047999999997],[-70.91706613099996,-33.51045697999996],[-70.91724572599998,-33.51045517199998],[-70.91748162299996,-33.51050680299994],[-70.91801853999993,-33.51069069799996],[-70.91856527999994,-33.511001515999965],[-70.91877729999999,-33.51111145099998],[-70.91902072899995,-33.51114286199993],[-70.91930512299996,-33.51128737399995],[-70.91954685199994,-33.51147266999993],[-70.91975263099994,-33.51173488099994],[-70.92001367599994,-33.51197728099993],[-70.92040999999995,-33.51206000099995],[-70.92092701099995,-33.511268547999975],[-70.92137188699996,-33.51090475399997],[-70.92214319899995,-33.51027401899995],[-70.92281633599998,-33.50985155199993],[-70.92328866899999,-33.50937922099996],[-70.92389595199995,-33.50897436499997],[-70.92460494499994,-33.50861276999996],[-70.92501810499994,-33.50854390999996],[-70.92565032599998,-33.508502033999946],[-70.92652751199995,-33.508434558999966],[-70.92780955599994,-33.50816465499997],[-70.92875421899998,-33.50735494299994],[-70.92963140599994,-33.50661270899997],[-70.92996878599996,-33.50587047199997],[-70.92996878499997,-33.50546561699997],[-70.92996878499997,-33.50452095399993],[-70.92976635799994,-33.50371124199995],[-70.92922655099994,-33.50263162899995],[-70.92875421899998,-33.50134958499996],[-70.92841683899996,-33.50053987399997],[-70.92836000299997,-33.499999930999934],[-70.92828188799996,-33.499257831999955],[-70.92774207899998,-33.49851559499996],[-70.92706732099998,-33.49797578899995],[-70.92637229799993,-33.49768407099998],[-70.92585275399995,-33.49703112499998],[-70.92538042199993,-33.49507432299998],[-70.92463818799996,-33.49217285799995],[-70.92409837899999,-33.49109324199998],[-70.92395479499999,-33.49029561399993],[-70.92345884699995,-33.48950164399997],[-70.92292706699999,-33.48914723799993],[-70.92235016899997,-33.48881261799994],[-70.92157043399999,-33.48857657899998],[-70.92092649199998,-33.48830025399997],[-70.92043239299994,-33.48810273599997],[-70.91986758799999,-33.48859383799993],[-70.91927845899994,-33.48873657799993],[-70.91872982099994,-33.48864963999995],[-70.91795051699995,-33.488432657999965],[-70.91714802299998,-33.488196942999934],[-70.91584496899998,-33.487988051999935],[-70.91453940099996,-33.48766466199993],[-70.91368843999999,-33.48729605999995],[-70.91319344199997,-33.48654020599997],[-70.91289875699994,-33.48557986499998],[-70.91264713699996,-33.485352123999974],[-70.91229094099998,-33.48502972899996],[-70.91165402499996,-33.48490335899993],[-70.90971008399998,-33.48455158999997],[-70.90871677599995,-33.48432103999994],[-70.90531417499994,-33.48353128499997],[-70.90114356899994,-33.48239283899994],[-70.89830458199998,-33.48173013099995],[-70.89664637399994,-33.48089658599997],[-70.89440772299997,-33.47955652999997],[-70.89307667499997,-33.47909968499994],[-70.89141446099995,-33.47912507099994],[-70.89048835099999,-33.479482781999934],[-70.88866384699998,-33.48042681299995],[-70.88722433599997,-33.48126951499995],[-70.88555005599994,-33.48179128499993],[-70.88413933799995,-33.48195680499998],[-70.88319970099997,-33.481597980999936],[-70.88205290299999,-33.48123365399994],[-70.88018620399998,-33.48023126399994],[-70.87784548999997,-33.47942690599996],[-70.87531780599994,-33.47909914699994],[-70.87296154099994,-33.47898546399995],[-70.87086708399994,-33.479036194999935],[-70.86708679699996,-33.47907413099995],[-70.86426367599995,-33.47913572899995],[-70.86120068599996,-33.47969714699997],[-70.85981738799995,-33.47998514699998],[-70.85886346399997,-33.48011398799997],[-70.85736855399995,-33.47988130999994],[-70.85571661999995,-33.479951194999956],[-70.85278122199998,-33.480090564999955],[-70.85146749399996,-33.48004240399996],[-70.85080056399994,-33.48013925499998],[-70.84972708799995,-33.480002583999976],[-70.84873618299997,-33.47946382699996],[-70.84822347299996,-33.478917930999955],[-70.84772551399993,-33.476921139999945],[-70.84723999999994,-33.47573999999997],[-70.84620714099998,-33.47420666299996],[-70.84554999999995,-33.473329999999976],[-70.84453378099994,-33.47226572399995],[-70.84386426599997,-33.470985086999974],[-70.84338504999994,-33.46986603499994],[-70.84270659099997,-33.46901717299994],[-70.84089920399998,-33.467555183999934],[-70.83884204699996,-33.46720396999996],[-70.83767566099993,-33.46697312899994],[-70.83687637899999,-33.46687045199997],[-70.83584861799994,-33.46673297899997],[-70.83512086099995,-33.46678193399998],[-70.83423493599997,-33.46689048899998],[-70.83249736599998,-33.46657261299998],[-70.83109650299997,-33.466020682999954],[-70.82978121899998,-33.46557430799993],[-70.82671694999993,-33.466684731999976],[-70.82668976399998,-33.46671573799995],[-70.82650016399998,-33.466931242999976],[-70.82591011099998,-33.46729781199997],[-70.82562254699997,-33.467445365999936],[-70.82545413599996,-33.467547973999956],[-70.82514970499994,-33.467695558999935],[-70.82481001599996,-33.467786400999955],[-70.82457097399998,-33.46780426199996],[-70.82438392399996,-33.46783569599995],[-70.82397247099993,-33.467755832999956],[-70.82350894299998,-33.46764811299994],[-70.82321601599995,-33.46752357099996],[-70.82253181399994,-33.46731923799996],[-70.82196517599994,-33.46710984799995],[-70.82126626999997,-33.46687385599995],[-70.82056721299995,-33.46666062399993],[-70.81964136099998,-33.46648814499997],[-70.81912821699996,-33.46645273399997],[-70.81839486999996,-33.466506444999936],[-70.81830800299997,-33.466487015999974],[-70.81780849299997,-33.46637319699994],[-70.81699481599998,-33.46622698199997],[-70.81664748099996,-33.466103489999966],[-70.81620008399995,-33.466037763999964],[-70.81586957999997,-33.46600084099998],[-70.81538292299996,-33.466007970999954],[-70.81508749299996,-33.46599657899998],[-70.81479717499997,-33.46594381699998],[-70.81443573299998,-33.46586298799997],[-70.81426319099995,-33.46577962699996],[-70.81370974299995,-33.46544419199995],[-70.81334291899998,-33.46509079699996],[-70.81278693599995,-33.46459890299997],[-70.81254022999997,-33.46431003799995],[-70.81252056099999,-33.46428700399997],[-70.81243673999995,-33.46418885399993],[-70.81226072999993,-33.46394781299995],[-70.81205107799997,-33.46372185399997],[-70.81196443499994,-33.46364505199995],[-70.81192077299994,-33.463606348999974],[-70.81168572899998,-33.463397989999976],[-70.81146937599993,-33.463233188999936],[-70.81142801499993,-33.463201682999966],[-70.81142624499995,-33.463200334999954],[-70.81142407499993,-33.463198681999984],[-70.81140641699994,-33.46318521599994],[-70.81139060399994,-33.46317318699994],[-70.81097687099998,-33.46297899399997],[-70.81063787299996,-33.46270460899996],[-70.81062792199998,-33.46269655399993],[-70.81062063999997,-33.462690659999964],[-70.81061486499993,-33.46268598499995],[-70.81061182099995,-33.46268351499998],[-70.81041282799998,-33.46258547799994],[-70.81030116699998,-33.46253055899996],[-70.81012834999996,-33.46243286199996],[-70.80976726499995,-33.46230930599995],[-70.80945854499998,-33.46225647299997],[-70.80916691799996,-33.46217491599998],[-70.80854755999997,-33.46196928799998],[-70.80842616099994,-33.46191611799998],[-70.80817889099995,-33.461807541999974],[-70.80796070799994,-33.461708656999974],[-70.80794986199999,-33.46170372499995],[-70.80794893299998,-33.46170330199993],[-70.80794883299995,-33.461703256999954],[-70.80794835899997,-33.461703041999954],[-70.80794279499997,-33.46170051099995],[-70.80793809699998,-33.461698371999944],[-70.80777182999998,-33.46162282499995],[-70.80735549399998,-33.46132807699996],[-70.80704071399998,-33.46097475799996],[-70.80679840299996,-33.460820815999966],[-70.80660678899994,-33.460637464999934],[-70.80641774499998,-33.46058301199997],[-70.80625600499997,-33.46053544799997],[-70.80617126499999,-33.46056121899994],[-70.80606376899993,-33.46062117499997],[-70.80591719099993,-33.460762873999954],[-70.80572557799997,-33.46094510399996],[-70.80548079399995,-33.46117087299996],[-70.80530811899996,-33.461321098999974],[-70.80484006299997,-33.46191546899996],[-70.80462046699995,-33.46221938299993],[-70.80450404999993,-33.46251330499996],[-70.80440601599997,-33.46283420399993],[-70.80425769299995,-33.46280318399994],[-70.80424190799994,-33.46280090199997],[-70.80421785399994,-33.46279396399996],[-70.80421524999997,-33.46279321399993],[-70.80408440899998,-33.462755475999984],[-70.80349903699994,-33.46266855599998],[-70.80281485099994,-33.46263865199995],[-70.80240149099996,-33.46262504199996],[-70.80214578399995,-33.46261665199995],[-70.80173303999999,-33.462644248999936],[-70.80146397499993,-33.46266199699994],[-70.80124812999998,-33.46268737099996],[-70.80100846999994,-33.462715807999984],[-70.80063500399996,-33.46275977899995],[-70.80031154499994,-33.462798573999976],[-70.80019410599994,-33.46282152899994],[-70.79991518199995,-33.462875735999944],[-70.79940574899996,-33.46291829199998],[-70.79861272699998,-33.46289449099993],[-70.79751191499997,-33.46285057299997],[-70.79700596899994,-33.46287073499997],[-70.79660775499997,-33.46288664799994],[-70.79657149499997,-33.46288836699995],[-70.79624691199996,-33.46287271699998],[-70.79602397499997,-33.46286204699993],[-70.79599135999996,-33.46286028499998],[-70.79654505199994,-33.46080580199998],[-70.79659129399994,-33.46056016799997],[-70.79569015799996,-33.460447665999936],[-70.79453831599994,-33.460527129999946],[-70.79289239799994,-33.46062000999996],[-70.79047392599995,-33.46102537799993],[-70.78948873999997,-33.46119655899997],[-70.78730171699993,-33.46156713399995],[-70.78514436899997,-33.461924686999964],[-70.78321074399997,-33.46223503799996],[-70.78199390999998,-33.46243460399995],[-70.78143101699999,-33.462379915999975],[-70.78077090699998,-33.46233289899993],[-70.78000737599996,-33.46235642399995],[-70.77854213999996,-33.462496742999974],[-70.77809413399996,-33.46256595299997],[-70.77708489899999,-33.462662042999966],[-70.77640089899995,-33.460342673999946],[-70.77586912899994,-33.45857892299995],[-70.77577671499995,-33.45858382599994],[-70.77565299799994,-33.45818438899994],[-70.77546624299998,-33.45819744399995],[-70.77031986099996,-33.45856322299994],[-70.76898130599994,-33.45865940599998],[-70.76512227899997,-33.458917241999984],[-70.76485147299996,-33.45892718299996],[-70.76445691999999,-33.46005741199997],[-70.76412608099997,-33.46109431499997],[-70.76374231299997,-33.46234983499994],[-70.76373321499995,-33.46237959999996],[-70.76368877299996,-33.46252499399998],[-70.76333248099996,-33.463498078999976],[-70.76329345199997,-33.46349959499997],[-70.76309224899995,-33.46350740899993],[-70.76299561599996,-33.463522600999966],[-70.76280189599998,-33.46356191199993],[-70.76257616699996,-33.46363811699996],[-70.76237909899999,-33.46374709699995],[-70.76220032599997,-33.46387190199994],[-70.76213487999996,-33.46391759099998],[-70.76202352799999,-33.46395780299997],[-70.76184943999993,-33.46402066899998],[-70.76104390099994,-33.46417750799998],[-70.76042170199997,-33.46429864899994],[-70.75989471199995,-33.46449343599994],[-70.75931651599996,-33.46459067099994],[-70.75906556599995,-33.46463593599998],[-70.75835943599998,-33.46476330499996],[-70.75686451199994,-33.465038109999966],[-70.75388694799994,-33.46562654599995],[-70.75340912699994,-33.46569314299995],[-70.75234293599993,-33.465874447999965],[-70.75221492099996,-33.465896215999976],[-70.75196485199996,-33.46593948699996],[-70.75096902899998,-33.466117604999965],[-70.74996656499997,-33.46630191899993],[-70.74844474899999,-33.46657651999993],[-70.74763251299999,-33.46672390599997],[-70.74678756499998,-33.46687722699994],[-70.74441966199998,-33.46730689899994],[-70.74373146799996,-33.467431776999945],[-70.74339116299996,-33.46749352699993],[-70.74288854099996,-33.46758473099993],[-70.74208545199997,-33.46773051399998],[-70.74132848199997,-33.46786305099994],[-70.74121452899993,-33.46788300299994],[-70.74080246599993,-33.46795328299993],[-70.74016227699997,-33.46806247099994],[-70.73966437499996,-33.468147391999935],[-70.73913151599999,-33.46823827399993],[-70.73865769499997,-33.46831874299994],[-70.73836566899996,-33.46836833799995],[-70.73826823599995,-33.46838805999994],[-70.73804266299999,-33.46843372099994],[-70.73800409499995,-33.46844152799997],[-70.73779263699998,-33.46852612299995],[-70.73755255999998,-33.46866198899994],[-70.73745734299996,-33.46867775399994],[-70.73730399199997,-33.46870314499995],[-70.73720453399994,-33.470277333999945],[-70.73718660199995,-33.470561148999934],[-70.73717585699995,-33.47073121599993],[-70.73715770699994,-33.47101849099994],[-70.73712967199998,-33.471205786999974],[-70.73712433599997,-33.47121339199998],[-70.73702737499997,-33.47135157899993],[-70.73699353299997,-33.47139981099997],[-70.73690570099996,-33.47146732599998],[-70.73678633199995,-33.47155908399998],[-70.73559014799997,-33.47070002999993],[-70.73543062099998,-33.47059790999998],[-70.73508368299997,-33.47037582199994],[-70.73492246899997,-33.47027262299997],[-70.73425372599996,-33.469844534999936],[-70.73423808699994,-33.469834523999964],[-70.73422902699997,-33.46982872399997],[-70.73404766499993,-33.46971262699998],[-70.73385775299994,-33.469591056999946],[-70.73383055399995,-33.46957364599996],[-70.73382358399994,-33.469569183999965],[-70.73362798099998,-33.469443971999965],[-70.73283498499995,-33.46971237799994],[-70.73131098699997,-33.470170322999934],[-70.73032569499998,-33.47044535499998],[-70.72951508499995,-33.47070004699998],[-70.72880238099998,-33.47093905099996],[-70.72693101699997,-33.47154137199993],[-70.72670181799998,-33.471612567999955],[-70.72648549799999,-33.471687162999956],[-70.72627721899994,-33.47173659199996],[-70.72596661599994,-33.47179460399997],[-70.72561388599996,-33.47188183499998],[-70.72539770599997,-33.47196358499997],[-70.72508266999995,-33.47209967999993],[-70.72483839599994,-33.47218611399995],[-70.72435263699998,-33.47232744699994],[-70.72415228099999,-33.472388930999955],[-70.72387399099995,-33.47248299499995],[-70.72349203599998,-33.47260426999998],[-70.72306214799994,-33.47272048299993],[-70.72271394899997,-33.47282124299994],[-70.72245837399998,-33.47288855399995],[-70.72233124999997,-33.472948250999934],[-70.72215672399994,-33.47306532399995],[-70.72198667399994,-33.47321035999994]]]}},{"type":"Feature","properties":{"CUT_REG":"13","CUT_PROV":"131","CUT_COM":"13120","REGION":"Metropolitana de Santiago","PROVINCIA":"Santiago","COMUNA":"Ñuñoa","SUPERFICIE":16.9},"geometry":{"type":"Polygon","coordinates":[[[-70.57645439999999,-33.46940345599995],[-70.57762403599997,-33.470050054999945],[-70.57815744199996,-33.470329247999985],[-70.58186656299995,-33.47226302599995],[-70.58356911099997,-33.47314416599994],[-70.58426322199995,-33.473388546999956],[-70.58485964199997,-33.47347765599994],[-70.58590924999999,-33.47358050499997],[-70.58623999999998,-33.47360999999995],[-70.58653559499999,-33.47364500599997],[-70.58738460199999,-33.47377970599996],[-70.58879560799994,-33.47403715099995],[-70.58935462099998,-33.474089634999984],[-70.58966216999994,-33.47406294299998],[-70.59032551699994,-33.47397287999996],[-70.59095004799997,-33.47388883799994],[-70.59181190099997,-33.473794262999945],[-70.59225894199994,-33.47375568499996],[-70.59290831799996,-33.47371855899996],[-70.59413961599995,-33.47364960799996],[-70.59529469199998,-33.47358807299997],[-70.59634289699994,-33.473534521999966],[-70.59717357999995,-33.47361480999996],[-70.59791298599998,-33.473634619999984],[-70.59868458299997,-33.473660052999946],[-70.59939538799995,-33.47372226999994],[-70.60014999999999,-33.47375999999997],[-70.60068000099994,-33.47377999999998],[-70.60240065099998,-33.47388236599994],[-70.60482468399994,-33.474009215999956],[-70.60700144499998,-33.47412060199997],[-70.60789755899998,-33.47416291099995],[-70.60871541499995,-33.47420448999998],[-70.60920199599997,-33.47423021399993],[-70.61012423799997,-33.474278210999955],[-70.61093884099995,-33.47432056499997],[-70.61140367999997,-33.474344730999974],[-70.61209923699994,-33.47437917899998],[-70.61250747699995,-33.47439910899993],[-70.61375194399994,-33.47445985199994],[-70.61441086299999,-33.47449200899996],[-70.61587305299997,-33.474569292999945],[-70.61693099799999,-33.47462573799993],[-70.61764585299994,-33.47466184899997],[-70.61781892899995,-33.47467049699998],[-70.61860398699997,-33.47470972299993],[-70.61890375999997,-33.47472469999997],[-70.61922986099995,-33.47473999699997],[-70.61944371699997,-33.47475002799996],[-70.61987203799998,-33.47477011799998],[-70.62089628099994,-33.47482034999996],[-70.62304918799998,-33.47492625799998],[-70.62318998199999,-33.47432986399997],[-70.62343520899998,-33.473424190999935],[-70.62355949699997,-33.472903060999954],[-70.62384400799994,-33.47184058999994],[-70.62399646699998,-33.47118282699995],[-70.62410377599997,-33.470525246999955],[-70.62421300199998,-33.47027566199995],[-70.62431244499999,-33.47011210499994],[-70.62440997499994,-33.46999867999995],[-70.62464469499997,-33.46983609299997],[-70.62510664599995,-33.46956118299994],[-70.62563010999997,-33.46923962099993],[-70.62586747299997,-33.469032450999975],[-70.62595148299994,-33.46891092499993],[-70.62604069799994,-33.468724719999955],[-70.62612689299993,-33.46846109599994],[-70.62636573599997,-33.467503490999945],[-70.62681830599996,-33.46594375899997],[-70.62697580399998,-33.465453314999934],[-70.62725181899998,-33.464447923999955],[-70.62761934599996,-33.46328506999998],[-70.62799070699998,-33.46194318899995],[-70.62886877599993,-33.458947928999976],[-70.62978658099996,-33.455696546999945],[-70.63008295799995,-33.45471418699998],[-70.63028952699995,-33.454095550999966],[-70.63056638899997,-33.45321888899997],[-70.63095332599994,-33.45190645499997],[-70.63155535899995,-33.449830420999945],[-70.63058038299994,-33.449645277999934],[-70.62958882199996,-33.449456932999965],[-70.62926110099994,-33.44939271699997],[-70.62859252299995,-33.44926276399997],[-70.62809801899994,-33.449164716999974],[-70.62711894999995,-33.448979373999975],[-70.62678369399998,-33.44891390799995],[-70.62561594999994,-33.44862672399995],[-70.62514045799998,-33.44853269799995],[-70.62410979199996,-33.44832552299994],[-70.62263296899994,-33.44803038599997],[-70.62155283799996,-33.447811187999946],[-70.62046485599996,-33.44759522299995],[-70.61876943999994,-33.44725766799996],[-70.61860268899994,-33.44782282099993],[-70.61843191699995,-33.448370523999984],[-70.61751837399999,-33.448202565999964],[-70.61613099499993,-33.44794893399995],[-70.61375009499994,-33.44756012599993],[-70.61389371999996,-33.44682651399995],[-70.61274456199999,-33.44665410299996],[-70.61188188699998,-33.446521710999946],[-70.61115715499994,-33.446407292999936],[-70.61089895599997,-33.44634139599998],[-70.60968999999994,-33.44596999999993],[-70.60882054599995,-33.445741605999956],[-70.60853940799996,-33.445687788999976],[-70.60821113399999,-33.44564414599995],[-70.60772537899999,-33.445591752999974],[-70.60600227499998,-33.445393440999965],[-70.60457625199996,-33.445189109999944],[-70.60393664999998,-33.445120473999964],[-70.60299960299994,-33.445019498999955],[-70.60219350799997,-33.44494211099993],[-70.60173311199998,-33.44488045299994],[-70.60109889799998,-33.444823120999956],[-70.59952897499994,-33.44468233999993],[-70.59918730799996,-33.44466295799998],[-70.59822098399997,-33.44461960099994],[-70.59805365599993,-33.44473993199995],[-70.59722199899994,-33.44528074899995],[-70.59703228399997,-33.44540446599996],[-70.59640513599999,-33.44579709299995],[-70.59611096299994,-33.44598354999994],[-70.59579072899999,-33.446157899999946],[-70.59456690599995,-33.44681283799997],[-70.59280816999996,-33.44775870999996],[-70.59232227499996,-33.44721823399993],[-70.59172110099996,-33.44648745599994],[-70.59123715499999,-33.44576237599995],[-70.59101503599999,-33.445388098999956],[-70.59079617599997,-33.44505634799998],[-70.59039809899997,-33.444473140999946],[-70.59008051499995,-33.44395967699995],[-70.58954040199995,-33.44312218599998],[-70.58917301699995,-33.442535575999955],[-70.58888642799997,-33.44208685899997],[-70.58877520899995,-33.44191112499993],[-70.58860180599999,-33.44164198599998],[-70.58846027799996,-33.44142763599996],[-70.58838965499996,-33.44130674199994],[-70.58813968199996,-33.44087866999996],[-70.58803931999995,-33.44073074499994],[-70.58791137499998,-33.440535516999944],[-70.58754329799996,-33.43997822999995],[-70.58739590399995,-33.43974422599996],[-70.58718518899997,-33.43942852299995],[-70.58702519499997,-33.43922638699996],[-70.58677060499997,-33.43893246799996],[-70.58584258799993,-33.43788914399994],[-70.58556316099998,-33.43757567199998],[-70.58544300899996,-33.437442267999984],[-70.58524903499995,-33.437225738999985],[-70.58517827499998,-33.43715009599998],[-70.58503424699995,-33.43698647299993],[-70.58494647899994,-33.43688860599997],[-70.58453155399997,-33.43642732699993],[-70.58424221499996,-33.43611080699998],[-70.58415691099998,-33.43601389599996],[-70.58386657199998,-33.43568239099994],[-70.58369489899997,-33.435486537999964],[-70.58320511399995,-33.434931465999966],[-70.58245018499997,-33.434073825999974],[-70.58233361699996,-33.433902503999946],[-70.58226004899996,-33.433795386999975],[-70.58089589399998,-33.434598224999945],[-70.57962304399996,-33.435313452999935],[-70.57866435099999,-33.43581196799994],[-70.57811549999997,-33.43607341099994],[-70.57750017799998,-33.436259518999975],[-70.57680779399993,-33.436403618999975],[-70.57636901999996,-33.436549501999934],[-70.57586058399994,-33.43676212599996],[-70.57504378699997,-33.437108947999945],[-70.57444319399997,-33.437419373999944],[-70.57392879799994,-33.43768074299993],[-70.57352720699998,-33.43790059099996],[-70.57340378099997,-33.43817369799996],[-70.57329314899994,-33.43850915899998],[-70.57312378899996,-33.43921759999995],[-70.57296663199998,-33.44025601499993],[-70.57272117599996,-33.44166932799993],[-70.57253681099996,-33.44272013999995],[-70.57232304799999,-33.443916824999974],[-70.57208503799995,-33.44526121499996],[-70.57184497799994,-33.44661799399995],[-70.57163133199998,-33.447803971999974],[-70.57143537099995,-33.448973646999946],[-70.57127871499995,-33.44996444099996],[-70.57118251299994,-33.45058071099993],[-70.57097631099998,-33.45135428899994],[-70.57086787299994,-33.452079691999984],[-70.57077050399994,-33.452961743999936],[-70.57076363299996,-33.453366323999944],[-70.57096871199997,-33.45424903999998],[-70.57108026499998,-33.454708764999964],[-70.57138380599997,-33.45571283999993],[-70.57154877399995,-33.45630603199993],[-70.57170124699996,-33.45695462699996],[-70.57188245299994,-33.45766804899995],[-70.57228729999997,-33.45888889699995],[-70.57233246199996,-33.45901369199993],[-70.57233916399997,-33.459032211999954],[-70.57239564199995,-33.45918118199995],[-70.57256091899995,-33.45963451899996],[-70.57269460199996,-33.460059961999946],[-70.57314315899998,-33.46099737499998],[-70.57350247399995,-33.46166463099996],[-70.57363296399996,-33.461871919999965],[-70.57378085399995,-33.46213497799994],[-70.57394002099994,-33.46255385899997],[-70.57428312899998,-33.463436111999954],[-70.57437777099994,-33.46369667999994],[-70.57484081599995,-33.46496493199993],[-70.57500678299994,-33.46545412699993],[-70.57517059399999,-33.46596994099997],[-70.57550579799994,-33.46679956199995],[-70.57567173099994,-33.467249537999976],[-70.57578786899995,-33.467568178999954],[-70.57597383799998,-33.46802085199994],[-70.57623525699995,-33.46871141299994],[-70.57634164299998,-33.46901279599996],[-70.57645439999999,-33.46940345599995]]]}},{"type":"Feature","properties":{"CUT_REG":"13","CUT_PROV":"131","CUT_COM":"13121","REGION":"Metropolitana de Santiago","PROVINCIA":"Santiago","COMUNA":"Pedro Aguirre Cerda","SUPERFICIE":8.73},"geometry":{"type":"Polygon","coordinates":[[[-70.69434126399995,-33.499978501999976],[-70.69423765999994,-33.499777105999954],[-70.69404895599996,-33.499410445999956],[-70.69384989299994,-33.499023646999945],[-70.69371249399995,-33.49873204199997],[-70.69354098199994,-33.498370514999976],[-70.69334068999996,-33.497956888999965],[-70.69311710299996,-33.49748034999993],[-70.69291433099994,-33.49704886099994],[-70.69272427699997,-33.49664881299998],[-70.69242275699997,-33.49600870099994],[-70.69212359699998,-33.495379888999935],[-70.69182113099998,-33.494727259999934],[-70.69147099399999,-33.49396612099997],[-70.69127432499994,-33.49353275599998],[-70.69085009099996,-33.49245337199994],[-70.69076924299998,-33.49224975299995],[-70.69026370899996,-33.491118505999964],[-70.68973682799998,-33.48994316799997],[-70.68946713699995,-33.48934126699993],[-70.68913404999995,-33.48846024699998],[-70.68893181999994,-33.487994242999946],[-70.68843938999998,-33.48683131299998],[-70.68810709699994,-33.486054647999936],[-70.68773398499997,-33.48516973399995],[-70.68716110599996,-33.483674322999946],[-70.68677822499996,-33.48272511499994],[-70.68657204599998,-33.482224464999945],[-70.68633396799999,-33.481620454999984],[-70.68625692199998,-33.48141206199995],[-70.68617742899994,-33.48121993799998],[-70.68600000099997,-33.48076999899996],[-70.68576498699997,-33.48014889399997],[-70.68569002199996,-33.479947838999976],[-70.68553337499998,-33.47947220699996],[-70.68551332299995,-33.47920142399994],[-70.68550421799995,-33.47908415399996],[-70.68553665499996,-33.478818383999965],[-70.68558086599995,-33.47857249599997],[-70.68564134199994,-33.47828439199998],[-70.68574829099998,-33.47792598299998],[-70.68579777599996,-33.47771724599994],[-70.68589256099995,-33.477318916999934],[-70.68591153999995,-33.47724039599996],[-70.68600620999996,-33.476953735999984],[-70.68613115599999,-33.476760196999976],[-70.68629299099996,-33.47653084199993],[-70.68632725199996,-33.476476927999954],[-70.68644016099995,-33.476367541999934],[-70.68654141299999,-33.47626775899994],[-70.68642179399995,-33.47622518399993],[-70.68624495199998,-33.47617963099998],[-70.68585118999994,-33.476091931999974],[-70.68540403099996,-33.47602571699997],[-70.68489456799995,-33.47600615999994],[-70.68458373699997,-33.47605476699994],[-70.68381266199998,-33.47628786599995],[-70.68330501599996,-33.47640643099993],[-70.68292626799996,-33.47647671499993],[-70.68070360899998,-33.47651032299996],[-70.68068180699998,-33.476510420999944],[-70.68070176599997,-33.47683980099998],[-70.68081323199993,-33.47840950799997],[-70.67878519299995,-33.478444158999935],[-70.67708985499996,-33.478456379999955],[-70.67533921399996,-33.47848006199996],[-70.67368257599998,-33.47850602799997],[-70.67158579599999,-33.47852001599995],[-70.67158813099996,-33.47686286399994],[-70.67158605699996,-33.47590295899994],[-70.66942266099994,-33.47590511599998],[-70.66832430499994,-33.47589396799998],[-70.66539258599994,-33.47582457899995],[-70.66405672699995,-33.47579762899994],[-70.66184070099996,-33.475818312999934],[-70.66049744799994,-33.475902048999956],[-70.65950116999994,-33.47601755799997],[-70.65805728899994,-33.47616194699998],[-70.65675100399994,-33.47626232399995],[-70.65573974899996,-33.47635912599998],[-70.65492178599999,-33.47643742499997],[-70.65502203699998,-33.47664723699995],[-70.65518776099998,-33.47700722899998],[-70.65534982599996,-33.477354384999956],[-70.65554373199996,-33.47784857399995],[-70.65576381299996,-33.478461239999945],[-70.65589115199998,-33.478778793999936],[-70.65597979099994,-33.47894797499998],[-70.65615668999999,-33.47926629799997],[-70.65661464299995,-33.480079074999935],[-70.65671752199995,-33.48027812999993],[-70.65708929399995,-33.481050538999966],[-70.65735650999994,-33.481625347999966],[-70.65768127799998,-33.48232131399993],[-70.65790233699994,-33.48278960499994],[-70.65838296999993,-33.48380440899996],[-70.65848536699997,-33.484022556999946],[-70.65883430499997,-33.48477546199996],[-70.65899315999997,-33.48511692799997],[-70.65912679399997,-33.48540504599998],[-70.65966682899995,-33.48654670299993],[-70.66048462899994,-33.48829069599998],[-70.66102426899994,-33.48940968399995],[-70.66124999999994,-33.489896992999945],[-70.66185119099998,-33.491180982999936],[-70.66217365399996,-33.49188651099996],[-70.66253128999995,-33.49264405799994],[-70.66280443899996,-33.49322736399995],[-70.66316800899995,-33.49399675999996],[-70.66355100399994,-33.49481361499994],[-70.66365163999996,-33.49501269299998],[-70.66395028299996,-33.495662461999984],[-70.66420586599997,-33.496219752999934],[-70.66460690199995,-33.49708527599995],[-70.66480294599995,-33.49750735999993],[-70.66496632599996,-33.497859493999954],[-70.66530346499997,-33.49858509599994],[-70.66560032199999,-33.499214602999984],[-70.66574880899998,-33.49953233799994],[-70.66596862599994,-33.500005399999964],[-70.66608694099995,-33.50024957299996],[-70.66658999999999,-33.50130999999993],[-70.66696410999998,-33.50211989299993],[-70.66717347499997,-33.50258187899993],[-70.66733251699998,-33.50291473999994],[-70.66769305499997,-33.50365528999998],[-70.66779034899997,-33.50385727199995],[-70.66813299999995,-33.504615240999954],[-70.66835721099994,-33.505075053999974],[-70.66860668299995,-33.505611002999956],[-70.66888932099994,-33.50620943499996],[-70.66916399099995,-33.50680797399997],[-70.66963284899998,-33.507788525999956],[-70.66988914199999,-33.50831954699993],[-70.67011718499998,-33.50880322599994],[-70.67029877299996,-33.50918159199995],[-70.67039501399995,-33.50938740299995],[-70.67057215799997,-33.50977155399994],[-70.67065644099995,-33.50994793899997],[-70.67084067899998,-33.51034535599996],[-70.67102962199993,-33.51075034499996],[-70.67209083599994,-33.51033887799997],[-70.67269573199997,-33.51007845899994],[-70.67330045899996,-33.50980948899996],[-70.67375873399999,-33.509621590999984],[-70.67504174499999,-33.50906126499996],[-70.67545676499998,-33.50888035799994],[-70.67637032999994,-33.50848320699998],[-70.67651463499993,-33.50842353499996],[-70.67666173799995,-33.50837665199998],[-70.67686019499996,-33.50834617499993],[-70.67805626699999,-33.50830282299995],[-70.67826984599998,-33.50826722599993],[-70.67851043299999,-33.508172043999934],[-70.67917865999993,-33.50788935799994],[-70.67984667499996,-33.50759598299993],[-70.68059298699995,-33.50726092599996],[-70.68106378099998,-33.50706214199994],[-70.68150906099999,-33.506863702999965],[-70.68200754099996,-33.506645300999935],[-70.68286797399998,-33.50627447699998],[-70.68307785499996,-33.50617542799995],[-70.68336899799993,-33.50605603499997],[-70.68369577299995,-33.50593188099998],[-70.68395457899999,-33.50585567999997],[-70.68446585499998,-33.505752048999966],[-70.68492130599998,-33.50559967899994],[-70.68618418799997,-33.50516479299995],[-70.68750245199993,-33.50471929699995],[-70.68802452799997,-33.504534751999984],[-70.68896056599993,-33.50421803399996],[-70.68960859699996,-33.50398086299998],[-70.69016863699994,-33.50378082799995],[-70.69076443099993,-33.503582439999946],[-70.69117256899995,-33.50344432999998],[-70.69288080599995,-33.50284808799995],[-70.69415899499995,-33.50240485699993],[-70.69459136199998,-33.502267684999936],[-70.69537842199998,-33.50199686199994],[-70.69533668399998,-33.50191582999997],[-70.69495981199998,-33.501174394999964],[-70.69453301599998,-33.500355259999935],[-70.69448176499998,-33.50025003799993],[-70.69434126399995,-33.499978501999976]]]}},{"type":"Feature","properties":{"CUT_REG":"13","CUT_PROV":"131","CUT_COM":"13122","REGION":"Metropolitana de Santiago","PROVINCIA":"Santiago","COMUNA":"Peñalolén","SUPERFICIE":53.9},"geometry":{"type":"Polygon","coordinates":[[[-70.50599480699998,-33.500091587999975],[-70.50614819899994,-33.500134764999984],[-70.50636665799993,-33.500163904999965],[-70.50639266699994,-33.50016747199993],[-70.50654874899993,-33.500188874999935],[-70.50659800199998,-33.50020683099996],[-70.50664392499993,-33.50022304699996],[-70.50670508299999,-33.50024259399993],[-70.50674718599998,-33.50026201299994],[-70.50678156799995,-33.50028305899997],[-70.50680793199996,-33.50028788299994],[-70.50683518199997,-33.500292867999974],[-70.50685814299999,-33.50029781899997],[-70.50691379099999,-33.50030967599997],[-70.50695003799996,-33.500320690999956],[-70.50699978199998,-33.50033690499998],[-70.50714142599998,-33.50038248299995],[-70.50721033399998,-33.50040202599996],[-70.50726201999998,-33.50041510699998],[-70.50729451399997,-33.500421650999954],[-70.50732704499995,-33.500428202999956],[-70.50737495799996,-33.500434833999975],[-70.50741333399998,-33.50043815499998],[-70.50746689799996,-33.500448054999936],[-70.50749758199998,-33.50045453599995],[-70.50753774499998,-33.50046757399997],[-70.50756519499998,-33.50047974599994],[-70.50766206199995,-33.50052269699995],[-70.50770406099997,-33.50054851999994],[-70.50774223799993,-33.50057123199997],[-70.50777628699996,-33.50059679799995],[-70.50777659399995,-33.50059702799996],[-70.50780230099997,-33.50060961199995],[-70.50781296399998,-33.50061483199994],[-70.50782251999993,-33.500619676999975],[-70.50786074899997,-33.500639096999976],[-70.50789855799997,-33.50065349199997],[-70.50789863799997,-33.50065352599995],[-70.50794484499994,-33.500671575999945],[-70.50799275799994,-33.50068461099994],[-70.50802532899996,-33.50069440499993],[-70.50804439499996,-33.500698015999944],[-70.50804952399994,-33.500698986999964],[-70.50805978199998,-33.50070092999994],[-70.50811530799996,-33.50070918199998],[-70.50816128499997,-33.50071903899993],[-70.50823597299996,-33.50073052999994],[-70.50825296399995,-33.50073452399994],[-70.50826178099999,-33.50073659599997],[-70.50826774799998,-33.50073799799998],[-70.50830111199997,-33.50074371499994],[-70.50833928499998,-33.50075993299998],[-70.50834692999996,-33.50076317799994],[-70.50839619599998,-33.50078876699996],[-70.50839662599998,-33.50078899799996],[-70.50844287699994,-33.50081481299998],[-70.50851230499995,-33.500854955999955],[-70.50856109399996,-33.50088123699993],[-70.50857838299999,-33.50088594399995],[-70.50861657899998,-33.500896342999965],[-70.50865673099997,-33.50090252799998],[-70.50866912899994,-33.50090444499995],[-70.50868292399997,-33.500906577999956],[-70.50871804299999,-33.50090917599994],[-70.50872950799999,-33.50090921699996],[-70.50875254499994,-33.500909296999964],[-70.50879081899996,-33.50091270899998],[-70.50883882999995,-33.50090968899997],[-70.50887521599998,-33.500906630999964],[-70.50894995299996,-33.50089887099995],[-70.50895000199995,-33.50089886599994],[-70.50899803999994,-33.50089422199994],[-70.50913624799995,-33.500862687999984],[-70.50919760199997,-33.500850035999974],[-70.50923985399999,-33.50084699599995],[-70.50930498799994,-33.50085368799995],[-70.50934713799995,-33.50085714199997],[-70.50939119699996,-33.50086210699993],[-70.50946583799998,-33.50088004599996],[-70.50953867199996,-33.500889979999954],[-70.50958657999996,-33.50089340899996],[-70.50965933099997,-33.50090172199998],[-70.50971883499994,-33.50090031999997],[-70.50975323299997,-33.50090368899998],[-70.50979166499997,-33.500903851999965],[-70.50984528099997,-33.50091050299994],[-70.50990659499996,-33.50092039699996],[-70.50995447699995,-33.50092220399995],[-70.51005209899995,-33.50093702099997],[-70.51005746599998,-33.500939090999964],[-70.51009425499996,-33.500953281999955],[-70.51012483599999,-33.500963009999964],[-70.51017842799996,-33.50097768799998],[-70.51024348599998,-33.500992405999966],[-70.51030095499993,-33.501007080999955],[-70.51033538299998,-33.50101527499993],[-70.51038327199996,-33.50103308799993],[-70.51038331099994,-33.50103309999997],[-70.51040381299998,-33.501039237999976],[-70.51045052799998,-33.501053223999975],[-70.51045404099995,-33.501054275999934],[-70.51045825899996,-33.50105535399996],[-70.51051145599996,-33.50106895199997],[-70.51056515099998,-33.501073978999955],[-70.51060347599997,-33.50107414299998],[-70.51066096199997,-33.50107434299997],[-70.51070315899995,-33.501068146999955],[-70.51076456999994,-33.50105874099995],[-70.51080877899994,-33.501050850999945],[-70.51086710599998,-33.50104030999995],[-70.51095886399997,-33.50102119899998],[-70.51111113099995,-33.50104462199994],[-70.51117907699995,-33.501055073999964],[-70.51125103399994,-33.501066142999946],[-70.51125590299995,-33.50106689199998],[-70.51141812699996,-33.50109184699994],[-70.51146605999998,-33.50109365199995],[-70.51149388699997,-33.50109225699998],[-70.51152548299996,-33.501090671999975],[-70.51158113799994,-33.50108764899994],[-70.51161176699998,-33.50109097199993],[-70.51166545899997,-33.501089640999965],[-70.51170125599998,-33.50109106999997],[-70.51170957099998,-33.50109140199993],[-70.51180113699996,-33.50110453399998],[-70.51198103799999,-33.501136878999944],[-70.51204536699998,-33.50113961099993],[-70.51207669799999,-33.50114094199995],[-70.51214340199994,-33.50114499799997],[-70.51229881299997,-33.50118656899997],[-70.51265186899997,-33.50129038899996],[-70.51268417799997,-33.501291256999934],[-70.51275507599996,-33.501296142999934],[-70.51295851599997,-33.50131016299997],[-70.51312828199997,-33.50132474499998],[-70.51315504299998,-33.50133466799997],[-70.51321760999997,-33.50135786799996],[-70.51331574099999,-33.50139425399993],[-70.51383305799999,-33.50155850699997],[-70.51389507699997,-33.50158480399995],[-70.51393608699993,-33.501602340999966],[-70.51395893399996,-33.50162009699994],[-70.51399145599999,-33.50163322699996],[-70.51402801499995,-33.50164630799998],[-70.51408904699997,-33.50165458099997],[-70.51423730899995,-33.50167826599994],[-70.51433396199997,-33.50169370599997],[-70.51437746799996,-33.50170065599997],[-70.51451314199994,-33.50172605299997],[-70.51465300899997,-33.50176041599997],[-70.51480197799998,-33.501776631999974],[-70.51491076899998,-33.501784319999956],[-70.51502452499994,-33.50178743799995],[-70.51507356499997,-33.50178683799993],[-70.51513551199997,-33.50178607999993],[-70.51521982899999,-33.50179857599994],[-70.51530675799995,-33.50180653099994],[-70.51535736399995,-33.501814930999956],[-70.51539948299995,-33.50181892499995],[-70.51543725599998,-33.50182068199996],[-70.51543786499997,-33.50182070999995],[-70.51545886799994,-33.501827153999955],[-70.51547319899998,-33.50183155099995],[-70.51548261999994,-33.50183444099997],[-70.51549249499993,-33.501838077999935],[-70.51552211899997,-33.50184898899994],[-70.51556985599996,-33.50186644199994],[-70.51561774899994,-33.50189291099997],[-70.51576611599995,-33.50199029799995],[-70.51585913399998,-33.50203876099994],[-70.51600105499995,-33.50211368099997],[-70.51611760799994,-33.502160611999955],[-70.51616850299996,-33.50218110499998],[-70.51616854299994,-33.50218112099998],[-70.51621740899998,-33.50220114599995],[-70.51621819399998,-33.50220146799995],[-70.51623762699995,-33.50220943199997],[-70.51625884199996,-33.50223078899995],[-70.51625936499994,-33.50223130399996],[-70.51626411499996,-33.50223597199994],[-70.51687225999996,-33.50283340899995],[-70.51691844099997,-33.50287877699998],[-70.51707514799995,-33.50303272499997],[-70.51741532199998,-33.503366909999954],[-70.51741591999996,-33.503367365999964],[-70.51743643799995,-33.50338302199998],[-70.51753532599997,-33.503458473999956],[-70.51762682299994,-33.50352991799997],[-70.51770707899993,-33.50359258399993],[-70.51773338299995,-33.50361312299998],[-70.51779212699995,-33.50365899099995],[-70.51788809999994,-33.503733928999964],[-70.51794918199994,-33.50377120599995],[-70.51794954999997,-33.50377143099996],[-70.51808157499994,-33.503852001999974],[-70.51810267399998,-33.503864878999934],[-70.51810684599997,-33.50386752899993],[-70.51812204499998,-33.50387718299993],[-70.51813877999996,-33.50388781299995],[-70.51823766599995,-33.50395062699994],[-70.51823942399994,-33.50395174299996],[-70.51824373399995,-33.50395447999995],[-70.51824859099997,-33.50395756499995],[-70.51854192999997,-33.504199374999985],[-70.51859910799993,-33.504246508999984],[-70.51862631799997,-33.50426893899993],[-70.51862659099999,-33.50426892399997],[-70.51866139699996,-33.50429775599997],[-70.51867239899997,-33.50430686999994],[-70.51868585699998,-33.50431801899998],[-70.51869924099998,-33.50432910599994],[-70.51872595299994,-33.504351233999955],[-70.51872713699998,-33.50435221499998],[-70.51877358499996,-33.50439069199996],[-70.51877832999998,-33.50439462199995],[-70.51885073199998,-33.50444549799994],[-70.51898961599994,-33.50454309099996],[-70.51919418599994,-33.50468683999998],[-70.51946591799998,-33.50487778299998],[-70.51950530999994,-33.50490546399993],[-70.51950674999995,-33.504906475999974],[-70.51950818999995,-33.50490748799996],[-70.51972084799996,-33.50505691899997],[-70.51976502699995,-33.50508796299994],[-70.52030663099998,-33.50542799799996],[-70.52182741499996,-33.50636010899996],[-70.52321777399999,-33.507212239999944],[-70.52357775199994,-33.50743286599993],[-70.52423434999997,-33.50761859199997],[-70.52428464599996,-33.507632817999934],[-70.52481610099994,-33.50778314599995],[-70.52767312199995,-33.50809212499996],[-70.52815264199995,-33.50826066099995],[-70.53083332799997,-33.509202836999975],[-70.53335410399995,-33.51008872299997],[-70.53414233099994,-33.51034130199997],[-70.53612167399996,-33.51085652499995],[-70.53753650199997,-33.51118210599998],[-70.53855962199998,-33.511694345999956],[-70.54026103699994,-33.51207291999998],[-70.54175285299993,-33.51240104699997],[-70.54269522499999,-33.51249408499996],[-70.54335426899996,-33.512434162999966],[-70.54378440599999,-33.51242725599997],[-70.54443947399994,-33.512452303999964],[-70.54491872999995,-33.51249213999995],[-70.54551882199996,-33.512503263999974],[-70.54622403999997,-33.51246726099998],[-70.54709148099994,-33.51238660499996],[-70.54845435499993,-33.51231784399994],[-70.54973621899995,-33.51225713399998],[-70.55073376599995,-33.51221205999997],[-70.55293583299994,-33.512123505999966],[-70.55459401999997,-33.512050614999964],[-70.55684336599995,-33.51194757799993],[-70.55769990199997,-33.51188498999994],[-70.55902788799995,-33.51178845299995],[-70.55960410999995,-33.511732741999936],[-70.56032431399996,-33.511612000999946],[-70.56170635099994,-33.51147369299997],[-70.56206557699994,-33.51144954499995],[-70.56410550599998,-33.511373927999955],[-70.56460026899998,-33.51139365699993],[-70.56479696999997,-33.51144039199994],[-70.56556856199995,-33.51158125699993],[-70.56598279799994,-33.51160999699994],[-70.56623295699995,-33.511612524999975],[-70.56752190999998,-33.51154609499997],[-70.56791040699994,-33.51152984899994],[-70.56818830499998,-33.51153456999998],[-70.56875837699994,-33.51155580899996],[-70.56909753299993,-33.51152703599996],[-70.56987598199999,-33.51145885799997],[-70.57065005599998,-33.511380042999974],[-70.57101255299995,-33.51134313199998],[-70.57190998099998,-33.51126274699993],[-70.57294466599996,-33.511163703999955],[-70.57413474199996,-33.511031301999935],[-70.57487678299998,-33.510929044999955],[-70.57573405499994,-33.51079915099996],[-70.57720434499998,-33.51068656799998],[-70.57825122499997,-33.51061558999993],[-70.57995357999994,-33.51051291199997],[-70.58064389099997,-33.510458935999964],[-70.58088819399995,-33.510445413999946],[-70.58230932399994,-33.51038162799995],[-70.58314675999998,-33.510331184999984],[-70.58497739499995,-33.510212783999975],[-70.58546797499997,-33.51017950599993],[-70.58645759099994,-33.51011176999998],[-70.58784377799998,-33.51003902499997],[-70.58854408699995,-33.51017320999995],[-70.58895277899995,-33.51032604599993],[-70.58932839799996,-33.51042263499994],[-70.58989794599995,-33.51041532599993],[-70.59021366599995,-33.51035161999994],[-70.59007832899994,-33.50930072999995],[-70.58995011099995,-33.508594838999954],[-70.58981869299998,-33.50787782899994],[-70.58959290999996,-33.506489844999976],[-70.58944638399998,-33.50574379999995],[-70.58923287899995,-33.504997540999966],[-70.58885471399998,-33.50413293899993],[-70.58833385399998,-33.502927700999976],[-70.58816572799998,-33.502531088999945],[-70.58799240099995,-33.50211916999996],[-70.58718701299995,-33.50021960799995],[-70.58703777199997,-33.49994719299997],[-70.58682745199997,-33.499575393999976],[-70.58669367399995,-33.49935762699994],[-70.58605029599994,-33.49834851399993],[-70.58583549999997,-33.49800193999994],[-70.58562616699999,-33.49767410199996],[-70.58533229799997,-33.49721778999998],[-70.58487725099997,-33.49648924199994],[-70.58456100199999,-33.49598105999996],[-70.58425976499996,-33.49550270499998],[-70.58383343699995,-33.494827003999944],[-70.58304911899995,-33.49357139799997],[-70.58262237499997,-33.49288780499995],[-70.58214390999996,-33.49212605499997],[-70.58141673599994,-33.490975694999975],[-70.58094860799997,-33.49013221799993],[-70.58061033799999,-33.48921242799997],[-70.58045880699996,-33.488518118999934],[-70.58027627799999,-33.487504781999974],[-70.57990756899994,-33.48568977599996],[-70.57974650599994,-33.484904995999955],[-70.57936586299996,-33.483133245999966],[-70.57897266999998,-33.48134619399997],[-70.57854841099999,-33.47945216299996],[-70.57804834299998,-33.47693753799996],[-70.57774000199998,-33.475431682999954],[-70.57748838199996,-33.47425131999995],[-70.57714734699994,-33.47267170799995],[-70.57645439999999,-33.46940345599995],[-70.57634164299998,-33.46901279599996],[-70.57623525699995,-33.46871141299994],[-70.57597383799998,-33.46802085199994],[-70.57578786899995,-33.467568178999954],[-70.57567173099994,-33.467249537999976],[-70.57550579799994,-33.46679956199995],[-70.57517059399999,-33.46596994099997],[-70.57500678299994,-33.46545412699993],[-70.57484081599995,-33.46496493199993],[-70.57437777099994,-33.46369667999994],[-70.57428312899998,-33.463436111999954],[-70.57394002099994,-33.46255385899997],[-70.57378085399995,-33.46213497799994],[-70.57363296399996,-33.461871919999965],[-70.57350247399995,-33.46166463099996],[-70.57314315899998,-33.46099737499998],[-70.57269460199996,-33.460059961999946],[-70.57256091899995,-33.45963451899996],[-70.57239564199995,-33.45918118199995],[-70.57233916399997,-33.459032211999954],[-70.57233246199996,-33.45901369199993],[-70.57172695099996,-33.45919739399994],[-70.57147881299994,-33.45927643199997],[-70.57089894499995,-33.459473566999975],[-70.57035944399996,-33.45965794299997],[-70.56925436999995,-33.46009099099996],[-70.56867471899994,-33.46031746799997],[-70.56813825999996,-33.46051690199994],[-70.56753308399993,-33.46073612799995],[-70.56640862299997,-33.46112831599993],[-70.56550297099994,-33.46144209899995],[-70.56445865999996,-33.46181419599998],[-70.56337401799993,-33.46217400799998],[-70.56282676299998,-33.462355625999976],[-70.56252632599995,-33.462455337999984],[-70.56229670199997,-33.46251145399998],[-70.56208668299996,-33.462545586999966],[-70.56204953799994,-33.46254704399996],[-70.56192500399999,-33.46255192899997],[-70.56047817999996,-33.46256795499994],[-70.55975168299994,-33.462571545999936],[-70.55862449199998,-33.462579724999955],[-70.55804948999997,-33.46258493199997],[-70.55767945299993,-33.46258745099993],[-70.55735834299998,-33.46258963699995],[-70.55703517299997,-33.462591155999974],[-70.55634837799994,-33.46259354099993],[-70.55569596199996,-33.46259935399996],[-70.55549678299997,-33.462600607999946],[-70.55485226899998,-33.46260461999998],[-70.55455392299996,-33.462606395999956],[-70.55378428799997,-33.46261096699993],[-70.55349276599998,-33.462613559999966],[-70.55334476399997,-33.462615325999934],[-70.55288822299997,-33.46262077099993],[-70.55251023999995,-33.46262546799994],[-70.55207989099995,-33.462630857999955],[-70.55176794399995,-33.46263476299998],[-70.55165065899996,-33.46263672999993],[-70.55154484899998,-33.46263892199994],[-70.55142189899993,-33.46264146899995],[-70.55113275899998,-33.462647457999935],[-70.55101000099995,-33.46264999999994],[-70.55098275399996,-33.462654301999976],[-70.55055267599994,-33.462731788999974],[-70.54798954899996,-33.46316801099994],[-70.54524999999995,-33.46352000099995],[-70.54482377399995,-33.463582549999956],[-70.54438851399993,-33.46364680999994],[-70.54423254099999,-33.46364875399996],[-70.54413340899998,-33.46364201499995],[-70.54399926899998,-33.463615586999936],[-70.54379174299999,-33.463539958999945],[-70.54336370599998,-33.46334888299998],[-70.54250506799997,-33.46296589899998],[-70.54245993399996,-33.46294577799995],[-70.54231880799995,-33.462907807999954],[-70.54220844499997,-33.46288452099998],[-70.54203203399999,-33.46286449399997],[-70.54178999999993,-33.46286999999995],[-70.54146227699994,-33.462875991999965],[-70.54009219999995,-33.46299595199997],[-70.53936038999996,-33.46319767299997],[-70.53884472199996,-33.463344054999936],[-70.53844371999998,-33.46346080199993],[-70.53732436199994,-33.46378114799995],[-70.53675078899994,-33.46394877299997],[-70.53646901199994,-33.46402786099998],[-70.53595761499997,-33.46417252499998],[-70.53581369699998,-33.464222133999954],[-70.53566758299996,-33.46424915499995],[-70.53438713899999,-33.46461857899993],[-70.53342157099996,-33.46488260999996],[-70.53137882299995,-33.465471295999976],[-70.53097010099998,-33.46465909699998],[-70.53085642599996,-33.46443320199995],[-70.53075648499998,-33.46412311499995],[-70.53072512899996,-33.463916482999934],[-70.53061779699993,-33.462438040999984],[-70.53056477999996,-33.46217777099997],[-70.53026168499997,-33.46112444199997],[-70.52988646099993,-33.459820768999975],[-70.52965226999999,-33.45923917399995],[-70.52956417599995,-33.45919438499993],[-70.52933890199995,-33.45917937199994],[-70.52233895399996,-33.45957268099994],[-70.52194485299998,-33.45960008999998],[-70.52162544599997,-33.45962447299996],[-70.52135738699997,-33.45963062699997],[-70.52111185299998,-33.459655114999975],[-70.52097217999994,-33.45970223499995],[-70.52084035799999,-33.459762885999965],[-70.51823680799998,-33.459829697999965],[-70.50024814899996,-33.46028982099995],[-70.48638828199995,-33.460611419999964],[-70.48628091099994,-33.46136306599993],[-70.48656243099998,-33.46243807899998],[-70.48625464599996,-33.463250561999985],[-70.48471651199998,-33.46377551799998],[-70.48439401599995,-33.46388558099994],[-70.48355347699999,-33.46444369499994],[-70.48326900299998,-33.46463258099993],[-70.48235767799997,-33.46523767699995],[-70.48176274999997,-33.465632684999946],[-70.48075595899996,-33.46652895099993],[-70.48006979099995,-33.467139792999944],[-70.47911379499993,-33.46806619499995],[-70.47767189699994,-33.469259819999934],[-70.47749926599994,-33.46946627099993],[-70.47618145599995,-33.47104221999996],[-70.47591824499995,-33.471359647999975],[-70.47478158299998,-33.472730411999976],[-70.47466254899996,-33.47287395899997],[-70.47368089699995,-33.47365843699998],[-70.47347951499995,-33.473819366999976],[-70.47278418399998,-33.47453073099996],[-70.47270984899995,-33.47458328199997],[-70.47208336399996,-33.47502617099997],[-70.47205906899995,-33.47504430099997],[-70.47170790999996,-33.47530635499993],[-70.47149999399994,-33.475389994999944],[-70.47131019099999,-33.47535090399998],[-70.47097958699999,-33.47525679399996],[-70.47075909799997,-33.47518894799998],[-70.47070801899997,-33.47519207499994],[-70.47044868499995,-33.47520794899998],[-70.46951067099997,-33.47521064799997],[-70.46845929999995,-33.47519238399997],[-70.46717129099994,-33.47527421399997],[-70.46646617099998,-33.47528255999998],[-70.46559500699993,-33.47529286499997],[-70.46540932799996,-33.47531290999996],[-70.46399686599995,-33.475465388999964],[-70.46363648799996,-33.475521982999965],[-70.46300951199999,-33.47562043999994],[-70.46277273399994,-33.47566826999997],[-70.46198635799993,-33.47582711699994],[-70.46188615699998,-33.47586995499995],[-70.46163492199997,-33.47597736299997],[-70.46117333399997,-33.476174698999955],[-70.46081003099994,-33.47635086599996],[-70.45996101299994,-33.47676255199997],[-70.45927257099999,-33.47725204499994],[-70.45864779299995,-33.47789441799995],[-70.45836758699994,-33.47808430899994],[-70.45814022899998,-33.47823838499994],[-70.45766657499996,-33.47841807499998],[-70.45672080599996,-33.47886961199998],[-70.45655027799995,-33.47901956499993],[-70.45621999599996,-33.479309995999984],[-70.45529856199994,-33.480064177999964],[-70.45529259999995,-33.480067435999956],[-70.45328543599999,-33.48116434299993],[-70.45237398999996,-33.48194978599997],[-70.45184099199997,-33.482409090999965],[-70.44966843099996,-33.48342834399995],[-70.44876218899998,-33.483853505999946],[-70.44872985299997,-33.483869822999964],[-70.44738063299997,-33.48455063199998],[-70.44722365199993,-33.48462984199995],[-70.44511653899997,-33.48490722099996],[-70.44469575199997,-33.48494834999997],[-70.44346269699997,-33.48506886499996],[-70.44343849799998,-33.48507122999996],[-70.44227431999997,-33.48526485299993],[-70.44157427299996,-33.48538127799998],[-70.44075999999995,-33.485516693999955],[-70.44019901299998,-33.48560998399995],[-70.44000679299995,-33.485671095999976],[-70.43936457099994,-33.485875274999955],[-70.43913794699995,-33.48594732299995],[-70.43896163599999,-33.48596170999997],[-70.43890682699998,-33.48596618199997],[-70.43889212699997,-33.485967381999956],[-70.43888205099995,-33.48596820399996],[-70.43887850499993,-33.48596849299997],[-70.43887540999998,-33.48596874599997],[-70.43887466699994,-33.48596880699995],[-70.43886025399996,-33.48596998399995],[-70.43886015599998,-33.48596999199998],[-70.43886010099999,-33.48596999599994],[-70.43885999999998,-33.48597000099994],[-70.43886074999995,-33.48597357799997],[-70.43893934099998,-33.48610583599998],[-70.43898194799993,-33.48628922199998],[-70.43894759799997,-33.486536987999955],[-70.43881975699998,-33.487063897999974],[-70.43861373799996,-33.487360904999946],[-70.43842024899993,-33.48773061199995],[-70.43820270999998,-33.488303676999976],[-70.43810748599998,-33.488692872999934],[-70.43805931299994,-33.48924368499996],[-70.43784774899996,-33.490065260999984],[-70.43756912699996,-33.49073035899994],[-70.43717187699997,-33.491282757999954],[-70.43710729499998,-33.49174771099996],[-70.43699287899994,-33.49211232799996],[-70.43754680499995,-33.49217807599996],[-70.43800518099994,-33.49222154199998],[-70.43834544199996,-33.49213168999995],[-70.43876257999995,-33.49204094499993],[-70.43929977899995,-33.491977437999935],[-70.43982879099997,-33.491935498999965],[-70.44001695199995,-33.49194762899998],[-70.44012870899996,-33.491989280999974],[-70.44016311399997,-33.49200319799996],[-70.44026597299995,-33.492023476999975],[-70.44049696299999,-33.49204226699993],[-70.44057407799994,-33.49205568799994],[-70.44077944199995,-33.492074774999935],[-70.44098480599996,-33.49209386199993],[-70.44115564599997,-33.49209187499997],[-70.44132695999997,-33.49211851599995],[-70.44172938399998,-33.49217110199993],[-70.44200391499999,-33.49223949199995],[-70.44214141799995,-33.49228800099996],[-70.44252580899996,-33.49228352599994],[-70.44285918499997,-33.49229396099997],[-70.44303014399998,-33.49229912799996],[-70.44331262499998,-33.49233162999997],[-70.44358822599997,-33.492464429999984],[-70.44391638799993,-33.492675359999964],[-70.44408865499997,-33.492759253999964],[-70.44424348199993,-33.49282187599994],[-70.44434669999998,-33.49286362299995],[-70.44457888099998,-33.49295397599997],[-70.44481900999995,-33.49300844399994],[-70.44505818899995,-33.49300565499993],[-70.44521242199994,-33.49303248899997],[-70.44528147199998,-33.49307463499997],[-70.44534221799995,-33.49313119399994],[-70.44545457399994,-33.493208625999955],[-70.44551496299994,-33.49324371399996],[-70.44565270799995,-33.49330653299995],[-70.44592807799995,-33.49342501399997],[-70.44611790899995,-33.49353733399994],[-70.44617817999995,-33.49356526399998],[-70.44629907899997,-33.49364259599997],[-70.44646256999994,-33.49371227199998],[-70.44657480799998,-33.49378254599998],[-70.44677270599993,-33.49386613699994],[-70.44694414499997,-33.49389992699997],[-70.44730362999996,-33.49393867899994],[-70.44752608399995,-33.49395755599994],[-70.44769811799995,-33.49402712999995],[-70.44783622299997,-33.49411141799993],[-70.44800031199998,-33.49421687699993],[-70.44821636899997,-33.49436467999993],[-70.44856401799996,-33.49471853899996],[-70.44862512499998,-33.49479656699998],[-70.44876335099997,-33.494888010999944],[-70.44883264299995,-33.49494446899996],[-70.44935407799994,-33.49495984499998],[-70.44945682399998,-33.494972959999984],[-70.44961118099997,-33.49500694599993],[-70.44976565699994,-33.495048088999965],[-70.44987801899998,-33.49512551699996],[-70.45002466999995,-33.495209702999944],[-70.45009396299997,-33.49526615899998],[-70.45026707599999,-33.49540014399997],[-70.45062895699994,-33.495582026999955],[-70.45063821499997,-33.49562486999997],[-70.45074287199998,-33.495752495999966],[-70.45090601199996,-33.49580069499996],[-70.45097470899998,-33.49582136599997],[-70.45110284399993,-33.49581986499993],[-70.45130774099994,-33.49581030699994],[-70.45153814499997,-33.49579328999994],[-70.45171633899997,-33.49571961799995],[-70.45183449799998,-33.49563233199996],[-70.45203867699996,-33.49557982899995],[-70.45223514999998,-33.49557752599998],[-70.45245772799996,-33.49560355099993],[-70.45267176399994,-33.495629674999975],[-70.45284296899996,-33.49564914299998],[-70.45313340799999,-33.49564573699996],[-70.45342336799996,-33.49561370199996],[-70.45360263699996,-33.495604439999966],[-70.45376493999999,-33.49560253499993],[-70.45391870199995,-33.49560073099997],[-70.45417520999996,-33.495612036999944],[-70.45433787299999,-33.495631602999936],[-70.45457705799998,-33.49562879499996],[-70.45473057999999,-33.49561267599995],[-70.45485787599995,-33.49556107199993],[-70.45501934099997,-33.495509065999954],[-70.45516444099997,-33.49550020399994],[-70.45544835799996,-33.49546351099997],[-70.45572177799994,-33.49524243299993],[-70.45581153699999,-33.49516024899998],[-70.45589062599998,-33.49512114199996],[-70.45603869199994,-33.495119400999954],[-70.45615266799996,-33.49512283399997],[-70.45626672499998,-33.495131037999954],[-70.45633546199997,-33.49515409199995],[-70.45640411999995,-33.495172373999935],[-70.45650093199998,-33.495171235999976],[-70.45662052299997,-33.49516982999995],[-70.45677396399998,-33.495148935999964],[-70.45686396299993,-33.495081065999955],[-70.45708334299997,-33.494916226999976],[-70.45756436299996,-33.49472922199993],[-70.45775670699999,-33.49465060199998],[-70.45791464199993,-33.494558068999936],[-70.45813995299994,-33.494407475999935],[-70.45824133899998,-33.49433947099993],[-70.45836076999996,-33.494328519999954],[-70.45845758099995,-33.49432738099995],[-70.45853746799997,-33.494335984999964],[-70.45862866399995,-33.494339682999964],[-70.45870831099995,-33.49433397299998],[-70.45881515099995,-33.49425158599996],[-70.45884851899996,-33.494203469999945],[-70.45889375699994,-33.49418384799998],[-70.45901856199998,-33.49415374499995],[-70.45916662599996,-33.494152000999975],[-70.45942994599994,-33.49423002899994],[-70.45960656299997,-33.49423271999996],[-70.45983996899997,-33.49422519799998],[-70.46006102299998,-33.49416055299997],[-70.46021285899997,-33.49404422799995],[-70.46042645499995,-33.493874679999976],[-70.46051612899998,-33.49378772099993],[-70.46064574599995,-33.49370506399998],[-70.46106426999995,-33.49352832599993],[-70.46153244099997,-33.49325555499996],[-70.46216310799997,-33.49282337899996],[-70.46263062999998,-33.492512432999945],[-70.46298088899994,-33.49234126699997],[-70.46325423099995,-33.49233803899995],[-70.46352187899998,-33.49233487799995],[-70.46377260299994,-33.49234145999998],[-70.46385850399997,-33.49236907899996],[-70.46393341799995,-33.49242068899997],[-70.46407153499996,-33.49250495899997],[-70.46416313099996,-33.49253250999993],[-70.46426611699997,-33.492559926999945],[-70.46438000999996,-33.49255858099997],[-70.46455614199994,-33.492532636999954],[-70.46467484499993,-33.49247873899998],[-70.46474831299997,-33.49244446399996],[-70.46483333099997,-33.49241959699998],[-70.46498106999996,-33.49239876099995],[-70.46506023199998,-33.492364418999955],[-70.46533725899997,-33.49224183499996],[-70.46560923399994,-33.492157488999965],[-70.46571743199996,-33.49215620899997],[-70.46577421699993,-33.49214599299995],[-70.46588241499995,-33.49214471299996],[-70.46592227699995,-33.49214424099995],[-70.46605902799996,-33.49214739499996],[-70.46613939599996,-33.49218462299996],[-70.46623163599997,-33.49225034299997],[-70.46628312899998,-33.49226405099995],[-70.46635154499995,-33.49226801299994],[-70.46643704499996,-33.49227177399996],[-70.46657371599997,-33.49227015599996],[-70.46661357799996,-33.49226968399995],[-70.46675032899998,-33.49227283699997],[-70.46679019199996,-33.49227236599995],[-70.46685852699994,-33.492271555999935],[-70.46695549599997,-33.49227995299998],[-70.46708703599995,-33.49231180099997],[-70.46715040099997,-33.492354001999956],[-70.46731683299998,-33.49242838799995],[-70.46773578399996,-33.49295314999995],[-70.46814270599998,-33.49343987499998],[-70.46846437299996,-33.49393715399998],[-70.46884650999993,-33.49430486299997],[-70.46932000799995,-33.49468580399997],[-70.46960276099998,-33.49490197599994],[-70.46970671799994,-33.49498664399994],[-70.46977089299997,-33.49507655599996],[-70.46989217699996,-33.49517533599993],[-70.47000086299994,-33.49520267999998],[-70.47010906399998,-33.49520139599997],[-70.47019416299997,-33.49518129699993],[-70.47025632199995,-33.49515192499996],[-70.47034671299997,-33.49510790199997],[-70.47037991299999,-33.495050239999955],[-70.47041880899997,-33.494992510999964],[-70.47049187299996,-33.494934376999936],[-70.47058755499995,-33.494866428999956],[-70.47071211399998,-33.49482199899995],[-70.47079143699995,-33.49479719599998],[-70.47088093999997,-33.494700687999966],[-70.47106773699994,-33.494631657999946],[-70.47122756999994,-33.49459166599996],[-70.47148216299996,-33.494550379999964],[-70.47157889299996,-33.49454445799995],[-70.47165300599994,-33.494548349999945],[-70.47177877499996,-33.49457548999993],[-70.47189941399995,-33.494636096999955],[-70.47190030299998,-33.494688580999934],[-70.47194201099995,-33.494825171999935],[-70.47196177299998,-33.49495509899998],[-70.47214642899996,-33.495096073999946],[-70.47228528399995,-33.49522327599993],[-70.47243456099994,-33.49529308599995],[-70.47261182699998,-33.49533392999996],[-70.47275476299995,-33.49536563699996],[-70.47282261499998,-33.49533619599998],[-70.47286696199996,-33.495264084999974],[-70.47288844799994,-33.49518747199994],[-70.47289260699995,-33.49509674899997],[-70.47290864099995,-33.495034518999944],[-70.47296429599999,-33.49495750099993],[-70.47309951599993,-33.49486999199996],[-70.47319022799996,-33.49484505199996],[-70.47323009199994,-33.49484457799997],[-70.47333308299994,-33.494871986999954],[-70.47336228399996,-33.49491458999995],[-70.47342589599998,-33.494971100999976],[-70.47347763499994,-33.49499911899994],[-70.47359185299996,-33.495016849999956],[-70.47386560699994,-33.49503745499993],[-70.47400236299995,-33.49504059999998],[-70.47413342399994,-33.49504381299994],[-70.47423039699999,-33.49505220399993],[-70.47431012399994,-33.495051254999964],[-70.47445818799997,-33.495049492999954],[-70.47466344299994,-33.49506136699995],[-70.47484591899996,-33.49507351099993],[-70.47501684299993,-33.495076248999965],[-70.47538732699996,-33.49509092599993],[-70.47564391599997,-33.49510695999993],[-70.47583192499997,-33.49510949199998],[-70.47619126299998,-33.49513861699995],[-70.47641929699995,-33.495150216999946],[-70.47656207199998,-33.49517237699996],[-70.47668776199998,-33.49519473999993],[-70.47681393899995,-33.495245730999955],[-70.47687739199995,-33.49529269799996],[-70.47697509499994,-33.49534402799998],[-70.47705026099999,-33.49540994399996],[-70.47707385099994,-33.49545738499995],[-70.47709881799994,-33.495585938999966],[-70.47706521699996,-33.49561974599993],[-70.47696335799998,-33.49565913899994],[-70.47680980299998,-33.49576797299994],[-70.47684999999996,-33.49579999899993],[-70.47698562899996,-33.49596429999997],[-70.47702687099996,-33.496044936999965],[-70.47708584499998,-33.49616354099993],[-70.47717882699999,-33.49627219499996],[-70.47726033799995,-33.49637621299996],[-70.47753123899997,-33.496563873999946],[-70.47765709299995,-33.49659577899996],[-70.47782248799996,-33.49660812299993],[-70.47793109599996,-33.49663068899997],[-70.47804564199998,-33.496667499999944],[-70.47816612699995,-33.49671855799994],[-70.47831500499996,-33.49676450399994],[-70.47841775599994,-33.49677759499997],[-70.47862870999995,-33.49678939399996],[-70.47867434999995,-33.496793621999984],[-70.47901923699999,-33.49677577899996],[-70.47924456899995,-33.49682976499997],[-70.47946219199997,-33.49689875099995],[-70.47949099199997,-33.49691749599998],[-70.47966191899997,-33.496920226999976],[-70.47978175599997,-33.496933111999965],[-70.47989020199998,-33.496946133999984],[-70.48007845799998,-33.496962973999985],[-70.48014191399994,-33.49700993799996],[-70.48021171499994,-33.49709500599994],[-70.48026410599994,-33.497161191999965],[-70.48028769799998,-33.49720863299996],[-70.48038572999997,-33.49727904499997],[-70.48044316599999,-33.49730699299994],[-70.48056389699997,-33.497372361999965],[-70.48061325799995,-33.49742210699998],[-70.48065768099997,-33.49743911699994],[-70.48071521499998,-33.497489608999956],[-70.48074165299994,-33.49752509599995],[-70.48081885899995,-33.49762779599996],[-70.48085413199993,-33.497676343999956],[-70.48090647299995,-33.49771309399995],[-70.48106300499995,-33.49791520799994],[-70.48109286099998,-33.497995979999985],[-70.48116827699994,-33.49807620699994],[-70.48120895499994,-33.49812344399993],[-70.48128372099995,-33.49816549999997],[-70.48145643899994,-33.498273196999946],[-70.48149117799994,-33.49830618799996],[-70.48154348999998,-33.49836760199997],[-70.48160084599994,-33.49839077799993],[-70.48170761499995,-33.49848419299997],[-70.48172764299994,-33.498550954999985],[-70.48175768599998,-33.49859101199996],[-70.48179169499997,-33.49862736199998],[-70.48179403399996,-33.498628277999956],[-70.48184295799996,-33.49863779299994],[-70.48187842699997,-33.49864728899996],[-70.48191182999994,-33.49864923499996],[-70.48194735599998,-33.49864944099994],[-70.48199181599995,-33.49864963099998],[-70.48203176199996,-33.49866286099996],[-70.48206352299997,-33.49867582799993],[-70.48210122699999,-33.49869647999998],[-70.48213675899996,-33.49870967299995],[-70.48218318999994,-33.49874338799998],[-70.48221651299997,-33.49876589599995],[-70.48225640199996,-33.49878841599997],[-70.48231621399998,-33.498824043999946],[-70.48237371999994,-33.49886339799997],[-70.48242028999994,-33.498898914999984],[-70.48250674299999,-33.49894396499997],[-70.48254432699997,-33.49897020999998],[-70.48258645199996,-33.49900388499998],[-70.48262189699994,-33.49902456399997],[-70.48267055599996,-33.49905635799996],[-70.48271482199993,-33.49909568999993],[-70.48275244599995,-33.49913681499993],[-70.48278337499994,-33.49917044399996],[-70.48282088999997,-33.49921156999994],[-70.48285402399995,-33.49925455299996],[-70.48288935399995,-33.49929372099996],[-70.48292690199997,-33.49933673999993],[-70.48298735499998,-33.49939734199995],[-70.48303808699995,-33.49944967299996],[-70.48308021299994,-33.499483348999945],[-70.48313992499999,-33.499532054999975],[-70.48320185299997,-33.49958443199995],[-70.48326838999998,-33.49962935899998],[-70.48332144099999,-33.49967246399996],[-70.48332153399997,-33.49967254599994],[-70.48337455299998,-33.49971917499994],[-70.48349702599995,-33.49978424999995],[-70.48358295099996,-33.49982625299998],[-70.48365828499993,-33.49986936099998],[-70.48385111199997,-33.50000279499994],[-70.48392481699995,-33.50001551899993],[-70.48397916399995,-33.50002918399997],[-70.48403615599995,-33.50003088799997],[-70.48409896399994,-33.50003967999993],[-70.48417381499996,-33.500086505999946],[-70.48420294199997,-33.50012433499995],[-70.48423499799998,-33.50016690199993],[-70.48428393599994,-33.50019733499994],[-70.48432725999999,-33.500232607999976],[-70.48436505199999,-33.50027749199995],[-70.48438319599995,-33.50033931399997],[-70.48438954299996,-33.500377415999935],[-70.48442729399994,-33.50041991399996],[-70.48442542399994,-33.500477203999935],[-70.48441806199997,-33.50054648999998],[-70.48439662599998,-33.50062548999995],[-70.48439487799993,-33.50068993599996],[-70.48440997099993,-33.50073986399997],[-70.48444235299996,-33.50080151599997],[-70.48447221399994,-33.50088228699997],[-70.48451309799998,-33.50094144999997],[-70.48457631499997,-33.50097409899996],[-70.48465071799995,-33.50099468199994],[-70.48484150599995,-33.50099239599996],[-70.48490150799995,-33.50100360699997],[-70.48495626399995,-33.50104112899993],[-70.48498848399998,-33.50109323799995],[-70.48502647999999,-33.50115004999998],[-70.48508444999999,-33.50120900799993],[-70.48512232499996,-33.50125866299993],[-70.48516699399994,-33.50137266199994],[-70.48524705299997,-33.50139079099995],[-70.48532719299993,-33.50141369199997],[-70.48538162299997,-33.501432127999976],[-70.48540171899998,-33.50144143199998],[-70.48543910399997,-33.50146245899998],[-70.48547554699996,-33.50149756999997],[-70.48554229999996,-33.50151224599995],[-70.48563459299999,-33.501508043999934],[-70.48572495899998,-33.50149922199995],[-70.48577279299997,-33.50148781499996],[-70.48585368599998,-33.50146517799993],[-70.48589943599995,-33.50143986799998],[-70.48600096199993,-33.501435554999944],[-70.48607874399994,-33.50144700199996],[-70.48614723799994,-33.50145546599998],[-70.48625251099998,-33.50145420299998],[-70.48635928799996,-33.50143280299994],[-70.48643838699996,-33.50141328299998],[-70.48648622099995,-33.50140187599993],[-70.48652671999997,-33.501393650999944],[-70.48660254899994,-33.50139893199997],[-70.48667478999994,-33.501410445999966],[-70.48674716299996,-33.501429695999946],[-70.48681555099995,-33.50143197099993],[-70.48688388599999,-33.50143114999997],[-70.48697802499998,-33.501426924999976],[-70.48705728299996,-33.50141668799995],[-70.48717445299997,-33.50135492499993],[-70.48727323199995,-33.50129802499998],[-70.48734839899998,-33.50126462199995],[-70.48742530699997,-33.50122500899994],[-70.48747517299995,-33.50122440999996],[-70.48759561799994,-33.501246177999974],[-70.48763836199998,-33.50126114099993],[-70.48774097399996,-33.50132026499995],[-70.48776382499994,-33.50136022899994],[-70.48780335099997,-33.50140308699997],[-70.48789498699995,-33.50146853399997],[-70.48798852399995,-33.501537052999936],[-70.48803506699994,-33.501558159999945],[-70.48814034099996,-33.501556895999954],[-70.48824360799995,-33.50154636899998],[-70.48833384099999,-33.501529808999976],[-70.48845156599998,-33.50150053799996],[-70.48849359499997,-33.50147372299995],[-70.48855749399996,-33.50142962199993],[-70.48862841099998,-33.501363769999955],[-70.48865339299994,-33.50131239899997],[-70.48868043399995,-33.501273383999944],[-70.48870533699994,-33.50121736999995],[-70.48871754999993,-33.50117543799996],[-70.48873152999994,-33.50112884199996],[-70.48879671999998,-33.50105222499997],[-70.48882422999998,-33.50093272799995],[-70.48886029399995,-33.500881223999954],[-70.48889777999995,-33.500804939999966],[-70.48891178699995,-33.50075989099997],[-70.48893502799996,-33.50071473099996],[-70.48898391299997,-33.50065688199993],[-70.48903314299997,-33.50061914699995],[-70.48913031199999,-33.50057619399996],[-70.48915033599997,-33.500558928999965],[-70.48918695599997,-33.50053991799996],[-70.48922890399996,-33.50050846099998],[-70.48929124699998,-33.500481401999934],[-70.48937625699995,-33.50048347599994],[-70.48942116499995,-33.500516982999955],[-70.48947369899997,-33.50056432699995],[-70.48952441299997,-33.50061324099994],[-70.48955090599998,-33.500650064999945],[-70.48972146399996,-33.50079348999998],[-70.48981280899994,-33.50084191499997],[-70.48985718799997,-33.50084447599994],[-70.48989045799993,-33.500845623999965],[-70.48996794799996,-33.500840048999976],[-70.49002474999998,-33.50081305599997],[-70.49009242199998,-33.50077355199994],[-70.49014162499998,-33.50073426999995],[-70.49018528699997,-33.50069505499994],[-70.49023076999998,-33.50065426899994],[-70.49026720299997,-33.500624426999934],[-70.49034068099996,-33.50060032799996],[-70.49037965099996,-33.50061069299994],[-70.49042600899998,-33.500620967999964],[-70.49047437199994,-33.50064050499998],[-70.49051373999998,-33.500674078999964],[-70.49059244999995,-33.500739678999935],[-70.49072060099996,-33.50077992299998],[-70.49091141399998,-33.500811673999976],[-70.49098771899997,-33.50084480299995],[-70.49108581699994,-33.50085600299997],[-70.49122066599995,-33.500855927999964],[-70.49132393199994,-33.50084539899996],[-70.49136625099999,-33.500835603999974],[-70.49143975499999,-33.500813051999955],[-70.49146175799996,-33.50080350199994],[-70.49150737299993,-33.50077045299997],[-70.49153077199998,-33.50073457599996],[-70.49156897199998,-33.50070006799996],[-70.49159807099994,-33.500673408999944],[-70.49169676699995,-33.50061186299996],[-70.49173509999997,-33.50058509199994],[-70.49180949499998,-33.500506815999984],[-70.49182183899995,-33.50047261999998],[-70.49188322599997,-33.50038985699996],[-70.49190266499994,-33.50033855199996],[-70.49192740599995,-33.50027325399998],[-70.49193209699996,-33.50022367399998],[-70.49195309199996,-33.50015532599997],[-70.49196113099998,-33.500085586999944],[-70.49196598199995,-33.500045290999935],[-70.49198887599994,-33.49998001499995],[-70.49205194899997,-33.499887945999944],[-70.49208394499993,-33.49981482299995],[-70.49216340099997,-33.49970862899994],[-70.49229075699998,-33.49957865199997],[-70.49236591499994,-33.499511979999966],[-70.49241274999997,-33.49947489099998],[-70.49244853799996,-33.49945272499997],[-70.49249979599995,-33.499428749999936],[-70.49254878099998,-33.499410302999934],[-70.49259786099998,-33.49939744699998],[-70.49265350999997,-33.49938469199998],[-70.49271801599997,-33.49937372399995],[-70.49277591199996,-33.49936653299994],[-70.49285378899998,-33.499363158999984],[-70.49291379399995,-33.499359639999966],[-70.49297386399996,-33.499359907999974],[-70.49300942099995,-33.49936191499995],[-70.49307627199994,-33.499362100999974],[-70.49314293899994,-33.499364183999944],[-70.49320525799999,-33.49937001599994],[-70.49325192399994,-33.49937955399997],[-70.49329188399997,-33.49938718899995],[-70.49333181099996,-33.49939292999994],[-70.49338733599996,-33.49940434599995],[-70.49343622999999,-33.49941196299994],[-70.49350287599998,-33.499425318999954],[-70.49355401799994,-33.49943849999994],[-70.49362063199999,-33.49944996199997],[-70.49367397199995,-33.49945950999995],[-70.49372497599995,-33.49947088899995],[-70.49376941299994,-33.499482257999944],[-70.49382947199996,-33.49948811699994],[-70.49390057399995,-33.499497720999955],[-70.49394723099994,-33.49949418199998],[-70.49398810399998,-33.499492336999936],[-70.49403932699994,-33.499485135999976],[-70.49408384199995,-33.49947594099996],[-70.49412832699994,-33.49946503299998],[-70.49419292099998,-33.49944666799996],[-70.49423969699995,-33.49943753599996],[-70.49428424399997,-33.49943023499998],[-70.49431981199996,-33.499426649999975],[-70.49435104399998,-33.499421222999956],[-70.49439110199995,-33.499415778999946],[-70.49443331299994,-33.49941039999993],[-70.49447343599996,-33.499408743999936],[-70.49454235599995,-33.499397811999984],[-70.49462923399994,-33.49937953799997],[-70.49473606099997,-33.499363278999965],[-70.49479173999998,-33.49935232599995],[-70.49485409299996,-33.499341382999944],[-70.49490527099994,-33.49933787899994],[-70.49493924299998,-33.499329081999974],[-70.49497941999994,-33.49931804599993],[-70.49504177699998,-33.49928852399995],[-70.49512428699995,-33.499247846999936],[-70.49517017899996,-33.49922397499995],[-70.49520238399998,-33.49920722299993],[-70.49526040299997,-33.49917585999998],[-70.49532060499996,-33.49914627499993],[-70.49539428799994,-33.49910561399997],[-70.49545917399996,-33.49907415799993],[-70.49548566899995,-33.49906131299997],[-70.49555477599995,-33.49902999599993],[-70.49563959099999,-33.498985682999944],[-70.49575555999996,-33.498937747999946],[-70.49588032399998,-33.49888799299998],[-70.49596363799998,-33.498862816999974],[-70.49602152499995,-33.49884254799997],[-70.49607945499997,-33.498818580999966],[-70.49614187599997,-33.49879284599996],[-70.49617766199998,-33.498770588999946],[-70.49623115799994,-33.49873918999998],[-70.49630262299996,-33.49869476799995],[-70.49635166199994,-33.49866702999998],[-70.49640969099994,-33.49863007499994],[-70.49648329799999,-33.49859130899995],[-70.49655919599996,-33.49855431799995],[-70.49664392299997,-33.49851749099997],[-70.49673525899993,-33.49847688699998],[-70.49684530199994,-33.49841830399998],[-70.49694050799997,-33.49837529399997],[-70.49697640799997,-33.498353486999974],[-70.49701874799996,-33.49833683199995],[-70.49708350399999,-33.498309174999974],[-70.49713472899998,-33.49828339399994],[-70.49719048499998,-33.49825196699993],[-70.49724634899997,-33.49822053899993],[-70.49731766099995,-33.49817981599995],[-70.49738903799994,-33.49814287899994],[-70.49746720699994,-33.49810035999997],[-70.49755417399996,-33.498056109999936],[-70.49764335499998,-33.49801544099995],[-70.49775256199996,-33.49797498099997],[-70.49779813199996,-33.49794593099995],[-70.49784722399994,-33.497927570999934],[-70.49790512099997,-33.49790170999995],[-70.49797434499999,-33.497864798999956],[-70.49805459199996,-33.49782414799995],[-70.49813935999998,-33.49778353199997],[-70.49821518099998,-33.49774843499995],[-70.49831990899997,-33.49770423999996],[-70.49836676999996,-33.497687620999955],[-70.49840911099994,-33.497671055999945],[-70.49844253799995,-33.49766190399998],[-70.49849368199995,-33.49765650499995],[-70.49854478499998,-33.49765489499998],[-70.49861148399998,-33.497658867999974],[-70.49869148799996,-33.49766664799995],[-70.49874259899997,-33.49767802399998],[-70.49879591599995,-33.49769875299995],[-70.49883194399996,-33.49771563199994],[-70.49888969599994,-33.497743792999984],[-70.49893626399995,-33.49776640699997],[-70.49897398099995,-33.49778137199996],[-70.49900496299995,-33.49779272099994],[-70.49903831199998,-33.49780404099994],[-70.49907162799997,-33.49781346799995],[-70.49910935799994,-33.49782293199996],[-70.49912157699998,-33.497825761999934],[-70.49913378299993,-33.49782858899994],[-70.49916488299993,-33.497834343999955],[-70.49917931199997,-33.49783719299995],[-70.49919372199997,-33.497840037999936],[-70.49924932199997,-33.49784955599995],[-70.49933817399994,-33.49786480399996],[-70.49946472599999,-33.497887711999965],[-70.49952258599996,-33.49789720299998],[-70.49957133899994,-33.49792159399993],[-70.49961087499997,-33.49793975899996],[-70.49962450499999,-33.49794602099996],[-70.49970440999994,-33.49798545699997],[-70.49974648799997,-33.49800983799997],[-70.49980181699993,-33.49804731599994],[-70.49985063299994,-33.49807540399996],[-70.49989278699996,-33.498097980999944],[-70.49995919299994,-33.49814109699997],[-70.49998642899999,-33.49816619899997],[-70.50001065799995,-33.49819792099993],[-70.50003268099994,-33.49823904899995],[-70.50003482699998,-33.498251152999956],[-70.50003697299996,-33.49826325699996],[-70.50003680799995,-33.49829112499998],[-70.50001857599995,-33.49836367399996],[-70.50000714799995,-33.498425047999945],[-70.50000560899997,-33.49844215099995],[-70.50000245099994,-33.49847723099998],[-70.49998875299997,-33.49852555499996],[-70.49997959799998,-33.49858139999998],[-70.49996819199998,-33.498631590999935],[-70.49996572299995,-33.49866318499994],[-70.49996113499998,-33.498696698999936],[-70.49996755899997,-33.49873215399998],[-70.49998506699995,-33.49878614299996],[-70.50001134999997,-33.49884958499996],[-70.50003324199997,-33.49890180699998],[-70.50006414399996,-33.498952206999945],[-70.50010380799995,-33.49901756099996],[-70.50013903599995,-33.49907539299994],[-70.50017863499994,-33.49913696099998],[-70.50020302599995,-33.49915939199997],[-70.50023843099996,-33.49918376399995],[-70.50028057399999,-33.499211841999966],[-70.50032485999998,-33.499245574999975],[-70.50038453699995,-33.499297970999976],[-70.50042105199998,-33.499311777999935],[-70.50047203299994,-33.49935300599998],[-70.50054292899995,-33.49939426399993],[-70.50061608499993,-33.499435493999954],[-70.50069811199995,-33.49947300899993],[-70.50076688899998,-33.49949751699995],[-70.50081791499997,-33.49951637899994],[-70.50087128699994,-33.49952772699993],[-70.50093569499995,-33.49952983199995],[-70.50100028699995,-33.49953013199996],[-70.50106259699999,-33.499522973999944],[-70.50111148199994,-33.49951760199997],[-70.50118042299994,-33.49951415099997],[-70.50125837399997,-33.49950887699998],[-70.50134293499997,-33.499499915999934],[-70.50140520199994,-33.499496455999974],[-70.50146749899994,-33.49949479899993],[-70.50150353099997,-33.49949309999994],[-70.50159028799999,-33.49948041499994],[-70.50171045999997,-33.49946407699997],[-70.50178161899998,-33.49946438699993],[-70.50183052599994,-33.49946649999998],[-70.50187400499993,-33.499466094999946],[-70.50210999999996,-33.49948999999998],[-70.50278000099996,-33.499559999999974],[-70.50300999999996,-33.499589999999955],[-70.50432380199999,-33.49961066399993],[-70.50439719799994,-33.49962212799994],[-70.50445273599996,-33.499627946999965],[-70.50450826299993,-33.49963935699998],[-70.50457495199998,-33.49964891899998],[-70.50466738599994,-33.49965947499993],[-70.50472418799995,-33.49966992299994],[-70.50477305199996,-33.49967573199996],[-70.50482421899994,-33.49967781599997],[-70.50488869099996,-33.49968361599997],[-70.50495539199994,-33.499687585999936],[-70.50503983399994,-33.49970288299994],[-70.50511088399998,-33.49972176999995],[-70.50516056299995,-33.49973639399997],[-70.50516855199999,-33.499738745999935],[-70.50524626499998,-33.49976323399994],[-70.50531066199994,-33.49978959699996],[-70.50538159299998,-33.49981407599995],[-70.50546151299994,-33.499847915999965],[-70.50553910799994,-33.49987799699994],[-70.50561907199994,-33.49990813799997],[-70.50568739999994,-33.499937699999975],[-70.50572138099994,-33.49995433199996],[-70.50574480299997,-33.49996527299993],[-70.50584758199994,-33.50001263599995],[-70.50592597499997,-33.50005149799995],[-70.50599480699998,-33.500091587999975]]]}},{"type":"Feature","properties":{"CUT_REG":"13","CUT_PROV":"131","CUT_COM":"13123","REGION":"Metropolitana de Santiago","PROVINCIA":"Santiago","COMUNA":"Providencia","SUPERFICIE":14.45},"geometry":{"type":"Polygon","coordinates":[[[-70.63155535899995,-33.449830420999945],[-70.63163439299996,-33.44958355399996],[-70.63198500599998,-33.448401359999934],[-70.63226031199997,-33.447379112999954],[-70.63284780699996,-33.445424850999984],[-70.63323348999995,-33.44421709299996],[-70.63347995299995,-33.443435102999956],[-70.63392670799993,-33.44176335199995],[-70.63442924399999,-33.44001491999995],[-70.63477531699994,-33.43890559499994],[-70.63501019799997,-33.43792462299996],[-70.63522012599998,-33.43716637999995],[-70.63538926699994,-33.43646057799998],[-70.63537643299998,-33.435695334999934],[-70.63564280599996,-33.43414424799994],[-70.63586124199998,-33.43278542999997],[-70.63603691899993,-33.43178665099998],[-70.63623470199997,-33.43062318699998],[-70.63428700699995,-33.42787171799995],[-70.63343767699996,-33.42667188599995],[-70.63323211699998,-33.42533391999996],[-70.63306577299994,-33.42494182299998],[-70.63292319299995,-33.42441902699994],[-70.63284001999995,-33.42344472499997],[-70.63273308499998,-33.42275558399996],[-70.63262614799999,-33.42238724999993],[-70.63242415899998,-33.42211397099993],[-70.63192512699999,-33.42157929199993],[-70.63116469599998,-33.42099708799998],[-70.63074883499996,-33.42071192599997],[-70.63035673799999,-33.42041488299998],[-70.62985048599995,-33.42015529899993],[-70.62940795599997,-33.419978286999935],[-70.62894329899996,-33.419779148999964],[-70.62843439099998,-33.419624262999946],[-70.62706254699998,-33.41913747999996],[-70.62569999899995,-33.418529999999976],[-70.62460000099998,-33.41769999999997],[-70.62367719199995,-33.41641592099995],[-70.62290276499994,-33.41542022899995],[-70.62206195699997,-33.41444666199993],[-70.62150879499995,-33.41342884399995],[-70.62135770799995,-33.413234587999966],[-70.62104413799995,-33.41283142799995],[-70.62060160899995,-33.412499529999934],[-70.62007606999998,-33.41220204399997],[-70.61925899899995,-33.41195381699998],[-70.61854942799994,-33.41177881599998],[-70.61787759699996,-33.411460457999965],[-70.61723623199998,-33.41116444299996],[-70.61644685799996,-33.41078620299993],[-70.61551251399999,-33.41015411999996],[-70.61485944999998,-33.409702713999934],[-70.61452212099994,-33.40940089199995],[-70.61396999999994,-33.40893999999997],[-70.60538288799995,-33.409257630999946],[-70.60540467299995,-33.40931917399996],[-70.60551192799994,-33.40950903799995],[-70.60562970999996,-33.409823727999935],[-70.60597767399997,-33.41072209199996],[-70.60609648699995,-33.41119399499996],[-70.60625905099994,-33.41149692999994],[-70.60649169099997,-33.412092377999954],[-70.60687018799996,-33.41332652199998],[-70.60701910199998,-33.41399218199996],[-70.60724116299997,-33.41497427199994],[-70.60754307499997,-33.41576053599994],[-70.60771940399997,-33.416096755999945],[-70.60697023299997,-33.41625437399995],[-70.60651766499996,-33.41631835099997],[-70.60532911199994,-33.41690482399997],[-70.60485535499998,-33.417185426999936],[-70.60434553799996,-33.417267797999955],[-70.60319613499996,-33.417380986999945],[-70.60273652699993,-33.41749972799994],[-70.60227479299994,-33.41766462199996],[-70.60204277299994,-33.417765842999984],[-70.60159538699997,-33.418028396999944],[-70.60122891999998,-33.41828867899994],[-70.60061084899996,-33.41876057799993],[-70.60025176099998,-33.419021407999935],[-70.59965088899997,-33.41945402699997],[-70.59874364199999,-33.42010226799994],[-70.59687056999996,-33.42149102099995],[-70.59522154099994,-33.42273634399993],[-70.59373006999994,-33.42391348399997],[-70.59227805899997,-33.42504931299993],[-70.59098905199994,-33.426071056999945],[-70.59072864599995,-33.42623945399998],[-70.58982640799996,-33.42693841199997],[-70.58877666399997,-33.42776829899998],[-70.58755710299994,-33.428817582999955],[-70.58654910799999,-33.42969081199993],[-70.58552350699995,-33.43060590899995],[-70.58491293399999,-33.43120342199995],[-70.58449942799996,-33.431758025999954],[-70.58449346699996,-33.43176590499996],[-70.58443001899997,-33.43184970999994],[-70.58406140199997,-33.43230675899997],[-70.58370151499997,-33.43271629599997],[-70.58328665799996,-33.43307943299993],[-70.58295325199998,-33.433341362999954],[-70.58226004899996,-33.433795386999975],[-70.58233361699996,-33.433902503999946],[-70.58245018499997,-33.434073825999974],[-70.58320511399995,-33.434931465999966],[-70.58369489899997,-33.435486537999964],[-70.58386657199998,-33.43568239099994],[-70.58415691099998,-33.43601389599996],[-70.58424221499996,-33.43611080699998],[-70.58453155399997,-33.43642732699993],[-70.58494647899994,-33.43688860599997],[-70.58503424699995,-33.43698647299993],[-70.58517827499998,-33.43715009599998],[-70.58524903499995,-33.437225738999985],[-70.58544300899996,-33.437442267999984],[-70.58556316099998,-33.43757567199998],[-70.58584258799993,-33.43788914399994],[-70.58677060499997,-33.43893246799996],[-70.58702519499997,-33.43922638699996],[-70.58718518899997,-33.43942852299995],[-70.58739590399995,-33.43974422599996],[-70.58754329799996,-33.43997822999995],[-70.58791137499998,-33.440535516999944],[-70.58803931999995,-33.44073074499994],[-70.58813968199996,-33.44087866999996],[-70.58838965499996,-33.44130674199994],[-70.58846027799996,-33.44142763599996],[-70.58860180599999,-33.44164198599998],[-70.58877520899995,-33.44191112499993],[-70.58888642799997,-33.44208685899997],[-70.58917301699995,-33.442535575999955],[-70.58954040199995,-33.44312218599998],[-70.59008051499995,-33.44395967699995],[-70.59039809899997,-33.444473140999946],[-70.59079617599997,-33.44505634799998],[-70.59101503599999,-33.445388098999956],[-70.59123715499999,-33.44576237599995],[-70.59172110099996,-33.44648745599994],[-70.59232227499996,-33.44721823399993],[-70.59280816999996,-33.44775870999996],[-70.59456690599995,-33.44681283799997],[-70.59579072899999,-33.446157899999946],[-70.59611096299994,-33.44598354999994],[-70.59640513599999,-33.44579709299995],[-70.59703228399997,-33.44540446599996],[-70.59722199899994,-33.44528074899995],[-70.59805365599993,-33.44473993199995],[-70.59822098399997,-33.44461960099994],[-70.59918730799996,-33.44466295799998],[-70.59952897499994,-33.44468233999993],[-70.60109889799998,-33.444823120999956],[-70.60173311199998,-33.44488045299994],[-70.60219350799997,-33.44494211099993],[-70.60299960299994,-33.445019498999955],[-70.60393664999998,-33.445120473999964],[-70.60457625199996,-33.445189109999944],[-70.60600227499998,-33.445393440999965],[-70.60772537899999,-33.445591752999974],[-70.60821113399999,-33.44564414599995],[-70.60853940799996,-33.445687788999976],[-70.60882054599995,-33.445741605999956],[-70.60968999999994,-33.44596999999993],[-70.61089895599997,-33.44634139599998],[-70.61115715499994,-33.446407292999936],[-70.61188188699998,-33.446521710999946],[-70.61274456199999,-33.44665410299996],[-70.61389371999996,-33.44682651399995],[-70.61375009499994,-33.44756012599993],[-70.61613099499993,-33.44794893399995],[-70.61751837399999,-33.448202565999964],[-70.61843191699995,-33.448370523999984],[-70.61860268899994,-33.44782282099993],[-70.61876943999994,-33.44725766799996],[-70.62046485599996,-33.44759522299995],[-70.62155283799996,-33.447811187999946],[-70.62263296899994,-33.44803038599997],[-70.62410979199996,-33.44832552299994],[-70.62514045799998,-33.44853269799995],[-70.62561594999994,-33.44862672399995],[-70.62678369399998,-33.44891390799995],[-70.62711894999995,-33.448979373999975],[-70.62809801899994,-33.449164716999974],[-70.62859252299995,-33.44926276399997],[-70.62926110099994,-33.44939271699997],[-70.62958882199996,-33.449456932999965],[-70.63058038299994,-33.449645277999934],[-70.63155535899995,-33.449830420999945]]]}},{"type":"Feature","properties":{"CUT_REG":"13","CUT_PROV":"131","CUT_COM":"13124","REGION":"Metropolitana de Santiago","PROVINCIA":"Santiago","COMUNA":"Pudahuel","SUPERFICIE":198.58},"geometry":{"type":"Polygon","coordinates":[[[-70.80369471699998,-33.35073484199995],[-70.80348506499996,-33.35072260599998],[-70.80335377199998,-33.35076637599997],[-70.80332678099995,-33.350775373999966],[-70.80277265599995,-33.350960104999956],[-70.80260665899993,-33.351073207999946],[-70.80241036299998,-33.351204208999945],[-70.80164068299996,-33.351863668999954],[-70.80135117399993,-33.35202534899997],[-70.80092558699994,-33.35234409499998],[-70.79917900599997,-33.35368174499996],[-70.79721282499997,-33.35512753599994],[-70.79575772499999,-33.356265262999955],[-70.79550033899994,-33.356469413999946],[-70.79533671399997,-33.35659326299998],[-70.79384847399996,-33.357719722999946],[-70.79288413799998,-33.35843933299998],[-70.79245945199995,-33.35875624299996],[-70.79074025599994,-33.36005520499998],[-70.79013545199996,-33.360512505999964],[-70.78943526399996,-33.36103321599995],[-70.78744684399999,-33.36251973999998],[-70.78719805399999,-33.36270577499994],[-70.78602096999998,-33.36359012599996],[-70.78507342399996,-33.36431412299993],[-70.78446451599996,-33.36478219199995],[-70.78305741199995,-33.36584929299994],[-70.78178372499997,-33.366836915999954],[-70.77983669199995,-33.368448591999936],[-70.77701621199998,-33.37070683999997],[-70.77431632499997,-33.37271395899995],[-70.77205988899993,-33.374156950999975],[-70.77059740899995,-33.374962239999945],[-70.76992678299996,-33.37527074899998],[-70.76846305099997,-33.37594411199996],[-70.76784493299994,-33.376316791999955],[-70.76744365199994,-33.376513391999936],[-70.76649061799998,-33.37702504999993],[-70.76570111399997,-33.37753735699994],[-70.76523783999994,-33.37783325699996],[-70.76478787599996,-33.37808422699993],[-70.76399353299996,-33.378533957999935],[-70.76349693599997,-33.37894067999997],[-70.76326200899996,-33.37910209499995],[-70.76224355599999,-33.379897993999975],[-70.76070418499995,-33.381130767999935],[-70.75884703299994,-33.382509400999936],[-70.75871726399998,-33.38270331799998],[-70.75815139899998,-33.382991697999955],[-70.75760776099997,-33.38339548499994],[-70.75741455199994,-33.38347576799998],[-70.75720304699996,-33.383636242999955],[-70.75691138099995,-33.383715593999966],[-70.75766663199994,-33.38436261099997],[-70.75804251399995,-33.38466747199993],[-70.75842562699995,-33.384978194999974],[-70.76020508899995,-33.386480036999956],[-70.76232321899994,-33.38827068299997],[-70.76333686099997,-33.38911403599997],[-70.76436401099994,-33.38998433299997],[-70.76568742699999,-33.39110284399993],[-70.76841995499996,-33.39341188999998],[-70.76947994099999,-33.394300673999965],[-70.77144227099996,-33.395961030999956],[-70.77297298799994,-33.39723936399997],[-70.77525489399994,-33.39917195899994],[-70.77601999999996,-33.39985999999993],[-70.77666062999998,-33.40034617099997],[-70.77943292299994,-33.402683715999956],[-70.78147999999999,-33.40441999999996],[-70.78188999999998,-33.404879999999935],[-70.78213989099999,-33.40527835299997],[-70.78228143199993,-33.40555318799994],[-70.78239156199999,-33.405874618999974],[-70.78249292899994,-33.40624231999993],[-70.78252319199999,-33.40645632199994],[-70.78253609399997,-33.406771006999975],[-70.78252804599998,-33.407327572999975],[-70.78249532099994,-33.40936926899997],[-70.78247344399995,-33.40988260399996],[-70.78246465599995,-33.41056132899996],[-70.78245033899998,-33.41128627799998],[-70.78242500399995,-33.41178880499996],[-70.78238040199994,-33.41245718699997],[-70.78236364899993,-33.41258771799994],[-70.78234556699994,-33.412766147999946],[-70.78233940699994,-33.41282693299996],[-70.78229600799995,-33.41323742999998],[-70.78227139199998,-33.41378451999998],[-70.78227135999998,-33.413785229999974],[-70.78221986299997,-33.414606764999974],[-70.78219515099994,-33.415346788999955],[-70.78216793999997,-33.41568599599998],[-70.78216023099998,-33.416144223999936],[-70.78214872099994,-33.41641639699998],[-70.78213662699994,-33.41665994599998],[-70.78193732399995,-33.41665326499998],[-70.78158048999995,-33.41673474499993],[-70.78123590899997,-33.416858995999974],[-70.78100050399996,-33.416922790999934],[-70.78071288499996,-33.41706255399998],[-70.78057290499999,-33.41717432099995],[-70.78041036299999,-33.417295955999975],[-70.78016472899998,-33.41752854099997],[-70.77995614699995,-33.41790375499994],[-70.77967409399997,-33.418303883999954],[-70.77958186099994,-33.41852472199997],[-70.77922015899998,-33.41892599299996],[-70.77897155299996,-33.41929223599993],[-70.77865997599997,-33.41964029299993],[-70.77826563699995,-33.41983683099994],[-70.77772036899995,-33.41998741799995],[-70.77745332499995,-33.42028711299997],[-70.77734382199998,-33.42049865299998],[-70.77725488599998,-33.420881691999966],[-70.77713599599997,-33.421470359999944],[-70.77694591799997,-33.42191688499997],[-70.77680296599993,-33.42220518299996],[-70.77656819199996,-33.42237086999995],[-70.77634125299994,-33.42258448499996],[-70.77594738199997,-33.42280486899995],[-70.77558543499998,-33.422842601999946],[-70.77502165899995,-33.42284382099996],[-70.77467235999995,-33.42294474499994],[-70.77447937899996,-33.42309824599994],[-70.77440271099994,-33.423346006999964],[-70.77424022799994,-33.42379369699995],[-70.77417218199997,-33.42388970299993],[-70.77407342299995,-33.42402904399995],[-70.77364022799998,-33.42429871699994],[-70.77313541199999,-33.42442369099996],[-70.77281256899994,-33.42480626899993],[-70.77259185199995,-33.424951601999965],[-70.77219023799995,-33.42504225599998],[-70.77199795599995,-33.42504697099997],[-70.77177975999996,-33.42506418499994],[-70.77168392199997,-33.42507174599996],[-70.77125930799997,-33.42510524499994],[-70.77059125599999,-33.425277034999965],[-70.76989966799994,-33.42541098199996],[-70.76944008599997,-33.425479577999965],[-70.76891772599998,-33.42553952299994],[-70.76866913399994,-33.42562896599998],[-70.76846326999998,-33.425860960999955],[-70.76826917099999,-33.42611187699998],[-70.76803418099996,-33.42631088199994],[-70.76778914699997,-33.42629528699996],[-70.76755249399997,-33.42613163799996],[-70.76730744499997,-33.42583449099993],[-70.76710917899999,-33.42576511899995],[-70.76676961399994,-33.425845927999944],[-70.76639739099994,-33.42602741999997],[-70.76591117299995,-33.426291352999954],[-70.76527207299995,-33.426639137999985],[-70.76480258099997,-33.42689349099993],[-70.76394904499995,-33.427237771999955],[-70.76333816599998,-33.42750844699998],[-70.76303142299997,-33.42762161199994],[-70.76290389999997,-33.427647761999935],[-70.76273182399996,-33.42766595599994],[-70.76187396299997,-33.42771250699997],[-70.76159232899994,-33.427716508999936],[-70.76127939299994,-33.42769232099994],[-70.76103594799997,-33.42764280899996],[-70.76046669499993,-33.427523477999955],[-70.75998544599997,-33.42745013899997],[-70.75903495499995,-33.42739061299994],[-70.75761504699994,-33.42733630299995],[-70.75701527299998,-33.42731187499993],[-70.75673227899995,-33.42733306399998],[-70.75613270099996,-33.42740311699998],[-70.75583304099996,-33.427444582999954],[-70.75555050699995,-33.42748866799997],[-70.75538586299996,-33.42753681099998],[-70.75524221899997,-33.427610425999944],[-70.75504973799997,-33.42771765899994],[-70.75473733599995,-33.42788957999994],[-70.75451526199998,-33.42796859799995],[-70.75439953899996,-33.42798741499996],[-70.75354799699994,-33.42809394699998],[-70.75294496799995,-33.42816260199993],[-70.75253452799996,-33.42821421499997],[-70.75240213899997,-33.428253308999956],[-70.75218749299995,-33.428362281999966],[-70.75198007599994,-33.42849119599998],[-70.75175385399996,-33.42861894299995],[-70.75131041299994,-33.42881274999996],[-70.75083482599996,-33.42902132499995],[-70.75055693399997,-33.42912689399998],[-70.75001620499995,-33.42923760299993],[-70.74986816299997,-33.42926259899997],[-70.74967264399999,-33.42930401099994],[-70.74938760599997,-33.429393930999936],[-70.74898012799997,-33.42950848199996],[-70.74833576099996,-33.429644983999935],[-70.74705999999998,-33.429889998999954],[-70.74682546299994,-33.42993827899994],[-70.74659449599994,-33.43000022899997],[-70.74567180799994,-33.429965978999974],[-70.74440469199999,-33.42995517899993],[-70.74414500999995,-33.42994737899994],[-70.74288645699994,-33.42993787399996],[-70.74161885499996,-33.42990271499997],[-70.74133208999996,-33.42990674199996],[-70.74080410499994,-33.42988695499997],[-70.74082224899996,-33.431052043999955],[-70.74083057399997,-33.43155442899996],[-70.74083863899995,-33.43170177299993],[-70.74084058599993,-33.432141254999976],[-70.74085765599995,-33.43305296099993],[-70.74087570399996,-33.43417033099996],[-70.74088563799995,-33.43502485299996],[-70.74088335699997,-33.43639265599995],[-70.74087677499995,-33.43651516899996],[-70.74086205599997,-33.436789146999956],[-70.74081306499994,-33.43770104499998],[-70.74073827699993,-33.43877490799997],[-70.74071293999998,-33.439252979999935],[-70.74069321199994,-33.43962373099998],[-70.74068303299998,-33.43989035499993],[-70.74064819399996,-33.44028081699997],[-70.74051322899999,-33.44186860099995],[-70.74057431599994,-33.44376236099998],[-70.74059385199996,-33.444740267999975],[-70.74062291999996,-33.44541906199993],[-70.74061745999995,-33.44572786699996],[-70.74056146999999,-33.44583589499996],[-70.74047040699998,-33.44593466699996],[-70.74026353499994,-33.44605781299998],[-70.73979308399998,-33.44637639399997],[-70.73962483399998,-33.44649249699995],[-70.73957607499995,-33.446574425999984],[-70.73955444399996,-33.44665597299996],[-70.73952410599998,-33.44688388299994],[-70.73948081199995,-33.447433701999955],[-70.73939219599998,-33.448237638999956],[-70.73933096699994,-33.44905418999997],[-70.73923036499997,-33.45022876799993],[-70.73913397799998,-33.45161452199994],[-70.73907170799998,-33.452379091999944],[-70.73904415599998,-33.452746701999956],[-70.73896887899997,-33.45324822199996],[-70.73891818599998,-33.45342767099993],[-70.73631779699997,-33.45393595099995],[-70.73318721999993,-33.45454786399995],[-70.73149540199995,-33.45488212799995],[-70.73126860999997,-33.45492508799998],[-70.73134470999997,-33.45589892199996],[-70.73135435599994,-33.45689022199997],[-70.73136599799994,-33.45812006299997],[-70.73137216199996,-33.45957546099993],[-70.73138582099995,-33.46112142399994],[-70.73137856399995,-33.46204492199996],[-70.73138349799996,-33.46300881299993],[-70.73142685999994,-33.46633434299997],[-70.73143628199995,-33.46809629999996],[-70.73225733199996,-33.468582313999946],[-70.73326880399998,-33.46919450599995],[-70.73362798099998,-33.469443971999965],[-70.73382358399994,-33.469569183999965],[-70.73383055399995,-33.46957364599996],[-70.73385775299994,-33.469591056999946],[-70.73404766499993,-33.46971262699998],[-70.73422902699997,-33.46982872399997],[-70.73423808699994,-33.469834523999964],[-70.73425372599996,-33.469844534999936],[-70.73492246899997,-33.47027262299997],[-70.73508368299997,-33.47037582199994],[-70.73543062099998,-33.47059790999998],[-70.73559014799997,-33.47070002999993],[-70.73678633199995,-33.47155908399998],[-70.73690570099996,-33.47146732599998],[-70.73699353299997,-33.47139981099997],[-70.73702737499997,-33.47135157899993],[-70.73712433599997,-33.47121339199998],[-70.73712967199998,-33.471205786999974],[-70.73715770699994,-33.47101849099994],[-70.73717585699995,-33.47073121599993],[-70.73718660199995,-33.470561148999934],[-70.73720453399994,-33.470277333999945],[-70.73730399199997,-33.46870314499995],[-70.73745734299996,-33.46867775399994],[-70.73755255999998,-33.46866198899994],[-70.73779263699998,-33.46852612299995],[-70.73800409499995,-33.46844152799997],[-70.73804266299999,-33.46843372099994],[-70.73826823599995,-33.46838805999994],[-70.73836566899996,-33.46836833799995],[-70.73865769499997,-33.46831874299994],[-70.73913151599999,-33.46823827399993],[-70.73966437499996,-33.468147391999935],[-70.74016227699997,-33.46806247099994],[-70.74080246599993,-33.46795328299993],[-70.74121452899993,-33.46788300299994],[-70.74132848199997,-33.46786305099994],[-70.74208545199997,-33.46773051399998],[-70.74288854099996,-33.46758473099993],[-70.74339116299996,-33.46749352699993],[-70.74373146799996,-33.467431776999945],[-70.74441966199998,-33.46730689899994],[-70.74678756499998,-33.46687722699994],[-70.74763251299999,-33.46672390599997],[-70.74844474899999,-33.46657651999993],[-70.74996656499997,-33.46630191899993],[-70.75096902899998,-33.466117604999965],[-70.75196485199996,-33.46593948699996],[-70.75221492099996,-33.465896215999976],[-70.75234293599993,-33.465874447999965],[-70.75340912699994,-33.46569314299995],[-70.75388694799994,-33.46562654599995],[-70.75686451199994,-33.465038109999966],[-70.75835943599998,-33.46476330499996],[-70.75906556599995,-33.46463593599998],[-70.75931651599996,-33.46459067099994],[-70.75989471199995,-33.46449343599994],[-70.76042170199997,-33.46429864899994],[-70.76104390099994,-33.46417750799998],[-70.76184943999993,-33.46402066899998],[-70.76202352799999,-33.46395780299997],[-70.76213487999996,-33.46391759099998],[-70.76220032599997,-33.46387190199994],[-70.76237909899999,-33.46374709699995],[-70.76257616699996,-33.46363811699996],[-70.76280189599998,-33.46356191199993],[-70.76299561599996,-33.463522600999966],[-70.76309224899995,-33.46350740899993],[-70.76329345199997,-33.46349959499997],[-70.76333248099996,-33.463498078999976],[-70.76368877299996,-33.46252499399998],[-70.76373321499995,-33.46237959999996],[-70.76374231299997,-33.46234983499994],[-70.76412608099997,-33.46109431499997],[-70.76445691999999,-33.46005741199997],[-70.76485147299996,-33.45892718299996],[-70.76512227899997,-33.458917241999984],[-70.76898130599994,-33.45865940599998],[-70.77031986099996,-33.45856322299994],[-70.77546624299998,-33.45819744399995],[-70.77565299799994,-33.45818438899994],[-70.77577671499995,-33.45858382599994],[-70.77586912899994,-33.45857892299995],[-70.77640089899995,-33.460342673999946],[-70.77708489899999,-33.462662042999966],[-70.77809413399996,-33.46256595299997],[-70.77854213999996,-33.462496742999974],[-70.78000737599996,-33.46235642399995],[-70.78077090699998,-33.46233289899993],[-70.78143101699999,-33.462379915999975],[-70.78199390999998,-33.46243460399995],[-70.78321074399997,-33.46223503799996],[-70.78514436899997,-33.461924686999964],[-70.78730171699993,-33.46156713399995],[-70.78948873999997,-33.46119655899997],[-70.79047392599995,-33.46102537799993],[-70.79289239799994,-33.46062000999996],[-70.79453831599994,-33.460527129999946],[-70.79569015799996,-33.460447665999936],[-70.79659129399994,-33.46056016799997],[-70.79654505199994,-33.46080580199998],[-70.79599135999996,-33.46286028499998],[-70.79602397499997,-33.46286204699993],[-70.79624691199996,-33.46287271699998],[-70.79657149499997,-33.46288836699995],[-70.79660775499997,-33.46288664799994],[-70.79700596899994,-33.46287073499997],[-70.79751191499997,-33.46285057299997],[-70.79861272699998,-33.46289449099993],[-70.79940574899996,-33.46291829199998],[-70.79991518199995,-33.462875735999944],[-70.80019410599994,-33.46282152899994],[-70.80031154499994,-33.462798573999976],[-70.80063500399996,-33.46275977899995],[-70.80100846999994,-33.462715807999984],[-70.80124812999998,-33.46268737099996],[-70.80146397499993,-33.46266199699994],[-70.80173303999999,-33.462644248999936],[-70.80214578399995,-33.46261665199995],[-70.80240149099996,-33.46262504199996],[-70.80281485099994,-33.46263865199995],[-70.80349903699994,-33.46266855599998],[-70.80408440899998,-33.462755475999984],[-70.80421524999997,-33.46279321399993],[-70.80421785399994,-33.46279396399996],[-70.80424190799994,-33.46280090199997],[-70.80425769299995,-33.46280318399994],[-70.80440601599997,-33.46283420399993],[-70.80450404999993,-33.46251330499996],[-70.80462046699995,-33.46221938299993],[-70.80484006299997,-33.46191546899996],[-70.80530811899996,-33.461321098999974],[-70.80548079399995,-33.46117087299996],[-70.80572557799997,-33.46094510399996],[-70.80591719099993,-33.460762873999954],[-70.80606376899993,-33.46062117499997],[-70.80617126499999,-33.46056121899994],[-70.80625600499997,-33.46053544799997],[-70.80641774499998,-33.46058301199997],[-70.80660678899994,-33.460637464999934],[-70.80679840299996,-33.460820815999966],[-70.80704071399998,-33.46097475799996],[-70.80735549399998,-33.46132807699996],[-70.80777182999998,-33.46162282499995],[-70.80793809699998,-33.461698371999944],[-70.80794279499997,-33.46170051099995],[-70.80794835899997,-33.461703041999954],[-70.80794883299995,-33.461703256999954],[-70.80794893299998,-33.46170330199993],[-70.80794986199999,-33.46170372499995],[-70.80796070799994,-33.461708656999974],[-70.80817889099995,-33.461807541999974],[-70.80842616099994,-33.46191611799998],[-70.80854755999997,-33.46196928799998],[-70.80916691799996,-33.46217491599998],[-70.80945854499998,-33.46225647299997],[-70.80976726499995,-33.46230930599995],[-70.81012834999996,-33.46243286199996],[-70.81030116699998,-33.46253055899996],[-70.81041282799998,-33.46258547799994],[-70.81061182099995,-33.46268351499998],[-70.81061486499993,-33.46268598499995],[-70.81062063999997,-33.462690659999964],[-70.81062792199998,-33.46269655399993],[-70.81063787299996,-33.46270460899996],[-70.81097687099998,-33.46297899399997],[-70.81139060399994,-33.46317318699994],[-70.81140641699994,-33.46318521599994],[-70.81142407499993,-33.463198681999984],[-70.81142624499995,-33.463200334999954],[-70.81142801499993,-33.463201682999966],[-70.81146937599993,-33.463233188999936],[-70.81168572899998,-33.463397989999976],[-70.81192077299994,-33.463606348999974],[-70.81196443499994,-33.46364505199995],[-70.81205107799997,-33.46372185399997],[-70.81226072999993,-33.46394781299995],[-70.81243673999995,-33.46418885399993],[-70.81252056099999,-33.46428700399997],[-70.81254022999997,-33.46431003799995],[-70.81278693599995,-33.46459890299997],[-70.81334291899998,-33.46509079699996],[-70.81370974299995,-33.46544419199995],[-70.81426319099995,-33.46577962699996],[-70.81443573299998,-33.46586298799997],[-70.81479717499997,-33.46594381699998],[-70.81508749299996,-33.46599657899998],[-70.81538292299996,-33.466007970999954],[-70.81586957999997,-33.46600084099998],[-70.81620008399995,-33.466037763999964],[-70.81664748099996,-33.466103489999966],[-70.81699481599998,-33.46622698199997],[-70.81780849299997,-33.46637319699994],[-70.81830800299997,-33.466487015999974],[-70.81839486999996,-33.466506444999936],[-70.81912821699996,-33.46645273399997],[-70.81964136099998,-33.46648814499997],[-70.82056721299995,-33.46666062399993],[-70.82126626999997,-33.46687385599995],[-70.82196517599994,-33.46710984799995],[-70.82253181399994,-33.46731923799996],[-70.82321601599995,-33.46752357099996],[-70.82350894299998,-33.46764811299994],[-70.82397247099993,-33.467755832999956],[-70.82438392399996,-33.46783569599995],[-70.82457097399998,-33.46780426199996],[-70.82481001599996,-33.467786400999955],[-70.82514970499994,-33.467695558999935],[-70.82545413599996,-33.467547973999956],[-70.82562254699997,-33.467445365999936],[-70.82591011099998,-33.46729781199997],[-70.82650016399998,-33.466931242999976],[-70.82668976399998,-33.46671573799995],[-70.82671694999993,-33.466684731999976],[-70.82978121899998,-33.46557430799993],[-70.83109650299997,-33.466020682999954],[-70.83249736599998,-33.46657261299998],[-70.83423493599997,-33.46689048899998],[-70.83512086099995,-33.46678193399998],[-70.83584861799994,-33.46673297899997],[-70.83687637899999,-33.46687045199997],[-70.83767566099993,-33.46697312899994],[-70.83884204699996,-33.46720396999996],[-70.84089920399998,-33.467555183999934],[-70.84270659099997,-33.46901717299994],[-70.84338504999994,-33.46986603499994],[-70.84386426599997,-33.470985086999974],[-70.84453378099994,-33.47226572399995],[-70.84554999999995,-33.473329999999976],[-70.84620714099998,-33.47420666299996],[-70.84723999999994,-33.47573999999997],[-70.84772551399993,-33.476921139999945],[-70.84822347299996,-33.478917930999955],[-70.84873618299997,-33.47946382699996],[-70.84972708799995,-33.480002583999976],[-70.85080056399994,-33.48013925499998],[-70.85146749399996,-33.48004240399996],[-70.85278122199998,-33.480090564999955],[-70.85571661999995,-33.479951194999956],[-70.85736855399995,-33.47988130999994],[-70.85886346399997,-33.48011398799997],[-70.85981738799995,-33.47998514699998],[-70.86120068599996,-33.47969714699997],[-70.86426367599995,-33.47913572899995],[-70.86708679699996,-33.47907413099995],[-70.87086708399994,-33.479036194999935],[-70.87296154099994,-33.47898546399995],[-70.87531780599994,-33.47909914699994],[-70.87784548999997,-33.47942690599996],[-70.88018620399998,-33.48023126399994],[-70.88205290299999,-33.48123365399994],[-70.88319970099997,-33.481597980999936],[-70.88413933799995,-33.48195680499998],[-70.88555005599994,-33.48179128499993],[-70.88722433599997,-33.48126951499995],[-70.88866384699998,-33.48042681299995],[-70.89048835099999,-33.479482781999934],[-70.89141446099995,-33.47912507099994],[-70.89307667499997,-33.47909968499994],[-70.89440772299997,-33.47955652999997],[-70.89664637399994,-33.48089658599997],[-70.89830458199998,-33.48173013099995],[-70.90114356899994,-33.48239283899994],[-70.90531417499994,-33.48353128499997],[-70.90871677599995,-33.48432103999994],[-70.90971008399998,-33.48455158999997],[-70.91165402499996,-33.48490335899993],[-70.91229094099998,-33.48502972899996],[-70.91264713699996,-33.485352123999974],[-70.91289875699994,-33.48557986499998],[-70.91319344199997,-33.48654020599997],[-70.91368843999999,-33.48729605999995],[-70.91453940099996,-33.48766466199993],[-70.91584496899998,-33.487988051999935],[-70.91714802299998,-33.488196942999934],[-70.91795051699995,-33.488432657999965],[-70.91872982099994,-33.48864963999995],[-70.91927845899994,-33.48873657799993],[-70.91986758799999,-33.48859383799993],[-70.92043239299994,-33.48810273599997],[-70.92167798499997,-33.48701968499995],[-70.92247330699996,-33.48590027399996],[-70.92333692199998,-33.48477979799998],[-70.92433840699994,-33.483714436999946],[-70.92430080699995,-33.48319855799997],[-70.92544789799996,-33.48171408799993],[-70.92696867499996,-33.48008511599994],[-70.92826352999998,-33.47890063699998],[-70.92946304099996,-33.47752675499993],[-70.92996878599996,-33.47672086799997],[-70.93118335199995,-33.47543882599996],[-70.93199306499997,-33.474899017999974],[-70.93239791899998,-33.47483154299994],[-70.93314015499993,-33.475168921999966],[-70.93394986499999,-33.475573777999955],[-70.93496200499999,-33.47577620499993],[-70.93583101499996,-33.476072218999946],[-70.93687497699995,-33.47590320499995],[-70.93795597099995,-33.47535185499993],[-70.93997195199995,-33.47383148999995],[-70.94199893199993,-33.472807193999984],[-70.94346264299998,-33.47205892399995],[-70.94441035299997,-33.471662307999964],[-70.94596338399998,-33.47083625799996],[-70.94711597199995,-33.47043640499993],[-70.94794639499997,-33.469888906999984],[-70.94859214399997,-33.46869123199997],[-70.94879457099995,-33.46767909299996],[-70.94879457199994,-33.46632957399993],[-70.94886204799997,-33.46524995899995],[-70.94919942699994,-33.464305295999964],[-70.94940185499996,-33.46342810899995],[-70.94922359199995,-33.46183303599997],[-70.94931477399996,-33.46081997099998],[-70.94914517099994,-33.46036454099993],[-70.94902250699994,-33.458954002999974],[-70.94910941899997,-33.457750129999965],[-70.94953564399998,-33.45644548299998],[-70.94985530499997,-33.455466995999984],[-70.94986354299994,-33.45481789499996],[-70.95007835399997,-33.45424189299996],[-70.95120035299993,-33.45248728099995],[-70.95251680799998,-33.45128313099997],[-70.95303305999994,-33.45095051199996],[-70.95420083699997,-33.450225871999976],[-70.95481974999996,-33.44939535499998],[-70.95509894599996,-33.44864654299994],[-70.95515309699994,-33.448015804999955],[-70.95522358399995,-33.447098497999946],[-70.95508021799998,-33.446128106999936],[-70.95517263899995,-33.445203902999936],[-70.95511718699998,-33.444538475999934],[-70.95504324999996,-33.44400243699994],[-70.95479992999998,-33.443320280999956],[-70.95432759799996,-33.44251056899998],[-70.95419264599997,-33.44176833399996],[-70.95392274199997,-33.44075619499995],[-70.95323502099995,-33.43964757999993],[-70.95139786599998,-33.43690883299996],[-70.95075137399994,-33.43603287999997],[-70.95014408999998,-33.43508821699993],[-70.94967175899995,-33.434548409999934],[-70.94948193499994,-33.43423203599997],[-70.94906447499994,-33.433536269999934],[-70.94865961899995,-33.43259160699995],[-70.94838971499996,-33.43157946899993],[-70.94818728799999,-33.43110713699997],[-70.94818728899997,-33.43002752199993],[-70.94811981199996,-33.42827314699997],[-70.94814740799995,-33.428052382999965],[-70.94825476399996,-33.42719353299998],[-70.94825476399996,-33.426316345999965],[-70.94778243199994,-33.42523672999994],[-70.94737757699994,-33.42402216299996],[-70.94757817899995,-33.42255188199994],[-70.94764155499996,-33.420612311999946],[-70.94758935399994,-33.41986752599996],[-70.94766738499999,-33.41933315099993],[-70.94747297299995,-33.41784130599996],[-70.94776763899995,-33.41670335599997],[-70.94810916899996,-33.416071682999984],[-70.95006737799997,-33.41457951799998],[-70.95041355099994,-33.41415653499996],[-70.95135340399997,-33.41324702299994],[-70.95139248799995,-33.41181484499998],[-70.95111963499994,-33.410745464999934],[-70.95048146999994,-33.40944736199998],[-70.95007103199998,-33.40830967399995],[-70.94980670999996,-33.407220655999936],[-70.94967175899995,-33.40587113699996],[-70.94987418699998,-33.404116762999934],[-70.94987418699998,-33.40337452699998],[-70.95021156599995,-33.402699767999934],[-70.95048147099999,-33.402294912999935],[-70.95102127799998,-33.40162015399994],[-70.95156108499998,-33.400810442999955],[-70.95189846499994,-33.39986577899998],[-70.95169603699998,-33.39912354299997],[-70.95135865799995,-33.39851625999995],[-70.95054894499998,-33.397976452999956],[-70.95021156499996,-33.39709926599994],[-70.94994166199996,-33.39615460299996],[-70.94987418699998,-33.39527741599994],[-70.94960428199994,-33.39426527599994],[-70.94919942799999,-33.39352304099998],[-70.94892952299995,-33.392645853999966],[-70.94859214399997,-33.39183614299998],[-70.94859214399997,-33.39089147999994],[-70.94859214399997,-33.39028419699997],[-70.94839864599999,-33.38869416999995],[-70.94838560499994,-33.387537780999935],[-70.94857077299997,-33.386110548999966],[-70.94825900999996,-33.38586913299997],[-70.94796186199994,-33.385611222999955],[-70.94757369599995,-33.385352445999956],[-70.94715897199995,-33.38507242399993],[-70.94651498399998,-33.38454999999993],[-70.94539695399999,-33.383857828999965],[-70.94456498399995,-33.383069999999975],[-70.94323498299997,-33.38166999999993],[-70.94298498299997,-33.381429999999966],[-70.94165498299998,-33.38109999999995],[-70.93969498399997,-33.380769999999984],[-70.93786498299994,-33.380349999999964],[-70.93653498299994,-33.37982999999997],[-70.93523498299999,-33.379689998999936],[-70.93428498299994,-33.37964999999997],[-70.93334498399997,-33.37935999999996],[-70.93177498299997,-33.37830999899995],[-70.93024498299997,-33.37743999999998],[-70.92871498399995,-33.37663999999995],[-70.92563498299995,-33.376349999999945],[-70.92415498399998,-33.37556999999998],[-70.92226498399998,-33.374829999999974],[-70.92038498299996,-33.373639999999966],[-70.91800498299995,-33.37278999899996],[-70.91720465699996,-33.37236193999996],[-70.91668498299998,-33.37174999999996],[-70.91587031199998,-33.370993382999984],[-70.91461498299998,-33.37017999999995],[-70.91290498399997,-33.369699999999966],[-70.91149498299995,-33.36916999999994],[-70.91030498299995,-33.36835999999994],[-70.90942498399994,-33.36815999999993],[-70.90901498399995,-33.36826999999994],[-70.90743657199994,-33.368872117999956],[-70.90622197799996,-33.369334005999974],[-70.90516134599994,-33.36974457399998],[-70.90403498299997,-33.37044999999995],[-70.90277498399996,-33.37093999999996],[-70.90172498299995,-33.37163000099997],[-70.90138498399995,-33.37197999999995],[-70.90064498299995,-33.372589999999946],[-70.89905498399997,-33.37370999999996],[-70.89505498399996,-33.37466999999998],[-70.89308498399998,-33.37566999899997],[-70.89169245199997,-33.376262330999964],[-70.89043794099996,-33.376353567999956],[-70.88970804299998,-33.37605704799995],[-70.88886409799994,-33.37555524299995],[-70.88816498399996,-33.37525999999997],[-70.88772498299994,-33.375099999999975],[-70.88677498399994,-33.37519999999995],[-70.88541498399996,-33.375490000999946],[-70.88248498399997,-33.37601999999998],[-70.88126498399998,-33.376169999999945],[-70.87944498299998,-33.37596999999994],[-70.87906498299998,-33.37569999999994],[-70.87683498399997,-33.37472999999994],[-70.87593498399997,-33.374469999999974],[-70.87495042499995,-33.37446039699995],[-70.87302498399998,-33.37528999999995],[-70.87091498299998,-33.37592000099994],[-70.87032303099994,-33.37594205399995],[-70.87019404799997,-33.375655768999934],[-70.87004376499993,-33.37554350599993],[-70.86959579099994,-33.37544718199996],[-70.86909531499998,-33.37544899399995],[-70.86890414899995,-33.375446146999934],[-70.86841872899998,-33.37547373799998],[-70.86742493399998,-33.375519476999955],[-70.86688532399995,-33.37553976499993],[-70.86619396199995,-33.37556519599997],[-70.86575919399996,-33.37558103899994],[-70.86426447099996,-33.375607559999935],[-70.86327325399998,-33.37563437699998],[-70.86291877799994,-33.37568145399996],[-70.86196314099993,-33.375909940999975],[-70.86159241999997,-33.37602883799997],[-70.86144117299995,-33.37603766799998],[-70.86129917899996,-33.376080359999946],[-70.86103105399997,-33.37610943499993],[-70.86081784599997,-33.37614663299996],[-70.86062662099994,-33.37624792299994],[-70.86047995599995,-33.376304999999945],[-70.86023954899997,-33.376333656999975],[-70.86002939899998,-33.37641435199998],[-70.85989333099997,-33.376468286999966],[-70.85940033199995,-33.37668802999997],[-70.85876657699998,-33.37700889799993],[-70.85842372999997,-33.377201930999945],[-70.85760213699996,-33.37765027399996],[-70.85681150599999,-33.37801702599995],[-70.85613462899994,-33.37831705199994],[-70.85563022499997,-33.37853635399995],[-70.85516314599994,-33.37873898999993],[-70.85474537499994,-33.378920009999945],[-70.85463774199997,-33.378974110999934],[-70.85404965899994,-33.37927100899998],[-70.85346792999997,-33.37956602099996],[-70.85291573299997,-33.379845675999945],[-70.85262030299998,-33.380063037999946],[-70.85250077799998,-33.38015322399997],[-70.85213109799997,-33.380503758999964],[-70.85170938899995,-33.38081498399998],[-70.85143140999998,-33.38098376599993],[-70.85110332199997,-33.381123231999936],[-70.85051212499997,-33.38132817999997],[-70.85025514299997,-33.38136064399998],[-70.84923741099993,-33.38156908299993],[-70.84826158399994,-33.38182269999993],[-70.84797588499998,-33.38155573399996],[-70.84778143399996,-33.38164023199994],[-70.84755510899998,-33.38172377199993],[-70.84726835999999,-33.381814652999935],[-70.84672609199998,-33.38202076399995],[-70.84645676799994,-33.38211532099996],[-70.84598839199998,-33.38227869299993],[-70.84572239199997,-33.38238930399996],[-70.84525720599999,-33.382582689999936],[-70.84475615499997,-33.38283530199993],[-70.84443195599994,-33.38305879999996],[-70.84403845499997,-33.383331634999934],[-70.84376439799996,-33.38352790799996],[-70.84338959599995,-33.38377112699993],[-70.84267116999996,-33.38406930899998],[-70.84204073699993,-33.38429698999994],[-70.84164876199998,-33.384421928999984],[-70.84120134699998,-33.38455685599996],[-70.84044863699995,-33.38471769199998],[-70.83977581299996,-33.38504125999998],[-70.83957312999996,-33.38520228999994],[-70.83931362299995,-33.38517379099994],[-70.83909042199997,-33.38510496499998],[-70.83878498299998,-33.38496999999995],[-70.83854291999995,-33.384876747999954],[-70.83819682099994,-33.38479170499994],[-70.83780535099999,-33.38468360799993],[-70.83760849799995,-33.38457642399993],[-70.83748352799995,-33.38444665199995],[-70.83735541199997,-33.384162551999964],[-70.83718171299995,-33.38386519699998],[-70.83708612199996,-33.383623633999946],[-70.83707640799997,-33.383377001999975],[-70.83710163599994,-33.38328551199993],[-70.83729654099994,-33.383085205999976],[-70.83743883499994,-33.38296540599998],[-70.83745849999997,-33.382824641999946],[-70.83735376899995,-33.38269843599994],[-70.83718647299997,-33.382585691999964],[-70.83670746199994,-33.382402955999964],[-70.83636917499996,-33.382240914999954],[-70.83606731999998,-33.38208972399997],[-70.83535655399999,-33.38186105699998],[-70.83456471399995,-33.38157430199993],[-70.83444291099994,-33.38145315099996],[-70.83436504699995,-33.38140874399994],[-70.83415670599999,-33.38140043399994],[-70.83392130199996,-33.381396319999965],[-70.83369422799996,-33.38135791399998],[-70.83334809699994,-33.38125292899997],[-70.83315665699996,-33.38118741999995],[-70.83295601099996,-33.38111445299995],[-70.83280457799998,-33.38097549099996],[-70.83263852299996,-33.380864773999974],[-70.83245453999996,-33.38072322199997],[-70.83241008199997,-33.38054544099998],[-70.83248561999994,-33.38026338099996],[-70.83272441499997,-33.37999789199995],[-70.83278879899996,-33.37987279099997],[-70.83281597899997,-33.37981998099997],[-70.83281408499994,-33.37976492599995],[-70.83278770699997,-33.37970442599993],[-70.83276168999998,-33.37964694899995],[-70.83264948999994,-33.37953949499996],[-70.83262494199994,-33.37943457899996],[-70.83265722299996,-33.37933459299995],[-70.83270498299999,-33.379249999999956],[-70.83272164699997,-33.379201130999945],[-70.83275660899994,-33.37915573799995],[-70.83282407499996,-33.37909417099996],[-70.83284481199996,-33.379017429999976],[-70.83286280099998,-33.378891694999936],[-70.83282991999994,-33.378834378999954],[-70.83277852499998,-33.37872564899993],[-70.83270800299994,-33.37864160199996],[-70.83257012999997,-33.378542686999936],[-70.83242812599997,-33.37845005799994],[-70.83232072999994,-33.378289663999965],[-70.83231686399995,-33.37818732699998],[-70.83232405999996,-33.37803867799994],[-70.83228365399998,-33.377915247999965],[-70.83218885799994,-33.37773926099993],[-70.83214278799994,-33.37767360199996],[-70.83201134199999,-33.37763516199993],[-70.83190530999997,-33.377579039999944],[-70.83182113299995,-33.37749952099995],[-70.83172218699997,-33.37745339099996],[-70.83159049999995,-33.377403415999936],[-70.83142842599995,-33.377379848999965],[-70.83125679199998,-33.37731027399997],[-70.83102413899996,-33.37719977599994],[-70.83076760999995,-33.37709828299995],[-70.83056064299996,-33.37698307799997],[-70.83038813499996,-33.37687169099996],[-70.83020983799997,-33.37673010399993],[-70.82987100699995,-33.37655627199996],[-70.82949470199998,-33.37631665199996],[-70.82936205099998,-33.37622053999996],[-70.82930745299996,-33.376157889999945],[-70.82930576199993,-33.37607715299998],[-70.82929387999997,-33.375920131999976],[-70.82930655399997,-33.37537624699996],[-70.82927884199995,-33.37511994999994],[-70.82923687399995,-33.37500375299993],[-70.82918316999996,-33.37489634399998],[-70.82913602699995,-33.374784586999965],[-70.82909851999995,-33.374635153999975],[-70.82907512299994,-33.374502819999975],[-70.82903541799993,-33.37441254799995],[-70.82897358499997,-33.37433269799993],[-70.82888802799994,-33.37426906099995],[-70.82865113599996,-33.37420188599998],[-70.82843011399996,-33.37412181299993],[-70.82836664099995,-33.37399552099998],[-70.82832262499994,-33.37386348999996],[-70.82826784599996,-33.37370998499995],[-70.82827993299998,-33.37363048799995],[-70.82832472899997,-33.37355339299995],[-70.82839039299995,-33.37344058899998],[-70.82841121399997,-33.37333290899994],[-70.82844060499997,-33.37325892499996],[-70.82843773999997,-33.37320416499995],[-70.82837331499996,-33.37308252899993],[-70.82829947699997,-33.37293270299995],[-70.82817021599993,-33.372740842999974],[-70.82806850099996,-33.37256206999996],[-70.82789292999996,-33.37238582699996],[-70.82778277499995,-33.372214388999964],[-70.82770074699994,-33.37207282199995],[-70.82753850199998,-33.37195839599997],[-70.82736799799994,-33.371859954999934],[-70.82722405199996,-33.37171641499998],[-70.82713762399999,-33.37161096699998],[-70.82703380299995,-33.37149567999995],[-70.82694167799997,-33.37144655999998],[-70.82683083299997,-33.37140636899994],[-70.82669734899997,-33.37135208899997],[-70.82656986399996,-33.371338100999935],[-70.82643634999994,-33.371364582999945],[-70.82627549399996,-33.371398677999935],[-70.82616392599994,-33.37140608899995],[-70.82599373099998,-33.37139500199993],[-70.82579435599996,-33.371367816999964],[-70.82550117699998,-33.37134432899995],[-70.82529928399998,-33.37132876399994],[-70.82514911199996,-33.371277686999974],[-70.82500533099994,-33.371268216999965],[-70.82488629699998,-33.37125374999994],[-70.82481094499997,-33.37121547299995],[-70.82478271299993,-33.371185769999954],[-70.82471283299998,-33.371145094999974],[-70.82463200899997,-33.37110921499993],[-70.82462585899998,-33.371079186999964],[-70.82463854899999,-33.371025713999984],[-70.82466145699993,-33.37093270599996],[-70.82467579399997,-33.370825922999984],[-70.82468141399994,-33.37078171799993],[-70.82467815799998,-33.37073855799997],[-70.82465956299995,-33.37070793199996],[-70.82461317699995,-33.370640615999946],[-70.82458178299999,-33.37056711099996],[-70.82457432899997,-33.37048251699997],[-70.82454969399998,-33.37039220999998],[-70.82448503499995,-33.37029175499998],[-70.82443017599996,-33.37018399699997],[-70.82436586599994,-33.37010023899995],[-70.82425070999994,-33.370032736999974],[-70.82414256099997,-33.369960359999936],[-70.82401057399994,-33.36983584099994],[-70.82385362699995,-33.36967351199996],[-70.82376485699996,-33.36950779499995],[-70.82370753399994,-33.36934996699995],[-70.82367125699994,-33.36917870599996],[-70.82364168699996,-33.36905625999998],[-70.82361715199994,-33.36897072399995],[-70.82355926899999,-33.36883294699993],[-70.82345113699995,-33.36864627799997],[-70.82332731099996,-33.36843574099993],[-70.82324156099997,-33.36827832999995],[-70.82321146899994,-33.368130838999946],[-70.82319117999998,-33.36790804399993],[-70.82313321199996,-33.36771920599995],[-70.82301474999997,-33.367493080999964],[-70.82293570999997,-33.36731648299997],[-70.82284704799997,-33.36708753399995],[-70.82272673999995,-33.36690915599996],[-70.82262914599994,-33.36679725299996],[-70.82253951199993,-33.36658979199996],[-70.82253111799997,-33.366391875999966],[-70.82255888099996,-33.36622325299993],[-70.82256487499996,-33.366033475999984],[-70.82253434099994,-33.36579651499994],[-70.82249026499994,-33.365591963999975],[-70.82243341899994,-33.36545679499994],[-70.82232812399997,-33.365316372999985],[-70.82221609499999,-33.36519394399994],[-70.82203788999993,-33.36503431099993],[-70.82178655099995,-33.36484473199994],[-70.82169636599997,-33.36474703599998],[-70.82165659799995,-33.36468081099997],[-70.82162256899994,-33.364548885999966],[-70.82161297699997,-33.36442972499998],[-70.82160211199994,-33.36431774199997],[-70.82158383799998,-33.364259551999965],[-70.82154534299997,-33.364186149999966],[-70.82148740099996,-33.36406650599997],[-70.82144055399993,-33.36397786099997],[-70.82136211499994,-33.36385360199995],[-70.82126343299996,-33.36368922199995],[-70.82117529699997,-33.36355331799996],[-70.82107130299994,-33.36340691099997],[-70.82096279599995,-33.36324863899995],[-70.82085603499996,-33.36310585099994],[-70.82078921399994,-33.363037635999945],[-70.82066930899998,-33.36294633999995],[-70.82054446499995,-33.36288502899998],[-70.82046056299998,-33.36282174899998],[-70.82039728099994,-33.36278688699997],[-70.82031165599994,-33.36277144099995],[-70.82024555599997,-33.36273781299997],[-70.82017055699998,-33.36268641999993],[-70.82008795299998,-33.362611277999974],[-70.82002838899996,-33.362550114999976],[-70.81996767699997,-33.36250209199994],[-70.81993543499993,-33.36247496699997],[-70.81987833999995,-33.36244494399995],[-70.81981702599995,-33.36243629899997],[-70.81972898099997,-33.362441168999965],[-70.81960143799995,-33.362460933999955],[-70.81951658299994,-33.36248245899998],[-70.81945643599994,-33.36252986899996],[-70.81940758499996,-33.36257353299993],[-70.81936302199995,-33.36261832799994],[-70.81927915999995,-33.36268755899994],[-70.81921597199994,-33.36272546899994],[-70.81912153999997,-33.362765028999945],[-70.81905912699995,-33.362771908999946],[-70.81898739199994,-33.362740748999954],[-70.81891149299997,-33.362714421999954],[-70.81883389899997,-33.36267499599995],[-70.81877223799995,-33.36264965399994],[-70.81868656399996,-33.36263182099998],[-70.81859373299994,-33.36261170699993],[-70.81846028799998,-33.36255281799998],[-70.81828757399995,-33.36245155599994],[-70.81814076699999,-33.36236542399996],[-70.81791646699998,-33.36224463599996],[-70.81776440399994,-33.36211085899998],[-70.81767591999994,-33.36202625799996],[-70.81760130199996,-33.361924751999936],[-70.81751443799993,-33.36184967099996],[-70.81742654899995,-33.36179369299998],[-70.81736371599999,-33.36178029699994],[-70.81720470599998,-33.36179097599995],[-70.81707551899996,-33.36180002499998],[-70.81698351099993,-33.36179811499994],[-70.81690541999996,-33.36175598799997],[-70.81682969599996,-33.361738007999975],[-70.81671786099997,-33.36176111899994],[-70.81661283599993,-33.361769814999946],[-70.81647018699994,-33.36174684899993],[-70.81633312499997,-33.36171902999996],[-70.81619612099996,-33.36162559299993],[-70.81605624999997,-33.36153100599995],[-70.81594045399999,-33.36146841799996],[-70.81583001299998,-33.361385188999975],[-70.81569367899993,-33.36132395299995],[-70.81557165699996,-33.361267279999936],[-70.81544532199996,-33.361208284999975],[-70.81530158499999,-33.36113284099997],[-70.81522195399998,-33.361063617999946],[-70.81516740099994,-33.36103816899998],[-70.81509746199998,-33.36102487599993],[-70.81500533699995,-33.36097015099995],[-70.81495636199998,-33.36090637299998],[-70.81489770799993,-33.360829956999964],[-70.81482035399995,-33.36075691999997],[-70.81472209899994,-33.36068081099995],[-70.81465768099997,-33.360591082999974],[-70.81458745499998,-33.36049547599998],[-70.81452590599997,-33.36040689899994],[-70.81446330599994,-33.36033623399993],[-70.81436696799994,-33.36028395599993],[-70.81425549099998,-33.36025575999997],[-70.81406434999997,-33.36022514899997],[-70.81392432499996,-33.360191404999966],[-70.81379509399994,-33.360128852999935],[-70.81358780599999,-33.36007463499993],[-70.81339499699999,-33.360032117999936],[-70.81318498399997,-33.35998269299995],[-70.81306363399995,-33.359958218999964],[-70.81291839399995,-33.359947216999956],[-70.81278395599998,-33.35990861799996],[-70.81269609699996,-33.35985382999996],[-70.81263433999999,-33.35982371299997],[-70.81252974799997,-33.35978467799998],[-70.81242518099998,-33.35974683499995],[-70.81231914299997,-33.35970662799997],[-70.81217306399998,-33.35965507499998],[-70.81204109799995,-33.35959854399994],[-70.81186068599999,-33.359536754999965],[-70.81171071299997,-33.359503152999935],[-70.81156993599996,-33.359501628999965],[-70.81147728299999,-33.35948985799996],[-70.81136166799996,-33.35946768499997],[-70.81124857499998,-33.35942996599994],[-70.81112932599996,-33.35936966899993],[-70.81104840299997,-33.35930642699998],[-70.81098433599993,-33.35923339499993],[-70.81094931199993,-33.35918976399995],[-70.81094134099999,-33.35914812499993],[-70.81095030099993,-33.35910027299997],[-70.81095617199998,-33.35904053699994],[-70.81094920199996,-33.35897860199998],[-70.81092562199996,-33.35893838299995],[-70.81091642799998,-33.35890630599994],[-70.81091970299997,-33.358858536999946],[-70.81093143099997,-33.35880706599994],[-70.81095852199996,-33.35874224799994],[-70.81101513699997,-33.358661489999974],[-70.81103916199999,-33.35858597999993],[-70.81105828099999,-33.35847952199998],[-70.81106685899994,-33.35834458599993],[-70.81105181899994,-33.35823624099993],[-70.81102450699996,-33.35815312799997],[-70.81098664099994,-33.35810953899994],[-70.81097901599998,-33.35808459699996],[-70.81099844399995,-33.35806164599995],[-70.81103228199999,-33.358048028999974],[-70.81105751799998,-33.35803095899996],[-70.81105836999996,-33.35800350699998],[-70.81103917799999,-33.35796918899996],[-70.81101689599996,-33.35792298699994],[-70.81099347699995,-33.35782192199997],[-70.81094724499997,-33.35771761099994],[-70.81083688599995,-33.35760588499994],[-70.81076645599995,-33.35756873499997],[-70.81069443199993,-33.35752325799996],[-70.81061767499995,-33.357455182999956],[-70.81056586899996,-33.35742491999997],[-70.81049147199997,-33.35740214499998],[-70.81039742499996,-33.35739158699994],[-70.81031572399996,-33.35735937399994],[-70.81020440099996,-33.35733832999995],[-70.81010152999994,-33.35731358399994],[-70.81000392499993,-33.35726847899997],[-70.80990631999998,-33.35722337499993],[-70.80976580699996,-33.35716577299996],[-70.80971777099995,-33.357111593999946],[-70.80968987899996,-33.35706905199993],[-70.80961687999996,-33.35704506299993],[-70.80954017299996,-33.356979371999955],[-70.80948002699995,-33.35688957999997],[-70.80942517199998,-33.356780621999974],[-70.80933492399998,-33.356610142999955],[-70.80926646299997,-33.35646201399993],[-70.80924140399998,-33.35635023499998],[-70.80920073599998,-33.35623987699995],[-70.80915864699995,-33.35612953999998],[-70.80909144599997,-33.35604223599995],[-70.80901257899995,-33.35594078599996],[-70.80893602199995,-33.35588225099997],[-70.80879404199999,-33.35582228299995],[-70.80861414799995,-33.35571633899997],[-70.80848039899996,-33.35564193499994],[-70.80840568299993,-33.355603653999935],[-70.80836522399994,-33.35557203199994],[-70.80835014799999,-33.35553049599997],[-70.80832377799999,-33.35549270299998],[-70.80830097999996,-33.35542145399995],[-70.80827683499996,-33.35535380399995],[-70.80822017499997,-33.35529497799996],[-70.80813359699994,-33.35523300999995],[-70.80804427599998,-33.355175852999935],[-70.80798484799993,-33.35512064699998],[-70.80796808099996,-33.35506601199995],[-70.80793869499996,-33.35501991199993],[-70.80788343299997,-33.354959872999984],[-70.80777911099995,-33.35486475799996],[-70.80770321199998,-33.35476922899994],[-70.80766757499998,-33.354695780999975],[-70.80766168399998,-33.35461712699998],[-70.80765550599995,-33.35459335699994],[-70.80762247399997,-33.35457713499994],[-70.80758640199997,-33.35455141399996],[-70.80755479199996,-33.35453517199994],[-70.80753937199995,-33.35447693899994],[-70.80751203999995,-33.354392632999975],[-70.80750320799996,-33.35430924999997],[-70.80748761499996,-33.35424266799998],[-70.80748361399998,-33.35418665399993],[-70.80746176999997,-33.35409272399994],[-70.80744612799998,-33.354023756999936],[-70.80743958099998,-33.35398209599998],[-70.80744820499996,-33.35395403799998],[-70.80747280099996,-33.35393866399994],[-70.80749389599998,-33.35392761999998],[-70.80750457499994,-33.35389405999996],[-70.80746492199995,-33.353832599999976],[-70.80741784199995,-33.35375573899995],[-70.80737963499996,-33.353695451999954],[-70.80731075399996,-33.35366424299997],[-70.80724451799995,-33.353623451999965],[-70.80717465099997,-33.35354453699995],[-70.80714377099997,-33.35349487899998],[-70.80710603199998,-33.35345725199994],[-70.80707659899997,-33.35340876699996],[-70.80705845999995,-33.35335653799996],[-70.80704475799996,-33.35331259599997],[-70.80700998499998,-33.35328088999995],[-70.80694987799995,-33.35326148399997],[-70.80688952399998,-33.353230150999934],[-70.80684370199998,-33.35321411599995],[-70.80676681299997,-33.35320807699998],[-70.80670258999999,-33.35319588799996],[-70.80662400799997,-33.35317675099998],[-70.80654209099998,-33.353133800999956],[-70.80646703299993,-33.35307882199993],[-70.80640929999998,-33.35303671299994],[-70.80634358299994,-33.35302096699996],[-70.80626355499999,-33.35300065699994],[-70.80617360499997,-33.352981684999975],[-70.80612190099998,-33.35295618999993],[-70.80606544199998,-33.35290690499994],[-70.80597649399994,-33.352867636999974],[-70.80588643999994,-33.35284365499996],[-70.80576206199999,-33.35280967299997],[-70.80568302299997,-33.35278219099996],[-70.80562231599998,-33.35273368299994],[-70.80554046899994,-33.35269407199996],[-70.80547211699997,-33.35264710699994],[-70.80539206399999,-33.35261176499995],[-70.80532413999998,-33.35258555199994],[-70.80527734199995,-33.35254972599995],[-70.80519950699994,-33.35249788799996],[-70.80512849399997,-33.35244594999995],[-70.80508770499995,-33.352370666999946],[-70.80502893499994,-33.35229206699995],[-70.80492607399998,-33.352184758999954],[-70.80483399099995,-33.35210377899995],[-70.80472035999998,-33.35205317699996],[-70.80465046199998,-33.351972590999935],[-70.80456896599998,-33.35190863699995],[-70.80448675099996,-33.35185113499995],[-70.80435329799997,-33.35174928199996],[-70.80425092099995,-33.351624071999936],[-70.80419365099993,-33.35153542699993],[-70.80412336999996,-33.35143623499994],[-70.80406282299998,-33.351354080999954],[-70.80403490999998,-33.35124138799995],[-70.80392944499994,-33.35109045299998],[-70.80379106299995,-33.350914941999974],[-70.80369471699998,-33.35073484199995]]]}},{"type":"Feature","properties":{"CUT_REG":"13","CUT_PROV":"131","CUT_COM":"13125","REGION":"Metropolitana de Santiago","PROVINCIA":"Santiago","COMUNA":"Quilicura","SUPERFICIE":57.33},"geometry":{"type":"Polygon","coordinates":[[[-70.75691138099995,-33.383715593999966],[-70.75720304699996,-33.383636242999955],[-70.75741455199994,-33.38347576799998],[-70.75760776099997,-33.38339548499994],[-70.75815139899998,-33.382991697999955],[-70.75871726399998,-33.38270331799998],[-70.75884703299994,-33.382509400999936],[-70.76070418499995,-33.381130767999935],[-70.76224355599999,-33.379897993999975],[-70.76326200899996,-33.37910209499995],[-70.76349693599997,-33.37894067999997],[-70.76399353299996,-33.378533957999935],[-70.76478787599996,-33.37808422699993],[-70.76523783999994,-33.37783325699996],[-70.76570111399997,-33.37753735699994],[-70.76649061799998,-33.37702504999993],[-70.76744365199994,-33.376513391999936],[-70.76784493299994,-33.376316791999955],[-70.76846305099997,-33.37594411199996],[-70.76992678299996,-33.37527074899998],[-70.77059740899995,-33.374962239999945],[-70.77205988899993,-33.374156950999975],[-70.77431632499997,-33.37271395899995],[-70.77701621199998,-33.37070683999997],[-70.77983669199995,-33.368448591999936],[-70.78178372499997,-33.366836915999954],[-70.78305741199995,-33.36584929299994],[-70.78446451599996,-33.36478219199995],[-70.78507342399996,-33.36431412299993],[-70.78602096999998,-33.36359012599996],[-70.78719805399999,-33.36270577499994],[-70.78744684399999,-33.36251973999998],[-70.78943526399996,-33.36103321599995],[-70.79013545199996,-33.360512505999964],[-70.79074025599994,-33.36005520499998],[-70.79245945199995,-33.35875624299996],[-70.79288413799998,-33.35843933299998],[-70.79384847399996,-33.357719722999946],[-70.79533671399997,-33.35659326299998],[-70.79550033899994,-33.356469413999946],[-70.79575772499999,-33.356265262999955],[-70.79721282499997,-33.35512753599994],[-70.79917900599997,-33.35368174499996],[-70.80092558699994,-33.35234409499998],[-70.80135117399993,-33.35202534899997],[-70.80164068299996,-33.351863668999954],[-70.80241036299998,-33.351204208999945],[-70.80260665899993,-33.351073207999946],[-70.80277265599995,-33.350960104999956],[-70.80332678099995,-33.350775373999966],[-70.80335377199998,-33.35076637599997],[-70.80348506499996,-33.35072260599998],[-70.80369471699998,-33.35073484199995],[-70.80344175399995,-33.350362351999934],[-70.80334118599995,-33.35017646199998],[-70.80322421299996,-33.34996025199996],[-70.80313444699993,-33.34979432899996],[-70.80278630799995,-33.349230715999965],[-70.80258868299995,-33.34890917699994],[-70.80237702899996,-33.34856875799994],[-70.80210901399994,-33.348141375999944],[-70.80188161599995,-33.34791949899994],[-70.80165272499994,-33.34762512799995],[-70.80156328399994,-33.34747757899993],[-70.80126213099999,-33.34720715599997],[-70.80096239299996,-33.34700540899996],[-70.80073186899995,-33.34685227299997],[-70.80051631999999,-33.34676380199994],[-70.80026361699998,-33.34663770299994],[-70.79984905499998,-33.34638036999996],[-70.79951984899998,-33.34607218299993],[-70.79923132399995,-33.34575195499997],[-70.79901232499998,-33.34549560099998],[-70.79880787099995,-33.34513199399993],[-70.79868875899996,-33.344798038999954],[-70.79858215199994,-33.34425762899997],[-70.79840359299999,-33.34353506499997],[-70.79832889299996,-33.343219370999975],[-70.79822636999995,-33.342877363999946],[-70.79816295599994,-33.342447007999965],[-70.79814170999998,-33.342077107999955],[-70.79813974499996,-33.34198155299998],[-70.79813715999995,-33.34185581199995],[-70.79812422499998,-33.341668986999935],[-70.79806731899998,-33.34133395099997],[-70.79794144299996,-33.34096174899997],[-70.79777873199998,-33.34056718099998],[-70.79758655299997,-33.34006617399996],[-70.79752808199999,-33.33965482999997],[-70.79749414399998,-33.339330910999934],[-70.79752542599994,-33.33919492999996],[-70.79753663199995,-33.339169168999945],[-70.79762314399994,-33.33897028499996],[-70.79770825199995,-33.33846526299993],[-70.79776138599993,-33.33817443399994],[-70.79783183199999,-33.337901518999956],[-70.79575000799997,-33.33840275299997],[-70.79448777599998,-33.33871031099994],[-70.79438490399997,-33.34010465399996],[-70.79427633099993,-33.34014214599995],[-70.79375137299996,-33.34017944699997],[-70.79330489399996,-33.34040283699994],[-70.79302627199996,-33.34054224199997],[-70.79249157799995,-33.340809768999975],[-70.79204300299995,-33.34103316299996],[-70.79155013899998,-33.340995702999976],[-70.78863060899994,-33.340321252999956],[-70.78798806599997,-33.34017281699994],[-70.78414697999995,-33.339309439999965],[-70.78147695199993,-33.33871547399997],[-70.77912053099993,-33.33816467699995],[-70.77815635399998,-33.337943801999984],[-70.77730699299997,-33.33774922899994],[-70.77606498399996,-33.33748067299996],[-70.77525908099994,-33.33729528699996],[-70.77482052099998,-33.337194402999955],[-70.77455131499994,-33.337132475999965],[-70.77306607499997,-33.336783854999965],[-70.77158157199995,-33.33647099499996],[-70.76981096799994,-33.336066753999944],[-70.76816493499996,-33.33568788699995],[-70.76401389899996,-33.33473244499993],[-70.76378361999997,-33.33467944199998],[-70.76351379299996,-33.33461733599995],[-70.75638816599997,-33.332952638999984],[-70.75002060599996,-33.33151545399994],[-70.74546600399998,-33.33047003099995],[-70.74333828399995,-33.32996305299997],[-70.73657093599996,-33.32841147599993],[-70.73452261999995,-33.32794850799996],[-70.73171691199997,-33.327314350999984],[-70.72801983499994,-33.32647872299998],[-70.72559299899996,-33.32592787599998],[-70.72368160499997,-33.32549015999996],[-70.72288796299995,-33.32530841299996],[-70.71935448899995,-33.32449923399997],[-70.71896330799996,-33.32441063199997],[-70.71740913699995,-33.32405860199998],[-70.71429178999995,-33.32329592299993],[-70.71378946899995,-33.32317302699994],[-70.71322891599993,-33.32303588399998],[-70.71274097199995,-33.322916505999956],[-70.71219541599999,-33.32278303199996],[-70.70864416199998,-33.32191419499998],[-70.70889772999993,-33.321439028999976],[-70.70923039299998,-33.32083435699997],[-70.70940109699995,-33.32053264999996],[-70.70972495899997,-33.32009318199994],[-70.71027062699994,-33.31969935999996],[-70.71063459699997,-33.319534001999955],[-70.71094983399996,-33.31937729799995],[-70.71104122099996,-33.31925352199994],[-70.71118306099999,-33.319094562999965],[-70.71131403599998,-33.31889649499993],[-70.71114999899999,-33.31877999999995],[-70.70999213399995,-33.318276770999944],[-70.70926498399996,-33.317969999999946],[-70.70669793699994,-33.31893095199996],[-70.70504046399998,-33.31886499799998],[-70.70358011399998,-33.318967028999964],[-70.70207837899994,-33.319202366999946],[-70.70128017899998,-33.31937078599998],[-70.70048114199994,-33.31949626099998],[-70.69937412399997,-33.31956867899993],[-70.69879837399998,-33.319776987999944],[-70.69851216499995,-33.31996701899993],[-70.69832498299996,-33.320149999999956],[-70.69716939299997,-33.32107343799993],[-70.69616062799997,-33.32181736699994],[-70.69550709699996,-33.32241327299994],[-70.69505398699994,-33.322791689999974],[-70.69458271599996,-33.32311308699997],[-70.69403498299994,-33.32317999999998],[-70.69349241599997,-33.32317090799995],[-70.69287120199994,-33.323319218999984],[-70.69207118899993,-33.323753400999976],[-70.69152698599999,-33.32421323099993],[-70.69140920799998,-33.324312748999944],[-70.69119864999993,-33.32449066199996],[-70.69068047699994,-33.32532808199994],[-70.69026514499996,-33.32619273399996],[-70.69000064299996,-33.32662583299998],[-70.68978498399997,-33.32692999999995],[-70.68897518899996,-33.327689669999984],[-70.68802799499997,-33.32809946799995],[-70.68783636699999,-33.32818237499998],[-70.68642197299994,-33.32853564499993],[-70.68548460199997,-33.32886333699997],[-70.68472725599997,-33.32909313499994],[-70.68404837199995,-33.32926459899994],[-70.68336678299994,-33.329523791999975],[-70.68297365599994,-33.32967328999996],[-70.68228209499995,-33.33022887699997],[-70.68226825199997,-33.33023999799997],[-70.68204672299998,-33.33041796999993],[-70.68168023199996,-33.33087152199994],[-70.68144977499998,-33.331304142999954],[-70.68121686699993,-33.33170081099996],[-70.68117999999998,-33.33200999899998],[-70.68102337499994,-33.332552170999975],[-70.68086466799997,-33.33310663599997],[-70.68077183799994,-33.33361636999996],[-70.68056616499996,-33.33423788099998],[-70.68035521999997,-33.334799085999975],[-70.68024520699998,-33.33528733999998],[-70.68025073199993,-33.335911316999955],[-70.68003988099997,-33.336197383999945],[-70.68002422199999,-33.33686222999995],[-70.67997343499997,-33.337110190999965],[-70.67995917499996,-33.33735074499998],[-70.67999378699994,-33.33748693899997],[-70.68003318399997,-33.33764196299995],[-70.68011683399999,-33.33782718699996],[-70.68025724599994,-33.33795564899998],[-70.68042053599999,-33.338074819999974],[-70.68073313899998,-33.338260151999975],[-70.68136328699995,-33.33872912999993],[-70.68251999999995,-33.33958999899994],[-70.68367420099997,-33.34023375899994],[-70.68466100399996,-33.34065943899998],[-70.68556448799995,-33.341157512999985],[-70.68620893199994,-33.341626892999955],[-70.68694419699995,-33.34224606399994],[-70.68733117899995,-33.34265239499996],[-70.68750008899997,-33.34284099799993],[-70.68759925599994,-33.34306221399993],[-70.68761451199998,-33.34331394299994],[-70.68758551299999,-33.34364405699995],[-70.68758271699994,-33.34443251099998],[-70.68775685799994,-33.34561280599996],[-70.68822123699994,-33.346889845999954],[-70.68871227199998,-33.34715548499997],[-70.68915409899995,-33.34775207699994],[-70.68976411299997,-33.34857576799993],[-70.69048507999997,-33.349714812999935],[-70.69099999999997,-33.350169998999945],[-70.69172342299998,-33.35072096499994],[-70.69201765699995,-33.351362506999976],[-70.69234181199994,-33.35224571599997],[-70.69273806099994,-33.35289082399993],[-70.69252707899994,-33.35365403399993],[-70.69238937599994,-33.35415215499995],[-70.69220069199997,-33.355237417999945],[-70.69201524399995,-33.35612280099997],[-70.69189575499996,-33.35655989199995],[-70.69177551299998,-33.35695821899998],[-70.69141865999995,-33.35798612099995],[-70.69085302799994,-33.35961338799996],[-70.69055642399996,-33.360449578999976],[-70.69024285499995,-33.36132775599998],[-70.68986614599999,-33.362433470999974],[-70.68979999999993,-33.36292999899996],[-70.68969696999994,-33.36348399099995],[-70.68964457399994,-33.36418293799994],[-70.68961394799999,-33.364729497999974],[-70.68959950299995,-33.364780861999975],[-70.68945977199996,-33.365277739999954],[-70.68943187099995,-33.36533675599998],[-70.68917485699995,-33.36579160699995],[-70.68889325999999,-33.366227640999966],[-70.68994620299998,-33.36614727899996],[-70.69104686099996,-33.36607043099997],[-70.69206483099998,-33.36599422599994],[-70.69454059799995,-33.36586718899997],[-70.69674593599996,-33.36586820699995],[-70.69733189799996,-33.36587967899993],[-70.69874854399995,-33.36595671199996],[-70.69946708499998,-33.36601947899993],[-70.69993739999995,-33.36610535099993],[-70.70025777899997,-33.366192970999975],[-70.70018744799995,-33.36637140299996],[-70.69918081899993,-33.36860297499993],[-70.69852329999998,-33.37004784299995],[-70.69810304299995,-33.37099860699993],[-70.69749961899998,-33.37231247999995],[-70.69656572299994,-33.37437320199996],[-70.69567684299994,-33.37636571099995],[-70.69496072399994,-33.37799783699995],[-70.69415205999996,-33.37981798499993],[-70.69348738199994,-33.381292207999934],[-70.69429985499994,-33.381530090999945],[-70.69485096699998,-33.38171643399994],[-70.69466800699996,-33.38218123699994],[-70.69415089699999,-33.38338133999997],[-70.69551897799994,-33.38377707999996],[-70.69560930099993,-33.38356662299998],[-70.69583717199998,-33.38299800699997],[-70.69617600999999,-33.38208641399996],[-70.69636999999994,-33.38215999999994],[-70.69756301199999,-33.382324439999934],[-70.69840147699995,-33.382441814999936],[-70.70000822199995,-33.38257729399993],[-70.70111917299994,-33.382754327999976],[-70.70254390699995,-33.38305858999996],[-70.70328999999998,-33.38320999899997],[-70.70369997499995,-33.38327473199996],[-70.70402465399997,-33.38338633999996],[-70.70432904199998,-33.38354868099998],[-70.70454211399993,-33.38373131299994],[-70.70478562499994,-33.383873361999974],[-70.70502027099997,-33.38400854499997],[-70.70517515899996,-33.38413706799997],[-70.70580203099996,-33.38477410099995],[-70.70648334599997,-33.38558077099998],[-70.70691245299997,-33.38595160099993],[-70.70693263599998,-33.38596904299993],[-70.70702146899998,-33.38604581199996],[-70.70776999999998,-33.38686999899994],[-70.71115999999995,-33.39086999999995],[-70.71273898499999,-33.39129273799995],[-70.71511538599998,-33.39150328899996],[-70.71692508899997,-33.39153552399995],[-70.71834489999998,-33.39170198099998],[-70.71897619599997,-33.39169323599998],[-70.71979425499995,-33.39176677699993],[-70.72064855899998,-33.39168437099994],[-70.72230385899996,-33.39167571899998],[-70.72341362999998,-33.39179630099994],[-70.72422448899994,-33.39181740999993],[-70.72506320099995,-33.391763992999984],[-70.72600320099997,-33.391466829999956],[-70.72685601499995,-33.39144064599998],[-70.72800397999998,-33.391668041999935],[-70.72975356099994,-33.39211270599998],[-70.73026892399997,-33.392280711999945],[-70.73122808899996,-33.392453443999955],[-70.73201833999997,-33.39271442599994],[-70.73382151799996,-33.39327621099994],[-70.73507474199994,-33.39364523199998],[-70.73616473499999,-33.39352976899994],[-70.73677214299994,-33.39317767499995],[-70.73704767599997,-33.392443682999954],[-70.73739173699994,-33.39172304699997],[-70.73803891499995,-33.39079773599997],[-70.73884191399998,-33.38998476799998],[-70.73939667599996,-33.38956181699996],[-70.74054999999998,-33.38941999999997],[-70.74163895299995,-33.38930734099995],[-70.74254151799994,-33.389324055999964],[-70.74384599399997,-33.38931324799995],[-70.74606743199996,-33.389580732999946],[-70.74830257699995,-33.39028130599996],[-70.74887062899995,-33.390201787999956],[-70.74931996199996,-33.390140275999954],[-70.74957499799996,-33.38996175199998],[-70.74970251399998,-33.38955369699994],[-70.75000193899996,-33.38956980599994],[-70.75106130599994,-33.389626798999984],[-70.75128276099997,-33.38946476199993],[-70.75139258199994,-33.38938113199998],[-70.75129722499997,-33.389164869999945],[-70.75114891299995,-33.388804282999956],[-70.75108411999997,-33.38841006699994],[-70.75113763899998,-33.38812871199997],[-70.75135069999999,-33.387860374999946],[-70.75139898499998,-33.38777188699993],[-70.75160353599995,-33.38741968099998],[-70.75170051999999,-33.387036542999965],[-70.75153782899997,-33.38641273899998],[-70.75144934899998,-33.38611382199997],[-70.75144604399998,-33.38597738599998],[-70.75157211399994,-33.38579044099998],[-70.75169804699993,-33.38564177599994],[-70.75215731899993,-33.38542060899994],[-70.75298584499996,-33.38519099599995],[-70.75340916799996,-33.38509623699997],[-70.75356925499995,-33.38501972299997],[-70.75491627399998,-33.38454871699997],[-70.75548850099995,-33.384300113999984],[-70.75593291899997,-33.38410658399994],[-70.75631248699995,-33.383941411999956],[-70.75652463399996,-33.38387061399993],[-70.75681268299996,-33.38374708899994],[-70.75686999899995,-33.38372690799997],[-70.75691138099995,-33.383715593999966]]]}},{"type":"Feature","properties":{"CUT_REG":"13","CUT_PROV":"131","CUT_COM":"13126","REGION":"Metropolitana de Santiago","PROVINCIA":"Santiago","COMUNA":"Quinta Normal","SUPERFICIE":11.81},"geometry":{"type":"Polygon","coordinates":[[[-70.72153307499997,-33.43659829499995],[-70.72129124499997,-33.43550397299998],[-70.72101402199996,-33.43414457399996],[-70.72084850799996,-33.433400751999955],[-70.72068531299993,-33.432621488999985],[-70.72051529199996,-33.43180185199998],[-70.72024998599994,-33.430586449999964],[-70.71999229399995,-33.429603628999985],[-70.71973732499998,-33.428605594999965],[-70.71926104999994,-33.42678610299998],[-70.71894391899997,-33.42554106399996],[-70.71856394799994,-33.42416790499993],[-70.71845559299999,-33.42387348799997],[-70.71828182499996,-33.42316771299994],[-70.71807897899998,-33.422363701999984],[-70.71778645499995,-33.42114108099997],[-70.71746456099999,-33.41980505099997],[-70.71718979799994,-33.41856447699996],[-70.71692331499997,-33.41743760299994],[-70.71676796399998,-33.416746745999944],[-70.71668389599995,-33.416459577999944],[-70.71661422799997,-33.416291083999965],[-70.71649606999995,-33.41611061499998],[-70.71618535099998,-33.41564700899994],[-70.71585609799996,-33.41516089399994],[-70.71638544399997,-33.41493352699996],[-70.71689739299995,-33.414741807999974],[-70.71732718599998,-33.41451328499994],[-70.71766978799997,-33.41429861499995],[-70.71813159699997,-33.41401147499994],[-70.71866456899994,-33.41366264499993],[-70.71890881399997,-33.41350750699996],[-70.71921572599996,-33.41331861899994],[-70.71952318499996,-33.41315754499993],[-70.72001692699996,-33.41296100699998],[-70.72046865599998,-33.41277516699995],[-70.72088158599996,-33.41261009699997],[-70.72139039699994,-33.41241334399996],[-70.72177297399998,-33.412238575999936],[-70.72196670299996,-33.41212207099994],[-70.72218561999995,-33.41190657699997],[-70.72240769499996,-33.41167798399994],[-70.72183753899998,-33.41123719099994],[-70.72127388399997,-33.410790765999934],[-70.72095762099997,-33.41049601499998],[-70.72078980399993,-33.41035985299993],[-70.72042377399998,-33.410220900999946],[-70.72017175099995,-33.41016899999994],[-70.71978029299999,-33.41008025499997],[-70.71944231699996,-33.41002400399998],[-70.71912502499998,-33.41001178399995],[-70.71882170299995,-33.41003814599998],[-70.71853710099998,-33.410008851999976],[-70.71829999999994,-33.40997999999996],[-70.71817763199994,-33.409932158999936],[-70.71802825799995,-33.40990129099998],[-70.71785797699994,-33.40992273799998],[-70.71771105199997,-33.40997440299998],[-70.71744162899995,-33.41004685199994],[-70.71716500399998,-33.410099869999954],[-70.71686091899994,-33.41008746099993],[-70.71637734199999,-33.41001659899996],[-70.71586615399997,-33.409885180999936],[-70.71544708799996,-33.409735867999984],[-70.71522634499996,-33.40959488999994],[-70.71503125299995,-33.40941477999996],[-70.71482371699994,-33.409273618999975],[-70.71456745599994,-33.40900571999998],[-70.71441078999999,-33.40876414199994],[-70.71417564599994,-33.40856242499996],[-70.71382077399994,-33.40831804599998],[-70.71354019199998,-33.40813862999994],[-70.71334639199995,-33.40804207799994],[-70.71313378099995,-33.40797853899994],[-70.71287603499997,-33.407971018999945],[-70.71254706599996,-33.408036497999944],[-70.71234203799997,-33.408022708999965],[-70.71203839399993,-33.40803243999994],[-70.71162866299994,-33.40802147599993],[-70.71119143299995,-33.407955493999964],[-70.71077423099996,-33.40790031299997],[-70.71019854899998,-33.40784731499997],[-70.70929919899999,-33.407793235999975],[-70.70856536499997,-33.407759028999976],[-70.70809685599994,-33.40778210099995],[-70.70769405499993,-33.407787646999964],[-70.70715875399998,-33.40777285699994],[-70.70676905099998,-33.40777267999994],[-70.70648424199999,-33.407732281999984],[-70.70623926999997,-33.40770241399997],[-70.70582304599998,-33.40769705899993],[-70.70564551399997,-33.407738277999954],[-70.70532509199995,-33.40790333399997],[-70.70505630399998,-33.40800674199994],[-70.70480007199995,-33.408076739999956],[-70.70455618199998,-33.408102249999956],[-70.70411473199994,-33.40815817299995],[-70.70382483399999,-33.40819539299997],[-70.70344432699994,-33.40832803099994],[-70.70312931099994,-33.40843206999995],[-70.70259313099996,-33.40871087399995],[-70.70197835399995,-33.40902399099997],[-70.70137688799997,-33.40934246299997],[-70.70082954099996,-33.40972666499994],[-70.70035353199995,-33.410043411999936],[-70.70001425099997,-33.41025856899995],[-70.69961683099996,-33.41054099699994],[-70.69933069799998,-33.41077204299995],[-70.69898642599998,-33.41107036099993],[-70.69860891799993,-33.41135805299996],[-70.69813278399994,-33.41166925299996],[-70.69772117399998,-33.41190201399996],[-70.69729125999999,-33.41221257799998],[-70.69648988599994,-33.41278304599996],[-70.69547122299997,-33.41338971699997],[-70.69496822099995,-33.41367911399993],[-70.69471443899994,-33.413876469999934],[-70.69452712499998,-33.41409507599997],[-70.69428112799994,-33.414353259999984],[-70.69401434999997,-33.41456187099993],[-70.69381242599997,-33.414708659999974],[-70.69361028699996,-33.41484437199995],[-70.69331622999994,-33.41500903599996],[-70.69306987799996,-33.41519187499995],[-70.69291834899997,-33.41537409199998],[-70.69268962299998,-33.415737743999955],[-70.69229242699998,-33.41637468399995],[-70.69198521199996,-33.41688298399998],[-70.69180577699996,-33.41716795399998],[-70.69150129299999,-33.41747678799993],[-70.69105790599997,-33.41777643499995],[-70.69077290799999,-33.418068382999934],[-70.69049961299999,-33.41828261499995],[-70.69007495799997,-33.41852660799998],[-70.68957147899994,-33.41879383099996],[-70.68921264599999,-33.419025844999965],[-70.68884699299997,-33.419246870999984],[-70.68853981099994,-33.41941724299994],[-70.68834618599993,-33.41965254499996],[-70.68795518299999,-33.41992930999993],[-70.68766652299996,-33.42003295199993],[-70.68748884999997,-33.42006860799995],[-70.68722360699996,-33.420016819999944],[-70.68701226899998,-33.42001969499995],[-70.68683491699994,-33.42007196399993],[-70.68657916999996,-33.42016961699994],[-70.68620454499995,-33.420268884999984],[-70.68577761899996,-33.42039656099996],[-70.68529871399994,-33.42056925999998],[-70.68491162499998,-33.42070747099996],[-70.68453699599996,-33.42080673499993],[-70.68402081199997,-33.42110180699996],[-70.68360262199997,-33.421340149999935],[-70.68330437799995,-33.42163226099996],[-70.68303722999997,-33.421824234999974],[-70.68248822599998,-33.42213082599994],[-70.68218687799998,-33.42226232599995],[-70.68149746499995,-33.42248218299994],[-70.68060480299994,-33.42278234499997],[-70.67985700699995,-33.42305837999993],[-70.67920049799994,-33.42327223899997],[-70.67824954999998,-33.423634109999966],[-70.67740959399998,-33.423927996999964],[-70.67680217999998,-33.424290749999955],[-70.67643689799996,-33.42453389399998],[-70.67587485599995,-33.42485171199996],[-70.67503700799995,-33.42525634799995],[-70.67430291399995,-33.42555986299993],[-70.67342329699994,-33.42585425899995],[-70.67297032999994,-33.42600440199993],[-70.67220820899996,-33.42622518899998],[-70.67141426999996,-33.42646412299996],[-70.67143970499995,-33.42655059799995],[-70.67157404899996,-33.42695356599995],[-70.67171354899995,-33.42749330999993],[-70.67176629799997,-33.42780674699998],[-70.67178347499998,-33.42801830199994],[-70.67178644899997,-33.42831489799994],[-70.67372019699997,-33.42767887599996],[-70.67593720099995,-33.426958723999974],[-70.67620737899995,-33.426792347999935],[-70.67662294299998,-33.42661393999998],[-70.67686860399994,-33.42656828499997],[-70.67722995399998,-33.426557542999944],[-70.67754452399998,-33.426606026999934],[-70.67792307499997,-33.42675755199997],[-70.67832370099995,-33.42692728499998],[-70.67903173199994,-33.42722509599997],[-70.67934870599998,-33.42741151699994],[-70.67965534499996,-33.42765709799994],[-70.67991888299997,-33.42789984199993],[-70.68022063699993,-33.428280488999974],[-70.68036891199995,-33.42853799799997],[-70.68059588799997,-33.428963642999975],[-70.68068041899994,-33.42941834399994],[-70.68072797499997,-33.42989527299994],[-70.68069542099994,-33.43026326399996],[-70.68063976199994,-33.431031090999966],[-70.68055270999997,-33.43254152199995],[-70.68047201099995,-33.43432397699996],[-70.68026598099993,-33.436117009999975],[-70.68009255799996,-33.438204294999935],[-70.68007286799997,-33.438441274999946],[-70.68176967999995,-33.438565507999954],[-70.68182273699995,-33.43792293499996],[-70.68188826999994,-33.43792681799994],[-70.68192903999994,-33.437466065999956],[-70.68143191799999,-33.437427070999945],[-70.68142130399997,-33.43747263999995],[-70.68132162899997,-33.43746921899998],[-70.68133016599995,-33.43734428199997],[-70.68077671599997,-33.43732628499998],[-70.68087896999998,-33.436029436999945],[-70.68262844899994,-33.436316913999974],[-70.68362864099998,-33.43653001299998],[-70.68372640699994,-33.43761315499995],[-70.68379762999996,-33.43761695999996],[-70.68379964499997,-33.437573982999936],[-70.68423868599996,-33.43761335499994],[-70.68414714999994,-33.43870812999995],[-70.68592818999997,-33.43882622499996],[-70.68649283999997,-33.43886866699995],[-70.68677036099996,-33.43888952699996],[-70.68868414099995,-33.43901758599998],[-70.69103033999994,-33.43916664499994],[-70.69180923099998,-33.43926787799995],[-70.69174408599997,-33.43963054599993],[-70.69171256499999,-33.44013200899997],[-70.69176781799996,-33.44112644099994],[-70.69185469299998,-33.442198950999966],[-70.69203903999994,-33.444474802999935],[-70.69204632699996,-33.44534651999993],[-70.69213712299995,-33.44659223799994],[-70.69225281399997,-33.44797648399998],[-70.69286367699993,-33.44794953199994],[-70.69358702799997,-33.447911018999946],[-70.69413802199995,-33.447879152999974],[-70.69480847299997,-33.447842786999956],[-70.69621441699996,-33.44777774499994],[-70.69677000099995,-33.44773999999995],[-70.69763538899997,-33.44769530199994],[-70.69827414999997,-33.44769800599994],[-70.69919673999993,-33.44780562099993],[-70.70046865999996,-33.44796140799997],[-70.70272845099998,-33.448243917999946],[-70.70424727299996,-33.44844924499995],[-70.70541643299998,-33.44858921399998],[-70.70568011799998,-33.44862423999996],[-70.70577088699997,-33.448637306999956],[-70.70661156999995,-33.448747424999965],[-70.70710247199997,-33.44878647799993],[-70.70715308899997,-33.448406397999975],[-70.70723162799999,-33.44779544099998],[-70.70726855399994,-33.44732678799994],[-70.70732462299998,-33.44617927799993],[-70.70733097399994,-33.445457646999955],[-70.70733389799994,-33.44460877699993],[-70.70733429299997,-33.44449411199997],[-70.70734343199996,-33.44347895699997],[-70.70734905599994,-33.44209158299998],[-70.70732543499997,-33.44134034299998],[-70.70724982199994,-33.44079306799995],[-70.70717303799995,-33.43957580399996],[-70.70708781099995,-33.43853761099996],[-70.70706954999997,-33.438057829999934],[-70.71020314599997,-33.43817145699995],[-70.71067886699996,-33.438124425999945],[-70.71252280199997,-33.43785363599994],[-70.71338326199998,-33.43773552099998],[-70.71481198099997,-33.43752101899997],[-70.71550409199995,-33.437433038999984],[-70.71703850499995,-33.43722463599994],[-70.71766742699998,-33.437145106999935],[-70.71853365399994,-33.43701422999993],[-70.71990544399995,-33.43682069199997],[-70.72048667999996,-33.43674127299994],[-70.72153307499997,-33.43659829499995]]]}},{"type":"Feature","properties":{"CUT_REG":"13","CUT_PROV":"131","CUT_COM":"13127","REGION":"Metropolitana de Santiago","PROVINCIA":"Santiago","COMUNA":"Recoleta","SUPERFICIE":15.61},"geometry":{"type":"Polygon","coordinates":[[[-70.63537643299998,-33.435695334999934],[-70.63540099999994,-33.435690782999984],[-70.63571585399995,-33.43563244699993],[-70.63670870699997,-33.43540749699997],[-70.63878394099999,-33.43493436299997],[-70.64035431399998,-33.43456033899997],[-70.64236509599993,-33.43408435899994],[-70.64329404799997,-33.433886507999944],[-70.64495739299997,-33.43349268299994],[-70.64653863999996,-33.43311211399998],[-70.64834325399994,-33.43266371499993],[-70.64935277499995,-33.43243639099995],[-70.64941091299994,-33.43242453999994],[-70.65029947599999,-33.43224340599994],[-70.65152634899994,-33.43195053399995],[-70.65160731799995,-33.431931205999945],[-70.65170120999994,-33.43119562299995],[-70.65166002299998,-33.430432534999966],[-70.65149738199995,-33.428578982999966],[-70.65136118699996,-33.42698896699994],[-70.65128866499998,-33.42619641799996],[-70.65128033799994,-33.426094638999984],[-70.65125231399998,-33.42575212599996],[-70.65117583999995,-33.42481743899998],[-70.65104429599995,-33.42330671899998],[-70.65077914599993,-33.42130667199996],[-70.65063141699994,-33.42050848499997],[-70.65050111799997,-33.41982640899994],[-70.65035063599998,-33.41903736799998],[-70.65017138399998,-33.41809762999998],[-70.65011283799998,-33.417763940999976],[-70.65052621499996,-33.41769301199997],[-70.65051937599998,-33.41764609799998],[-70.65156386799998,-33.41746431799993],[-70.65264672699993,-33.41743763599993],[-70.65267110699995,-33.41527833499998],[-70.65268253799997,-33.41381063999995],[-70.65268787899998,-33.41296114499994],[-70.65268739599998,-33.41221739499997],[-70.65268947099997,-33.41127469799994],[-70.65349399599995,-33.41127655499997],[-70.65348612899999,-33.410497738999936],[-70.65347918999998,-33.40959658099996],[-70.65324587199996,-33.409605082999974],[-70.65315633399996,-33.40940812699995],[-70.65317098399998,-33.40831941199997],[-70.65315256099996,-33.407232059999956],[-70.65325348299996,-33.407205904999955],[-70.65305383999998,-33.40640055099993],[-70.65396586199995,-33.40620699899995],[-70.65483339799994,-33.40597271599995],[-70.65541750099999,-33.40580266899997],[-70.65721043199994,-33.40527602299994],[-70.65730530899998,-33.40481779899994],[-70.65745261599994,-33.404059324999935],[-70.65768071299993,-33.402880600999936],[-70.65789095299994,-33.40192212499994],[-70.65800218599998,-33.401446626999984],[-70.65820674999998,-33.40055991199995],[-70.65824726799997,-33.40031522299995],[-70.65826847399995,-33.40013542299994],[-70.65827129199994,-33.40007248899997],[-70.65827074399994,-33.39997739699993],[-70.65826219999997,-33.399908263999976],[-70.65819997799997,-33.399677914999984],[-70.65788443699995,-33.398509743999966],[-70.65779585799999,-33.39792870599996],[-70.65775935399995,-33.39743323499994],[-70.65774999999996,-33.39647999999994],[-70.65766999999994,-33.39560999899993],[-70.65761803999999,-33.395076158999984],[-70.65754422599997,-33.39456327099998],[-70.65748607699999,-33.39422407699993],[-70.65741495599997,-33.393926765999936],[-70.65726657699997,-33.393315376999965],[-70.65723311099998,-33.393185623999955],[-70.65720445399995,-33.39294516899997],[-70.65722017799999,-33.39194546599998],[-70.65730391799997,-33.39116698399994],[-70.65735491899994,-33.39044015099995],[-70.65741569099998,-33.38954830299997],[-70.65742459799998,-33.38864229799998],[-70.65723835399996,-33.38729249499994],[-70.65717574599995,-33.386779496999964],[-70.65714882899994,-33.386365222999984],[-70.65715657999993,-33.38624976299997],[-70.65721244799994,-33.38522485699997],[-70.65725264199995,-33.38494501799994],[-70.65733682099994,-33.38434420799996],[-70.65752906799997,-33.383107725999935],[-70.65760348899994,-33.38156687199995],[-70.65764870199996,-33.380640030999984],[-70.65773313799997,-33.378904182999975],[-70.65773543499995,-33.37843912099993],[-70.65769459699999,-33.37820487499994],[-70.65759433999995,-33.37794049599995],[-70.65725884499994,-33.37728022899995],[-70.65713087299997,-33.37706224799996],[-70.65676033499994,-33.376408942999944],[-70.65562351099999,-33.37683905999995],[-70.65293819199997,-33.377819002999956],[-70.65209146599994,-33.37812756899996],[-70.65099602299995,-33.37853594599994],[-70.64869726399996,-33.379394177999984],[-70.64626437699997,-33.38030843399997],[-70.64563369399997,-33.380548734999934],[-70.64433406699999,-33.381073613999945],[-70.64301999999998,-33.381749999999954],[-70.64131755199998,-33.382734668999944],[-70.64028628899996,-33.383414140999946],[-70.63992607099993,-33.383656179999946],[-70.63871184899995,-33.38452459999996],[-70.63690226399996,-33.38585581899997],[-70.63508084599994,-33.38720676799994],[-70.63335281199994,-33.38847012999997],[-70.63205844399994,-33.38943060699995],[-70.63114633299995,-33.39010343699994],[-70.63012775799996,-33.39088747599993],[-70.62889914599998,-33.39177183499993],[-70.62834919799997,-33.39216958299994],[-70.62764588399995,-33.39265906799994],[-70.62738379399997,-33.39281896799997],[-70.62671458399996,-33.39322725099993],[-70.62587685099999,-33.39365734799998],[-70.62483205199999,-33.39414706499997],[-70.62355001699996,-33.39472935699996],[-70.62371898999999,-33.394980250999936],[-70.62301621099994,-33.39585304299993],[-70.62294795599996,-33.39585393599998],[-70.62273324599994,-33.39623971599997],[-70.62294087199996,-33.39639090399993],[-70.62257351599999,-33.39682878899998],[-70.62000148199996,-33.39757107699995],[-70.61991561899998,-33.39748160999994],[-70.61980132799994,-33.397362519999945],[-70.61967193699996,-33.39751811299993],[-70.61942623399995,-33.39761437899995],[-70.61921178699998,-33.397785399999975],[-70.61903428699998,-33.39790528399993],[-70.61873322299994,-33.398210407999954],[-70.61756001499998,-33.39868384499994],[-70.61744633399996,-33.39899671499995],[-70.61718355999994,-33.399093198999935],[-70.61686523599997,-33.39941589499995],[-70.61672513099995,-33.39957990099998],[-70.61606750199996,-33.40034971599994],[-70.61545643199997,-33.400994767999975],[-70.61423505799996,-33.402102507999984],[-70.61345453299998,-33.40281040799994],[-70.61187363699997,-33.40431989599995],[-70.61091747099994,-33.40519440799994],[-70.61034891299994,-33.40571440999997],[-70.61040377199998,-33.40587898499996],[-70.61061986099998,-33.40624363599994],[-70.61099801599994,-33.40659477999998],[-70.61132214999998,-33.40685138499998],[-70.61162940099996,-33.40704383899998],[-70.61200080399993,-33.407145130999936],[-70.61236207899998,-33.40771574099995],[-70.61283477299997,-33.40818843599993],[-70.61396999999994,-33.40893999999997],[-70.61452212099994,-33.40940089199995],[-70.61485944999998,-33.409702713999934],[-70.61551251399999,-33.41015411999996],[-70.61644685799996,-33.41078620299993],[-70.61723623199998,-33.41116444299996],[-70.61787759699996,-33.411460457999965],[-70.61854942799994,-33.41177881599998],[-70.61925899899995,-33.41195381699998],[-70.62007606999998,-33.41220204399997],[-70.62060160899995,-33.412499529999934],[-70.62104413799995,-33.41283142799995],[-70.62135770799995,-33.413234587999966],[-70.62150879499995,-33.41342884399995],[-70.62206195699997,-33.41444666199993],[-70.62290276499994,-33.41542022899995],[-70.62367719199995,-33.41641592099995],[-70.62460000099998,-33.41769999999997],[-70.62569999899995,-33.418529999999976],[-70.62706254699998,-33.41913747999996],[-70.62843439099998,-33.419624262999946],[-70.62894329899996,-33.419779148999964],[-70.62940795599997,-33.419978286999935],[-70.62985048599995,-33.42015529899993],[-70.63035673799999,-33.42041488299998],[-70.63074883499996,-33.42071192599997],[-70.63116469599998,-33.42099708799998],[-70.63192512699999,-33.42157929199993],[-70.63242415899998,-33.42211397099993],[-70.63262614799999,-33.42238724999993],[-70.63273308499998,-33.42275558399996],[-70.63284001999995,-33.42344472499997],[-70.63292319299995,-33.42441902699994],[-70.63306577299994,-33.42494182299998],[-70.63323211699998,-33.42533391999996],[-70.63343767699996,-33.42667188599995],[-70.63428700699995,-33.42787171799995],[-70.63623470199997,-33.43062318699998],[-70.63603691899993,-33.43178665099998],[-70.63586124199998,-33.43278542999997],[-70.63564280599996,-33.43414424799994],[-70.63537643299998,-33.435695334999934]]]}},{"type":"Feature","properties":{"CUT_REG":"13","CUT_PROV":"131","CUT_COM":"13128","REGION":"Metropolitana de Santiago","PROVINCIA":"Santiago","COMUNA":"Renca","SUPERFICIE":23.68},"geometry":{"type":"Polygon","coordinates":[[[-70.72240769499996,-33.41167798399994],[-70.72352374599996,-33.412124054999936],[-70.72419510999998,-33.41245453999994],[-70.72550869299994,-33.41303342499998],[-70.72633725699995,-33.413355112999966],[-70.72681542199996,-33.41346392799994],[-70.72716996999998,-33.41348868399996],[-70.72784597099997,-33.413456173999975],[-70.72840349099994,-33.41334340399993],[-70.72898501599997,-33.41316646799993],[-70.72976268699995,-33.41290488699997],[-70.73043173899998,-33.41272069699994],[-70.73120343499994,-33.41255486699998],[-70.73201937099998,-33.412437900999976],[-70.73300906899993,-33.41235479399995],[-70.73429294099998,-33.41222797499995],[-70.73528269999997,-33.41214814799997],[-70.73605812099999,-33.41217028899996],[-70.73721994399995,-33.41223649999995],[-70.73798789399996,-33.412278528999934],[-70.73919671599998,-33.41233416599994],[-70.74024815899998,-33.41238869999995],[-70.74101132299995,-33.412387886999966],[-70.74190433599995,-33.41238854599993],[-70.74240288099998,-33.412335353999936],[-70.74286622799997,-33.41229255299993],[-70.74351847999998,-33.41225369399996],[-70.74399120799995,-33.412286636999966],[-70.74454364799993,-33.412371244999974],[-70.74539590599994,-33.41249781999994],[-70.74591334899998,-33.41260270899994],[-70.74643647899995,-33.41259864299997],[-70.74689569399999,-33.41254598799998],[-70.74758962099997,-33.412427338999976],[-70.74860263099998,-33.41233058199998],[-70.74936433699997,-33.41225715699994],[-70.74999994699994,-33.412209925999946],[-70.75027201899996,-33.41220583499995],[-70.75068962099994,-33.41223515799993],[-70.75093648899997,-33.41226576099996],[-70.75124639599994,-33.41233946999995],[-70.75195409999998,-33.41231957799994],[-70.75254401799998,-33.41231124299998],[-70.75299446699995,-33.41232536399997],[-70.75336009399996,-33.41239868399998],[-70.75392933399996,-33.412535798999954],[-70.75444625399996,-33.412614265999935],[-70.75480133399998,-33.412665328999935],[-70.75520447099996,-33.41275859999996],[-70.75545329899995,-33.412807864999934],[-70.75617693499998,-33.412797619999935],[-70.75674612899996,-33.41273677299995],[-70.75768820599995,-33.41263434799998],[-70.75870940199997,-33.41255388899998],[-70.75932631699999,-33.41251874599993],[-70.75996716099996,-33.41249975599993],[-70.76044342699998,-33.41251279199997],[-70.76081037399996,-33.412566967999965],[-70.76108246799998,-33.41259939599996],[-70.76149787499998,-33.412715565999974],[-70.76209139099996,-33.41288528899997],[-70.76284588699997,-33.41303952599998],[-70.76362424899997,-33.41320661499998],[-70.76427981999996,-33.413338315999965],[-70.76471018199999,-33.413428255999975],[-70.76523610799995,-33.41354329199993],[-70.76585629799996,-33.413669728999935],[-70.76651661899996,-33.41383518099997],[-70.76756756299994,-33.41405774699996],[-70.76877696299994,-33.41433412999993],[-70.76942002299995,-33.41442393199998],[-70.77007854899995,-33.41450031299996],[-70.77081959899994,-33.41457221299993],[-70.77122928499995,-33.41459935499995],[-70.77170015099995,-33.41458552599994],[-70.77184234099997,-33.41456750399993],[-70.77210530599996,-33.41453735299996],[-70.77235620399995,-33.414494177999984],[-70.77257583999994,-33.41446134699993],[-70.77272808099997,-33.414403085999936],[-70.77290738299996,-33.41432134299998],[-70.77330298999993,-33.41423650699994],[-70.77359234299996,-33.414149890999965],[-70.77407165299996,-33.41392529199993],[-70.77453657199999,-33.41376687999997],[-70.77499503299998,-33.41367784099998],[-70.77539876899993,-33.413606078999976],[-70.77585023499995,-33.41356002599997],[-70.77623537999995,-33.41354131399993],[-70.77660559999998,-33.41356240399995],[-70.77705343599996,-33.413634712999965],[-70.77737877999994,-33.41366679699996],[-70.77777360499994,-33.41373701799995],[-70.77799491799993,-33.41378663199998],[-70.77826379299995,-33.413844352999945],[-70.77855132599996,-33.41387102999994],[-70.77895667299998,-33.41387841399995],[-70.77949234199997,-33.41391031899997],[-70.78012152299993,-33.41389799099994],[-70.78076854999995,-33.413796325999954],[-70.78094134899999,-33.413783224999975],[-70.78125167799993,-33.41375969599994],[-70.78186179899996,-33.413777324999955],[-70.78227139199998,-33.41378451999998],[-70.78229600799995,-33.41323742999998],[-70.78233940699994,-33.41282693299996],[-70.78234556699994,-33.412766147999946],[-70.78236364899993,-33.41258771799994],[-70.78238040199994,-33.41245718699997],[-70.78242500399995,-33.41178880499996],[-70.78245033899998,-33.41128627799998],[-70.78246465599995,-33.41056132899996],[-70.78247344399995,-33.40988260399996],[-70.78249532099994,-33.40936926899997],[-70.78252804599998,-33.407327572999975],[-70.78253609399997,-33.406771006999975],[-70.78252319199999,-33.40645632199994],[-70.78249292899994,-33.40624231999993],[-70.78239156199999,-33.405874618999974],[-70.78228143199993,-33.40555318799994],[-70.78213989099999,-33.40527835299997],[-70.78188999999998,-33.404879999999935],[-70.78147999999999,-33.40441999999996],[-70.77943292299994,-33.402683715999956],[-70.77666062999998,-33.40034617099997],[-70.77601999999996,-33.39985999999993],[-70.77525489399994,-33.39917195899994],[-70.77297298799994,-33.39723936399997],[-70.77144227099996,-33.395961030999956],[-70.76947994099999,-33.394300673999965],[-70.76841995499996,-33.39341188999998],[-70.76568742699999,-33.39110284399993],[-70.76436401099994,-33.38998433299997],[-70.76333686099997,-33.38911403599997],[-70.76232321899994,-33.38827068299997],[-70.76020508899995,-33.386480036999956],[-70.75842562699995,-33.384978194999974],[-70.75804251399995,-33.38466747199993],[-70.75766663199994,-33.38436261099997],[-70.75691138099995,-33.383715593999966],[-70.75686999899995,-33.38372690799997],[-70.75681268299996,-33.38374708899994],[-70.75652463399996,-33.38387061399993],[-70.75631248699995,-33.383941411999956],[-70.75593291899997,-33.38410658399994],[-70.75548850099995,-33.384300113999984],[-70.75491627399998,-33.38454871699997],[-70.75356925499995,-33.38501972299997],[-70.75340916799996,-33.38509623699997],[-70.75298584499996,-33.38519099599995],[-70.75215731899993,-33.38542060899994],[-70.75169804699993,-33.38564177599994],[-70.75157211399994,-33.38579044099998],[-70.75144604399998,-33.38597738599998],[-70.75144934899998,-33.38611382199997],[-70.75153782899997,-33.38641273899998],[-70.75170051999999,-33.387036542999965],[-70.75160353599995,-33.38741968099998],[-70.75139898499998,-33.38777188699993],[-70.75135069999999,-33.387860374999946],[-70.75113763899998,-33.38812871199997],[-70.75108411999997,-33.38841006699994],[-70.75114891299995,-33.388804282999956],[-70.75129722499997,-33.389164869999945],[-70.75139258199994,-33.38938113199998],[-70.75128276099997,-33.38946476199993],[-70.75106130599994,-33.389626798999984],[-70.75000193899996,-33.38956980599994],[-70.74970251399998,-33.38955369699994],[-70.74957499799996,-33.38996175199998],[-70.74931996199996,-33.390140275999954],[-70.74887062899995,-33.390201787999956],[-70.74830257699995,-33.39028130599996],[-70.74606743199996,-33.389580732999946],[-70.74384599399997,-33.38931324799995],[-70.74254151799994,-33.389324055999964],[-70.74163895299995,-33.38930734099995],[-70.74054999999998,-33.38941999999997],[-70.73939667599996,-33.38956181699996],[-70.73884191399998,-33.38998476799998],[-70.73803891499995,-33.39079773599997],[-70.73739173699994,-33.39172304699997],[-70.73704767599997,-33.392443682999954],[-70.73677214299994,-33.39317767499995],[-70.73616473499999,-33.39352976899994],[-70.73507474199994,-33.39364523199998],[-70.73382151799996,-33.39327621099994],[-70.73201833999997,-33.39271442599994],[-70.73122808899996,-33.392453443999955],[-70.73026892399997,-33.392280711999945],[-70.72975356099994,-33.39211270599998],[-70.72800397999998,-33.391668041999935],[-70.72685601499995,-33.39144064599998],[-70.72600320099997,-33.391466829999956],[-70.72506320099995,-33.391763992999984],[-70.72422448899994,-33.39181740999993],[-70.72341362999998,-33.39179630099994],[-70.72230385899996,-33.39167571899998],[-70.72064855899998,-33.39168437099994],[-70.71979425499995,-33.39176677699993],[-70.71897619599997,-33.39169323599998],[-70.71834489999998,-33.39170198099998],[-70.71692508899997,-33.39153552399995],[-70.71511538599998,-33.39150328899996],[-70.71273898499999,-33.39129273799995],[-70.71115999999995,-33.39086999999995],[-70.70776999999998,-33.38686999899994],[-70.70702146899998,-33.38604581199996],[-70.70693263599998,-33.38596904299993],[-70.70691245299997,-33.38595160099993],[-70.70648334599997,-33.38558077099998],[-70.70580203099996,-33.38477410099995],[-70.70517515899996,-33.38413706799997],[-70.70502027099997,-33.38400854499997],[-70.70478562499994,-33.383873361999974],[-70.70454211399993,-33.38373131299994],[-70.70432904199998,-33.38354868099998],[-70.70402465399997,-33.38338633999996],[-70.70369997499995,-33.38327473199996],[-70.70328999999998,-33.38320999899997],[-70.70254390699995,-33.38305858999996],[-70.70111917299994,-33.382754327999976],[-70.70000822199995,-33.38257729399993],[-70.69840147699995,-33.382441814999936],[-70.69756301199999,-33.382324439999934],[-70.69636999999994,-33.38215999999994],[-70.69617600999999,-33.38208641399996],[-70.69583717199998,-33.38299800699997],[-70.69560930099993,-33.38356662299998],[-70.69551897799994,-33.38377707999996],[-70.69415089699999,-33.38338133999997],[-70.69466800699996,-33.38218123699994],[-70.69485096699998,-33.38171643399994],[-70.69429985499994,-33.381530090999945],[-70.69348738199994,-33.381292207999934],[-70.69343373899994,-33.381411181999965],[-70.69249997899993,-33.38347296799998],[-70.69183390599994,-33.38493465899995],[-70.69168639399999,-33.38526210799995],[-70.69093781699996,-33.38692381599998],[-70.69024912999998,-33.38848180799994],[-70.68928005199996,-33.39064902399997],[-70.68889428799997,-33.391383564999956],[-70.68876126199996,-33.39155348099996],[-70.68793729599997,-33.39293453999994],[-70.68751490699998,-33.39364746399997],[-70.68664999999999,-33.39509999999996],[-70.68633510099994,-33.39560482299993],[-70.68538426899994,-33.39719726399994],[-70.68462712599995,-33.39845018699998],[-70.68385524699994,-33.39972916299996],[-70.68305694899993,-33.401071402999946],[-70.68248778299994,-33.40203717899993],[-70.68187285799996,-33.403030892999936],[-70.68149303599995,-33.40368352199994],[-70.68071704299996,-33.40500412999995],[-70.68048313299994,-33.405511934999936],[-70.68033637099995,-33.40598118099996],[-70.68026265499998,-33.40645241399994],[-70.67987906099995,-33.409212975999935],[-70.67972496099998,-33.410307769999974],[-70.67947613199993,-33.41210347599997],[-70.67917291399993,-33.41438832899996],[-70.67891944299998,-33.416282713999976],[-70.67875908999997,-33.41742419499997],[-70.67865504799994,-33.41786397799996],[-70.67842794999996,-33.418432990999975],[-70.67823890199998,-33.418798005999975],[-70.67802892199995,-33.41912447499993],[-70.67766442099997,-33.41958610499995],[-70.67740318699998,-33.41983517799997],[-70.67713005899998,-33.420098087999975],[-70.67669229999996,-33.42042227899998],[-70.67555525599994,-33.42110621099994],[-70.67510748299998,-33.42137459199995],[-70.67465227999998,-33.42171837999996],[-70.67412878299996,-33.42226342799995],[-70.67336469399999,-33.423242123999955],[-70.67283587099996,-33.42391403899995],[-70.67254862499993,-33.42428419099997],[-70.67229323399994,-33.424605638999935],[-70.67193995799994,-33.42503051899996],[-70.67165128599999,-33.42528368999996],[-70.67136034399994,-33.425468733999935],[-70.67114118599994,-33.42558779099994],[-70.67127914199995,-33.42600410399996],[-70.67136237199998,-33.42628767399998],[-70.67141426999996,-33.42646412299996],[-70.67220820899996,-33.42622518899998],[-70.67297032999994,-33.42600440199993],[-70.67342329699994,-33.42585425899995],[-70.67430291399995,-33.42555986299993],[-70.67503700799995,-33.42525634799995],[-70.67587485599995,-33.42485171199996],[-70.67643689799996,-33.42453389399998],[-70.67680217999998,-33.424290749999955],[-70.67740959399998,-33.423927996999964],[-70.67824954999998,-33.423634109999966],[-70.67920049799994,-33.42327223899997],[-70.67985700699995,-33.42305837999993],[-70.68060480299994,-33.42278234499997],[-70.68149746499995,-33.42248218299994],[-70.68218687799998,-33.42226232599995],[-70.68248822599998,-33.42213082599994],[-70.68303722999997,-33.421824234999974],[-70.68330437799995,-33.42163226099996],[-70.68360262199997,-33.421340149999935],[-70.68402081199997,-33.42110180699996],[-70.68453699599996,-33.42080673499993],[-70.68491162499998,-33.42070747099996],[-70.68529871399994,-33.42056925999998],[-70.68577761899996,-33.42039656099996],[-70.68620454499995,-33.420268884999984],[-70.68657916999996,-33.42016961699994],[-70.68683491699994,-33.42007196399993],[-70.68701226899998,-33.42001969499995],[-70.68722360699996,-33.420016819999944],[-70.68748884999997,-33.42006860799995],[-70.68766652299996,-33.42003295199993],[-70.68795518299999,-33.41992930999993],[-70.68834618599993,-33.41965254499996],[-70.68853981099994,-33.41941724299994],[-70.68884699299997,-33.419246870999984],[-70.68921264599999,-33.419025844999965],[-70.68957147899994,-33.41879383099996],[-70.69007495799997,-33.41852660799998],[-70.69049961299999,-33.41828261499995],[-70.69077290799999,-33.418068382999934],[-70.69105790599997,-33.41777643499995],[-70.69150129299999,-33.41747678799993],[-70.69180577699996,-33.41716795399998],[-70.69198521199996,-33.41688298399998],[-70.69229242699998,-33.41637468399995],[-70.69268962299998,-33.415737743999955],[-70.69291834899997,-33.41537409199998],[-70.69306987799996,-33.41519187499995],[-70.69331622999994,-33.41500903599996],[-70.69361028699996,-33.41484437199995],[-70.69381242599997,-33.414708659999974],[-70.69401434999997,-33.41456187099993],[-70.69428112799994,-33.414353259999984],[-70.69452712499998,-33.41409507599997],[-70.69471443899994,-33.413876469999934],[-70.69496822099995,-33.41367911399993],[-70.69547122299997,-33.41338971699997],[-70.69648988599994,-33.41278304599996],[-70.69729125999999,-33.41221257799998],[-70.69772117399998,-33.41190201399996],[-70.69813278399994,-33.41166925299996],[-70.69860891799993,-33.41135805299996],[-70.69898642599998,-33.41107036099993],[-70.69933069799998,-33.41077204299995],[-70.69961683099996,-33.41054099699994],[-70.70001425099997,-33.41025856899995],[-70.70035353199995,-33.410043411999936],[-70.70082954099996,-33.40972666499994],[-70.70137688799997,-33.40934246299997],[-70.70197835399995,-33.40902399099997],[-70.70259313099996,-33.40871087399995],[-70.70312931099994,-33.40843206999995],[-70.70344432699994,-33.40832803099994],[-70.70382483399999,-33.40819539299997],[-70.70411473199994,-33.40815817299995],[-70.70455618199998,-33.408102249999956],[-70.70480007199995,-33.408076739999956],[-70.70505630399998,-33.40800674199994],[-70.70532509199995,-33.40790333399997],[-70.70564551399997,-33.407738277999954],[-70.70582304599998,-33.40769705899993],[-70.70623926999997,-33.40770241399997],[-70.70648424199999,-33.407732281999984],[-70.70676905099998,-33.40777267999994],[-70.70715875399998,-33.40777285699994],[-70.70769405499993,-33.407787646999964],[-70.70809685599994,-33.40778210099995],[-70.70856536499997,-33.407759028999976],[-70.70929919899999,-33.407793235999975],[-70.71019854899998,-33.40784731499997],[-70.71077423099996,-33.40790031299997],[-70.71119143299995,-33.407955493999964],[-70.71162866299994,-33.40802147599993],[-70.71203839399993,-33.40803243999994],[-70.71234203799997,-33.408022708999965],[-70.71254706599996,-33.408036497999944],[-70.71287603499997,-33.407971018999945],[-70.71313378099995,-33.40797853899994],[-70.71334639199995,-33.40804207799994],[-70.71354019199998,-33.40813862999994],[-70.71382077399994,-33.40831804599998],[-70.71417564599994,-33.40856242499996],[-70.71441078999999,-33.40876414199994],[-70.71456745599994,-33.40900571999998],[-70.71482371699994,-33.409273618999975],[-70.71503125299995,-33.40941477999996],[-70.71522634499996,-33.40959488999994],[-70.71544708799996,-33.409735867999984],[-70.71586615399997,-33.409885180999936],[-70.71637734199999,-33.41001659899996],[-70.71686091899994,-33.41008746099993],[-70.71716500399998,-33.410099869999954],[-70.71744162899995,-33.41004685199994],[-70.71771105199997,-33.40997440299998],[-70.71785797699994,-33.40992273799998],[-70.71802825799995,-33.40990129099998],[-70.71817763199994,-33.409932158999936],[-70.71829999999994,-33.40997999999996],[-70.71853710099998,-33.410008851999976],[-70.71882170299995,-33.41003814599998],[-70.71912502499998,-33.41001178399995],[-70.71944231699996,-33.41002400399998],[-70.71978029299999,-33.41008025499997],[-70.72017175099995,-33.41016899999994],[-70.72042377399998,-33.410220900999946],[-70.72078980399993,-33.41035985299993],[-70.72095762099997,-33.41049601499998],[-70.72127388399997,-33.410790765999934],[-70.72183753899998,-33.41123719099994],[-70.72240769499996,-33.41167798399994]]]}},{"type":"Feature","properties":{"CUT_REG":"13","CUT_PROV":"131","CUT_COM":"13129","REGION":"Metropolitana de Santiago","PROVINCIA":"Santiago","COMUNA":"San Joaquín","SUPERFICIE":9.94},"geometry":{"type":"Polygon","coordinates":[[[-70.61127594299995,-33.51306293999994],[-70.61237018299994,-33.51307294399993],[-70.61408517499996,-33.51308400999994],[-70.61475979299996,-33.51308453399997],[-70.61485999999996,-33.51308999999998],[-70.61495999999994,-33.51308999999998],[-70.61515696499998,-33.51312491699997],[-70.61599847399998,-33.51334300299993],[-70.61696858299996,-33.513583264999966],[-70.61798292599997,-33.513827713999945],[-70.61915746399995,-33.51410823699996],[-70.61951975799997,-33.51421325899997],[-70.62005979699995,-33.51437918599993],[-70.62074136199993,-33.51464943899998],[-70.62118747099998,-33.514895330999934],[-70.62196785099997,-33.51527046399997],[-70.62280245899996,-33.51565084699996],[-70.62330827299996,-33.515889982999965],[-70.62412718699994,-33.51634452999997],[-70.62457113199997,-33.51654987399996],[-70.62553065099996,-33.51698228599997],[-70.62589423599997,-33.517155274999936],[-70.62665276099995,-33.51750203199998],[-70.62709771699997,-33.51768468599994],[-70.62732960499994,-33.51774606299995],[-70.62776999999994,-33.51781999999997],[-70.62801638699995,-33.51783605799994],[-70.62844309099995,-33.517880555999966],[-70.62919659899995,-33.51795892999996],[-70.63015985699997,-33.51805720599998],[-70.63083217899998,-33.518135444999984],[-70.63127179199995,-33.51818453499993],[-70.63189118199995,-33.51825034299998],[-70.63240212799997,-33.51830564599993],[-70.63322550699996,-33.51838784699993],[-70.63388913299997,-33.51845783299996],[-70.63435593799994,-33.51851371099997],[-70.63488103699996,-33.51856404599994],[-70.63566457099995,-33.518647948999956],[-70.63607982299999,-33.518688991999966],[-70.63660464299994,-33.51872977099998],[-70.63675011399994,-33.517471830999966],[-70.63683796099997,-33.51654010499993],[-70.63698807599997,-33.514982405999945],[-70.63707645799997,-33.51407930499994],[-70.63711848899999,-33.51373992799995],[-70.63723116299997,-33.51306795399995],[-70.63727978699995,-33.51277621099996],[-70.63733876099997,-33.51247139199995],[-70.63754764799995,-33.51157247899994],[-70.63777596399996,-33.510689000999946],[-70.63792555899994,-33.510011765999934],[-70.63802518299997,-33.509554709999975],[-70.63819295399998,-33.50878417699994],[-70.63838999999996,-33.50811999999996],[-70.63840999999996,-33.50801999999993],[-70.63848999999993,-33.50729999999993],[-70.63849999999996,-33.50721999999996],[-70.63850647699996,-33.50716493699997],[-70.63850808599994,-33.50715126399996],[-70.63850843299997,-33.50714831499994],[-70.63850859099995,-33.507146974999955],[-70.63850866499996,-33.507146346999946],[-70.63850869499998,-33.507146089999935],[-70.63850870099998,-33.50714603499995],[-70.63850870999994,-33.50714596499995],[-70.63850871299996,-33.50714593899994],[-70.63850871799997,-33.507145900999944],[-70.63850872399996,-33.50714584899998],[-70.63850873699994,-33.50714574099993],[-70.63850874499997,-33.50714566599993],[-70.63850875899993,-33.50714554399997],[-70.63850939899999,-33.50714010599995],[-70.63868999999994,-33.505649999999946],[-70.63873999999998,-33.505289999999945],[-70.63873999999998,-33.50523999999996],[-70.63874234399998,-33.50519545199995],[-70.63874428499997,-33.50515858999995],[-70.63874546199997,-33.50513623499995],[-70.63874759799995,-33.50509564899994],[-70.63874864299999,-33.50507576699994],[-70.63875119799997,-33.50502723899996],[-70.63877999999994,-33.504479999999944],[-70.63880999899999,-33.50409999999994],[-70.63881999999995,-33.50384999999994],[-70.63896999999997,-33.50255999999996],[-70.63915999999995,-33.50097999899998],[-70.63928984499995,-33.50000122199998],[-70.63936818399998,-33.49924690299997],[-70.63942999999995,-33.498629999999935],[-70.63948141199995,-33.49785074699997],[-70.63962541199999,-33.496727387999954],[-70.63970157499995,-33.49608452599995],[-70.63980279199995,-33.495259991999944],[-70.63991909699996,-33.494480592999935],[-70.64018535199995,-33.49259207199998],[-70.64031929799995,-33.491596313999935],[-70.64043929699994,-33.49080631399994],[-70.64061130899995,-33.48950839899993],[-70.64082220899996,-33.48785682899995],[-70.64104562599994,-33.48611442299995],[-70.64121726199994,-33.48479742199993],[-70.64123648199995,-33.484608667999964],[-70.64148159799998,-33.48277252699995],[-70.64167159499993,-33.48124252699995],[-70.64176401099996,-33.48012063099998],[-70.64182591499997,-33.47887427899997],[-70.64189989099998,-33.47751323499995],[-70.64197401399997,-33.47652888899995],[-70.64177892299995,-33.47649651599994],[-70.64048609199995,-33.47629941599996],[-70.63946533599994,-33.476143357999945],[-70.63869997699999,-33.47593562399993],[-70.63716597399997,-33.47542428899993],[-70.63504974999995,-33.47474494199997],[-70.63193404199995,-33.473523426999975],[-70.62858961699999,-33.47230911099996],[-70.62780229399993,-33.471977263999975],[-70.62675098299997,-33.47158704699996],[-70.62613261299998,-33.47104323899998],[-70.62589701799993,-33.47080902599998],[-70.62541296899997,-33.47011900499996],[-70.62510664599995,-33.46956118299994],[-70.62464469499997,-33.46983609299997],[-70.62440997499994,-33.46999867999995],[-70.62431244499999,-33.47011210499994],[-70.62421300199998,-33.47027566199995],[-70.62410377599997,-33.470525246999955],[-70.62399646699998,-33.47118282699995],[-70.62384400799994,-33.47184058999994],[-70.62355949699997,-33.472903060999954],[-70.62343520899998,-33.473424190999935],[-70.62318998199999,-33.47432986399997],[-70.62304918799998,-33.47492625799998],[-70.62261703499996,-33.476508095999975],[-70.62228005499998,-33.47780568899998],[-70.62205453399997,-33.47857480399995],[-70.62201821499997,-33.478691209999965],[-70.62169844799996,-33.47997949899997],[-70.62146992199996,-33.480833633999964],[-70.62116358999998,-33.48191313299998],[-70.62094338399999,-33.48268111999994],[-70.62058435099993,-33.484014714999944],[-70.62043422799997,-33.484352186999956],[-70.61892469799994,-33.48682777399995],[-70.61856320799996,-33.487414102999935],[-70.61837325699997,-33.48797969999998],[-70.61761794399996,-33.49129667699998],[-70.61720686199999,-33.49301109399994],[-70.61687130199994,-33.49447947099998],[-70.61625640599993,-33.497229421999975],[-70.61582064099997,-33.499186650999945],[-70.61564036299995,-33.50001758899998],[-70.61546689099998,-33.500799608999955],[-70.61479292399997,-33.50384517799995],[-70.61444999999998,-33.50540999899994],[-70.61428968999996,-33.50602713699993],[-70.61433471699996,-33.50654815799993],[-70.61423625599997,-33.506999177999944],[-70.61419465399996,-33.507189740999934],[-70.61409312499995,-33.50761402999996],[-70.61392748799994,-33.50799304999998],[-70.61382274599998,-33.50823008499998],[-70.61313440499998,-33.508864064999955],[-70.61158975399997,-33.51035447499993],[-70.61155403799995,-33.51054821199995],[-70.61145430499994,-33.51143713099998],[-70.61138051299997,-33.51215820999994],[-70.61127594299995,-33.51306293999994]]]}},{"type":"Feature","properties":{"CUT_REG":"13","CUT_PROV":"131","CUT_COM":"13130","REGION":"Metropolitana de Santiago","PROVINCIA":"Santiago","COMUNA":"San Miguel","SUPERFICIE":9.63},"geometry":{"type":"Polygon","coordinates":[[[-70.65492178599999,-33.47643742499997],[-70.65376840499994,-33.47654017499997],[-70.65032084999996,-33.47680137799995],[-70.64719297299996,-33.476892136999936],[-70.64487551499997,-33.47669981599995],[-70.64265987799996,-33.47657041299993],[-70.64198765099997,-33.47653115199995],[-70.64197401399997,-33.47652888899995],[-70.64189989099998,-33.47751323499995],[-70.64182591499997,-33.47887427899997],[-70.64176401099996,-33.48012063099998],[-70.64167159499993,-33.48124252699995],[-70.64148159799998,-33.48277252699995],[-70.64123648199995,-33.484608667999964],[-70.64121726199994,-33.48479742199993],[-70.64104562599994,-33.48611442299995],[-70.64082220899996,-33.48785682899995],[-70.64061130899995,-33.48950839899993],[-70.64043929699994,-33.49080631399994],[-70.64031929799995,-33.491596313999935],[-70.64018535199995,-33.49259207199998],[-70.63991909699996,-33.494480592999935],[-70.63980279199995,-33.495259991999944],[-70.63970157499995,-33.49608452599995],[-70.63962541199999,-33.496727387999954],[-70.63948141199995,-33.49785074699997],[-70.63942999999995,-33.498629999999935],[-70.63936818399998,-33.49924690299997],[-70.63928984499995,-33.50000122199998],[-70.63915999999995,-33.50097999899998],[-70.63896999999997,-33.50255999999996],[-70.63881999999995,-33.50384999999994],[-70.63880999899999,-33.50409999999994],[-70.63877999999994,-33.504479999999944],[-70.63875119799997,-33.50502723899996],[-70.63874864299999,-33.50507576699994],[-70.63874759799995,-33.50509564899994],[-70.63874546199997,-33.50513623499995],[-70.63874428499997,-33.50515858999995],[-70.63874234399998,-33.50519545199995],[-70.63873999999998,-33.50523999999996],[-70.63873999999998,-33.505289999999945],[-70.63868999999994,-33.505649999999946],[-70.63850939899999,-33.50714010599995],[-70.63850875899993,-33.50714554399997],[-70.63850874499997,-33.50714566599993],[-70.63850873699994,-33.50714574099993],[-70.63850872399996,-33.50714584899998],[-70.63850871799997,-33.507145900999944],[-70.63850871299996,-33.50714593899994],[-70.63850870999994,-33.50714596499995],[-70.63850870099998,-33.50714603499995],[-70.63850869499998,-33.507146089999935],[-70.63850866499996,-33.507146346999946],[-70.63850859099995,-33.507146974999955],[-70.63850843299997,-33.50714831499994],[-70.63850808599994,-33.50715126399996],[-70.63850647699996,-33.50716493699997],[-70.63849999999996,-33.50721999999996],[-70.63848999999993,-33.50729999999993],[-70.63840999999996,-33.50801999999993],[-70.63838999999996,-33.50811999999996],[-70.63819295399998,-33.50878417699994],[-70.63802518299997,-33.509554709999975],[-70.63792555899994,-33.510011765999934],[-70.63777596399996,-33.510689000999946],[-70.63754764799995,-33.51157247899994],[-70.63733876099997,-33.51247139199995],[-70.63727978699995,-33.51277621099996],[-70.63723116299997,-33.51306795399995],[-70.63711848899999,-33.51373992799995],[-70.63707645799997,-33.51407930499994],[-70.63698807599997,-33.514982405999945],[-70.63683796099997,-33.51654010499993],[-70.63675011399994,-33.517471830999966],[-70.63660464299994,-33.51872977099998],[-70.63674981399998,-33.51875609199993],[-70.63692719299996,-33.51877279699994],[-70.63715803599996,-33.51878199099997],[-70.63739994099996,-33.518774710999935],[-70.63769670299996,-33.51874765599996],[-70.63822452299996,-33.51865495399994],[-70.63879999999995,-33.51852999999994],[-70.63963724499996,-33.51836820999995],[-70.64093526899995,-33.51811562499995],[-70.64215692999994,-33.51786267899996],[-70.64276050099994,-33.517739018999976],[-70.64382688999996,-33.517522131999954],[-70.64433667499998,-33.51742147999994],[-70.64462277299998,-33.517365892999976],[-70.64550999999994,-33.51718999999997],[-70.64652941499997,-33.51698143099998],[-70.64718488899996,-33.51685433799997],[-70.64767035799997,-33.516756716999964],[-70.64820217899995,-33.51665245999993],[-70.64903303199998,-33.51648958099997],[-70.65126799599994,-33.51605160799994],[-70.65283129299996,-33.51574365799996],[-70.65353094299996,-33.51560756599997],[-70.65574000099997,-33.515169998999966],[-70.65702970799998,-33.51491862299997],[-70.65807474299999,-33.514712558999975],[-70.65937230299994,-33.514305656999966],[-70.66040460599999,-33.51399296799997],[-70.66084717399997,-33.513861764999945],[-70.66140367899999,-33.51369324199993],[-70.66236578099995,-33.513396987999954],[-70.66291156699998,-33.51322681299996],[-70.66426669999998,-33.51281670099996],[-70.66494857399994,-33.51261366899996],[-70.66567064599997,-33.51239040799993],[-70.66631131299994,-33.51219269599994],[-70.66698810099996,-33.51198494899995],[-70.66843739899997,-33.51154847099997],[-70.66934091299998,-33.51128158499995],[-70.67019558499999,-33.51103026399994],[-70.67102962199993,-33.51075034499996],[-70.67084067899998,-33.51034535599996],[-70.67065644099995,-33.50994793899997],[-70.67057215799997,-33.50977155399994],[-70.67039501399995,-33.50938740299995],[-70.67029877299996,-33.50918159199995],[-70.67011718499998,-33.50880322599994],[-70.66988914199999,-33.50831954699993],[-70.66963284899998,-33.507788525999956],[-70.66916399099995,-33.50680797399997],[-70.66888932099994,-33.50620943499996],[-70.66860668299995,-33.505611002999956],[-70.66835721099994,-33.505075053999974],[-70.66813299999995,-33.504615240999954],[-70.66779034899997,-33.50385727199995],[-70.66769305499997,-33.50365528999998],[-70.66733251699998,-33.50291473999994],[-70.66717347499997,-33.50258187899993],[-70.66696410999998,-33.50211989299993],[-70.66658999999999,-33.50130999999993],[-70.66608694099995,-33.50024957299996],[-70.66596862599994,-33.500005399999964],[-70.66574880899998,-33.49953233799994],[-70.66560032199999,-33.499214602999984],[-70.66530346499997,-33.49858509599994],[-70.66496632599996,-33.497859493999954],[-70.66480294599995,-33.49750735999993],[-70.66460690199995,-33.49708527599995],[-70.66420586599997,-33.496219752999934],[-70.66395028299996,-33.495662461999984],[-70.66365163999996,-33.49501269299998],[-70.66355100399994,-33.49481361499994],[-70.66316800899995,-33.49399675999996],[-70.66280443899996,-33.49322736399995],[-70.66253128999995,-33.49264405799994],[-70.66217365399996,-33.49188651099996],[-70.66185119099998,-33.491180982999936],[-70.66124999999994,-33.489896992999945],[-70.66102426899994,-33.48940968399995],[-70.66048462899994,-33.48829069599998],[-70.65966682899995,-33.48654670299993],[-70.65912679399997,-33.48540504599998],[-70.65899315999997,-33.48511692799997],[-70.65883430499997,-33.48477546199996],[-70.65848536699997,-33.484022556999946],[-70.65838296999993,-33.48380440899996],[-70.65790233699994,-33.48278960499994],[-70.65768127799998,-33.48232131399993],[-70.65735650999994,-33.481625347999966],[-70.65708929399995,-33.481050538999966],[-70.65671752199995,-33.48027812999993],[-70.65661464299995,-33.480079074999935],[-70.65615668999999,-33.47926629799997],[-70.65597979099994,-33.47894797499998],[-70.65589115199998,-33.478778793999936],[-70.65576381299996,-33.478461239999945],[-70.65554373199996,-33.47784857399995],[-70.65534982599996,-33.477354384999956],[-70.65518776099998,-33.47700722899998],[-70.65502203699998,-33.47664723699995],[-70.65492178599999,-33.47643742499997]]]}},{"type":"Feature","properties":{"CUT_REG":"13","CUT_PROV":"131","CUT_COM":"13131","REGION":"Metropolitana de Santiago","PROVINCIA":"Santiago","COMUNA":"San Ramón","SUPERFICIE":6.32},"geometry":{"type":"Polygon","coordinates":[[[-70.65495069799994,-33.55496923499993],[-70.65449182699996,-33.552839450999954],[-70.65415455299996,-33.55141569399996],[-70.65412999999995,-33.55115999999998],[-70.65384496899998,-33.54996583199994],[-70.65355283099996,-33.54893576799998],[-70.65349877799997,-33.548760484999946],[-70.65336748299995,-33.54833471699993],[-70.65316648699996,-33.54757349699997],[-70.65311491799997,-33.547380043999965],[-70.65283599899993,-33.546364524999944],[-70.65249040399993,-33.54515575299996],[-70.65239579299998,-33.54484408199994],[-70.65212999999994,-33.54487999999998],[-70.65186368499997,-33.54392434299996],[-70.65159508399995,-33.54291147099997],[-70.65134646399997,-33.54204984499995],[-70.65114155799995,-33.54131409499996],[-70.65097251499998,-33.54059099099993],[-70.65095669699997,-33.54035856199994],[-70.65091999999999,-33.54009999899995],[-70.65127843099998,-33.54004165099997],[-70.65104445699995,-33.539204928999936],[-70.65073055899995,-33.53828094099998],[-70.65050600199999,-33.537559768999984],[-70.65014729199999,-33.53630113599996],[-70.64988491499997,-33.535388388999934],[-70.64969695299999,-33.53471802699994],[-70.64936433999998,-33.53363203199996],[-70.64915122099995,-33.53283673599998],[-70.64891242299996,-33.531964234999975],[-70.64872239899995,-33.53133446099997],[-70.64845342899997,-33.53037288399997],[-70.64812799199996,-33.52921282099993],[-70.64796854299993,-33.528617236999935],[-70.64794231899998,-33.52851140599995],[-70.64793008899994,-33.52846742699995],[-70.64789629299997,-33.528412996999975],[-70.64783729299995,-33.528381570999954],[-70.64777239299997,-33.528339485999936],[-70.64771940399999,-33.528249520999964],[-70.64765395899997,-33.52802848799996],[-70.64754858899994,-33.527580118999936],[-70.64736911999995,-33.52698002699998],[-70.64718291599996,-33.52632514599998],[-70.64709434699995,-33.52593620399995],[-70.64689463099995,-33.525244517999965],[-70.64666358799997,-33.52447808699998],[-70.64647606199998,-33.52382799399993],[-70.64630323199998,-33.52327672599995],[-70.64600167799995,-33.52232153899996],[-70.64570182699998,-33.52130548399998],[-70.64551919899998,-33.520612374999985],[-70.64528705299995,-33.51978630399998],[-70.64507676699998,-33.51906134899997],[-70.64499598899994,-33.51878205999998],[-70.64478322299993,-33.518001064999964],[-70.64467286399997,-33.51758854899998],[-70.64462277299998,-33.517365892999976],[-70.64433667499998,-33.51742147999994],[-70.64382688999996,-33.517522131999954],[-70.64276050099994,-33.517739018999976],[-70.64215692999994,-33.51786267899996],[-70.64093526899995,-33.51811562499995],[-70.63963724499996,-33.51836820999995],[-70.63879999999995,-33.51852999999994],[-70.63822452299996,-33.51865495399994],[-70.63769670299996,-33.51874765599996],[-70.63739994099996,-33.518774710999935],[-70.63715803599996,-33.51878199099997],[-70.63692719299996,-33.51877279699994],[-70.63674981399998,-33.51875609199993],[-70.63660464299994,-33.51872977099998],[-70.63652524499997,-33.51955438199997],[-70.63641723299997,-33.520474443999944],[-70.63628839399996,-33.521650088999934],[-70.63617132099995,-33.52269434599998],[-70.63607424599996,-33.52359040199997],[-70.63592290999998,-33.52493336899994],[-70.63587344999996,-33.52533249499993],[-70.63575450899998,-33.52642926899995],[-70.63566063499997,-33.52734436999998],[-70.63554585899993,-33.52835996299996],[-70.63542703799999,-33.52916086199997],[-70.63531385999994,-33.529656271999954],[-70.63518123499995,-33.530178184999954],[-70.63508171199999,-33.53064239499997],[-70.63497080099995,-33.53140978499994],[-70.63485438899994,-33.53235799199996],[-70.63464937099997,-33.53395339399998],[-70.63455458699997,-33.53538866699995],[-70.63449808299998,-33.536852066999984],[-70.63446049599997,-33.53765547199998],[-70.63440903199995,-33.538251472999946],[-70.63435009199998,-33.53913151399996],[-70.63431999999995,-33.539669998999955],[-70.63430000099999,-33.539939998999955],[-70.63427427099998,-33.540477057999965],[-70.63423093599994,-33.54112663799998],[-70.63416830699998,-33.541750080999975],[-70.63415554099998,-33.54206073599994],[-70.63410999899997,-33.54260999999997],[-70.63363999999996,-33.54523999999998],[-70.63310999999999,-33.54802999999998],[-70.63272000099994,-33.55015999999995],[-70.63248816699996,-33.55114733199997],[-70.63193313799997,-33.55379350299995],[-70.63144766699997,-33.555937806999964],[-70.63100757899997,-33.55808494199994],[-70.63117285999994,-33.558098696999934],[-70.63186144699995,-33.558170013999984],[-70.63218298599998,-33.55817340999994],[-70.63241911299997,-33.55815169199997],[-70.63328496799994,-33.558032426999944],[-70.63397365599997,-33.55793180799998],[-70.63486005099998,-33.557811354999956],[-70.63543864699994,-33.55772758799998],[-70.63609603199995,-33.55763190199997],[-70.63665741399996,-33.55755379399994],[-70.63804026699995,-33.55735697199998],[-70.63858989499994,-33.55728716699997],[-70.63937498199994,-33.55719067899997],[-70.64043610099998,-33.55703796699993],[-70.64167892699999,-33.55687830399995],[-70.64300278799993,-33.556711209999946],[-70.64354586299999,-33.55663875099998],[-70.64407378599998,-33.556566490999955],[-70.64475076799994,-33.55647774899995],[-70.64538118199994,-33.55638780899994],[-70.64651840299996,-33.55619687799998],[-70.64719709499997,-33.55608453699995],[-70.64832707699998,-33.55591180999994],[-70.64892946799995,-33.55582856999996],[-70.64995059799998,-33.55568083999998],[-70.65084868999998,-33.555551960999935],[-70.65143705999998,-33.55547161399994],[-70.65223794799994,-33.55535399099995],[-70.65446591999995,-33.555036049999956],[-70.65495069799994,-33.55496923499993]]]}},{"type":"Feature","properties":{"CUT_REG":"13","CUT_PROV":"131","CUT_COM":"13132","REGION":"Metropolitana de Santiago","PROVINCIA":"Santiago","COMUNA":"Vitacura","SUPERFICIE":28.6},"geometry":{"type":"Polygon","coordinates":[[[-70.60538288799995,-33.409257630999946],[-70.61396999999994,-33.40893999999997],[-70.61283477299997,-33.40818843599993],[-70.61236207899998,-33.40771574099995],[-70.61200080399993,-33.407145130999936],[-70.61162940099996,-33.40704383899998],[-70.61132214999998,-33.40685138499998],[-70.61099801599994,-33.40659477999998],[-70.61061986099998,-33.40624363599994],[-70.61040377199998,-33.40587898499996],[-70.61034891299994,-33.40571440999997],[-70.61026871599995,-33.40547381799996],[-70.61016067199995,-33.40498761799995],[-70.61013366099996,-33.40456894599998],[-70.61020126999995,-33.40387045499995],[-70.60990192799994,-33.402568464999945],[-70.60973383899994,-33.402249093999956],[-70.60964162099998,-33.40187534699993],[-70.60964685199997,-33.40148956799993],[-70.60960876399997,-33.401242844999956],[-70.60959142099995,-33.40092731899995],[-70.60963245899995,-33.40057849899995],[-70.60960981699998,-33.40029592199994],[-70.60961617499999,-33.400063917999944],[-70.60946377199997,-33.398867321999944],[-70.60898620599994,-33.39765182299993],[-70.60811378499994,-33.39600239499998],[-70.60737642099997,-33.39516892399996],[-70.60684421299999,-33.394363607999935],[-70.60618010399998,-33.39371288899997],[-70.60592741799996,-33.39342982499994],[-70.60562077999998,-33.392997133999984],[-70.60532350199998,-33.39259666899994],[-70.60505888999995,-33.39232989299995],[-70.60456430499994,-33.39194006599996],[-70.60396925899994,-33.391303981999954],[-70.60315999999995,-33.39048999899995],[-70.60294529099997,-33.39014237099997],[-70.60292172099997,-33.39010420799997],[-70.60272875499999,-33.389791781999975],[-70.60236636199994,-33.38910925799996],[-70.60225164199994,-33.38843785199998],[-70.60219505099997,-33.38722167399993],[-70.60218594699995,-33.38672547699997],[-70.60231030999995,-33.385999271999935],[-70.60288491599994,-33.385025524999946],[-70.60314999999997,-33.38441999899993],[-70.60355342399998,-33.38302982499994],[-70.60363368699996,-33.38256831099994],[-70.60366477199995,-33.38215909599995],[-70.60352087599995,-33.38178907699995],[-70.60301533199998,-33.381083503999946],[-70.60097999999994,-33.37976999899996],[-70.60008203599995,-33.37901666099998],[-70.59984124699997,-33.37883606899993],[-70.59961999999996,-33.37846999899995],[-70.59961597899996,-33.37816429399993],[-70.59961471199995,-33.378068009999936],[-70.59961060599994,-33.37775581999995],[-70.60003897499996,-33.377120358999946],[-70.60044449499998,-33.376435081999944],[-70.60040473699996,-33.37612778399995],[-70.60021091499993,-33.37579383899998],[-70.59988323299996,-33.37530176399997],[-70.59958518599996,-33.37427464099994],[-70.59951999999998,-33.374049998999965],[-70.59906901999994,-33.37353934499998],[-70.59818368599997,-33.37224791999995],[-70.59747097199994,-33.37170768599998],[-70.59721262499994,-33.371371583999974],[-70.59727282199998,-33.37072947799993],[-70.59730590399994,-33.36869794299997],[-70.59729806299998,-33.36720548699998],[-70.59718879599995,-33.366032820999976],[-70.59728285399996,-33.365499822999936],[-70.59728404499998,-33.365299594999954],[-70.59728731299998,-33.36475028999996],[-70.59741158399999,-33.36454825499993],[-70.59785942899998,-33.36431342199995],[-70.59862704799997,-33.36383824099994],[-70.59959225399996,-33.36317626399995],[-70.60013124999995,-33.36300406299995],[-70.60046908399994,-33.36278926299997],[-70.60074999999995,-33.362579998999934],[-70.60082999999997,-33.36242999899997],[-70.60082999999997,-33.36232999899994],[-70.60070999999994,-33.36218999899995],[-70.59883999999994,-33.36107999899997],[-70.59762773599994,-33.36042066199997],[-70.59715215599994,-33.35992675699998],[-70.59661951799995,-33.35943756599994],[-70.59651656099999,-33.35898336499997],[-70.59602083799996,-33.35864429199995],[-70.59439787099996,-33.35740710899995],[-70.59371425099994,-33.356861196999944],[-70.59340757899997,-33.35650018599995],[-70.59338365899998,-33.35647202699994],[-70.59327999999994,-33.356349998999974],[-70.59296930299996,-33.35569495799996],[-70.59223890999994,-33.35506416399994],[-70.59052999999994,-33.354559998999946],[-70.58854224499999,-33.35413225399998],[-70.58762559999997,-33.35409951699995],[-70.58713453999997,-33.35383761799994],[-70.58641431899997,-33.35308465999998],[-70.58572999999996,-33.352679998999974],[-70.58435999999995,-33.35212999899994],[-70.58366438599995,-33.35180790499993],[-70.58304237699997,-33.35131684499993],[-70.58232999999996,-33.35068999899994],[-70.58162093199996,-33.35076875799996],[-70.58073464099994,-33.35111213099998],[-70.58020274299997,-33.35134820199994],[-70.57984548899998,-33.35150501199996],[-70.57947328599994,-33.351608400999964],[-70.57901836999997,-33.35164975699996],[-70.57848074399993,-33.35169111399995],[-70.57790176099996,-33.35183585899995],[-70.57734345699998,-33.35195992599995],[-70.57690999999994,-33.352169998999955],[-70.57643362699997,-33.35231145199998],[-70.57591667799994,-33.35264229899997],[-70.57523430599997,-33.353097213999945],[-70.57480006899993,-33.35357280699998],[-70.57433905699997,-33.35402012199995],[-70.57337431099995,-33.35479407899993],[-70.57290001699994,-33.35517074799998],[-70.57213425099997,-33.355494851999936],[-70.57151409099998,-33.35562973699996],[-70.57099705699994,-33.35570365999996],[-70.57034814699995,-33.35566891999997],[-70.56945684999994,-33.355436803999964],[-70.56890693999998,-33.355214683999975],[-70.56821470899996,-33.355028112999946],[-70.56769681299994,-33.35489618899993],[-70.56721411699993,-33.35482216899993],[-70.56710999999996,-33.35480999899994],[-70.56632387499997,-33.35491177199998],[-70.56576848799995,-33.35521291099997],[-70.56481591399995,-33.35584259899997],[-70.56400270399996,-33.35642640399993],[-70.56329302999995,-33.35692066099995],[-70.56273840799997,-33.357265895999944],[-70.56205886599997,-33.35760151799997],[-70.56155968999997,-33.35770382299995],[-70.56134775599998,-33.357796674999975],[-70.56082721499996,-33.357947528999944],[-70.56044924699995,-33.35805719799998],[-70.55999387799994,-33.35820875699994],[-70.55896909499995,-33.35816627299994],[-70.55802111999998,-33.35807522799996],[-70.55689845899997,-33.35801577999996],[-70.55572092399996,-33.358201004999955],[-70.55489425199994,-33.35864387199996],[-70.55412828299995,-33.35893288999995],[-70.55329679299996,-33.35947283899998],[-70.55173932999998,-33.360637673999975],[-70.55081577399994,-33.36147244099993],[-70.55009970999998,-33.36198247899995],[-70.54968341899996,-33.36256035499997],[-70.54918056399998,-33.36306772499995],[-70.54709360099997,-33.365128649999974],[-70.54700322599996,-33.36526363699994],[-70.54654855799998,-33.36578480199995],[-70.54423762299996,-33.36817604799995],[-70.54347755499998,-33.368615010999974],[-70.54267546299997,-33.36909028399998],[-70.54119554299996,-33.369535636999956],[-70.54030282399998,-33.37000740299993],[-70.53947631499994,-33.370366633999936],[-70.53891272599998,-33.370463807999954],[-70.53865995599995,-33.37048130399995],[-70.53795255399996,-33.37044279199995],[-70.53731942799993,-33.37037577799998],[-70.53603055499997,-33.37042972199998],[-70.53425349799994,-33.37032323799997],[-70.53335382699998,-33.370428895999964],[-70.53245649499996,-33.370552360999966],[-70.53149471099994,-33.37064123999994],[-70.53094363699995,-33.37057138199998],[-70.53045549699993,-33.370604456999956],[-70.53007337699995,-33.37057309499994],[-70.52976596899998,-33.37047317099996],[-70.52932178399993,-33.37038845899997],[-70.52894884499995,-33.370243107999954],[-70.52864518299998,-33.370112708999955],[-70.52820050699995,-33.37001898099993],[-70.52641020399994,-33.36962517099994],[-70.52536196099999,-33.36923771299996],[-70.52398961799997,-33.36913362499996],[-70.52295527499996,-33.36919742799995],[-70.52248010699998,-33.369193035999956],[-70.52201871999995,-33.369280465999964],[-70.52162987299994,-33.36933633999996],[-70.52115594999998,-33.36940347799998],[-70.52071838499995,-33.36945994699994],[-70.52025078799994,-33.36962882699993],[-70.52013623099998,-33.36971745099993],[-70.52008499599998,-33.369769616999974],[-70.52001286299998,-33.369844701999966],[-70.51967518399994,-33.37018731799998],[-70.51908803599997,-33.37077984999996],[-70.51825811299994,-33.37168128099995],[-70.51763178399995,-33.372698801999945],[-70.51873909799997,-33.37319691699997],[-70.51880431899997,-33.37322408399996],[-70.51958741299995,-33.37357111499995],[-70.52042886699996,-33.37393564599995],[-70.52077693299998,-33.37408395299997],[-70.52182681399995,-33.374546169999974],[-70.52245207299995,-33.37481635499995],[-70.52394106299994,-33.375440863999984],[-70.52485086199994,-33.37581942399993],[-70.52572656999996,-33.37624942499997],[-70.52644677799998,-33.37663889099997],[-70.52687963699998,-33.37692328399993],[-70.52746072099995,-33.37733744099995],[-70.52764704899994,-33.37748211799993],[-70.52821268699995,-33.378067459999954],[-70.52897123399998,-33.378985762999946],[-70.52932440599994,-33.37937460399996],[-70.53017661699994,-33.38017319499994],[-70.53049688599998,-33.38047934499997],[-70.53124674699995,-33.381161100999975],[-70.53147553799994,-33.38137702699993],[-70.53232781999998,-33.38218912999997],[-70.53261906899996,-33.38247968099995],[-70.53357718999996,-33.38345943699994],[-70.53398244499994,-33.38384231899994],[-70.53495694099996,-33.38446011099995],[-70.53562343099998,-33.384791906999965],[-70.53633118099998,-33.38506942099997],[-70.53715469799994,-33.38540849899994],[-70.53757690799995,-33.385589409999966],[-70.53873163699996,-33.38608691299993],[-70.53932093699996,-33.38634121299998],[-70.54084060099996,-33.38694407099996],[-70.54230385199997,-33.38751431099996],[-70.54298112499998,-33.38778952399997],[-70.54425416299995,-33.38828713899994],[-70.54510107699997,-33.38856520599995],[-70.54546295699998,-33.38867772799995],[-70.54638405299994,-33.388986358999944],[-70.54724836799994,-33.38931036499997],[-70.54803320799994,-33.38965716699994],[-70.54847166999997,-33.389827468999954],[-70.54944489099995,-33.39020812299998],[-70.55009388999997,-33.39040523399996],[-70.55038149899997,-33.39051871099997],[-70.55156245699999,-33.390979010999956],[-70.55291137999995,-33.39150170299996],[-70.55373546699997,-33.39180409299996],[-70.55447164199995,-33.39206494999996],[-70.55538570099998,-33.392381677999936],[-70.55631964499997,-33.392708392999964],[-70.55738322999997,-33.39307668399994],[-70.55835112799997,-33.393411138999966],[-70.55908148399993,-33.393661778999956],[-70.56003498999996,-33.393989182999974],[-70.56100484799998,-33.39432081599995],[-70.56176004499997,-33.39457986699995],[-70.56327783499995,-33.39510835599998],[-70.56420285899998,-33.39543029599997],[-70.56501214599996,-33.395712593999974],[-70.56543303199999,-33.395860546999984],[-70.56634415399998,-33.39617408399994],[-70.56736808999995,-33.39652304799995],[-70.56866309299994,-33.396974297999975],[-70.56940427099994,-33.397249400999954],[-70.56973429599998,-33.39737447799996],[-70.57032897899995,-33.39760254699996],[-70.57109999999994,-33.397899999999936],[-70.57140999999996,-33.39802999999995],[-70.57154585199999,-33.398078804999955],[-70.57191738499995,-33.39821018999993],[-70.57251501199994,-33.398440421999965],[-70.57335928899994,-33.398770904999935],[-70.57406217899995,-33.39903640899996],[-70.57472755899994,-33.39928665799994],[-70.57540541599997,-33.39955131399995],[-70.57641121799998,-33.39993769499995],[-70.57739148499996,-33.40034419699998],[-70.57843046999994,-33.40077538999998],[-70.57949019399996,-33.40122638799994],[-70.58045734999996,-33.40163119899995],[-70.58099498199994,-33.40185535599994],[-70.58294139699996,-33.40265832999995],[-70.58386793899996,-33.403078499999936],[-70.58486136499994,-33.403652516999955],[-70.58599843699994,-33.40407561799998],[-70.58663820399994,-33.40420090499998],[-70.58843894699999,-33.40453836299997],[-70.58965991099996,-33.40477442399998],[-70.59024184399993,-33.40495346399996],[-70.59089717399996,-33.40517798299993],[-70.59120854299994,-33.40528993999993],[-70.59217551699999,-33.40562985099996],[-70.59284749599993,-33.405867400999966],[-70.59360690399996,-33.406134882999936],[-70.59412682799996,-33.40631190299996],[-70.59478200399997,-33.40654371099998],[-70.59567050799996,-33.406857110999965],[-70.59597324499998,-33.406961697999975],[-70.59660731799994,-33.40718357299994],[-70.59704161499997,-33.40734240499995],[-70.59751872999993,-33.40756971099995],[-70.59791817899998,-33.40771520599998],[-70.59850050699998,-33.40791574599996],[-70.59890959499995,-33.40802822499995],[-70.59923759499998,-33.40806446099998],[-70.59934481299996,-33.40806734199998],[-70.59992895099998,-33.408082702999934],[-70.60086352799993,-33.40811917999997],[-70.60139891399996,-33.40813375999994],[-70.60174871599997,-33.40815655499995],[-70.60204656599996,-33.40819486299995],[-70.60232908799998,-33.40825707799996],[-70.60282132099996,-33.408401939999976],[-70.60341097399998,-33.408600253999964],[-70.60431661799998,-33.408899418999965],[-70.60459049199994,-33.408992609999984],[-70.60478010699995,-33.40905666799995],[-70.60493241499995,-33.409107680999966],[-70.60513005699994,-33.40917353399993],[-70.60527416099995,-33.409221473999935],[-70.60538288799995,-33.409257630999946]]]}},{"type":"Feature","properties":{"CUT_REG":"13","CUT_PROV":"132","CUT_COM":"13201","REGION":"Metropolitana de Santiago","PROVINCIA":"Cordillera","COMUNA":"Puente Alto","SUPERFICIE":88.41},"geometry":{"type":"Polygon","coordinates":[[[-70.50000008399996,-33.60176219999994],[-70.50005446299997,-33.60180751699994],[-70.50015425999999,-33.60204453699998],[-70.50016689499995,-33.60238813999996],[-70.50007151499995,-33.602849135999975],[-70.50000008399996,-33.603117002999966],[-70.49990111399995,-33.60348814199995],[-70.49957664599998,-33.60404128199997],[-70.49927669399995,-33.60497925799996],[-70.49913362599995,-33.60544025499996],[-70.49911772999997,-33.60578997699997],[-70.49929259099997,-33.60623507699995],[-70.49967410599999,-33.60666427999996],[-70.49989665499999,-33.607141172999945],[-70.50000008499995,-33.60738564099995],[-70.50007151599993,-33.607554479999976],[-70.50045302899997,-33.60788830599995],[-70.50107299099994,-33.60823802699997],[-70.50158167699993,-33.60847647399993],[-70.50209893999994,-33.60878518199996],[-70.50232720399998,-33.60894822699993],[-70.50252285899995,-33.608980835999944],[-70.50278627899996,-33.60889608399998],[-70.50331639299998,-33.60858827599998],[-70.50360710299998,-33.608451471999956],[-70.50408591399997,-33.60840017099997],[-70.50453052799998,-33.608383069999945],[-70.50485543699995,-33.60840017199996],[-70.50514614399998,-33.60855407499997],[-70.50541975199997,-33.60855407499997],[-70.50571046099998,-33.608536974999936],[-70.50613797199998,-33.608451471999956],[-70.50666808599993,-33.608519874999956],[-70.50704429799998,-33.60860537699995],[-70.50738860399997,-33.60878681199995],[-70.50769411699997,-33.60896448699998],[-70.50788901899995,-33.609272062999935],[-70.50803612599998,-33.60964850599993],[-70.50810131699996,-33.609893789999944],[-70.50819002899993,-33.61034962599996],[-70.50822422999994,-33.61086263899995],[-70.50836103399996,-33.61163216099993],[-70.50849783799998,-33.61260688899995],[-70.50879886499996,-33.61315407099994],[-70.50922345999999,-33.613472516999934],[-70.50978453099998,-33.61363932299997],[-70.51017879799997,-33.61368481499994],[-70.51067921299995,-33.61376063499995],[-70.51104580899994,-33.61378682099996],[-70.51137071799997,-33.61385522399996],[-70.51166142599993,-33.614094629999954],[-70.51188373299993,-33.61435113799996],[-70.51202053699996,-33.61450504199996],[-70.51224284299997,-33.61469314599998],[-70.51246514799993,-33.61477864899996],[-70.51270455599996,-33.614812849999964],[-70.51297816299996,-33.61476154799993],[-70.51340567499994,-33.61462474499996],[-70.51369638199998,-33.61460764499998],[-70.51402129199994,-33.614658944999974],[-70.51426069899998,-33.61474444899994],[-70.51451720599994,-33.61477864899996],[-70.51477371299995,-33.61474444799995],[-70.51503022099996,-33.61459054399995],[-70.51526962699995,-33.61426563499998],[-70.51540643099997,-33.61404332799998],[-70.51573133999995,-33.61378682199995],[-70.51627855499999,-33.61366711799997],[-70.51670606799996,-33.61361581699998],[-70.51723618099999,-33.613598715999956],[-70.51778339799995,-33.61366711799997],[-70.51815960699997,-33.61397492599997],[-70.51824510999995,-33.61436823699995],[-70.51819380899997,-33.614812849999964],[-70.51821090999994,-33.61530876399996],[-70.51824511099994,-33.61573627599995],[-70.51846741699995,-33.61614668799996],[-70.51899753099997,-33.61647159599994],[-70.51940794299998,-33.61660840099995],[-70.51971575099998,-33.61672810399995],[-70.51992095699995,-33.61676230399996],[-70.52031426799994,-33.61674520399998],[-70.52079366699996,-33.61667214299996],[-70.52125479499995,-33.61671100299998],[-70.52183620999995,-33.61684780699994],[-70.52231502399997,-33.61695040899997],[-70.52274253499996,-33.61693330899993],[-70.52327265099996,-33.616916207999964],[-70.52370016199995,-33.61686490799997],[-70.52429657199997,-33.61689960399997],[-70.52478182399994,-33.61694509599994],[-70.52527340699999,-33.61700171099994],[-70.52596462399998,-33.617020916999934],[-70.52648020399994,-33.617005751999955],[-70.52691996199997,-33.617005751999955],[-70.52729126299994,-33.61696750999994],[-70.52765037199998,-33.61683070699996],[-70.52802658299998,-33.616659701999936],[-70.52836859199994,-33.61640319399993],[-70.52872770199997,-33.61606118499998],[-70.52901841099998,-33.61575337599993],[-70.52920651599999,-33.615616571999965],[-70.52963402899996,-33.615531070999964],[-70.53016414199993,-33.61549686799998],[-70.53088236299993,-33.61565077399996],[-70.53120727199996,-33.61589017999995],[-70.53141247799994,-33.616095385999984],[-70.53182288899995,-33.616420294999955],[-70.53223329999997,-33.61671100299998],[-70.53271211299995,-33.616984609999975],[-70.53310542499997,-33.61718981699994],[-70.53375524199998,-33.61751472599997],[-70.53461026699995,-33.61797643799997],[-70.53531138599993,-33.618438150999964],[-70.53589280199998,-33.61869465799998],[-70.53657682099998,-33.61900246599998],[-70.53722663999997,-33.61927607499996],[-70.53791065899998,-33.619549681999956],[-70.53856047599999,-33.61980618899997],[-70.53932999899996,-33.61997719499993],[-70.53996271599993,-33.62009689699994],[-70.54039022799998,-33.62009689699994],[-70.54085194099997,-33.620045595999954],[-70.54143335799995,-33.61984038999998],[-70.54185849699996,-33.61958078299995],[-70.54235203199994,-33.61935084099997],[-70.54273340099996,-33.61899190599996],[-70.54293530099994,-33.61883487199998],[-70.54317646099997,-33.618621753999946],[-70.54347931299998,-33.618391809999935],[-70.54389582699997,-33.61828424599997],[-70.54428913699996,-33.61821584499995],[-70.54475085099995,-33.61826714699998],[-70.54507769499997,-33.61831329499995],[-70.54535811299996,-33.61833572699993],[-70.54561048899996,-33.61834133599996],[-70.54578536599996,-33.618358935999936],[-70.54599918499997,-33.61840394899997],[-70.54634119399998,-33.618506552999975],[-70.54690550999999,-33.618609155999934],[-70.54753822799995,-33.61871175899995],[-70.54794863899997,-33.618831462999935],[-70.54830774899995,-33.61886566199996],[-70.54858135699999,-33.618831462999935],[-70.54888916499993,-33.618831461999946],[-70.54931667799997,-33.61879726099994],[-70.54964158699994,-33.618763059999935],[-70.55001779699995,-33.618763059999935],[-70.55044530799995,-33.61888276299993],[-70.55085571999996,-33.61908796999995],[-70.55112932799994,-33.61927607399997],[-70.55162524199994,-33.61942997899996],[-70.55213825699997,-33.619549682999946],[-70.55280517499995,-33.61970358599996],[-70.55324978699997,-33.61989169199995],[-70.55372860099999,-33.620113997999965],[-70.55439551899997,-33.62037050499998],[-70.55530184499997,-33.62072961599995],[-70.55578065799995,-33.62090061899994],[-70.55619106999995,-33.62102032299998],[-70.55658438099994,-33.62102032299998],[-70.55709739399998,-33.62105452499998],[-70.55740520299997,-33.62105452499998],[-70.55786691699996,-33.621088724999936],[-70.55822602699993,-33.621071624999956],[-70.55861933699998,-33.620917720999955],[-70.55902974899993,-33.62079801699997],[-70.55938885799998,-33.62072961499996],[-70.55983347099993,-33.62069541499994],[-70.56036358499995,-33.620695413999954],[-70.56075689699998,-33.62074671499994],[-70.56115020799996,-33.620763814999975],[-70.56152641699998,-33.620763814999975],[-70.56202233199997,-33.62067831199994],[-70.56279185399995,-33.62054150999995],[-70.56342457099998,-33.62045600699997],[-70.56392048499998,-33.62043890699994],[-70.56443349999995,-33.62045600799996],[-70.56487811199997,-33.62049020799998],[-70.56544242799998,-33.62059281099994],[-70.56585283899994,-33.62079801699997],[-70.56621194899998,-33.62110582599996],[-70.56643425499993,-33.62146493599994],[-70.56651975799997,-33.62173854399998],[-70.56651975699998,-33.62214895499994],[-70.56650265599995,-33.62273037099993],[-70.56646845599994,-33.623328887999946],[-70.56643425599998,-33.62379060099994],[-70.56646845499995,-33.62421811299998],[-70.56657105799997,-33.62450881999996],[-70.56665656099995,-33.624714025999936],[-70.56686176699998,-33.62500473399996],[-70.56716957499998,-33.625278341999945],[-70.56739188099993,-33.62546644799994],[-70.56761418799994,-33.62556904999997],[-70.56805879999996,-33.62565455299995],[-70.56843501099996,-33.62568875399995],[-70.56874281899997,-33.62565455299995],[-70.56901642799994,-33.62553484799997],[-70.56949524099997,-33.62532964299993],[-70.56988855199995,-33.625175739999975],[-70.57029896299997,-33.625124436999954],[-70.57079487699997,-33.625192838999965],[-70.57125658899997,-33.625346743999955],[-70.57162372199997,-33.62548248299993],[-70.57184463999994,-33.625507778999975],[-70.57214449499997,-33.62549706899995],[-70.57254073199994,-33.625614868999946],[-70.57304405899998,-33.62576479699993],[-70.57361164199995,-33.625925431999974],[-70.57405322399995,-33.62605778999995],[-70.57445063199998,-33.62622511899997],[-70.57468254999998,-33.62642876099994],[-70.57502047999998,-33.62655913399993],[-70.57559671699994,-33.626665282999966],[-70.57607892399994,-33.62691998799994],[-70.57648933499996,-33.62719359499994],[-70.57701944999997,-33.62756980499995],[-70.57754956499997,-33.62806571999994],[-70.57789157499997,-33.62837352899993],[-70.57823358399997,-33.62871553599996],[-70.57852429099995,-33.62900624599996],[-70.57869353399997,-33.62915395999994],[-70.57880731699998,-33.62932463599998],[-70.57898600599998,-33.629690264999965],[-70.57915700999996,-33.63008357599995],[-70.57924251099996,-33.63037428399997],[-70.57927671299996,-33.63066499299998],[-70.57932801499999,-33.63083599699996],[-70.57941037099994,-33.630985876999944],[-70.57954122099994,-33.63117361999997],[-70.57970422399995,-33.63146871499998],[-70.57992653199994,-33.63199882899994],[-70.58009753599998,-33.63256314599994],[-70.58028564099999,-33.63317876199994],[-70.58052504699998,-33.63353787199998],[-70.58095255999996,-33.63381148099995],[-70.58112356399994,-33.633965384999954],[-70.58119196699994,-33.63422189199997],[-70.58131166999993,-33.63451259999994],[-70.58149977499994,-33.63471780499998],[-70.58182468399997,-33.63488880899996],[-70.58214959399999,-33.634940110999935],[-70.58267970899993,-33.634769106999954],[-70.58320982399994,-33.634615201999964],[-70.58363733499993,-33.63449549999996],[-70.58406484599993,-33.634358694999946],[-70.58444105799998,-33.63434159399998],[-70.58503957399995,-33.63434159399998],[-70.58555258899997,-33.63440999699998],[-70.58598010099996,-33.63437579599997],[-70.58651021499998,-33.63434159399998],[-70.58690352599996,-33.63432449499993],[-70.58748494299994,-33.63439289599995],[-70.58799795699997,-33.63452969999997],[-70.58844256899994,-33.634752006999975],[-70.58895558399996,-33.63502561299998],[-70.58948569799998,-33.63529921999998],[-70.58977640699999,-33.63558992999998],[-70.59011841699999,-33.63598324099996],[-70.59028941999998,-33.63627394899993],[-70.59037492299996,-33.63670145999998],[-70.59035782299998,-33.63712897299996],[-70.59034072199995,-33.63753938399998],[-70.59040912399996,-33.637830092999934],[-70.59061432899995,-33.63800109699997],[-70.59090503799996,-33.63812079999997],[-70.59165745899998,-33.63830890699995],[-70.59205076999996,-33.63834310699997],[-70.59287159299998,-33.638394407999954],[-70.59345300899997,-33.63829180499994],[-70.59411992699995,-33.63812080099996],[-70.59466714299998,-33.63786429299995],[-70.59528275999998,-33.63736837999994],[-70.59591547699995,-33.637163173999966],[-70.59654819599996,-33.637248676999945],[-70.59709541099994,-33.63748808299994],[-70.59771102799994,-33.63771038899995],[-70.59827534399994,-33.63808659899996],[-70.59882255899998,-33.63827470499996],[-70.59933557399995,-33.63849701099997],[-70.59955787899997,-33.638702215999956],[-70.59972888499993,-33.63897582299995],[-70.59976308499995,-33.63923233199995],[-70.59972888399994,-33.63954013999995],[-70.59974598399998,-33.639984751999975],[-70.59995118999996,-33.64051486699998],[-70.60022479699995,-33.64097657999997],[-70.60051550599997,-33.64128438899996],[-70.60099431899994,-33.64162639799997],[-70.60153206999996,-33.64189170199995],[-70.60201820599997,-33.64210004599994],[-70.60243489399994,-33.64216949399997],[-70.60290957199999,-33.642088110999964],[-70.60330288399996,-33.64205391099995],[-70.60369619499994,-33.642105210999944],[-70.60422630999994,-33.642242014999965],[-70.60473932399998,-33.64237881899993],[-70.60495276499995,-33.64248089999995],[-70.60529615199994,-33.64253062399996],[-70.60574825199996,-33.64251562399994],[-70.60634676899997,-33.64246432199997],[-70.60685978299995,-33.64237881899993],[-70.60721889299998,-33.642156512999975],[-70.60756090299998,-33.64193420699996],[-70.60783450999998,-33.64186580499995],[-70.60801851399998,-33.641933370999936],[-70.60814231899997,-33.64213941199995],[-70.60838172599995,-33.64229331699994],[-70.60877503699999,-33.64234461799998],[-70.60936761799996,-33.642356577999976],[-70.60997635299998,-33.642379121999966],[-70.61060763399996,-33.64242421499995],[-70.61108109399999,-33.64267221799997],[-70.61164473799994,-33.64292022099994],[-70.61250147599998,-33.64314567899993],[-70.61338075899994,-33.643371135999985],[-70.61403458699994,-33.643528955999955],[-70.61468841199996,-33.64355150199998],[-70.61531969299995,-33.64361913799996],[-70.61606370299995,-33.64364168499998],[-70.61689789499997,-33.64348386399996],[-70.61730313299995,-33.643433208999966],[-70.61743899299995,-33.64341622699993],[-70.61782227099997,-33.64323585999995],[-70.61811536499994,-33.64305549499994],[-70.61854373299997,-33.64276240099997],[-70.61881073299998,-33.64266951999997],[-70.61912992399994,-33.642604580999944],[-70.61946810899997,-33.642604580999944],[-70.61989647799999,-33.64262712599998],[-70.62075321599997,-33.64278494599995],[-70.62127176899997,-33.642942765999976],[-70.62203312099996,-33.64314176599993],[-70.62273724099998,-33.64334858999996],[-70.62332343099996,-33.64357404699996],[-70.62372925399995,-33.64368677699997],[-70.62438308099996,-33.64357404699996],[-70.62505945199996,-33.643303498999956],[-70.62600637399999,-33.642807491999974],[-70.62668274499998,-33.642356577999976],[-70.62717875199996,-33.64192820799997],[-70.62760712099998,-33.641680203999954],[-70.62812567299994,-33.64152238499997],[-70.62858944599998,-33.641492375999974],[-70.62902349499996,-33.64151407899993],[-70.62941414099998,-33.64162259099993],[-70.62988423999997,-33.64188311699996],[-70.63038024699995,-33.64231148399995],[-70.63102012699994,-33.64288133699995],[-70.63126616199997,-33.64365453199997],[-70.63057341899997,-33.63884025699997],[-70.63023913299998,-33.63622537899994],[-70.62974314699994,-33.63324241899994],[-70.62943632999998,-33.63136225599993],[-70.62894838999995,-33.62896474199994],[-70.62862740399999,-33.62738756099998],[-70.62849237199998,-33.62680999699995],[-70.62835086899997,-33.626153432999956],[-70.62820392199995,-33.625530097999956],[-70.62807073499994,-33.62496970299998],[-70.62760090099994,-33.62298247899997],[-70.62749046099998,-33.62251269199993],[-70.62743509099994,-33.622279290999984],[-70.62735834099993,-33.62195162499995],[-70.62731430499997,-33.621809042999985],[-70.62726765799994,-33.621622352999964],[-70.62718679399995,-33.62130339099997],[-70.62712475899997,-33.62105665599995],[-70.62703140899998,-33.62068029499994],[-70.62691721199997,-33.62021890699998],[-70.62667188399996,-33.61922954499994],[-70.62651930599998,-33.61862263299997],[-70.62653757899994,-33.61726627699994],[-70.62657390799995,-33.61549683499993],[-70.62659312799997,-33.614710240999955],[-70.62660359799997,-33.61427361699998],[-70.62663541599994,-33.61299977199997],[-70.62668232699997,-33.61145920699994],[-70.62676675099993,-33.60957789999998],[-70.62695382899994,-33.60597536599994],[-70.62699757699994,-33.604661276999934],[-70.62448593499994,-33.60443646999994],[-70.62342725999997,-33.60434171199995],[-70.61476004799994,-33.60311879599993],[-70.60804999999993,-33.60219999999998],[-70.60712348299995,-33.60207143899993],[-70.60599540999993,-33.60191214599996],[-70.60574181999993,-33.601866014999985],[-70.60551969399995,-33.60182732099997],[-70.60530805299999,-33.601789949999954],[-70.60513312599994,-33.60175870399996],[-70.60517815399999,-33.601647938999974],[-70.60527257699994,-33.601427884999964],[-70.60547286399998,-33.600989942999945],[-70.60573898799998,-33.60042576699993],[-70.60602245399997,-33.59972058899996],[-70.60624764499994,-33.599102063999965],[-70.60634803099998,-33.59882636399993],[-70.60637085499997,-33.59867336099995],[-70.60641073899995,-33.59851774999993],[-70.60654689899997,-33.598172389999945],[-70.60663530499994,-33.597865826999964],[-70.60685766199998,-33.596949826999946],[-70.60706036899995,-33.59587988399994],[-70.60733893299994,-33.59416623899995],[-70.60751535399999,-33.59304888799994],[-70.60771147999998,-33.59205594599996],[-70.60784118399994,-33.59155575699998],[-70.60812426899997,-33.59067878299993],[-70.60849259299994,-33.58978638299993],[-70.60884166699998,-33.58893240899994],[-70.60928592999994,-33.58783143299996],[-70.60950879599994,-33.58724395099995],[-70.60973704899999,-33.58663969599996],[-70.60986089099998,-33.58624677199998],[-70.61028586899994,-33.584876418999954],[-70.61055152599994,-33.58367754899996],[-70.61069094899995,-33.58274278699997],[-70.61084851499999,-33.58155725299997],[-70.61095166699994,-33.580818618999956],[-70.61104833799999,-33.579957960999934],[-70.61108130399998,-33.57966446699993],[-70.61115000599995,-33.57921976599994],[-70.61130923399998,-33.578277586999945],[-70.61137025999994,-33.578033414999936],[-70.61155524499998,-33.57679025699997],[-70.61176092899996,-33.57558739199993],[-70.61200733699997,-33.57396882199998],[-70.61224821399998,-33.57235986799998],[-70.61251030799997,-33.57050558699996],[-70.61153940199995,-33.57031269399994],[-70.60974472299995,-33.56987501599997],[-70.60782879799996,-33.56935336899994],[-70.60433720399993,-33.568422692999945],[-70.60400062199994,-33.56850513499995],[-70.60243569999994,-33.56804717299997],[-70.60193752499998,-33.56790234399995],[-70.60113635299996,-33.56749752899998],[-70.60067196399996,-33.56735930899998],[-70.59998000099995,-33.56719999999996],[-70.59900999999996,-33.567230000999984],[-70.59867999899996,-33.567339998999955],[-70.59816999999998,-33.56776999999994],[-70.59770121199995,-33.56797800499993],[-70.59742381099994,-33.56810108899998],[-70.59665999999999,-33.56843999999995],[-70.59544999999997,-33.56886999999995],[-70.59496999999993,-33.569009999999935],[-70.59374999999994,-33.56962999999996],[-70.59326454299998,-33.56996193599997],[-70.59263496099999,-33.56998496299997],[-70.59217796999997,-33.56993417399997],[-70.58773534199997,-33.56937087699998],[-70.58600163799997,-33.56914209399997],[-70.58493890899996,-33.56901063599997],[-70.58387390399997,-33.56887919899998],[-70.58408943899997,-33.567820841999946],[-70.58421850899998,-33.56714727299993],[-70.58442661699996,-33.56603694599994],[-70.58450544199997,-33.56559035399994],[-70.58311863899996,-33.565365302999965],[-70.58105502199999,-33.56501802499997],[-70.57933075199998,-33.56471076299994],[-70.57776954099995,-33.564435757999945],[-70.57633185599997,-33.564182065999944],[-70.57528365899998,-33.56399927699994],[-70.57308257099999,-33.563612096999975],[-70.57255242999997,-33.563517186999945],[-70.56998256199995,-33.56306734899994],[-70.56824644799997,-33.562762944999974],[-70.56723773599998,-33.562586744999976],[-70.56658238499995,-33.56247048899996],[-70.56592708799997,-33.56235709199996],[-70.56557196899996,-33.56229429699994],[-70.56465736499996,-33.56212053899998],[-70.56342545299998,-33.56190157299994],[-70.56212732299997,-33.56167698199994],[-70.56030721899998,-33.56136112299998],[-70.55735314199995,-33.56084942299998],[-70.55722958599995,-33.56081905299993],[-70.55771769499995,-33.56029897999997],[-70.55815952199998,-33.559779800999934],[-70.55857883899995,-33.55926880599998],[-70.55902220299998,-33.558730639999965],[-70.55958918999994,-33.55803445899994],[-70.55980324699993,-33.55776151899994],[-70.56027430499995,-33.55718981199993],[-70.56094859599995,-33.55637374499997],[-70.56224504099998,-33.554783347999944],[-70.56270480199998,-33.55421493499995],[-70.56311136899996,-33.55373253199997],[-70.56342542799996,-33.55335401999997],[-70.56370637099997,-33.55302333599997],[-70.56397118199999,-33.55274026699993],[-70.56454786899997,-33.55206290499996],[-70.56503582099998,-33.55148938699995],[-70.56536673299996,-33.551104334999934],[-70.56580232299996,-33.55055834199993],[-70.56610180399997,-33.550210034999964],[-70.56673070499994,-33.54942265999995],[-70.56735995099996,-33.548596059999966],[-70.56774505999994,-33.54812967399994],[-70.56818267399996,-33.547574003999955],[-70.56605263299997,-33.54764312499998],[-70.56375689399994,-33.54773057199998],[-70.56268052699994,-33.54776069999997],[-70.56176573699997,-33.54777114199993],[-70.56115497299999,-33.547776640999984],[-70.56005618799998,-33.54780482399997],[-70.55879142099997,-33.54782737099998],[-70.55794503199996,-33.54783471899998],[-70.55671358299998,-33.547879974999944],[-70.55432686299997,-33.54796067399997],[-70.55363544699998,-33.54802580599994],[-70.55305832499994,-33.548000714999944],[-70.55270198199997,-33.54795778199997],[-70.55201633599995,-33.54795879799997],[-70.55165021999994,-33.547967238999945],[-70.55115132299994,-33.54802916799997],[-70.55097143099994,-33.548096200999964],[-70.55050801199997,-33.54827643899995],[-70.55005985099996,-33.54846724699996],[-70.54951350199997,-33.548689045999936],[-70.54898681499998,-33.54890618799993],[-70.54862137399994,-33.54908493299996],[-70.54820509199993,-33.54943958699994],[-70.54794632399995,-33.549694159999945],[-70.54786423099995,-33.549807355999974],[-70.54753803099999,-33.550384477999955],[-70.54731220099995,-33.55101178399997],[-70.54726829799995,-33.55157722499996],[-70.54726416699998,-33.55206091799994],[-70.54725757899996,-33.55277549199997],[-70.54707285099994,-33.55296391599995],[-70.54671283199997,-33.552911148999954],[-70.54639976199996,-33.55261441299996],[-70.54587900499996,-33.55217710399995],[-70.54548673399995,-33.55151588299998],[-70.54450186799994,-33.55096159999994],[-70.54389965399997,-33.55050993899994],[-70.54277050299999,-33.549807355999974],[-70.54176681399997,-33.54918005099995],[-70.54106320699998,-33.54901590999998],[-70.54113302599995,-33.54874781199993],[-70.54027915399996,-33.54880616099996],[-70.53958804399997,-33.549043823999966],[-70.53916688899994,-33.54907769499994],[-70.53864367399996,-33.549141464999934],[-70.53798201099994,-33.54911150999993],[-70.53745524399994,-33.548974887999975],[-70.53715488399996,-33.548749552999936],[-70.53656488899998,-33.54826056899998],[-70.53614871399998,-33.54793167999998],[-70.53513842399997,-33.54752425999993],[-70.53436290699995,-33.546856221999974],[-70.53379438299999,-33.54629060299993],[-70.53338928699998,-33.54594247899996],[-70.53288329399999,-33.54524690699998],[-70.53250146299996,-33.544722243999956],[-70.53180794999997,-33.54417725099995],[-70.53140476399994,-33.544058975999974],[-70.53052944299998,-33.544068986999946],[-70.52908151699995,-33.54404870199994],[-70.52790736599997,-33.543636085999935],[-70.52763486899994,-33.543453332999945],[-70.52733780299997,-33.54333172799994],[-70.52702044199998,-33.54327121799997],[-70.52563518299996,-33.54324892599993],[-70.52511169599995,-33.54313368499993],[-70.52457293999998,-33.54312242499998],[-70.52393910199999,-33.54305148699996],[-70.52181928399995,-33.54257648099997],[-70.52140728799998,-33.54248132799995],[-70.51961953399996,-33.542417385999954],[-70.51868894999996,-33.54248607099993],[-70.51734103899997,-33.54255394699993],[-70.51680993399998,-33.542580690999955],[-70.51587229899997,-33.54273534199996],[-70.51468038099995,-33.54301478899998],[-70.51369644799996,-33.54345632299993],[-70.51216008799997,-33.54421716799993],[-70.51148343299997,-33.54449984499996],[-70.50997710699994,-33.544890460999966],[-70.50864614799997,-33.54504269599994],[-70.50742122799994,-33.54539405999998],[-70.50648801499995,-33.54580628699995],[-70.50483906999995,-33.54635605899995],[-70.50411417899994,-33.54645792699995],[-70.50360172499995,-33.54648562799997],[-70.50296019499996,-33.546464784999955],[-70.50284883499995,-33.54645181999996],[-70.50236685099998,-33.54626439499998],[-70.50184969099996,-33.54602012799995],[-70.50163291899997,-33.545843798999954],[-70.50146668699995,-33.545623906999936],[-70.50099066899998,-33.545330270999955],[-70.50067836699998,-33.54515992499995],[-70.50000008399996,-33.544633095999984],[-70.49949373599998,-33.54421716799993],[-70.49868697199997,-33.54373310899996],[-70.49752917899997,-33.54355938599997],[-70.49670113499997,-33.54350920199994],[-70.49603278099994,-33.54320933899993],[-70.49469673399994,-33.54325746099994],[-70.49366839499999,-33.54342979599994],[-70.49225706399994,-33.54354276999993],[-70.49091881099997,-33.54346293999998],[-70.48935197699996,-33.54341782999995],[-70.48714129799998,-33.54327786699997],[-70.48660731699994,-33.54373868099998],[-70.48616164199996,-33.54447967899995],[-70.48625194299996,-33.54586480299997],[-70.48622875799998,-33.546537153999964],[-70.48627512699994,-33.54765001099997],[-70.48632149599996,-33.54827599299995],[-70.48646060299995,-33.54864694499997],[-70.48666926399994,-33.54922655799993],[-70.48671563299996,-33.54969024799993],[-70.48673881699995,-33.550107569999966],[-70.48673881699995,-33.55050170699997],[-70.48673999899995,-33.55082999999996],[-70.48671563299996,-33.55112768899994],[-70.48671563299996,-33.55145227199995],[-70.48676200199998,-33.551985515999945],[-70.48687792399994,-33.552541943999984],[-70.48708658599998,-33.55300563399993],[-70.48719999999997,-33.55313999999993],[-70.48743435299997,-33.55384027699995],[-70.48775893699997,-33.55423441299996],[-70.48806033499994,-33.554767657999946],[-70.48840810199994,-33.55541682299997],[-70.48857039299997,-33.55606598999998],[-70.48873268599993,-33.55669197299994],[-70.48875586899999,-33.55713247799997],[-70.48884860799996,-33.55771209099993],[-70.48885962299994,-33.55804533699995],[-70.48875527399997,-33.55842360199995],[-70.48859874999994,-33.558893173999934],[-70.48885962299994,-33.559414920999984],[-70.48918571399997,-33.55964318499997],[-70.48957702499996,-33.56009971299994],[-70.48996833399997,-33.56039319599995],[-70.49042486199994,-33.560621459999936],[-70.49093521499998,-33.560865185999944],[-70.49149164299996,-33.56118976799996],[-70.49214080899998,-33.56139842999994],[-70.49251176199994,-33.56169982799997],[-70.49288271399996,-33.562140332999945],[-70.49323048199994,-33.562534469999946],[-70.49357824999998,-33.56302134499998],[-70.49406512499996,-33.56367051099994],[-70.49409801099995,-33.56373408999997],[-70.49441289199996,-33.56434286299998],[-70.49483021399993,-33.564876106999975],[-70.49517798099998,-33.56531661199995],[-70.49550256399993,-33.56596577799996],[-70.49573440999995,-33.56649902199996],[-70.49605899199997,-33.567032265999956],[-70.49645312999996,-33.56761187899997],[-70.49740369499995,-33.56826104499993],[-70.49786738499995,-33.56863199899993],[-70.49823833799996,-33.569026133999955],[-70.49881794999999,-33.56976803899994],[-70.49921208599994,-33.57027809799996],[-70.49967577699994,-33.57069542099998],[-70.50000008399996,-33.571019726999964],[-70.50004672899996,-33.57106637199996],[-70.50044086599996,-33.57162280099993],[-70.50057997299996,-33.57217922899997],[-70.50064952699995,-33.57296750199998],[-70.50067271199998,-33.57396443799996],[-70.50067271099994,-33.57505410899995],[-70.50071907999995,-33.57586556699994],[-70.50064952699995,-33.576584287999935],[-70.50046405099994,-33.57744211399995],[-70.50034812899997,-33.57799854299998],[-70.50025538999995,-33.57864770899994],[-70.50006991399994,-33.57955190599995],[-70.50000008399996,-33.57969156399997],[-70.49972214599995,-33.58024743999994],[-70.49932716099994,-33.58080652599995],[-70.49913150599997,-33.58116522699993],[-70.49893585099994,-33.58149131899995],[-70.49874019799995,-33.58198045599994],[-70.49857715099995,-33.582567420999965],[-70.49841410599998,-33.58335003999997],[-70.49788027399995,-33.58368974999996],[-70.49776192099995,-33.584230487999946],[-70.49777464699997,-33.58504663599996],[-70.49776192199994,-33.58625225499998],[-70.49779453099995,-33.587393575999954],[-70.49789235899993,-33.58791532399994],[-70.49799018599998,-33.58833924199996],[-70.49799018499994,-33.58869794199995],[-70.49787301399994,-33.589188312999966],[-70.49770999999998,-33.589459999999974],[-70.49733999999995,-33.59004000099998],[-70.49655479999996,-33.590972799999975],[-70.49633510899997,-33.59147221699993],[-70.49616407399998,-33.59186102899997],[-70.49550138999996,-33.592967054999974],[-70.49546659199996,-33.599816664999935],[-70.49546551699996,-33.600060962999976],[-70.49614752599996,-33.60020540599993],[-70.49656088399996,-33.60040309799996],[-70.49698440699996,-33.600551863999954],[-70.49726599999997,-33.60056269499995],[-70.49760775399994,-33.60059376399994],[-70.49795870099996,-33.60072221099995],[-70.49822752899996,-33.60083028899993],[-70.49849776799994,-33.601005148999946],[-70.49899410699999,-33.601233675999936],[-70.49936834999994,-33.60143327299994],[-70.49982991599995,-33.60162039499994],[-70.50000008399996,-33.60176219999994]]]}},{"type":"Feature","properties":{"CUT_REG":"13","CUT_PROV":"134","CUT_COM":"13401","REGION":"Metropolitana de Santiago","PROVINCIA":"Maipo","COMUNA":"San Bernardo","SUPERFICIE":153.87},"geometry":{"type":"Polygon","coordinates":[[[-70.74987114599998,-33.663862705999975],[-70.74968106799997,-33.66394364699994],[-70.74922606399997,-33.66410474399993],[-70.74895776699998,-33.66413558399995],[-70.74859209799996,-33.664122814999985],[-70.74830279699995,-33.66409534999997],[-70.74809633499996,-33.66407585199994],[-70.74770319799995,-33.66405155299998],[-70.74737689099999,-33.66403197499994],[-70.74699736399998,-33.66403164899998],[-70.74678334899994,-33.66403147199998],[-70.74660999899999,-33.66402186899995],[-70.74660040499998,-33.664021349999985],[-70.74657771799997,-33.66402007399995],[-70.74654061099994,-33.66401802099995],[-70.74649961999995,-33.66401576099997],[-70.74645299999997,-33.66401315099995],[-70.74642560599995,-33.66401165399998],[-70.74636730299994,-33.66400842099995],[-70.74613564299995,-33.66399261199996],[-70.74565116799994,-33.66391082299998],[-70.74507778699996,-33.663748562999956],[-70.74382372399998,-33.66345131999998],[-70.74339233999996,-33.66336864899995],[-70.74285533299997,-33.66331180299994],[-70.74239664299995,-33.66331827099998],[-70.74183645499994,-33.66330039999997],[-70.74177615699995,-33.66319674499994],[-70.74142625599995,-33.66265481399995],[-70.74121403899994,-33.66231851999993],[-70.74104178899995,-33.661994678999974],[-70.74089311899996,-33.66171096199997],[-70.74072543699998,-33.66139310799997],[-70.74065008699995,-33.66124604799995],[-70.74018555399994,-33.66034168799996],[-70.73991893999994,-33.659853932999965],[-70.73945893199993,-33.659113601999934],[-70.73902441199994,-33.658363365999946],[-70.73867844499995,-33.65775981199994],[-70.73829521199997,-33.657147237999936],[-70.73797612599998,-33.65660295299995],[-70.73782999999997,-33.65622999999994],[-70.73767815899998,-33.65583170399998],[-70.73755886299995,-33.655432538999946],[-70.73744778899999,-33.655016555999964],[-70.73716598799996,-33.65391342799995],[-70.73704269499996,-33.65323929099998],[-70.73695995299994,-33.652852741999936],[-70.73686888899994,-33.65247165799997],[-70.73685532299999,-33.65241736099995],[-70.73682689499998,-33.65229918799997],[-70.73671563299996,-33.65189789899995],[-70.73664300899998,-33.65164536799995],[-70.73653665799998,-33.65119242999998],[-70.73637297099998,-33.650561366999966],[-70.73632553599998,-33.650378211999964],[-70.73618898699993,-33.64995162899993],[-70.73608327399995,-33.649516208999955],[-70.73599347199996,-33.649133535999965],[-70.73598292199995,-33.64908819699997],[-70.73595956899999,-33.648954050999976],[-70.73592612299996,-33.64876333799998],[-70.73590556399995,-33.64864579299996],[-70.73582845499993,-33.64832185299997],[-70.73573054199994,-33.64794439199994],[-70.73570085399996,-33.647832283999946],[-70.73562400299994,-33.647410813999954],[-70.73561843599998,-33.647368968999956],[-70.73558337999998,-33.64710277299997],[-70.73556701499996,-33.64670476099997],[-70.73555701699996,-33.64660868699997],[-70.73547481199995,-33.64636294999997],[-70.73538320299997,-33.64613203499994],[-70.73646999999994,-33.64582999999993],[-70.73697999899997,-33.645599999999945],[-70.73761999999994,-33.64488000099993],[-70.73836999999997,-33.64409999999998],[-70.73894999899994,-33.64273999899996],[-70.73923999999994,-33.64196999999996],[-70.73982999999998,-33.64132999999998],[-70.74013999999994,-33.64098999999993],[-70.74066999999997,-33.63994999999994],[-70.74084778799994,-33.63928433099994],[-70.74109999899997,-33.63833999999997],[-70.74136999899997,-33.63790999999998],[-70.74221999999997,-33.63733999899995],[-70.74270999999999,-33.636859999999956],[-70.74283999999994,-33.636219998999934],[-70.74294761999994,-33.63557841199997],[-70.74309999999997,-33.63466999999997],[-70.74328999899996,-33.63433999999995],[-70.74371999999994,-33.63391999999993],[-70.74432999999993,-33.63347999999996],[-70.74454999899996,-33.633329999999944],[-70.74503999999996,-33.632969998999954],[-70.74589000099996,-33.632349999999974],[-70.74680999999998,-33.631389998999964],[-70.74693999999994,-33.631209998999964],[-70.74735999999996,-33.63063999999997],[-70.74756999999994,-33.63035999999994],[-70.74777999999998,-33.629749999999945],[-70.74785999999995,-33.62910999999997],[-70.74841000099997,-33.62868999999995],[-70.74879999999996,-33.628559999999936],[-70.74925999999994,-33.62839999999994],[-70.74995999999999,-33.62799999999993],[-70.74999994699994,-33.62798165799995],[-70.75093999999996,-33.62754999999993],[-70.75106999999997,-33.627479998999945],[-70.75212999999997,-33.62699999999995],[-70.75270000099994,-33.62582999999995],[-70.75284000099998,-33.62555999999995],[-70.75295999999997,-33.62513999899994],[-70.75298999999995,-33.62495999999993],[-70.75296999999995,-33.62402999999995],[-70.75346999999994,-33.62340999999998],[-70.75379999899997,-33.62296999999995],[-70.75403000099993,-33.62278999999995],[-70.75474999999994,-33.62225999999998],[-70.75508000099995,-33.622049999999945],[-70.75528999999995,-33.62188999999995],[-70.75543999899998,-33.62167999999997],[-70.75554461499996,-33.62148441399995],[-70.75566999999995,-33.621249999999975],[-70.75568000099997,-33.62115999899993],[-70.75571999999994,-33.62104999999997],[-70.75578072799993,-33.620983198999966],[-70.75568999899997,-33.62096000099996],[-70.75526999999994,-33.62092999999993],[-70.75500999899998,-33.620889999999974],[-70.75473999999997,-33.62084999999996],[-70.75431999999995,-33.62075999999996],[-70.75366999999994,-33.62062999999995],[-70.75321999999994,-33.62045999999998],[-70.75285999999994,-33.62030999999996],[-70.75223000099999,-33.62017999999995],[-70.75212999999997,-33.62014999999997],[-70.75174141899998,-33.620030285999974],[-70.75119683999998,-33.61986251199994],[-70.75014999999996,-33.61953999899998],[-70.75002999999998,-33.61949999899997],[-70.74999994699994,-33.61948881799998],[-70.74959999999999,-33.619339999999966],[-70.74886999999995,-33.61898999999994],[-70.74859459799995,-33.61884992499995],[-70.74840410099995,-33.61875303399995],[-70.74818709399995,-33.61864265899993],[-70.74770999999998,-33.61839999999995],[-70.74717999999996,-33.61795999999998],[-70.74669999999998,-33.617569998999954],[-70.74671999899994,-33.61524999899996],[-70.74796084799993,-33.61381819199994],[-70.74887507299997,-33.612111639999966],[-70.74948455599997,-33.61150215599997],[-70.74999994699994,-33.61078060999995],[-70.75009403899998,-33.61064887899994],[-70.75052067799999,-33.60967370599997],[-70.75082541999996,-33.60888137699993],[-70.75106921299994,-33.60784525499997],[-70.75131300599998,-33.60717482299998],[-70.75198343799997,-33.606382494999934],[-70.75265387099995,-33.60510257999994],[-70.75410999999997,-33.60230999999993],[-70.75323394299994,-33.60137911999993],[-70.75251990299995,-33.60061747799995],[-70.75206767799995,-33.600308060999964],[-70.75109182399996,-33.59978443199998],[-70.75035398399996,-33.59940361099996],[-70.74999994699994,-33.59921049999997],[-70.74956854099997,-33.59897518699995],[-70.74875929599995,-33.59840395599997],[-70.74818806399998,-33.59809453899993],[-70.74711700599994,-33.59773751999995],[-70.74649817199997,-33.59742810299997],[-70.74592693999995,-33.59697587799997],[-70.74549851699999,-33.59661885799994],[-70.74502544199999,-33.596079576999955],[-70.74455862999997,-33.59555170099998],[-70.74368836499997,-33.59480999999994],[-70.74302318099996,-33.59419112499995],[-70.74315630699994,-33.593872648999934],[-70.74359663199994,-33.59322699899997],[-70.74424030699998,-33.59276935899993],[-70.74458508799995,-33.59233501899996],[-70.74484909999995,-33.59185409799994],[-70.74507929099997,-33.59139274199998],[-70.74543898399997,-33.590566887999955],[-70.74577663799994,-33.58977951899993],[-70.74616488699996,-33.58923957899998],[-70.74672259699997,-33.58862089199994],[-70.74733121699995,-33.58819319599996],[-70.74830039399995,-33.587128836999966],[-70.74882753399999,-33.58669190899997],[-70.74909555099998,-33.58641134499993],[-70.74961224599997,-33.58602228099994],[-70.74981378399997,-33.585838095999975],[-70.75004663199996,-33.58551030799998],[-70.75036219699996,-33.584761415999935],[-70.75074242599999,-33.58429929499994],[-70.75111562599994,-33.58376615099996],[-70.75168685699998,-33.58324252299997],[-70.75223428699996,-33.58274269599997],[-70.75273411399996,-33.582290471999954],[-70.75299592999994,-33.58195725199994],[-70.75250999999997,-33.580379999999934],[-70.75721000099998,-33.57468999899993],[-70.75966922099997,-33.573930261999976],[-70.76056176999998,-33.57404926899994],[-70.76163282799996,-33.574436039999966],[-70.76264438399994,-33.574465790999966],[-70.76329891999995,-33.574465791999955],[-70.76380469699996,-33.574019515999964],[-70.76445923399996,-33.57324597499996],[-70.76526252799994,-33.57262118999995],[-70.76726140099998,-33.571795572999974],[-70.76671141299994,-33.571059625999965],[-70.76418865899996,-33.567450159999964],[-70.76361406399997,-33.566712536999944],[-70.76280999999994,-33.565789999999936],[-70.76170465799999,-33.56454771299997],[-70.75933732099998,-33.561879172999966],[-70.75773300899994,-33.56007326399998],[-70.75679074299995,-33.55902100299994],[-70.75596052499998,-33.55809985199994],[-70.75512999999995,-33.55712999999997],[-70.75387000099994,-33.55574999999993],[-70.75344800199997,-33.55527481699994],[-70.75208202099998,-33.55373276599994],[-70.75104879399998,-33.55257920299994],[-70.75002289299994,-33.55144843399995],[-70.74999481299994,-33.551412563999975],[-70.74903861899998,-33.550345698999934],[-70.74526734799997,-33.54614803199996],[-70.74467854599999,-33.54549111499995],[-70.74383660399997,-33.54454475899996],[-70.74308773399997,-33.54369157299993],[-70.74159018999995,-33.54199281899997],[-70.73875143599997,-33.53876290399995],[-70.73681028699997,-33.53654704199994],[-70.73506631499998,-33.534524345999955],[-70.73412981199994,-33.53346370099996],[-70.73366214599997,-33.53296226499998],[-70.73141551599997,-33.53031384999997],[-70.72973939199994,-33.52822016099998],[-70.72624764699998,-33.52397724299993],[-70.72496179399997,-33.524481710999964],[-70.72338657999995,-33.525062109999965],[-70.72262614299996,-33.52534818399994],[-70.72171799799997,-33.525674667999965],[-70.72008949199994,-33.526279672999976],[-70.71856163199993,-33.52685187399993],[-70.71685167499999,-33.527481215999956],[-70.71616836799996,-33.52773944699993],[-70.71516407599995,-33.528119523999976],[-70.71367326899997,-33.52867371699995],[-70.71266638599997,-33.52906427199997],[-70.71126097899997,-33.52958703199994],[-70.71054838499998,-33.529839824999954],[-70.70873762999997,-33.53050183399995],[-70.70743722199995,-33.53100217799994],[-70.70638401399998,-33.53141234299994],[-70.70594295799998,-33.53158506099993],[-70.70547556299994,-33.531772470999954],[-70.70480438499999,-33.532029758999954],[-70.70269420899996,-33.53277995999997],[-70.70186532099996,-33.533051833999934],[-70.70129833099998,-33.53325432599996],[-70.70025410699998,-33.53364566299996],[-70.69949825899994,-33.53392327599994],[-70.69910109499995,-33.53406902599994],[-70.69841772699993,-33.53432368599994],[-70.69669938199996,-33.534978112999966],[-70.69551478499994,-33.53542000899995],[-70.69476561099998,-33.535690821999935],[-70.69416470299996,-33.53590901699994],[-70.69318696599998,-33.53626502599997],[-70.69203785099995,-33.536687315999984],[-70.69183637999998,-33.53675878699994],[-70.69067527799996,-33.53718075199998],[-70.68895290999995,-33.53781094899995],[-70.68784205299994,-33.53822392999996],[-70.68671845199998,-33.538629613999944],[-70.68540430399997,-33.539130402999945],[-70.68569181899994,-33.539667090999956],[-70.68600889599998,-33.54026596299997],[-70.68622739199998,-33.54060084899993],[-70.68619182199996,-33.541116716999966],[-70.68713999999994,-33.54309999999998],[-70.68807748399996,-33.54517849999996],[-70.68845288699998,-33.54601080899994],[-70.68880870699996,-33.54678865799997],[-70.68901171999994,-33.54722368399996],[-70.68923717499996,-33.54770680599995],[-70.68935524399996,-33.54795980899996],[-70.68950890899998,-33.54828908899998],[-70.69007999899998,-33.54952999999995],[-70.69048999999995,-33.55040999999994],[-70.69071197099998,-33.55094276999995],[-70.69269536999997,-33.55526777299997],[-70.69303395599997,-33.55602857899993],[-70.69306477799995,-33.55608923999995],[-70.69312000099995,-33.55613999999997],[-70.69321832099996,-33.55612836299997],[-70.69333162299995,-33.556112663999954],[-70.69530187499998,-33.55585814199998],[-70.69543157299995,-33.55586638699998],[-70.69548291999996,-33.55588858899995],[-70.69554396199999,-33.55593423999994],[-70.69557072799995,-33.55600166599993],[-70.69557235499997,-33.556111053999985],[-70.69557636399998,-33.55631620799994],[-70.69585616899997,-33.55762723099997],[-70.69661395099996,-33.561296365999965],[-70.69688708099994,-33.56258345799995],[-70.69704254399994,-33.56324583299994],[-70.69710008699997,-33.56349199699997],[-70.69711636399995,-33.56359556599995],[-70.69710470899997,-33.56365537599993],[-70.69706145399994,-33.56370249699995],[-70.69701805999995,-33.56374246099995],[-70.69696298799994,-33.56376826999997],[-70.69690081599998,-33.563795367999944],[-70.69681876799996,-33.56382631799994],[-70.69675260199995,-33.56386778799998],[-70.69673209499996,-33.563912210999945],[-70.69671614299995,-33.56397088699998],[-70.69672709499997,-33.56402084299998],[-70.69682691199995,-33.56424256699995],[-70.69720308499996,-33.56504149699998],[-70.69790470199996,-33.56659471499995],[-70.69824252599994,-33.56732589199993],[-70.69871765099998,-33.56841005499996],[-70.69900630899997,-33.569010111999944],[-70.69927829999995,-33.56962483299998],[-70.69988657499994,-33.57099273299997],[-70.70051011699996,-33.572324150999975],[-70.70080373299999,-33.57299392599998],[-70.69790745499995,-33.57414463099997],[-70.69628023099995,-33.57477586099998],[-70.69466688499995,-33.57541833199997],[-70.69331532399997,-33.57592167499996],[-70.69170424999999,-33.576565984999945],[-70.69110669799994,-33.57679557599994],[-70.69020154199995,-33.57715534899995],[-70.68922368299997,-33.577529468999955],[-70.68695999899995,-33.578439999999944],[-70.68621999899995,-33.578719999999976],[-70.68578000099996,-33.578889999999944],[-70.68521999999996,-33.57911999899994],[-70.68337038899995,-33.57986062699996],[-70.68085460699996,-33.58083116999995],[-70.67829884299994,-33.58186942499998],[-70.67675599299997,-33.58248589599998],[-70.67468060899995,-33.58289624599996],[-70.67132421699995,-33.58358013299994],[-70.66835790599998,-33.58418279399996],[-70.66721295099995,-33.58441583399997],[-70.66539999999998,-33.584769999999935],[-70.66367999999994,-33.58511999999996],[-70.66323756299994,-33.58519718699995],[-70.66331573199994,-33.58536792999996],[-70.66338160199996,-33.58557202299994],[-70.66346681799996,-33.58584503999998],[-70.66383490599998,-33.58699825599996],[-70.66412795699995,-33.587943079999945],[-70.66454889999994,-33.58927395999996],[-70.66468086599997,-33.58971166699996],[-70.66492772299995,-33.59050199799998],[-70.66529759099996,-33.59174566599995],[-70.66562952399994,-33.59270703399994],[-70.66595039099997,-33.593691958999955],[-70.66648447099993,-33.59531107899994],[-70.66669012099999,-33.59595253499998],[-70.66686927499995,-33.59652825399996],[-70.66705244499997,-33.597134697999934],[-70.66735387999995,-33.59797480999998],[-70.66794342099996,-33.59964304199997],[-70.66848484799993,-33.60132862099994],[-70.66886836399993,-33.60236494499998],[-70.66967860099999,-33.604680377999955],[-70.67060641599994,-33.607323485999984],[-70.67064414599997,-33.607461126999965],[-70.67048389799999,-33.60749120799994],[-70.66888024399998,-33.60765709299994],[-70.66725709999997,-33.60781081199997],[-70.66644583099998,-33.60788497499993],[-70.66477495999999,-33.608041094999976],[-70.66322625599997,-33.608174074999965],[-70.66182450399998,-33.60829742599998],[-70.65997727499996,-33.60845930299996],[-70.65826300899994,-33.60860244299994],[-70.65694948099997,-33.60871739799995],[-70.65666081299997,-33.60874273899998],[-70.65573838899996,-33.60882094599998],[-70.65421302099998,-33.60895302399996],[-70.65279527399997,-33.60907648699998],[-70.65147317599997,-33.60919149799997],[-70.64981443699997,-33.60933252099994],[-70.64740984299993,-33.60953708399995],[-70.64482666799995,-33.60975769299995],[-70.64441840299997,-33.609792493999976],[-70.64346142699998,-33.60987402799998],[-70.64372085999997,-33.610899435999954],[-70.64406687599995,-33.61230163799996],[-70.64501827499998,-33.61626696999997],[-70.64528807799996,-33.61737813199994],[-70.64551117499997,-33.61831239399993],[-70.64587785999998,-33.61983838699996],[-70.64625757799996,-33.621344043999954],[-70.64349008899995,-33.621538330999954],[-70.64385774699997,-33.62316911099998],[-70.64430999899997,-33.62519999999995],[-70.64474762099996,-33.62714021599993],[-70.64319999999998,-33.62716999899993],[-70.64102142599995,-33.62719442799994],[-70.63543348999997,-33.62728469999996],[-70.63101837499994,-33.62735255599995],[-70.63034543399993,-33.62736238599996],[-70.62966910599994,-33.627374164999935],[-70.62862740399999,-33.62738756099998],[-70.62894838999995,-33.62896474199994],[-70.62943632999998,-33.63136225599993],[-70.62974314699994,-33.63324241899994],[-70.63023913299998,-33.63622537899994],[-70.63057341899997,-33.63884025699997],[-70.63126616199997,-33.64365453199997],[-70.63191665799997,-33.64404762099997],[-70.63245666999995,-33.644556773999966],[-70.63277659899995,-33.64467500899997],[-70.63316639899995,-33.64481906499998],[-70.63401498899998,-33.64484992399997],[-70.63464757199995,-33.64469563399996],[-70.63512586799999,-33.644633917999954],[-70.63588188299997,-33.64475734999996],[-70.63649903799995,-33.64484992399997],[-70.63693104799995,-33.644973353999944],[-70.63725505399998,-33.645204787999944],[-70.63756363099998,-33.64549793599997],[-70.63776420799996,-33.64579108499993],[-70.63802649899998,-33.64620766499996],[-70.63825793199999,-33.646469956999965],[-70.63852154999995,-33.64668604399998],[-70.63910336799995,-33.64690768899993],[-70.63975453399996,-33.64708711199995],[-70.64023929899997,-33.64726786199998],[-70.64076628299995,-33.64753573899998],[-70.64131981999998,-33.64773885799997],[-70.64210835599994,-33.64790444099998],[-70.64280151499997,-33.64794868399997],[-70.64346517899997,-33.64790444099998],[-70.64423207699997,-33.64780120499995],[-70.64478302399993,-33.64787738499996],[-70.64539254799996,-33.64820985399996],[-70.64586354399995,-33.648625437999954],[-70.64633453999994,-33.64898561199993],[-70.64719341499995,-33.649207256999944],[-70.64816311199996,-33.649428901999954],[-70.64913280899998,-33.649761369999965],[-70.65013021199997,-33.65009383699993],[-70.65104449699999,-33.65020465999993],[-70.65193107799996,-33.65042630399995],[-70.65262371999995,-33.650731065999935],[-70.65334406599999,-33.651146651999966],[-70.65409211799994,-33.65170076399994],[-70.65467393699998,-33.652227170999936],[-70.65542198899993,-33.65278128399996],[-70.65597610199995,-33.65319686799995],[-70.65658562599998,-33.65350162999994],[-70.65719514999995,-33.65372327599994],[-70.65788779099995,-33.65394492099995],[-70.65877437099994,-33.65416656599996],[-70.65949471799996,-33.65424968299993],[-70.66004883099998,-33.65438821099997],[-70.66049211999996,-33.65447132799994],[-70.66090770499994,-33.65458215099994],[-70.66154493499994,-33.65477608899994],[-70.66218216399994,-33.65485920699996],[-70.66262545499995,-33.65519167399998],[-70.66320727399994,-33.65569037599994],[-70.66389991399996,-33.65616137199993],[-70.66446720599998,-33.65642137899994],[-70.66456484999998,-33.65646613299998],[-70.66517437299996,-33.65660466299994],[-70.66583930899998,-33.656909422999945],[-70.66658736099998,-33.657131067999956],[-70.66716119899996,-33.657219140999985],[-70.66770989399998,-33.65748607399996],[-70.66830510999995,-33.657712887999935],[-70.66883151699994,-33.65807306099998],[-70.66905316299994,-33.658627173999946],[-70.66930213199998,-33.65928700099994],[-70.66962291399994,-33.660021936999954],[-70.67018643999995,-33.660407506999945],[-70.67085377199999,-33.66068926999998],[-70.67147661599995,-33.66094137399995],[-70.67241088099996,-33.66138626199995],[-70.67315359799994,-33.66153626499994],[-70.67437264499995,-33.661563970999964],[-70.67550857599997,-33.66137003099993],[-70.67644453699995,-33.661341773999936],[-70.67733431299996,-33.66151972799997],[-70.67785334999996,-33.66172734399993],[-70.67861160799998,-33.66200726099993],[-70.67897178099997,-33.66220119999997],[-70.67935484799995,-33.66248735999994],[-70.67996656899999,-33.66263565699995],[-70.68089341999996,-33.662691267999946],[-70.68146806799996,-33.66254297199998],[-70.68200564099993,-33.66219076799996],[-70.68246906599995,-33.66193125099994],[-70.68291395499995,-33.66187563899996],[-70.68345152799998,-33.66187563899996],[-70.68398650099994,-33.66200726099993],[-70.68465143699996,-33.66231202299997],[-70.68528866599996,-33.66281072399994],[-70.68620295199997,-33.66322630899998],[-70.68692329899994,-33.66350336599993],[-70.68767135099995,-33.663863538999976],[-70.68810431899993,-33.66410008099996],[-70.68860481799999,-33.66434106299994],[-70.68908678199995,-33.664674727999966],[-70.68936483699997,-33.66489717299993],[-70.68975411299994,-33.66510107999994],[-70.69032876099993,-33.66511961699996],[-70.69102492299999,-33.66494808099998],[-70.69201562999996,-33.66456350599998],[-70.69284979399998,-33.664118617999975],[-70.69335664599998,-33.66373295899996],[-70.69424335799994,-33.66324034099995],[-70.69487481699997,-33.663087780999945],[-70.69581973299995,-33.66310897599993],[-70.69620468699998,-33.663281720999976],[-70.69664797699994,-33.66347565899997],[-70.69716622199996,-33.663667275999956],[-70.69785588599996,-33.663765799999965],[-70.69858737199996,-33.66391894999998],[-70.69923521499999,-33.66412705299996],[-70.69986183199995,-33.66444535699998],[-70.70049906199995,-33.66455617899993],[-70.70130420899994,-33.66475103499994],[-70.70294626699996,-33.66494808199997],[-70.70380013699997,-33.66521081199994],[-70.70455548399997,-33.66544069999998],[-70.70560640099995,-33.66544069999998],[-70.70632890699994,-33.66550638199993],[-70.70688720699997,-33.665572062999956],[-70.70737982399999,-33.66583479399998],[-70.70797096499996,-33.665867634999984],[-70.70849642399997,-33.66613036399997],[-70.70908756499995,-33.66652445699998],[-70.70919863399996,-33.66657019199994],[-70.70964586499997,-33.66675434499996],[-70.71026984799994,-33.66711559899994],[-70.71095951099994,-33.66731264499998],[-70.71151781099996,-33.66770674099996],[-70.71177608799997,-33.668141151999976],[-70.71179462399994,-33.66860457599995],[-70.71154731499996,-33.66920607399993],[-70.71144242099996,-33.66969826099995],[-70.71136827499998,-33.67088462899994],[-70.71153510599999,-33.67199685099996],[-70.71173901499998,-33.67257149799997],[-70.71210975399998,-33.67294223899995],[-70.71281416099998,-33.67335005199993],[-70.71322555199998,-33.67378235599995],[-70.71347408899999,-33.67463066499994],[-70.71340734599994,-33.67564864299993],[-70.71337027099997,-33.67685354799994],[-70.71335691699994,-33.67818307299996],[-70.71371816899995,-33.67920114899994],[-70.71430931099997,-33.68021922599996],[-70.71529454599994,-33.68104025399998],[-70.71615082399995,-33.68143218999995],[-70.71674400799998,-33.681877078999946],[-70.71713328499999,-33.68239611599995],[-70.71730011799997,-33.683081985999934],[-70.71772479199996,-33.683831751999946],[-70.71822696899994,-33.68445372499997],[-70.71882015399996,-33.684805928999936],[-70.71939480199995,-33.68502837199998],[-70.72005651399996,-33.68560517699996],[-70.72097606699998,-33.68688598299997],[-70.72192846099995,-33.68773985299998],[-70.72242107799997,-33.688429516999975],[-70.72297937799993,-33.689349069999935],[-70.72347199699993,-33.69000589399997],[-70.72392246799996,-33.690772530999936],[-70.72476242599998,-33.69143870499994],[-70.72571824099998,-33.69184420199997],[-70.72632648699994,-33.69242348399996],[-70.72736919499994,-33.69251037599997],[-70.72812225999996,-33.69236555499998],[-70.72887532599998,-33.692307626999934],[-70.72962839299998,-33.69259726799993],[-70.73020767499997,-33.69291587299995],[-70.73087384899998,-33.69349515499994],[-70.73162691499994,-33.693697903999976],[-70.73258272899994,-33.69390065199997],[-70.73359647199999,-33.69410339999996],[-70.73434953799995,-33.69442200499998],[-70.73501571299994,-33.69468268299994],[-70.73548108399996,-33.694971891999955],[-70.73608738399997,-33.69514826899996],[-70.73649525899998,-33.69525850599996],[-70.73704644199995,-33.69530260099998],[-70.73762247999997,-33.69529092799996],[-70.73840234899995,-33.695093149999934],[-70.73918502799995,-33.695137245999945],[-70.73987951799995,-33.69532464799994],[-70.74046376999996,-33.695622284999956],[-70.74076140899996,-33.69599157799996],[-70.74124369499998,-33.69629472799994],[-70.74185123799998,-33.69642052699993],[-70.74260430299995,-33.696594312999935],[-70.74341529799995,-33.696854987999984],[-70.74399457999994,-33.697057736999966],[-70.74477660999997,-33.697173592999945],[-70.74544278399998,-33.69737634299997],[-70.74577678399999,-33.69770565799996],[-70.74622327099996,-33.697845822999966],[-70.74661772099995,-33.69789315699995],[-70.74736181699996,-33.69808607099998],[-70.74787166099998,-33.69832032399995],[-70.74836772499998,-33.69891284399995],[-70.74889134799997,-33.69964316099998],[-70.74955276599997,-33.70027701999993],[-70.74999994699994,-33.70053949399994],[-70.75018662599996,-33.70064906799996],[-70.75110985599997,-33.70109001399993],[-70.75184017299995,-33.70146206099997],[-70.75257048799995,-33.70175143299997],[-70.75320434899999,-33.702123480999944],[-70.75377723999998,-33.702446151999936],[-70.75433769399996,-33.70257692399997],[-70.75467876099998,-33.702426629999934],[-70.75481655699997,-33.70201324499993],[-70.75488545499996,-33.70151717999994],[-70.75514726599994,-33.70113135199995],[-70.75549175499998,-33.700773083999934],[-70.75568466999994,-33.70024946099994],[-70.75598781899998,-33.70018056299995],[-70.75655278199997,-33.70042859499995],[-70.75703506499997,-33.70078686399995],[-70.75761380599994,-33.701117572999976],[-70.75822010699994,-33.70139316399997],[-70.75914333799994,-33.70151717999994],[-70.75966696099994,-33.70177899099997],[-70.76008332799995,-33.70206516999997],[-70.76042487699993,-33.702643173999945],[-70.76080635799997,-33.70301053999998],[-70.76117237699998,-33.70363492499996],[-70.76157813799995,-33.703968448999944],[-70.76213226799996,-33.704224659999966],[-70.76261492499998,-33.70430237199997],[-70.76324052899997,-33.70452257799997],[-70.76344311399998,-33.70461195399997],[-70.76357419899995,-33.70473708099996],[-70.76360994999999,-33.70488604199994],[-70.76354073799996,-33.70524971699996],[-70.76323930999996,-33.70576645099993],[-70.76306706599996,-33.70639083599997],[-70.76311540299997,-33.706667600999936],[-70.76323931099995,-33.70688603999997],[-70.76394981999994,-33.70729511999997],[-70.76532777499995,-33.70760192999995],[-70.76707713299999,-33.70846315299997],[-70.76822316599998,-33.70899647199997],[-70.76895050899998,-33.70953470499995],[-70.76943030199993,-33.70976819899994],[-70.76985881599995,-33.709837069999935],[-70.77027980299994,-33.70980881199995],[-70.77071584499998,-33.70980646099997],[-70.77106028499998,-33.70986263899994],[-70.77150400599999,-33.71008193399996],[-70.77194782499998,-33.71039566799993],[-70.77237903299994,-33.71083151399995],[-70.77269772499994,-33.71114556799995],[-70.77299615499999,-33.71142104099994],[-70.77311093499998,-33.71184955599995],[-70.77309636499996,-33.71214223099997],[-70.77307877499999,-33.712688524999976],[-70.77311034499996,-33.713550650999935],[-70.77338730099996,-33.71419697399995],[-70.77485504599997,-33.71537984499997],[-70.77593300199999,-33.71599714799993],[-70.77660579399998,-33.716379003999975],[-70.77753060499998,-33.71670032299994],[-70.77860598899997,-33.71681540999998],[-70.77960608499995,-33.717033611999966],[-70.78009608999997,-33.717101198999956],[-70.78066073199994,-33.71717907999994],[-70.78158862299995,-33.71746629399996],[-70.78227310899996,-33.71810188799998],[-70.78269683799994,-33.71885156199994],[-70.78291902599995,-33.71964500799993],[-70.78310985099995,-33.72045071699995],[-70.78374593799998,-33.72153206199994],[-70.78404277799996,-33.72231656899993],[-70.78423360399995,-33.72335550899993],[-70.78465766099998,-33.72392798499993],[-70.78520893499996,-33.72473369399995],[-70.78616306399994,-33.72517895499993],[-70.78672226199996,-33.72546825099994],[-70.78726007199998,-33.725696411999934],[-70.78765120599996,-33.72571270999998],[-70.78813493099995,-33.72589985299993],[-70.78913425699994,-33.726006059999975],[-70.78948072499998,-33.72618397699995],[-70.78973725599997,-33.72631570899995],[-70.79009255799997,-33.726750428999935],[-70.79025521699998,-33.72715082099995],[-70.79045433399995,-33.72761948899995],[-70.79084546999997,-33.72801062499997],[-70.79151284499994,-33.72821130899996],[-70.79250778999995,-33.72836916399996],[-70.79322486999996,-33.728613621999955],[-70.79359970799999,-33.72884178499993],[-70.79392537099994,-33.72917878199996],[-70.79411413699995,-33.72946193399997],[-70.79438197499996,-33.72993370199998],[-70.79460687899996,-33.73017650099996],[-70.79475022399998,-33.73033125199993],[-70.79519683999996,-33.73071596999995],[-70.79573464899994,-33.73092783499993],[-70.79630505299997,-33.730960427999946],[-70.79681600499998,-33.73093502099994],[-70.79701893099997,-33.73092493099995],[-70.79771247799994,-33.73106091999995],[-70.79827702199998,-33.731335265999974],[-70.79848188399995,-33.73150701399993],[-70.79867275399994,-33.73166703099997],[-70.79971169399994,-33.73209108899994],[-70.80104747499996,-33.73238792899997],[-70.80157754499999,-33.732578753999974],[-70.80227723999997,-33.732939202999944],[-70.80323136899995,-33.73342686799998],[-70.80469436699997,-33.73416896899994],[-70.80547887299997,-33.734529417999966],[-70.80624217699994,-33.735017083999935],[-70.80677224699997,-33.73565316899993],[-70.80721750799995,-33.736183240999935],[-70.80778998499994,-33.73667090699996],[-70.80865772699997,-33.73698702699994],[-70.80936698499994,-33.73714556599998],[-70.81024312499994,-33.73738754899995],[-70.81077715399994,-33.73766290599997],[-70.81109423399994,-33.73802170799996],[-70.81131118299999,-33.73843057299996],[-70.81172839299995,-33.73912314199998],[-70.81206216099997,-33.739623793999954],[-70.81247937099994,-33.739949217999936],[-70.81285663599994,-33.740382145999945],[-70.81298836599996,-33.74053331199997],[-70.81323912099998,-33.74112350799993],[-70.81326094499997,-33.74127059299997],[-70.81327373399995,-33.74135678499994],[-70.81334716699996,-33.74185169499998],[-70.81333882399997,-33.74266942699995],[-70.81344729799997,-33.74322848699995],[-70.81361708999998,-33.74370974999994],[-70.81390789699998,-33.74456189099993],[-70.81414153399999,-33.74511594499995],[-70.81434865399996,-33.74570027899995],[-70.81472896699995,-33.74617732799993],[-70.81516528099996,-33.74648288099996],[-70.81572359499995,-33.74677810999998],[-70.81605060899994,-33.74697936999996],[-70.81619754599996,-33.74725206099998],[-70.81629099999998,-33.74761920599997],[-70.81628388999997,-33.74842662499998],[-70.81615629299995,-33.749234745999956],[-70.81613615399993,-33.74999996199995],[-70.81613502499994,-33.75004286799998],[-70.81642072499994,-33.75064576199998],[-70.81683681499999,-33.75131884799998],[-70.81736847399998,-33.75202063699993],[-70.81787886599994,-33.75261609499995],[-70.81824949699995,-33.753095092999956],[-70.81860195199994,-33.75367884399998],[-70.81885527799994,-33.75422955399995],[-70.81919561099994,-33.75453147199994],[-70.81977781599994,-33.754862195999976],[-70.82003999999995,-33.75467999999995],[-70.82046000099996,-33.754389999999944],[-70.82074999999998,-33.75418999999994],[-70.82122000099997,-33.75384999999994],[-70.82214094199998,-33.753256334999946],[-70.82243000099999,-33.75306999999998],[-70.82261999999997,-33.75296000099996],[-70.82311999999996,-33.75263999999993],[-70.82357276699997,-33.75235355499996],[-70.82365999899997,-33.752299999999934],[-70.82377559499997,-33.75222223499998],[-70.82391858399995,-33.752126042999976],[-70.82436612899994,-33.75182591399994],[-70.82548864399996,-33.75107949399995],[-70.82543570299998,-33.750382144999946],[-70.82559307299994,-33.74999996199995],[-70.82581897299997,-33.74945134899997],[-70.82614332299994,-33.74870917299995],[-70.82619414499999,-33.74794685099994],[-70.82619414499999,-33.747184526999945],[-70.82639743099998,-33.74626973799997],[-70.82644879999998,-33.745803930999955],[-70.82639743099998,-33.74530412799993],[-70.82592999999997,-33.744519999999966],[-70.82568154699999,-33.74330539999994],[-70.82527189699994,-33.742704053999944],[-70.82508270999995,-33.742282468999974],[-70.82501112099999,-33.741688944999964],[-70.82489360599999,-33.74140105399994],[-70.82465988099995,-33.741126959999974],[-70.82403102999996,-33.74086849599996],[-70.82319130199994,-33.74044482099998],[-70.82231913299995,-33.74007703999996],[-70.82179372999997,-33.73991941899993],[-70.82133137499994,-33.73976179799996],[-70.82101613299994,-33.73943604799996],[-70.82089111599998,-33.73913131099994],[-70.82088999899997,-33.738809999999944],[-70.82062062099999,-33.73814141999998],[-70.82033962899999,-33.737544312999944],[-70.82027006099997,-33.73705071899997],[-70.82018599699995,-33.73666191999996],[-70.82015447299995,-33.736168041999974],[-70.82028640099998,-33.73578392699994],[-70.82054326999997,-33.73546400199996],[-70.82076111799995,-33.734699268999975],[-70.82101391699996,-33.73409102299996],[-70.82106215799996,-33.733576453999945],[-70.82090135599998,-33.732901083999934],[-70.82082110299996,-33.732508715999984],[-70.82103630799998,-33.731970702999945],[-70.82104975899995,-33.73142596499997],[-70.82106993499997,-33.730780349999975],[-70.82106999899997,-33.73034999999993],[-70.82091026199998,-33.72964992399994],[-70.82089261699997,-33.72867943699998],[-70.82107243599995,-33.72770480999998],[-70.82119619599996,-33.726683786999956],[-70.82135822499998,-33.72584802099993],[-70.82174458999998,-33.72511041699994],[-70.82216607699996,-33.724372812999945],[-70.82263647999997,-33.72370080899998],[-70.82308062299995,-33.72282122699994],[-70.82332856999994,-33.72226264999995],[-70.82377205299997,-33.72161047299994],[-70.82433999999995,-33.721049999999934],[-70.82365599899998,-33.72104846299993],[-70.82259150099998,-33.72083221099996],[-70.82136466199995,-33.72012673099994],[-70.82029282999997,-33.71980723599995],[-70.81918909199999,-33.719849066999984],[-70.81784018099995,-33.719985795999946],[-70.81710137199997,-33.72017504499996],[-70.81584400899999,-33.72089441799994],[-70.81532522599997,-33.72099564399997],[-70.81379418799997,-33.722260964999975],[-70.81349050999995,-33.722627907999936],[-70.81308560799994,-33.72277974799994],[-70.81265539799995,-33.72281770699993],[-70.81226314799994,-33.72284301399998],[-70.81189620399994,-33.72281770699993],[-70.81127619699998,-33.72277974699995],[-70.81073615099996,-33.72265658999993],[-70.80967709899994,-33.722000985999955],[-70.80887020199998,-33.72152189199994],[-70.80723837799997,-33.72054429699995],[-70.80659999999995,-33.720189999999945],[-70.80668527899996,-33.71972225899998],[-70.80689266999997,-33.71930059599998],[-70.80705019699997,-33.71876697399995],[-70.80685201399996,-33.718190988999936],[-70.80643052699997,-33.717664129999946],[-70.80611440999996,-33.717067020999934],[-70.80590366599995,-33.716259168999954],[-70.80586536699997,-33.71585165099998],[-70.80573166699998,-33.71549760399995],[-70.80571000099997,-33.71524999999997],[-70.80562182899996,-33.714983796999945],[-70.80543268299994,-33.71472109499996],[-70.80512794999999,-33.71452144199998],[-70.80499134399997,-33.714300772999934],[-70.80483372399993,-33.71401705499994],[-70.80476472699996,-33.71329935199998],[-70.80488506999995,-33.71281701799995],[-70.80488506999995,-33.712375624999936],[-70.80483999899997,-33.71192999999994],[-70.80442845799996,-33.71165792599993],[-70.80379622599997,-33.71099056899993],[-70.80323424199997,-33.710498832999974],[-70.80288300199999,-33.71004222099998],[-70.80232101799999,-33.709585609999976],[-70.80140779399994,-33.70909387399996],[-70.80049456999996,-33.70860213799995],[-70.80002427399995,-33.70814022299993],[-70.79974000099998,-33.70772999999997],[-70.79926309099994,-33.707527280999955],[-70.79880287999998,-33.70722718999997],[-70.79855705599994,-33.70699775399993],[-70.79838712999998,-33.70642444999993],[-70.79782514499993,-33.70537072999997],[-70.79762729999999,-33.70501900399995],[-70.79754375799996,-33.70468589899997],[-70.79747390699998,-33.704317009999954],[-70.79717020299995,-33.703946677999966],[-70.79661546099999,-33.70371973799996],[-70.79593464299995,-33.70344236699998],[-70.79515999999995,-33.703379998999935],[-70.79491210599997,-33.70319418499997],[-70.79473423499996,-33.70270130599994],[-70.79459373799995,-33.70178808199995],[-70.79470464199994,-33.701527314999964],[-70.79475970299995,-33.70125201299993],[-70.79453946199999,-33.701031771999965],[-70.79430545599996,-33.70074270599997],[-70.79419533499998,-33.70041234399997],[-70.79393379999993,-33.700205868999944],[-70.79361720299994,-33.70001315799993],[-70.79320425199995,-33.699875506999945],[-70.79287388999995,-33.69976538599997],[-70.79258482299997,-33.69953138099993],[-70.79241964299996,-33.699379964999935],[-70.79230952199998,-33.69913219399996],[-70.79213999999996,-33.698639999999955],[-70.79208928199995,-33.69815487499994],[-70.79197916099997,-33.697714393999945],[-70.79177281099999,-33.69629356499996],[-70.79203799099997,-33.69569924199993],[-70.79251160899997,-33.69482474299997],[-70.79274999999996,-33.694279998999946],[-70.79293888099994,-33.69382663599998],[-70.79299946399993,-33.69342679299996],[-70.79323658299995,-33.69297792899994],[-70.79339930699996,-33.69261498999998],[-70.79347200499996,-33.69233631199995],[-70.79348412199994,-33.69194858499998],[-70.79358959999996,-33.69174236799995],[-70.79371433399996,-33.691391228999976],[-70.79385999999994,-33.69094999999993],[-70.79382101099998,-33.69016203799998],[-70.79398999999995,-33.68959999899994],[-70.79414434099994,-33.68929646299995],[-70.79431274699994,-33.68886245099998],[-70.79467999999997,-33.68814999999995],[-70.79522443899998,-33.687854551999976],[-70.79579529699998,-33.68752857099997],[-70.79606894599993,-33.687036002999946],[-70.79606894599993,-33.686438893999934],[-70.79596357399998,-33.68584178699996],[-70.79578795399993,-33.68524467799995],[-70.79587492999997,-33.68488841699997],[-70.79578962799997,-33.68442571199995],[-70.79615342599993,-33.68372450399994],[-70.79641941799997,-33.683172336999974],[-70.79718186099996,-33.68223335599998],[-70.79772957899996,-33.681299354999965],[-70.79843721399999,-33.68073889599998],[-70.79898499199999,-33.679565568999976],[-70.79896075899995,-33.67921419199996],[-70.79894715499995,-33.67872597899998],[-70.79905999899995,-33.67828999999995],[-70.79952140299997,-33.677874506999956],[-70.79973922199997,-33.67741906899994],[-70.79975687999996,-33.67682049699994],[-70.80009565199998,-33.67638938099998],[-70.80037287599998,-33.67607255399997],[-70.80051148799998,-33.67573592499997],[-70.80056850999995,-33.67541108299997],[-70.80120836199995,-33.67484317999998],[-70.80132952599996,-33.67461599699993],[-70.80179074199998,-33.67403506199997],[-70.80176188799999,-33.673246233999976],[-70.80167718899997,-33.67273775099994],[-70.80194997099994,-33.67258974899994],[-70.80273074399997,-33.67253618299998],[-70.80356106399995,-33.67243971199997],[-70.80440999999996,-33.672459999999944],[-70.80440407699996,-33.672192705999976],[-70.80424747699993,-33.67190210499996],[-70.80395317599994,-33.671544739999945],[-70.80271512299998,-33.671205389999955],[-70.80154282599995,-33.67040024299996],[-70.80076421599995,-33.66960990399997],[-70.80020595699995,-33.66877523699998],[-70.79962527299995,-33.66804367499998],[-70.79941067999994,-33.66718344199995],[-70.79961988399998,-33.66660482299994],[-70.79988097999995,-33.66601965999996],[-70.79950715499996,-33.66582495499995],[-70.79899321299996,-33.66549158699996],[-70.79847927099996,-33.66531101299995],[-70.79825702599999,-33.66521378099998],[-70.79781253599998,-33.66526934199993],[-70.79752083999995,-33.66525545199994],[-70.79709023899994,-33.66517210999996],[-70.79650684599994,-33.66490819499995],[-70.79636794199996,-33.66478318099996],[-70.79593734299993,-33.66451926499997],[-70.79546507199996,-33.664172005999944],[-70.79517337499993,-33.66388030999997],[-70.79472888499998,-33.663616392999984],[-70.79428439299994,-33.66331080599997],[-70.79378434199998,-33.66290798699998],[-70.79338152199995,-33.662310702999946],[-70.79332596099994,-33.66186621299994],[-70.79277034899997,-33.66128281899995],[-70.79261755499994,-33.66083832999993],[-70.79240920099994,-33.66054663299997],[-70.79204805199998,-33.66007436099994],[-70.79174246499997,-33.65978266399998],[-70.79090904599997,-33.65928261299996],[-70.79061734899994,-33.659088148999956],[-70.78993672299998,-33.65861587699993],[-70.78932554799997,-33.658254728999964],[-70.78883938699994,-33.65799081299997],[-70.78847823999996,-33.657740787999956],[-70.78814487199998,-33.65747687099997],[-70.78747813599995,-33.657032380999965],[-70.78682528999997,-33.65662956099993],[-70.78617244499998,-33.656296193999935],[-70.78588074899994,-33.65594893599996],[-70.78570017499999,-33.65544888399995],[-70.78529735599994,-33.65482381999993],[-70.78415834899994,-33.65394872999997],[-70.78333881899994,-33.653115309999976],[-70.78281421199995,-33.65294642599997],[-70.78064608999995,-33.65376380099997],[-70.77785051999996,-33.65475365399993],[-70.77481403799999,-33.65584048399995],[-70.77412219299998,-33.656089849999944],[-70.77142756999996,-33.65705598599993],[-70.77115071699995,-33.657154151999976],[-70.76931019999995,-33.65780871199996],[-70.76779793399999,-33.65834635099998],[-70.76680366399995,-33.65871194199997],[-70.76624294199996,-33.65895246399998],[-70.76602660599997,-33.65907167199998],[-70.76557212099993,-33.65932125899997],[-70.76503235499996,-33.65951984599997],[-70.76394609299996,-33.65991615399997],[-70.76319162399994,-33.660220153999944],[-70.76279929799995,-33.660422711999956],[-70.76259969499995,-33.66056871599994],[-70.76243831399995,-33.66063018999995],[-70.76170984699996,-33.66090580399998],[-70.76088317099999,-33.66121817399994],[-70.76048813699998,-33.661368152999955],[-70.76032216199997,-33.66143121599998],[-70.75998341599995,-33.66155987199994],[-70.75975943599997,-33.66164967199995],[-70.75826533699995,-33.66225019199993],[-70.75730938599997,-33.662649502999955],[-70.75694294099998,-33.66266309799994],[-70.75662310699994,-33.662623603999975],[-70.75644845999994,-33.66263188499994],[-70.75629618499994,-33.66263894999997],[-70.75625484999995,-33.66264082599997],[-70.75618310099998,-33.66264420799996],[-70.75605901099993,-33.662649907999935],[-70.75588442299994,-33.66264568399998],[-70.75569296999998,-33.662640959999976],[-70.75559560399995,-33.66263858399998],[-70.75547942699995,-33.66262943999993],[-70.75533779099999,-33.66261835299997],[-70.75519803799995,-33.66260723899995],[-70.75505682899995,-33.66259614599994],[-70.75491699299994,-33.662585175999936],[-70.75482180799997,-33.66258523899995],[-70.75465668599998,-33.66258522199996],[-70.75442222699996,-33.662585185999944],[-70.75428586799995,-33.66258526099995],[-70.75411946599996,-33.66258125299993],[-70.75398252299993,-33.66257782799994],[-70.75388600299993,-33.66257540399994],[-70.75381971499996,-33.66257376799996],[-70.75374162499998,-33.66259370199998],[-70.75359846999999,-33.66263009099998],[-70.75339638599996,-33.66268156099994],[-70.75329427999998,-33.662707560999934],[-70.75310209999998,-33.66276203899997],[-70.75288949299994,-33.66282224599996],[-70.75253031999995,-33.66292375699993],[-70.75242482699997,-33.66295588899993],[-70.75149943699995,-33.66324421199994],[-70.75097620599996,-33.663405404999935],[-70.75029234399994,-33.663685070999975],[-70.74987114599998,-33.663862705999975]]]}}]}