representation,unit_id,tile_id,partition,origin_trip_count,origin_expanded_mass,destination_trip_count,destination_expanded_mass,unit_bbox_span_m
zona777,0,E22_N419,train,51429,73245.2129,23707,34090.7161,2039.5593764827356
zona777,1,E22_N420,validation,28839,47012.6106,24460,36010.5768,1221.423961211869
zona777,10,E22_N420,validation,40418,65492.7497,34511,51492.0785,1331.7756765686208
zona777,100,E22_N420,validation,46155,69185.1341,22255,33160.0341,1212.0302322171628
zona777,101,E22_N420,validation,19140,30653.8862,20712,30535.5658,1261.861893653404
zona777,102,E22_N420,validation,35019,51147.7738,25364,37545.3344,995.7420015744864
zona777,103,E22_N419,train,49747,68921.207,22110,31867.8832,1032.5360896373168
zona777,104,E22_N419,train,54667,78159.2797,37087,54669.2465,1160.4327031600403
zona777,105,E22_N419,train,18721,29218.694600000003,20110,29125.0802,1152.5237889247364
zona777,106,E22_N419,train,21950,34146.4962,17745,26062.6068,1508.2011581889235
zona777,107,E22_N419,train,15566,22025.1088,9789,14215.0749,773.9590860884637
zona777,108,E22_N419,train,33001,47287.5825,28507,41196.223,1300.0117932761204
zona777,109,E22_N419,train,132699,183408.4087,144989,206959.3044,863.9758934988058
zona777,11,E22_N420,validation,138762,195867.2042,160785,232515.7066,1694.1165404376225
zona777,110,E22_N419,train,211851,301350.89660000004,279857,398444.3212,1246.3119159514315
zona777,111,E22_N419,train,44978,64573.4019,36958,54156.2809,1076.2260205354542
zona777,112,E22_N419,train,57978,84105.7204,37526,54831.9147,1094.171451613307
zona777,113,E22_N419,train,21296,30337.0667,9013,13597.974400000001,611.8918318906799
zona777,114,E22_N419,train,34283,42383.752700000005,21608,31109.2545,751.1669234210858
zona777,115,E22_N419,train,743,1115.3053,318,446.4895,936.8246451063314
zona777,116,E22_N419,train,86267,118411.1874,102454,147472.3579,946.0736308165942
zona777,117,E22_N419,train,300122,404519.11130000005,286188,409162.0524,1553.6733861510877
zona777,118,E22_N419,train,54555,72325.3386,38309,54566.9403,812.147410649748
zona777,119,E22_N419,train,87079,121370.0852,98541,141267.5767,821.8460538201034
zona777,12,E22_N420,validation,20633,31047.9794,20695,30697.643500000002,1131.6166477992665
zona777,120,E22_N419,train,11062,14450.9296,8750,12503.8657,1004.1125270568882
zona777,121,E22_N419,train,13011,17245.2878,11571,16435.9483,904.6831838373328
zona777,122,E22_N419,train,3177,4501.4339,6265,9209.2856,642.5979980221018
zona777,123,E22_N419,train,568201,761679.1303999998,466512,661354.9054,1262.7705581138143
zona777,124,E22_N419,train,17707,23626.7409,11368,16296.017,584.6998911256087
zona777,125,E22_N419,train,18515,28410.2012,14709,21735.4925,1394.925569443032
zona777,126,E22_N419,train,24845,35809.7818,26635,38515.7031,1157.442850857624
zona777,127,E22_N419,train,48264,68295.01209999999,25209,36929.631199999996,770.651433875144
zona777,128,E22_N419,train,13831,19630.2037,9319,13891.1889,690.3447323423461
zona777,129,E22_N419,train,1761,2418.982,1375,1986.7821,856.685248285532
zona777,13,E22_N420,validation,28050,44979.8601,21641,31902.7116,1112.8707595951855
zona777,130,E22_N419,train,311986,432338.5799,316197,449573.1097,1526.625957319804
zona777,131,E22_N419,train,3010,4267.2835,2454,3911.3167999999996,823.9884311994538
zona777,132,E22_N419,train,62977,90395.602,44347,63975.3174,1373.3952995822765
zona777,133,E22_N419,train,26371,36263.3481,17832,27138.8189,1047.2720417330274
zona777,134,E22_N419,train,27189,39226.5389,51828,74352.5605,1849.7119829461444
zona777,135,E22_N420,validation,87500,136045.9173,76048,112893.2921,2968.532046507462
zona777,136,E22_N420,validation,36575,54962.6738,32733,48181.1713,1477.4787622839212
zona777,137,E22_N420,validation,54581,85851.7343,45688,68328.9763,1570.9437420070171
zona777,138,E22_N420,validation,37865,59489.4571,34017,50547.0491,1351.251703094691
zona777,139,E22_N420,validation,19090,31219.272,16512,24442.5987,1077.7188475626754
zona777,14,E22_N420,validation,7795,11985.724400000001,7280,10556.9219,771.090860683471
zona777,140,E22_N420,validation,3956,5939.4831,440,708.8811000000001,963.9428448127584
zona777,141,E22_N420,validation,21955,34283.6785,20053,30048.1254,714.4951538424939
zona777,142,E22_N420,validation,9767,14778.5201,14644,21621.2931,839.2757045907201
zona777,143,E22_N420,validation,48858,73332.6801,36093,52954.3499,1186.795545621775
zona777,144,E22_N420,validation,46765,74320.1681,35795,53145.3341,530.4760120436549
zona777,145,E22_N420,validation,23273,37303.5787,26099,38266.3655,1362.613720960915
zona777,146,E22_N419,train,9656,14697.1471,24848,35908.3827,584.5446749645052
zona777,147,E22_N419,train,37632,54360.6673,24967,36464.082,959.58029448241
zona777,148,E22_N419,train,16993,23226.0113,15872,23017.233500000002,879.511032751936
zona777,149,E22_N419,train,27199,41128.2664,20983,30781.4791,2511.585392211564
zona777,15,E23_N420,test,31484,47410.0456,19370,28386.112100000002,786.718655901961
zona777,150,E22_N419,train,205858,286331.97589999996,179793,251256.14029999997,1868.3229616632448
zona777,151,E22_N419,train,93257,140172.0157,84227,124183.3442,3345.2446583397686
zona777,152,E22_N419,train,43099,65494.6363,30949,45555.8685,1417.3133694017306
zona777,153,E22_N419,train,38926,63653.2769,43891,64779.0841,1471.37081610132
zona777,154,E22_N419,train,11596,17890.3992,12239,17928.0119,1465.8954211450182
zona777,155,E22_N419,train,19545,30807.5293,13438,20429.4392,1007.3658216254552
zona777,156,E22_N419,train,27854,44818.4803,33730,51649.3432,1760.1511148726568
zona777,157,E22_N419,train,29103,45191.6391,16794,25533.2527,6932.062418764806
zona777,158,E22_N419,train,44534,60760.293,43187,61992.0595,1794.708999387687
zona777,159,E22_N419,train,37646,57877.0892,35246,51912.3672,1531.745410787058
zona777,16,E22_N420,validation,19046,29397.643399999997,14398,21718.2974,1196.57120454486
zona777,160,E22_N419,train,41791,63249.5228,46833,67861.07800000001,1040.6320938561112
zona777,161,E22_N419,train,136698,188430.8793,148024,211214.703,1153.31751535926
zona777,162,E22_N419,train,111192,170914.2915,129693,184502.981,1428.105403731577
zona777,163,E22_N419,train,19199,28787.2818,22309,33047.86,1172.2510793870315
zona777,164,E22_N419,train,30610,46435.2518,23671,35101.5395,1471.1532306419683
zona777,165,E22_N419,train,72128,109861.4543,50640,74246.7739,1474.7128724383656
zona777,166,E22_N419,train,37535,58653.852199999994,45329,67349.5155,1147.418482771085
zona777,167,E22_N419,train,20871,32828.8566,30675,44832.9434,1504.575243846106
zona777,168,E22_N419,train,80670,118073.147,77045,116616.1832,1314.882815087214
zona777,169,E22_N419,train,37574,58517.6549,30446,46063.1137,1834.122005596757
zona777,17,E22_N420,validation,19115,27759.7291,13380,19762.8396,1358.7617633699556
zona777,170,E22_N419,train,44157,70873.77620000001,39667,58556.395,2741.93626824941
zona777,171,E22_N419,train,32399,49933.0017,36119,53038.3692,1028.3329562298022
zona777,172,E22_N419,train,73513,111630.4674,26607,38877.551699999996,1251.127746299724
zona777,173,E23_N419,train,8696,13451.912400000001,11765,17413.0566,1526.7454706756398
zona777,174,E23_N420,test,33704,53525.2007,48405,71144.4777,2899.323155265301
zona777,175,E23_N420,test,1294538,1700188.657399999,1433908,1956355.6708000004,1381.5530462969327
zona777,176,E23_N420,test,253907,376716.0991,165552,234598.956,1560.536579668522
zona777,177,E23_N419,train,34564,47049.5161,27187,38234.5907,936.7870244886726
zona777,178,E23_N419,train,544806,737144.1262000002,588700,806398.7420999999,1291.2667511422187
zona777,179,E23_N420,test,913286,1197756.0029999998,1024332,1401679.1173000003,1304.699029690586
zona777,18,E22_N420,validation,16229,23159.6381,14789,21783.4258,982.7171309310944
zona777,180,E23_N420,test,121106,157769.9567,127914,178879.2999,1386.1377253223327
zona777,181,E23_N419,train,512456,708934.2791000002,592204,827194.9367,980.61104805395
zona777,182,E23_N419,train,103912,143000.5554,95247,130524.37150000001,1301.8633642182683
zona777,183,E23_N419,train,298832,400719.05840000004,338775,464239.4106,1669.5064805857835
zona777,184,E23_N419,train,93767,132525.668,84142,116404.22780000001,1724.85040150024
zona777,185,E23_N419,train,37657,53926.3424,20676,29149.369,1648.332164819003
zona777,186,E23_N419,train,111126,145828.86949999997,72584,100047.19470000001,1549.3989092713457
zona777,187,E23_N419,train,36903,49508.081499999986,25061,35142.507099999995,2018.440814693284
zona777,188,E23_N420,test,45779,66036.341,54076,75590.4815,1935.1161564710785
zona777,189,E23_N420,test,127976,178011.5927,66323,93601.6361,1685.4890012653775
zona777,19,E22_N420,validation,50214,78127.68980000001,40285,59287.4707,1642.226269904524
zona777,190,E23_N420,test,31297,46106.275499999996,33092,44998.1664,1965.364043700276
zona777,191,E23_N420,test,37293,55502.9974,20410,28600.7066,1997.8066031453784
zona777,192,E23_N420,test,51162,70767.3894,37423,51182.445,1508.755086983554
zona777,193,E23_N420,test,65476,96952.35960000001,38756,53648.634900000005,1988.4197757707443
zona777,194,E23_N420,test,38846,57475.2499,33546,47264.8112,1973.821585185011
zona777,195,E23_N420,test,131080,194106.2769,113718,158210.7647,1586.316506634641
zona777,196,E23_N420,test,14993,21762.0315,60782,84787.5104,1219.4574400587007
zona777,197,E23_N420,test,21919,31770.7138,41271,58071.5477,1393.484668880934
zona777,198,E23_N420,test,21840,32961.7419,22003,31249.46,1621.733118861448
zona777,199,E23_N420,test,131894,185304.3664,16866,24644.491899999997,1870.608290716249
zona777,2,E23_N420,test,7569,11382.8547,12163,17955.014,1395.3666029460728
zona777,20,E23_N420,test,34506,50057.2162,27310,40232.7523,1118.9931938842635
zona777,200,E23_N420,test,15292,22115.5878,19760,27228.322,7548.145075770502
zona777,201,E23_N420,test,49108,68358.0885,17645,24814.1727,1403.1248508746503
zona777,202,E23_N420,test,67947,99856.5246,69981,97475.97429999999,3336.2692966302857
zona777,203,E24_N420,train,4402,7530.7728,7348,10833.9033,2259.223213358025
zona777,204,E23_N420,test,114479,166388.87579999998,49543,71392.2037,3280.8393101450056
zona777,206,E23_N420,test,1258925,1671285.2167999991,1472045,2024960.4613000005,2068.8192218359327
zona777,207,E23_N420,test,142960,193331.1977,105873,148538.3558,1873.0881936224175
zona777,208,E23_N420,test,121417,168196.9503,147545,204736.39709999997,2314.8962610088056
zona777,209,E23_N420,test,6048,9925.8614,41409,57406.2756,1489.8394770073355
zona777,21,E22_N420,validation,13520,21064.0776,14333,21221.586,1264.705059511587
zona777,210,E23_N420,test,141211,194249.1987,125405,174040.8754,1531.361170086544
zona777,211,E23_N420,test,31277,44561.1716,76791,104812.4368,1440.2157522327034
zona777,212,E24_N420,train,7204,12194.1953,65057,89862.0776,2443.443959127704
zona777,213,E23_N420,test,836462,1090315.7373,900095,1220851.1207,1705.099138565245
zona777,214,E23_N420,test,506719,658932.826,564185,760633.9177,1742.5848028307082
zona777,215,E23_N420,test,589600,769756.4142000001,589839,803034.6651999999,1348.770281254314
zona777,216,E23_N420,test,167461,217893.0856,102081,139047.99850000002,1089.8219350297004
zona777,217,E23_N420,test,219392,292842.3297,246347,336963.1236,1424.6604881496169
zona777,218,E23_N420,test,36994,52629.387,93518,127087.77839999998,1607.214622032072
zona777,219,E23_N420,test,58401,77242.02529999998,38134,52740.0695,1959.594531212002
zona777,22,E22_N420,validation,12408,19807.9798,6942,10682.0726,1069.0886025065556
zona777,220,E23_N420,test,32725,46267.8085,25176,34441.3487,3614.500457076181
zona777,221,E23_N420,test,150662,204885.551,186770,257458.7327,1660.7766826783773
zona777,222,E23_N420,test,375222,513626.4318,347113,478437.15209999995,1303.2196224032668
zona777,223,E23_N420,test,31552,44831.4044,19889,28069.6559,980.3689757324756
zona777,224,E23_N420,test,186081,250764.91309999998,229180,316608.1601,1522.5657927719876
zona777,225,E23_N420,test,29856,43379.35,43771,60930.9208,1404.587133895373
zona777,226,E23_N420,test,47737,67630.1542,34756,48782.1511,1090.9144929084578
zona777,227,E23_N420,test,77422,109563.9072,72018,100067.3156,1382.3460190612825
zona777,228,E23_N420,test,68040,98072.654,70172,99035.2136,1453.6686302970047
zona777,229,E23_N420,test,85052,124002.3456,57423,81807.474,1920.5141970161349
zona777,23,E22_N420,validation,318213,447363.2200000001,353863,504926.88599999994,1608.3956007603556
zona777,230,E23_N420,test,40508,57883.1515,27366,38563.8307,3317.203586820513
zona777,231,E23_N419,train,544268,740809.0619999998,591723,828120.3966999999,1749.2919214176943
zona777,232,E23_N419,train,555817,744222.4532000001,588555,812715.3674999999,1429.5482564931735
zona777,233,E23_N419,train,61328,86824.6804,48071,67053.77500000001,1394.3470981824794
zona777,234,E23_N419,train,24566,34487.7273,20073,27812.4365,1960.5191719689171
zona777,235,E23_N419,train,47288,62782.6979,30116,41372.4821,1194.0048842967371
zona777,236,E23_N419,train,245145,323726.6845,231319,323674.9243,1385.0928643948864
zona777,237,E23_N419,train,21686,29390.1508,21346,29909.404,1374.2149127206649
zona777,238,E23_N419,train,207870,291789.8167,262183,370486.5243,1537.9109198581427
zona777,239,E23_N419,train,114505,160835.2664,128822,180393.60129999998,1147.942667174153
zona777,24,E22_N420,validation,5215,7566.2934,3151,4565.8768,846.4509941125871
zona777,240,E23_N419,train,467928,617760.4556999999,410070,567059.5508999999,1466.1148190667154
zona777,241,E23_N419,train,21493,29907.5796,36351,50986.267199999995,1557.5542144244537
zona777,242,E23_N419,train,130331,175467.2217,136114,190033.7094,1186.1287273261696
zona777,243,E23_N419,train,16504,23993.0519,12375,17764.4231,1200.0438044238836
zona777,244,E23_N419,train,2125,3194.9616,3115,4411.5175,765.023587329255
zona777,245,E23_N419,train,52868,76358.3868,59261,82753.6683,1309.6226616613567
zona777,246,E23_N419,train,131374,182133.69,175914,244048.8003,1216.4942137112375
zona777,247,E23_N419,train,33752,45716.333399999996,28223,39420.4326,1108.2069628484314
zona777,248,E23_N419,train,25204,35288.8533,12148,17117.0662,1641.8603028237703
zona777,249,E23_N419,train,29991,40055.6878,26979,37593.828199999996,795.2499417565996
zona777,25,E23_N420,test,22188,33429.1787,13450,19829.1185,1133.9253871329129
zona777,250,E23_N419,train,13996,20217.4612,12018,16894.7346,1241.39486990124
zona777,251,E23_N419,train,31790,46634.9227,51880,72386.36209999998,2327.0850321650505
zona777,252,E23_N419,train,18102,26185.2336,15761,22095.2415,1043.2628703275695
zona777,253,E23_N419,train,33433,48134.0897,25863,37031.7107,1641.7707666162169
zona777,254,E23_N419,train,13127,19121.4422,10383,14525.7609,3096.730366217904
zona777,255,E23_N419,train,14070,19690.9137,15556,21692.6034,1597.0801487978897
zona777,256,E23_N419,train,237817,322982.7899,273527,378216.604,1266.742276007717
zona777,257,E23_N419,train,407492,551123.9919,456523,639540.0623999999,1208.6548082927477
zona777,258,E23_N419,train,24882,37048.2136,28420,40306.4988,1355.1976180072525
zona777,259,E23_N419,train,31576,46830.1855,27774,39914.4494,1306.4607145037735
zona777,26,E22_N420,validation,13309,19915.7228,7035,10615.481,933.0695059910068
zona777,260,E23_N419,train,12394,18137.730199999998,32826,45862.2508,1460.8579662665725
zona777,261,E23_N419,train,43878,66481.0061,52180,74332.6966,937.1792811221676
zona777,262,E22_N419,train,5147,7486.7139,3989,5867.3827,701.8576879221946
zona777,263,E22_N419,train,9003,15333.1613,7966,11630.8915,715.2259549847804
zona777,264,E23_N419,train,17609,25953.737,29412,42757.8741,1100.5547797966865
zona777,265,E23_N419,train,54171,86414.742,35400,52246.7315,798.0019508022815
zona777,266,E23_N419,train,604210,864583.3403,698883,993943.7938,793.5525362677872
zona777,267,E23_N419,train,49358,72931.1466,63468,92204.4978,539.7576771471649
zona777,268,E23_N419,train,36259,51264.394700000004,38625,55353.8822,800.5775020048022
zona777,269,E22_N419,train,57488,83249.4115,50380,72493.5294,671.7807032205164
zona777,27,E23_N420,test,29120,42398.3761,22448,33080.2801,1223.2744609446963
zona777,270,E22_N419,train,45973,67244.45760000001,28603,41389.1445,667.8687824280933
zona777,271,E23_N419,train,22720,34629.0629,26224,37890.4086,849.0578496661619
zona777,272,E22_N419,train,293132,405834.11220000003,328259,464330.20910000004,645.8891314268112
zona777,273,E22_N419,train,25971,37996.5667,17651,25831.7723,632.0190568743274
zona777,274,E23_N419,train,777276,1084309.2546,878836,1231005.4917,804.2436027100775
zona777,275,E23_N419,train,112711,165755.1335,112968,162253.9812,1047.4558807089925
zona777,276,E23_N419,train,810893,1084847.8443999998,888599,1226471.6214,766.7629118766636
zona777,277,E22_N419,train,107369,146770.42450000002,84029,121095.4446,834.1606648219749
zona777,278,E22_N419,train,29285,39309.045,45001,63348.3082,737.3075637277216
zona777,279,E23_N419,train,83199,117788.2179,68430,96642.4871,721.409232861537
zona777,28,E22_N420,validation,4274,6914.3135999999995,4029,6074.6293,1108.929649518279
zona777,280,E22_N419,train,381754,524368.7389,420320,591415.4095999999,1083.826147923246
zona777,281,E22_N419,train,530493,710534.8593,590246,817507.7996999999,1267.4184631630778
zona777,282,E23_N419,train,842097,1144602.0391000004,1002430,1390307.1016,1405.0902387518436
zona777,283,E23_N419,train,56531,80311.69009999999,64004,91939.68549999999,1065.3147487733513
zona777,284,E23_N419,train,965722,1306036.400300001,1040754,1437238.8566999997,1187.3796705100683
zona777,285,E23_N419,train,1093206,1433573.3000999996,1180092,1615533.265,745.2470617890358
zona777,286,E23_N419,train,1031666,1413123.895300001,1152073,1600621.5787999996,872.3333608335815
zona777,287,E23_N419,train,24049,38239.939,42776,61013.23,680.8163414206356
zona777,288,E23_N419,train,51011,74161.2452,38122,54959.9516,1009.9115443594056
zona777,289,E23_N419,train,93954,136189.9076,73491,103507.9846,1105.0707536432892
zona777,290,E23_N419,train,29378,44338.6577,35237,50278.0348,836.795926612569
zona777,291,E23_N419,train,44772,66610.3732,37658,53050.227300000006,735.0500521976501
zona777,292,E23_N419,train,92972,131169.795,58573,83237.3224,1347.6663553908584
zona777,293,E22_N419,train,38610,57735.0639,41373,59328.9208,961.6675637215376
zona777,294,E23_N419,train,52630,69136.6386,21575,30826.7448,1855.9498601788653
zona777,295,E23_N419,train,226827,319736.7366,249007,359892.7895,2041.807991212234
zona777,296,E23_N419,train,110920,157031.6965,95925,137999.6472,1211.5803196430206
zona777,297,E23_N419,train,33542,50857.5293,55667,78217.5813,1253.7867045570165
zona777,298,E23_N419,train,253782,353444.864,284420,399850.3783,1073.28996638261
zona777,299,E23_N419,train,361348,502881.0464,381828,538325.632,1715.6202095551416
zona777,3,E22_N420,validation,25082,39383.748100000004,12792,19031.4093,1326.1028390348074
zona777,30,E23_N420,test,22815,35753.3312,6343,9065.047700000001,1249.5794231062755
zona777,300,E23_N419,train,21139,31507.7206,23166,33105.2552,764.3061146531254
zona777,301,E22_N419,train,39945,58944.3566,17614,25489.0557,1075.720402893901
zona777,302,E22_N419,train,5615,8538.4332,6117,8805.3313,649.8684146450832
zona777,303,E23_N419,train,460780,640464.5177,509133,719409.6095,884.4585698936135
zona777,304,E23_N419,train,178493,249315.06829999998,194965,282657.448,961.7925451677291
zona777,305,E23_N419,train,46121,65176.6518,40174,59670.395300000004,1499.6618288023164
zona777,306,E23_N419,train,466964,630781.2271,546889,760995.9465999999,659.8309475732967
zona777,307,E23_N419,train,257218,354595.5878,176390,263045.483,654.0255242111161
zona777,308,E23_N419,train,53927,72933.1931,53048,74869.6838,834.4378724610433
zona777,309,E23_N419,train,223311,306553.6161,276421,384284.1113,596.6612629573792
zona777,31,E23_N420,test,8160,12670.7479,5346,7708.9006,1030.5613923192725
zona777,310,E23_N419,train,41496,60319.0256,33842,49680.7069,1251.9831050317734
zona777,311,E23_N419,train,9272,13718.4988,8354,12089.2922,1267.3918035825482
zona777,312,E23_N419,train,13726,21598.7934,16037,23456.7488,916.0897618569434
zona777,313,E23_N419,train,17813,27177.8943,12117,17626.3505,1371.5752835748715
zona777,314,E23_N419,train,14383,21725.5583,12499,18179.6254,1137.597442965838
zona777,315,E23_N419,train,11570,17996.251,13159,18794.8844,1182.9031899956751
zona777,316,E23_N419,train,37169,56960.4905,35766,51147.4781,1339.0985544034047
zona777,317,E23_N419,train,7270,10968.803,12538,17902.5192,1335.1996501348913
zona777,318,E23_N419,train,7185,10492.0102,5191,7717.4333,1051.558192158176
zona777,319,E23_N419,train,35442,51517.4333,19963,29590.742,1323.961392038036
zona777,32,E23_N420,test,21491,34909.7889,17963,25903.027,1716.316542571236
zona777,320,E23_N419,train,19271,29650.2712,12409,18049.6761,1214.7739250872985
zona777,321,E23_N419,train,22481,35605.8529,21023,30730.5857,852.6452129725367
zona777,322,E23_N419,train,22442,34334.2572,15097,22143.2126,781.8087896043435
zona777,323,E23_N419,train,13159,19725.625,8703,12665.604,774.34820553381
zona777,324,E23_N419,train,1225,1871.6847,3161,4287.4359,958.6248762402683
zona777,325,E23_N419,train,8817,13704.491,6318,9427.7026,906.6782828183495
zona777,326,E23_N419,train,18857,28808.9258,10473,15410.1426,1050.2541398182511
zona777,327,E23_N419,train,11691,17836.318900000002,7884,11280.215,1256.9641687590629
zona777,328,E23_N419,train,30915,47719.5032,20563,30605.0644,1130.6644798664493
zona777,329,E23_N419,train,37971,55939.2657,32838,47719.3406,1475.2814977706876
zona777,33,E23_N420,test,36849,55001.204,29994,43291.587400000004,1240.157105200924
zona777,330,E23_N419,train,8404,12735.2766,6162,9039.6583,1168.6641964111477
zona777,331,E23_N419,train,6663,11193.250900000001,4932,7361.338400000001,776.3114021699876
zona777,332,E23_N419,train,9552,14498.6945,5258,7787.2142,935.6302095670252
zona777,333,E23_N419,train,15619,26001.8384,17129,25332.5726,1124.712718168099
zona777,334,E23_N419,train,9499,15035.6828,9814,14582.1664,1317.3589406012325
zona777,335,E23_N419,train,13047,19538.3338,11570,17355.2916,1766.3355003962645
zona777,336,E23_N419,train,27365,44025.1907,16964,25172.2502,1102.9534327498404
zona777,337,E23_N419,train,88155,125235.6445,101862,147971.5378,937.6559752034956
zona777,338,E23_N418,validation,30739,44151.5271,25141,35964.9908,2853.843383465195
zona777,339,E23_N418,validation,25327,41084.3915,19000,28873.28,2483.0036060251296
zona777,34,E23_N420,test,42348,67542.4697,67061,96702.694,2156.2653269292787
zona777,340,E23_N418,validation,15849,24881.6646,11321,17304.759,666.2839378230274
zona777,341,E23_N418,validation,21960,34838.6124,16925,25423.097,978.9968188483036
zona777,342,E23_N418,validation,39883,63867.5845,36997,55042.2511,1759.610929416609
zona777,343,E23_N418,validation,34265,56728.1154,36103,54522.8703,1967.794878782763
zona777,344,E23_N418,validation,12753,21794.966,18270,27054.0737,3688.4315102978144
zona777,345,E23_N418,validation,8095,14324.5761,1679,2606.6456,4127.672261891363
zona777,346,E23_N418,validation,26232,41572.9517,16639,24911.5525,1427.1175773702562
zona777,347,E23_N418,validation,10723,20083.3946,12069,17977.1835,1730.849803240097
zona777,348,E23_N419,train,15860,25460.7286,16665,24088.204,1027.2078827866353
zona777,349,E23_N419,train,20097,28641.8288,11510,16854.9096,1805.962817360647
zona777,35,E23_N420,test,106448,148538.4561,104527,142379.4045,2932.308122280985
zona777,350,E23_N419,train,40323,61703.284999999996,37098,54276.651,988.7121625813888
zona777,351,E23_N419,train,10930,16624.0104,11019,16467.5506,862.5511102725868
zona777,352,E23_N419,train,23118,34170.3942,15136,22602.4297,1093.1876968918368
zona777,353,E23_N419,train,250016,355547.0029,265388,380581.35569999996,1460.3974587135017
zona777,354,E23_N419,train,20530,29820.4416,14230,21064.7262,1014.5117244634894
zona777,355,E23_N419,train,3603,5502.5767000000005,3252,4858.327,776.2179083768278
zona777,356,E23_N419,train,109117,159145.94019999998,116751,173197.75989999998,1740.473188124597
zona777,357,E23_N419,train,3626,5896.8205,6003,8665.3151,845.3185673000407
zona777,358,E23_N419,train,285667,403042.0861,303319,427986.0301,1217.6715000849215
zona777,359,E23_N419,train,300712,418672.7991,325257,458907.2875,1014.2205686513336
zona777,36,E22_N420,validation,88241,125680.1263,51706,74957.03689999999,1639.184344355017
zona777,360,E23_N419,train,14596,21325.126800000002,18752,27589.5435,1074.1515092618065
zona777,361,E23_N419,train,32290,46678.8234,19285,28202.2007,1072.6223967351834
zona777,362,E23_N419,train,3287,5650.0295,3759,5368.7871000000005,1228.4458699842216
zona777,363,E23_N419,train,186768,260036.06369999997,197503,279244.7074,1265.379669693939
zona777,364,E23_N419,train,194841,269910.45540000004,210933,299761.8407,1544.6262821629643
zona777,365,E23_N419,train,28333,44042.4707,28726,42256.2125,1256.406785953208
zona777,366,E23_N419,train,52530,79461.33780000001,44448,64990.4439,1324.69491736521
zona777,367,E23_N419,train,254732,356819.2454,267938,382690.1177,2408.879319605534
zona777,368,E23_N419,train,1611,2534.7797,1768,2536.444,1183.0772158596665
zona777,369,E23_N419,train,21466,33954.0115,21729,32053.3054,746.5440156087279
zona777,37,E23_N420,test,324864,455226.72709999996,297092,419786.20999999996,1235.984392109909
zona777,370,E23_N419,train,22032,34300.517100000005,20441,29437.5395,956.7816554966266
zona777,371,E23_N419,train,90695,124380.773,52818,79031.8434,1387.2101419357932
zona777,372,E23_N419,train,297773,421831.20379999996,313528,451521.3641,1468.7747910966864
zona777,373,E23_N419,train,11949,17735.1801,16018,23309.5582,1540.8303629260045
zona777,374,E22_N419,train,25083,36795.7024,22993,33457.1065,1641.4327079280629
zona777,375,E23_N419,train,182462,261249.67930000002,176028,253118.8811,1778.8493080437183
zona777,376,E23_N419,train,23242,33589.7772,18784,27220.2007,1734.1684640599417
zona777,377,E22_N419,train,16084,25440.8944,14676,21490.507400000002,1694.0685944017025
zona777,378,E22_N419,train,6858,10069.3356,6148,9229.5584,973.5644763624296
zona777,379,E22_N419,train,29728,48074.3507,42514,63981.037899999996,1211.9787468645957
zona777,38,E23_N420,test,34450,51967.6299,29470,43008.168900000004,1108.8076279349625
zona777,380,E23_N419,train,631174,913477.2303999999,553049,794455.0468,1352.529053464823
zona777,381,E23_N419,train,20211,29265.9544,38252,56772.01950000002,1515.190488766937
zona777,382,E22_N419,train,1610,3145.3291,6465,9395.1276,450.19814421923365
zona777,383,E22_N419,train,21016,31400.8921,20682,31176.590899999996,1337.353795159608
zona777,384,E22_N419,train,18458,26716.6503,6723,10074.0587,844.1162852793932
zona777,386,E23_N419,train,32728,45764.5337,30370,44596.2435,1523.0579448193312
zona777,387,E22_N419,train,17867,26807.679799999998,14894,22110.7764,1433.839656965807
zona777,388,E22_N419,train,16579,25459.264,19765,29225.9717,2940.0465848706663
zona777,389,E22_N419,train,27252,40726.4007,23714,35695.7262,931.881618990912
zona777,39,E23_N420,test,20473,31190.4195,16334,23858.058399999998,1623.7751498027935
zona777,390,E23_N419,train,24251,35999.6716,10896,16276.101099999998,970.028456216678
zona777,391,E22_N418,train,87663,126249.36330000001,82266,124263.59180000001,1363.3575247377155
zona777,392,E22_N419,train,5877,9271.6348,3853,5886.3836,1057.9639234140632
zona777,393,E23_N418,validation,7211,12128.4358,13335,19895.2946,1094.2471392210573
zona777,394,E22_N418,train,14230,22236.554,10139,15659.3365,802.7377114700503
zona777,395,E23_N418,validation,129721,185675.6975,124085,179805.989,713.9265780256246
zona777,396,E22_N418,train,6367,9162.4885,8670,13109.534800000001,813.8323221523315
zona777,397,E23_N418,validation,24884,36615.787299999996,12352,18443.1061,813.6942684639362
zona777,398,E22_N418,train,14118,20566.4322,11544,17614.2992,1032.950500314415
zona777,399,E23_N419,train,121628,170261.05459999997,117602,171222.68889999998,1320.6777783385478
zona777,4,E23_N420,test,43907,70746.93209999999,43540,64047.6705,1254.698532614624
zona777,40,E23_N420,test,228869,316424.36789999995,209263,301407.4582,1393.920300879341
zona777,400,E22_N419,train,43812,65728.7377,54485,80969.6222,1025.719629978761
zona777,401,E23_N419,train,110869,151681.5945,117319,166460.89969999998,1687.0045285931556
zona777,402,E22_N419,train,5612,8565.8421,3160,4590.7672,830.3929682321614
zona777,403,E22_N419,train,24890,35801.2691,20309,29106.9977,1349.4997358238325
zona777,404,E22_N419,train,58912,87380.054,53412,81543.01620000001,1270.9236358553171
zona777,405,E22_N419,train,23720,37329.9694,27993,40828.0489,1195.5062603494152
zona777,406,E22_N419,train,19547,29860.6197,11709,17275.7487,1191.3556222752668
zona777,407,E22_N419,train,22081,32687.7532,17771,25617.1674,1113.5516547290608
zona777,408,E22_N419,train,7245,10300.9294,4081,5889.9657,839.9788510836661
zona777,409,E22_N419,train,20933,32429.656300000002,20444,29810.416400000002,1121.8877682136372
zona777,41,E23_N420,test,126636,173056.94100000002,129263,185660.7026,1208.0236686374992
zona777,410,E22_N419,train,29760,45344.761099999996,23520,34669.2642,1099.4095121074934
zona777,411,E22_N419,train,90147,129250.90179999999,89683,135422.0969,1238.6283381183748
zona777,412,E22_N419,train,43368,68235.35369999999,36564,54973.1224,2558.513676363975
zona777,413,E23_N419,train,1969,3031.6627,4611,6645.7197,665.2695844359696
zona777,414,E23_N419,train,11211,15598.6498,8441,12006.0936,1555.043951806496
zona777,415,E23_N419,train,6373,10703.3437,6890,9829.2999,834.1728841159493
zona777,416,E22_N419,train,28759,45502.6601,24608,36590.4419,1473.579294075258
zona777,417,E22_N419,train,35420,53147.2584,25915,38092.228,1402.111989638768
zona777,418,E22_N419,train,19006,29406.9696,16817,24610.9912,1460.577818574384
zona777,419,E22_N419,train,25614,42485.2128,25571,37973.8513,1013.0589598361404
zona777,42,E23_N420,test,22578,35511.958099999996,17570,25333.7477,922.8705220885458
zona777,420,E22_N419,train,6813,10706.9576,3545,5530.2446,971.7196821365504
zona777,421,E22_N419,train,34843,58936.19,32434,48757.7866,1365.14665532019
zona777,422,E22_N419,train,23294,36922.0005,10204,15737.0596,975.4529703781008
zona777,423,E22_N419,train,5898,10471.9588,6625,9997.3031,1011.0795621207216
zona777,424,E22_N419,train,15003,25199.2428,17052,25795.6197,937.5939394645392
zona777,425,E22_N419,train,7108,11665.2727,8001,11915.2572,992.6785134657983
zona777,426,E22_N419,train,161561,220190.08650000003,150172,207756.5558,802.5024573467672
zona777,427,E22_N418,train,5404,8507.2906,1095,1778.5428000000002,998.96581817884
zona777,428,E22_N418,train,12058,18759.3596,14213,21590.4896,1495.2350111184642
zona777,429,E22_N418,train,14201,22835.4751,17356,26973.3838,1004.6927767681192
zona777,43,E23_N420,test,22333,31885.8136,10745,15763.5637,1297.5269616963342
zona777,430,E22_N418,train,270068,391393.5352,265249,386239.2485,1386.2955568835025
zona777,431,E22_N418,train,14329,22934.8871,13743,21294.1872,1103.2991836325964
zona777,432,E23_N418,validation,31244,48876.1432,12954,19931.8179,3861.941030274844
zona777,433,E22_N418,train,49104,83999.56850000001,34247,53555.699,846.9941552290693
zona777,434,E22_N418,train,192950,276885.4006999999,190763,284273.3326999998,1835.4921670556068
zona777,435,E22_N418,train,19424,32105.5988,12246,19400.2807,1019.2654759929864
zona777,436,E22_N418,train,6723,11447.8949,10651,16698.6521,996.5926971888402
zona777,437,E22_N418,train,111377,158483.1847,105709,156869.9503,1840.9664995688945
zona777,438,E22_N418,train,11101,16134.256599999999,6983,11034.541,1160.4574913503602
zona777,439,E22_N419,train,27681,47570.4211,18535,27686.9595,7793.591071492992
zona777,44,E23_N420,test,41613,61400.9916,31710,46582.1959,1099.7936959322542
zona777,440,E23_N419,train,148661,203657.7399,162161,226890.2582,1480.3417068106355
zona777,441,E23_N419,train,50759,74209.54089999999,47831,67292.9914,1277.8226087521762
zona777,442,E23_N419,train,67732,100323.8709,63634,90766.16290000001,1070.6668172400678
zona777,443,E23_N419,train,111248,139356.4651,65174,93836.7533,1424.8444881113246
zona777,444,E23_N419,train,28039,39944.4563,25187,36138.5755,1450.463607522659
zona777,445,E23_N419,train,37066,54270.4881,36259,51383.1106,1558.7293650468928
zona777,446,E23_N419,train,67156,96654.9728,53905,76553.26729999999,1598.4177817814052
zona777,447,E23_N419,train,181695,254044.1109,192838,274541.3435,2297.654694438912
zona777,448,E23_N419,train,320977,434432.212,342472,478656.3771,1277.5864562272327
zona777,449,E23_N419,train,32469,47489.8307,35946,51171.7444,1182.8223495218554
zona777,45,E23_N420,test,10925,17309.1881,10770,15795.9667,791.0016609765589
zona777,450,E23_N419,train,118920,168210.83,120852,171915.4618,1595.7924979636446
zona777,451,E23_N419,train,75793,101337.9288,51514,74784.2969,1744.3988189352676
zona777,452,E23_N419,train,433780,554874.0692999999,484509,654308.3304,1043.2717301729135
zona777,453,E23_N419,train,14964,21456.7225,17378,25274.1679,1315.6127346102148
zona777,454,E23_N419,train,50040,72766.2934,34635,50159.567599999995,1492.276729866513
zona777,455,E23_N419,train,73751,108654.193,45141,65552.0909,1827.9452692128837
zona777,456,E23_N419,train,57080,84889.2488,38202,55063.159600000006,2358.5448795456905
zona777,457,E23_N419,train,60094,86262.5098,41856,60385.1831,1512.9083986429614
zona777,458,E23_N419,train,173067,241529.3039,219496,311108.333,875.9414068181068
zona777,459,E23_N419,train,55658,80626.2904,71028,101180.7506,1540.1230423235102
zona777,46,E23_N420,test,16874,26783.384000000002,11656,16644.399699999998,1944.4568313099444
zona777,460,E23_N419,train,119750,170686.6725,117607,168716.8737,1025.5794164254912
zona777,461,E23_N419,train,210876,290258.528,210259,295197.0512,2094.1758008291945
zona777,462,E23_N419,train,52567,80422.2489,44942,64550.8032,2928.9398787012324
zona777,463,E23_N419,train,35062,54204.5744,25924,37919.7268,1651.1226290088962
zona777,464,E23_N419,train,10627,14606.8717,3454,5227.4119,958.4471782256732
zona777,465,E23_N419,train,278408,389290.1453,309209,438482.29319999996,1873.4574547368684
zona777,466,E23_N419,train,32806,48999.4899,21548,31235.869,1439.1661231504404
zona777,467,E23_N419,train,314218,439928.9374,340956,485933.23809999996,1657.6025136504322
zona777,468,E23_N419,train,470875,625229.8010000001,412018,588572.2777,1918.7614140103103
zona777,469,E23_N419,train,30330,43560.7154,32307,46452.413,1125.6761438600952
zona777,47,E23_N420,test,10438,16959.3492,6888,9936.9021,1251.6991748725995
zona777,470,E23_N419,train,415445,601446.4287999999,506043,727207.7819000001,1828.408110784134
zona777,471,E23_N419,train,55673,83068.2302,32205,47463.279299999995,1826.3311948345508
zona777,472,E23_N419,train,41339,62106.9929,28957,41918.3935,1530.2835546818096
zona777,473,E23_N419,train,24551,36012.8581,12109,17080.8406,1191.8032910672482
zona777,474,E23_N419,train,34249,53555.659999999996,26629,38716.7958,1554.7191982393852
zona777,475,E23_N419,train,68320,99569.618,82454,119516.8989,1432.4092309437692
zona777,476,E23_N419,train,336122,451314.1145,340852,481895.0281,1422.8667102722102
zona777,477,E23_N419,train,54180,78368.5625,44354,63812.316399999996,1951.9833098584784
zona777,478,E23_N419,train,15,20.0112,12976,18781.6296,1498.1124475030228
zona777,479,E23_N419,train,116219,164705.5346,133767,189641.6228,1212.443972747773
zona777,48,E23_N420,test,91957,132067.5565,99971,145513.0312,1267.6637846566737
zona777,480,E23_N419,train,11327,15682.8945,5951,8476.6512,1279.498180533934
zona777,481,E23_N419,train,30376,46039.3594,44827,63518.7232,1375.679368275334
zona777,482,E23_N419,train,23615,33874.8818,15320,22591.2976,829.7208090396598
zona777,483,E23_N419,train,61741,94599.2441,56066,81974.1773,2003.887518803589
zona777,484,E23_N419,train,35180,51141.5973,22072,32231.7643,1391.932687221968
zona777,485,E23_N419,train,38294,58741.661,37798,54672.6081,1616.811654244957
zona777,486,E23_N419,train,25077,39655.9467,18498,28186.8206,1600.534726906044
zona777,487,E23_N419,train,38848,56798.0483,34773,50959.5127,1710.4284148848965
zona777,488,E23_N418,validation,38094,58795.182400000005,29954,44508.7318,1367.0382420099922
zona777,489,E23_N419,train,146588,199066.9641,152603,218376.30370000002,1544.2765156644164
zona777,49,E23_N420,test,10906,17101.8122,13638,20142.5419,1150.514354285784
zona777,490,E23_N419,train,33508,48615.6691,32400,47213.5493,1287.2378845470955
zona777,491,E23_N418,validation,25963,37931.8782,12637,19095.3871,1353.4031446707086
zona777,492,E23_N418,validation,58731,91643.96800000001,39978,59610.0225,1251.0337875997648
zona777,493,E23_N418,validation,60708,92037.4238,47668,71824.1878,2003.1357645235255
zona777,494,E23_N419,train,23806,36003.8586,15522,22485.848,2003.2623232823096
zona777,495,E23_N418,validation,44782,67473.1098,37658,55603.0715,1489.9863131449092
zona777,496,E23_N418,validation,47216,70668.7688,32008,47166.1485,1113.6214873231947
zona777,497,E23_N418,validation,215690,291265.6543,214213,303399.9313,2061.827509487979
zona777,498,E23_N418,validation,20079,31480.467399999998,9823,15154.0225,1228.0587947702734
zona777,499,E23_N418,validation,33866,52970.085,26278,38971.961899999995,3694.034237286076
zona777,5,E22_N420,validation,42784,67321.8008,33375,48347.3719,1614.4126840420067
zona777,50,E23_N420,test,17243,26787.9782,13058,19132.9034,1936.947679955454
zona777,500,E23_N418,validation,9017,15781.198699999999,9803,14996.9565,3310.006138101162
zona777,501,E23_N418,validation,293903,407335.2327,320427,458452.2251,1369.6710826447234
zona777,502,E23_N418,validation,4138,7004.8987,3219,4911.2036,705.3218002600479
zona777,503,E23_N418,validation,9628,16017.0623,5031,7896.2734,886.9154245816171
zona777,504,E23_N418,validation,25161,39218.9062,18172,27919.0088,1507.2845177612037
zona777,505,E23_N418,validation,517563,722006.5352000004,519741,734952.4201999999,1125.393449814408
zona777,506,E23_N418,validation,60725,94564.4357,30589,50266.4621,788.3733555655926
zona777,507,E23_N418,validation,14126,22062.3807,10007,15250.230199999998,1555.2703933086595
zona777,508,E23_N418,validation,4341,7536.3143,4178,6381.7023,789.858320036903
zona777,509,E23_N418,validation,9668,16723.3203,7397,11119.609199999999,653.9129808014259
zona777,51,E23_N420,test,9015,14556.1709,6662,9841.8086,837.3434639656916
zona777,510,E23_N418,validation,3246,5789.914400000001,3663,6020.7467,706.1040404427331
zona777,511,E23_N418,validation,2393,5017.842900000001,1271,2050.3762,802.4881515074521
zona777,512,E23_N418,validation,616,1070.9809,2708,4145.586200000001,896.0051231514663
zona777,513,E23_N418,validation,7253,11911.8186,4143,6340.534,981.498402078636
zona777,514,E23_N418,validation,5550,9283.6935,2854,4430.7657,733.8915770519525
zona777,515,E23_N418,validation,2558,4420.0471,2204,3290.2454000000002,724.0635589299491
zona777,516,E23_N418,validation,1919,3091.4792,519,854.6296,952.7561756037176
zona777,517,E23_N418,validation,4645,7707.7419,932,1498.6845,1615.1655777720734
zona777,518,E23_N418,validation,24770,38506.2601,13844,20800.291799999995,4171.456086668419
zona777,519,E23_N418,validation,30396,49249.9407,14462,22039.4161,2213.0356466958765
zona777,52,E23_N420,test,5455,8724.2988,7152,10401.0488,1139.9591957483208
zona777,520,E23_N418,validation,1143,2238.7131,6688,10117.9529,1430.3612000686117
zona777,521,E23_N418,validation,11128,18053.0771,6150,9340.6713,4493.001061737363
zona777,522,E22_N420,validation,64300,122226.3335,52175,79336.969,11740.268145009875
zona777,528,E22_N419,train,40075,65679.485,32611,47311.8006,11131.589630511471
zona777,53,E23_N420,test,129955,185888.5207,140469,198626.416,1099.1617231322452
zona777,534,E22_N418,train,10079,16241.564400000001,7941,13465.0689,4291.485786833568
zona777,536,E23_N420,test,15451,24935.7191,40246,57883.0872,2641.591480145231
zona777,537,E22_N420,validation,16722,24502.546299999998,6424,9027.5602,1337.7709064917872
zona777,538,E24_N420,train,6076,9376.5301,6593,9275.8213,3145.1006760448217
zona777,54,E23_N420,test,8242,12768.8157,8371,12091.4367,1960.4562177890912
zona777,541,E24_N420,train,87505,126113.95760000001,82365,110628.55749999998,3257.0602209382923
zona777,542,E23_N420,test,15617,23388.2618,10276,14085.7823,2228.39146251604
zona777,547,E23_N419,train,8141,11955.3405,6110,8603.1884,3912.044079374522
zona777,548,E23_N419,train,1224,1885.5402,2435,3459.6401,4077.7936762021855
zona777,549,E22_N419,train,8126,14321.209700000001,8188,12090.1383,3982.0714744996512
zona777,55,E23_N419,train,346804,488691.5595,383954,540653.6698,1133.0509644150152
zona777,550,E22_N419,train,60342,92013.4925,54602,80484.5001,2693.8894635375477
zona777,551,E22_N418,train,17837,26052.9029,11298,16404.057,2545.51558971958
zona777,552,E22_N419,train,11784,22314.740400000002,9763,14796.841,5614.469511762261
zona777,553,E22_N419,train,962,1698.0339000000001,2630,3876.3513,3324.625080586411
zona777,554,E22_N420,validation,16954,26994.041999999998,26851,40321.6034,472.66715238185134
zona777,555,E22_N420,validation,9848,16436.474,1784,2840.4558,766.4374371055164
zona777,556,E22_N420,validation,45554,74558.7332,36209,53969.0757,6187.774187792908
zona777,557,E22_N420,validation,355743,516805.5965000001,364204,510800.82250000007,5470.4914679937065
zona777,558,E23_N418,validation,8457,13191.1337,6087,9209.8861,3756.226423980668
zona777,559,E23_N418,validation,21960,34691.4873,2866,4409.734,4823.46220732131
zona777,56,E22_N420,validation,25250,44134.7136,28934,43776.2785,3526.986878424883
zona777,560,E22_N418,train,120169,166375.7309,100914,148040.0283,2656.3459603423253
zona777,561,E22_N418,train,1966,3335.4892,1687,2765.3529,8975.620526239276
zona777,562,E22_N418,train,13587,23197.3693,24896,40120.2895,3999.4263751646495
zona777,563,E22_N418,train,1967,4166.7455,7323,10521.2438,5670.003683372401
zona777,57,E22_N420,validation,10913,19356.349599999998,7913,12503.39,1442.7581635329989
zona777,58,E22_N420,validation,36846,63315.9683,40136,60957.2577,1843.3310960526576
zona777,59,E22_N420,validation,20400,34374.0968,13399,19990.5538,2734.583563870983
zona777,593,E22_N419,train,79698,113502.0219,74729,108837.3944,1553.8318028699723
zona777,594,E22_N419,train,24588,35771.0673,45363,67277.1774,1539.140180150047
zona777,595,E22_N419,train,56946,88852.0195,37497,55875.6998,1019.6658347976628
zona777,596,E22_N419,train,125,184.0685,11595,17025.6444,1352.8005293337628
zona777,599,E23_N418,validation,1987,3417.812,1635,2422.5166,665.9343422390521
zona777,6,E22_N420,validation,35427,55692.297600000005,27926,40984.6415,1228.9497054945678
zona777,60,E22_N420,validation,24978,43712.9173,18733,29178.6071,1692.4173210232984
zona777,600,E23_N418,validation,5783,9442.9975,2332,3495.527,1088.4253547787666
zona777,601,E23_N418,validation,11158,18760.0336,10134,14984.2492,1086.9415121432394
zona777,602,E23_N418,validation,5527,9610.1837,4759,7230.3736,674.18771856901
zona777,603,E23_N418,validation,25380,37824.2438,44804,67625.0777,644.8885201857775
zona777,604,E23_N418,validation,10846,18024.9913,11532,17266.4667,893.2407448734739
zona777,605,E23_N418,validation,29636,49509.0516,8546,12855.4524,998.1318614240736
zona777,607,E23_N418,validation,28738,50821.8745,10826,16123.713099999999,944.5700619192794
zona777,608,E23_N418,validation,18054,31580.6739,12342,18764.324099999998,944.6147071506712
zona777,609,E23_N418,validation,13071,20203.952400000002,6663,9728.2393,663.9694977868348
zona777,61,E22_N420,validation,7487,13506.2177,7347,11968.909099999999,1640.7158516258933
zona777,610,E23_N418,validation,52170,76939.594,27777,40876.5744,1502.5516429878771
zona777,611,E23_N418,validation,78524,124246.3331,84828,123744.52339999999,1379.1432823714567
zona777,612,E23_N418,validation,20260,31789.5887,11925,17202.2637,1488.0871275467798
zona777,613,E23_N418,validation,28098,43308.8203,18564,27960.3428,1413.7817318656598
zona777,614,E23_N419,train,24670,37977.6907,12965,19203.1153,981.8401989145204
zona777,615,E23_N419,train,8999,13569.6927,7637,11288.3656,1051.3467271678385
zona777,616,E23_N419,train,9528,14985.1808,26131,36618.311200000004,1301.2184758078074
zona777,617,E23_N419,train,4694,6827.3236,5947,8531.4679,906.3585840025336
zona777,618,E23_N419,train,12590,18504.0436,16233,23577.297000000002,1030.9414712758737
zona777,619,E23_N419,train,65764,89408.3568,77992,110906.1229,1265.3852046762477
zona777,62,E22_N420,validation,43669,73054.75600000001,46040,70158.9854,1081.6343634482473
zona777,620,E23_N419,train,159233,220364.8131,155241,220414.4364,1078.059219662624
zona777,621,E23_N419,train,47787,71958.9125,39253,57123.5169,1502.5519150627078
zona777,622,E23_N418,validation,219193,291957.7239,219059,311186.9927,1365.196890188381
zona777,624,E23_N418,validation,26461,42213.8518,24609,37012.5254,2207.501050865103
zona777,625,E23_N419,train,23615,35246.693100000004,8984,14434.4571,3253.130371522042
zona777,626,E23_N419,train,56865,82174.4047,29928,44255.6841,1977.0072240932493
zona777,627,E23_N420,test,23356,38363.1457,18185,26081.2031,2693.6520411511883
zona777,628,E22_N420,validation,17848,28117.819199999998,59928,88136.0068,1327.278721831215
zona777,629,E22_N420,validation,90733,138092.1694,77322,115221.1725,1228.9021190940985
zona777,63,E22_N420,validation,8491,14413.5464,10485,15387.2919,1343.119827517483
zona777,630,E22_N420,validation,57577,93852.1493,34179,51786.1024,1338.8097762187244
zona777,631,E22_N419,train,251569,345721.6541,278152,403693.4301,1228.5877108291024
zona777,632,E22_N419,train,169540,226220.9626,173897,246928.08190000002,1013.1413584995898
zona777,633,E22_N419,train,15685,24482.4241,9988,14760.8634,1231.712702942721
zona777,634,E22_N419,train,13053,21044.6817,12766,18789.7581,1098.4488301532692
zona777,635,E22_N418,train,2739,4506.596399999999,4918,7289.7919,765.899518144317
zona777,636,E24_N420,train,7273,13041.2087,3755,5740.4145,1164.5257810670882
zona777,637,E23_N420,test,35936,58238.2855,46313,66905.8455,1264.916742041707
zona777,638,E23_N420,test,2177,3575.7387,1245,1830.0210000000002,2048.888040497899
zona777,639,E23_N420,test,45132,67678.5197,47256,64948.3795,3161.668365737307
zona777,64,E22_N420,validation,34642,56216.0595,28387,42734.4255,1357.370528238942
zona777,640,E23_N420,test,7327,11150.1444,6583,9263.9655,2409.067965321243
zona777,641,E23_N420,test,11629,18659.2221,11825,16923.4291,1221.90340562677
zona777,642,E23_N420,test,110802,166344.4259,107511,151104.4439,2079.627804535441
zona777,643,E23_N420,test,11254,17024.8716,8943,12814.2372,3319.7626051194966
zona777,644,E23_N420,test,21460,33257.6901,100315,137155.7201,2046.9819004264427
zona777,645,E23_N420,test,70782,100311.20449999999,68019,93017.43789999999,2823.47145315283
zona777,646,E23_N419,train,23082,37805.1849,20080,30166.8489,2374.30212861544
zona777,647,E23_N419,train,8435,13260.4075,7775,10784.408,2334.831990493461
zona777,648,E23_N419,train,34655,52737.7608,31657,45950.6106,1531.7747264425852
zona777,649,E23_N419,train,30241,45727.4789,26235,38007.5314,1330.7863874597824
zona777,65,E22_N420,validation,12397,19848.9362,13011,19446.294,1371.338331449777
zona777,650,E23_N419,train,14671,23184.6118,9855,14391.6456,1385.255362093798
zona777,651,E23_N419,train,18765,28033.7621,23694,34024.4246,1047.4872713551158
zona777,652,E23_N419,train,29447,42381.123,21897,31300.4115,1873.916523356922
zona777,653,E23_N419,train,24198,35799.5781,8876,12668.999600000001,1411.6035291999578
zona777,654,E23_N419,train,23829,37959.351800000004,17503,26111.6035,1525.342215351644
zona777,655,E23_N419,train,74488,114631.4966,59091,87291.2361,1481.1721848584712
zona777,656,E23_N419,train,24304,36486.75,5721,9151.5095,850.9338434134261
zona777,657,E23_N419,train,38203,57351.064000000006,20755,30422.6939,1256.049916851276
zona777,658,E23_N418,validation,231598,318794.62360000005,265827,372545.2231,1299.8545116192545
zona777,659,E23_N418,validation,22883,37407.5308,19349,28948.700800000002,1373.7938299271043
zona777,66,E22_N420,validation,12087,19905.6262,10990,16484.6808,1480.113253634423
zona777,660,E23_N418,validation,18302,27146.547599999998,17608,25840.6108,805.4988094558939
zona777,661,E22_N418,train,27721,39685.623,5770,9454.730599999999,1357.0833197605098
zona777,662,E23_N419,train,56171,85863.6121,36335,54109.6281,1063.5630826709094
zona777,663,E22_N419,train,34453,51085.1812,38831,58341.451499999996,1059.0251793842765
zona777,664,E22_N418,train,1266,2757.6479,1777,2696.1865000000003,849.2550535295159
zona777,665,E22_N418,train,34938,53598.2578,16056,24496.172,2135.4320571012795
zona777,666,E22_N418,train,19280,28970.8606,4375,6713.6928,1321.3797250229982
zona777,667,E22_N418,train,6722,10481.5018,1896,3087.9693,1290.4916339513147
zona777,668,E22_N418,train,18231,29093.027100000003,19708,30154.1608,931.126185308094
zona777,669,E22_N418,train,16188,29789.4566,15727,24764.9071,814.9212774392217
zona777,67,E22_N420,validation,56205,91163.4596,50748,77350.8689,1432.5133332228288
zona777,670,E22_N418,train,1283,2091.928,748,1170.2485,701.7594306813553
zona777,671,E22_N418,train,408,924.6969,418,689.8480999999999,1250.550853598863
zona777,672,E22_N418,train,8431,13641.222399999999,4983,7729.9901,797.8365844991058
zona777,673,E22_N418,train,13034,22482.2934,12368,18786.4389,885.9471829198883
zona777,674,E22_N418,train,1590,2802.7594,1642,2535.0844,679.2487178404117
zona777,675,E22_N418,train,4618,7701.5789,3055,4972.660699999999,1277.4920910461806
zona777,676,E22_N418,train,5580,8913.4169,4642,7175.5832,951.507817352598
zona777,677,E22_N418,train,21229,32232.7768,14970,23259.1203,1141.241701410152
zona777,678,E22_N418,train,7631,13103.3419,11389,18339.0161,1808.3451958909864
zona777,679,E22_N418,train,5834,8321.2364,3867,6194.5711,1574.1239563831475
zona777,68,E22_N420,validation,52576,86830.0435,54001,82067.9902,1558.444228055887
zona777,680,E22_N418,train,11534,19175.1544,10439,17117.1548,1503.2117577390743
zona777,681,E22_N418,train,13915,28002.5256,16462,26698.7345,2258.1153250411157
zona777,682,E22_N419,train,10253,14789.3296,16852,24039.2888,1483.121782113623
zona777,683,E22_N419,train,105251,152558.9101,80714,116572.6971,1173.0193164490047
zona777,684,E22_N419,train,57585,81321.3486,34080,49752.5189,1671.2519131297013
zona777,685,E22_N419,train,28201,39582.6339,37817,54171.5805,1221.49537861906
zona777,686,E22_N419,train,74460,103754.6272,58459,83289.0906,1486.2247630527709
zona777,687,E22_N419,train,12482,17459.1613,11525,16993.8207,902.2081269107877
zona777,688,E22_N419,train,28871,38650.2305,27628,39574.6218,1063.6786713120528
zona777,689,E22_N419,train,17812,24321.047,14815,21431.0383,877.2641882539028
zona777,69,E22_N420,validation,41677,63616.394,53876,80375.41040000001,1879.089184311917
zona777,690,E22_N419,train,2719,4187.8022,4233,6115.0379,1060.3378364781383
zona777,691,E22_N419,train,12826,20203.559699999998,6309,9517.117,960.9471500217916
zona777,692,E22_N419,train,13378,20652.6775,10653,15746.7898,1112.9672297314391
zona777,693,E22_N419,train,43099,71103.1232,33882,50318.9967,1437.7768791291164
zona777,694,E22_N419,train,23319,36566.3813,22411,33129.8139,1186.9461084716022
zona777,695,E22_N419,train,43108,60629.2262,33791,49223.6842,1754.357887712773
zona777,696,E22_N419,train,30034,46298.0066,23189,34287.7672,1260.6926676901055
zona777,697,E22_N419,train,11796,19467.4995,12658,18497.9198,715.5026633327943
zona777,698,E22_N419,train,8140,13081.0182,10594,15274.409099999999,810.7195162540302
zona777,699,E22_N419,train,11761,17753.3513,9553,14496.5003,1610.8464289916446
zona777,7,E23_N420,test,30713,43913.8542,11011,17500.3606,1102.4888370633123
zona777,70,E22_N420,validation,43847,64593.8073,27653,39957.4845,2413.0024188207462
zona777,700,E22_N419,train,20880,34671.1282,11130,16592.1531,2311.3659755486296
zona777,701,E22_N419,train,41672,62797.2314,29357,43663.25,1787.0780390305445
zona777,702,E22_N419,train,64279,94076.4376,62507,91540.54609999999,1634.7079965485027
zona777,703,E22_N419,train,40905,58343.8347,20475,29633.5738,1486.4473542387714
zona777,704,E22_N419,train,272565,374179.24220000004,274817,392947.647,1943.1522383289996
zona777,705,E22_N419,train,42732,63057.6908,28783,41551.8467,1651.5974001893774
zona777,706,E22_N420,validation,26701,43262.7096,27016,38824.1823,1691.490426827222
zona777,707,E22_N419,train,51333,76813.8088,60282,86090.0604,925.0561434160918
zona777,708,E22_N419,train,24613,35851.578,11744,17114.1394,604.078088687209
zona777,709,E22_N419,train,41604,62193.9493,42368,61471.9239,1077.3541010841727
zona777,71,E22_N419,train,328939,531247.4848999999,336455,472191.78079999995,1927.7390340507263
zona777,710,E22_N419,train,19442,28711.779899999998,22356,31911.920599999998,898.0273965308443
zona777,711,E22_N419,train,18595,27233.5618,31607,45534.2817,832.8179342886433
zona777,712,E22_N419,train,15699,24303.7227,15061,21917.7353,582.2513524578535
zona777,713,E22_N419,train,16181,23207.686999999998,12502,18269.0807,815.9882209043717
zona777,714,E22_N419,train,1198,1581.0085,204,310.30809999999997,606.4126542303711
zona777,715,E22_N419,train,1066,1474.3264,1179,1756.791,583.6032398566604
zona777,716,E22_N419,train,28470,40787.443,31156,45089.4138,770.0452270524693
zona777,717,E22_N419,train,31844,45389.7534,29909,41867.1053,573.7937284078216
zona777,718,E22_N420,validation,13951,24490.8952,5759,9135.6955,917.7036220266018
zona777,719,E22_N420,validation,28900,48132.9721,23680,34787.4879,1338.4116453966126
zona777,72,E22_N419,train,75200,105415.7264,61943,89156.4745,2100.700551859918
zona777,720,E22_N420,validation,13924,21477.9223,18599,27313.091,589.8030642420053
zona777,721,E22_N420,validation,5885,9158.033,7714,11253.5722,786.8338567392202
zona777,722,E22_N420,validation,24914,41467.3352,14945,22617.5836,1153.6403204202652
zona777,723,E22_N420,validation,23948,40412.5711,32024,47732.1949,1267.6272156935884
zona777,724,E22_N420,validation,34068,52405.028900000005,21441,33349.5315,1236.8218811980332
zona777,725,E22_N419,train,90556,132993.4972,91921,132806.77659999998,1269.0997374420986
zona777,726,E22_N420,validation,40698,59390.713800000005,30031,43978.9868,1589.2108409777284
zona777,727,E23_N420,test,191576,274079.9527,210071,302116.3708,1263.6067123617977
zona777,728,E23_N420,test,188354,266695.6419,192421,274346.1946,1405.657813717262
zona777,729,E23_N420,test,17187,28986.9326,18257,26241.9079,844.3230628157035
zona777,73,E22_N419,train,45745,70095.594,73429,106845.2342,1285.8529009753838
zona777,730,E22_N420,validation,36706,52608.379,36508,51409.1013,2370.7882136516278
zona777,731,E23_N420,test,181,363.1553,9981,14125.2007,1175.7861387726734
zona777,732,E22_N420,validation,35008,50991.2171,41904,61452.8439,1006.5163822667672
zona777,733,E22_N419,train,6112,8483.965,5703,7916.986,3460.240366861224
zona777,734,E21_N419,train,37803,54314.700999999994,34119,47772.3086,4512.196407299489
zona777,735,E22_N419,train,19531,28407.0831,3541,5289.0025,1540.3317806560665
zona777,736,E22_N419,train,58576,88060.04950000001,41531,61786.7022,1308.1383620329434
zona777,737,E22_N419,train,15080,23006.5144,28546,42130.8528,1682.2607868011692
zona777,738,E22_N419,train,23880,36587.4036,17729,26160.8348,1550.8066557616694
zona777,739,E22_N419,train,50021,74249.2865,44316,65164.5713,1053.0752375789452
zona777,74,E22_N419,train,2516,3931.0831,4881,6999.4849,803.2682689130306
zona777,740,E22_N419,train,80630,126039.9061,17006,25825.643,979.2327521257102
zona777,741,E22_N419,train,67522,106069.60640000002,43328,63778.7382,969.7092355629428
zona777,742,E23_N419,train,4830,7495.9546,441,668.1339999999999,1064.190100871143
zona777,743,E23_N419,train,34714,54609.9579,21452,32556.6452,870.7943436117494
zona777,744,E23_N419,train,19836,30911.4428,9765,14370.0501,871.4389436324127
zona777,745,E23_N418,validation,17596,26637.6878,32053,45785.552299999996,1291.5049247135755
zona777,746,E23_N418,validation,62057,90986.50510000001,30919,45628.126000000004,1797.0753643922508
zona777,747,E23_N418,validation,20755,30858.6402,16369,23864.1151,1173.4351536931936
zona777,748,E23_N418,validation,39117,60773.9547,21274,32584.492,1176.8072731871507
zona777,749,E23_N418,validation,45416,66965.7275,24232,36161.1227,1264.7226914248895
zona777,75,E22_N419,train,20787,31835.190599999998,20370,30106.7803,1126.6313644109175
zona777,750,E23_N418,validation,20007,33017.3471,18976,29374.309,1175.0194832048728
zona777,751,E23_N418,validation,1675,2604.9886,510,810.3561,2174.867960046162
zona777,752,E23_N418,validation,14157,25725.8498,13565,20252.0552,1511.0859935716726
zona777,753,E23_N419,train,17197,24534.3238,20753,28823.4949,1085.0575864985583
zona777,754,E23_N419,train,22322,31180.0492,24705,34323.3115,1288.9568121591583
zona777,755,E23_N420,test,38554,50345.4277,18418,25639.594800000003,1203.2811490786262
zona777,756,E23_N420,test,31097,42909.4223,8923,12489.3972,1021.7727297439124
zona777,757,E23_N419,train,53087,74214.4371,59487,82336.9159,737.6158429714851
zona777,758,E23_N419,train,107907,144695.88710000002,98880,136822.5121,1229.036450621672
zona777,759,E23_N419,train,8873,13120.43,12430,17365.9113,987.4018830507994
zona777,76,E22_N419,train,43698,58339.7241,23033,32807.1901,1230.080920831184
zona777,760,E23_N419,train,64821,90907.569,17386,24886.0099,1452.451015854429
zona777,761,E23_N419,train,35253,54056.8139,25235,36314.0648,1716.8794721888844
zona777,762,E23_N419,train,33916,50414.2407,55924,78554.9932,823.4579713670537
zona777,763,E23_N419,train,12825,19576.9782,22717,32496.4794,1197.3517024145694
zona777,764,E23_N419,train,4052,5718.8945,3308,4638.7838,1865.3017633139389
zona777,765,E23_N419,train,171768,257325.65180000002,129616,188062.6203,2790.1608609883115
zona777,766,E23_N419,train,13348,23986.9169,86035,120179.7657,1732.8734600348398
zona777,767,E23_N419,train,55751,81602.7886,70685,98727.61750000001,1679.775876770727
zona777,768,E23_N419,train,11083,13789.9528,11006,15289.8902,929.0906029697508
zona777,769,E23_N419,train,46637,66690.2726,32057,45498.0743,984.9258157273288
zona777,77,E22_N419,train,453938,664829.6341000001,454957,655849.892,1360.3254144389066
zona777,770,E23_N419,train,3972,6218.5072,4139,5914.0181,1130.5144984601066
zona777,771,E22_N420,validation,85508,127755.0218,68552,100890.6438,1157.9481844631955
zona777,772,E22_N420,validation,26193,37380.1255,30627,44026.1154,1171.0280693657696
zona777,773,E22_N420,validation,366143,512798.18259999994,365361,527639.1726,1333.670596885495
zona777,774,E22_N420,validation,113149,162548.8836,101825,147503.0858,1633.087236403895
zona777,775,E23_N420,test,16591,23414.4583,20724,28953.6122,641.036687541753
zona777,776,E23_N419,train,25948,40247.55,16133,24505.0744,1290.2565514640885
zona777,777,E22_N420,validation,37916,57552.0586,30525,45431.0095,1300.1092406669632
zona777,778,E22_N420,validation,53407,82723.2991,5649,8955.2081,1143.9828475566464
zona777,779,E22_N420,validation,45909,68202.5798,43844,63312.1309,1171.0280693657696
zona777,78,E22_N419,train,639466,1127178.9452999998,743638,1058663.0166,1115.667749135173
zona777,780,E23_N418,validation,85061,116516.071,50787,76257.5104,1420.965231811511
zona777,781,E23_N418,validation,33459,50266.7191,38123,54290.1825,1203.7641947660595
zona777,782,E23_N418,validation,36747,53946.7614,27046,39427.4834,968.4684755165364
zona777,783,E23_N418,validation,17797,27187.710199999998,7032,10434.0361,1483.1633226601407
zona777,784,E23_N418,validation,49391,68238.51819999999,38772,57568.8193,1078.024329959415
zona777,785,E23_N418,validation,27357,45341.2398,15783,24463.7506,1347.6361835226417
zona777,786,E23_N418,validation,13154,24139.7021,5951,8949.5111,832.9489487206447
zona777,787,E23_N418,validation,601,1286.9634,10064,14971.5393,1221.360718438984
zona777,788,E23_N418,validation,36918,58738.7639,16738,25556.3422,1858.6307933395728
zona777,789,E23_N418,validation,4674,8131.6894,8138,12226.8904,891.522727170377
zona777,79,E22_N419,train,352414,495626.4403999999,403761,577867.8611999999,1040.524386418983
zona777,790,E23_N418,validation,10649,17906.1437,5176,7887.7495,712.7336408085539
zona777,791,E22_N418,train,77592,103826.33530000002,75379,111300.05540000001,1187.7156268418184
zona777,792,E22_N418,train,34969,54639.6646,28149,42509.2811,1687.2408779887485
zona777,793,E22_N418,train,9668,17030.4849,14979,22707.5307,1089.6814645745908
zona777,794,E22_N418,train,25934,39028.5367,13370,20873.1467,937.9525350435288
zona777,795,E22_N418,train,19862,30886.4849,18110,27709.8576,1022.422187127173
zona777,796,E22_N418,train,15265,22032.5249,8741,13007.9542,793.3051541429013
zona777,797,E23_N418,validation,114421,160871.6773,118686,172698.7559,821.9552967362106
zona777,798,E23_N418,validation,24223,38031.074,10937,16669.5371,741.7535643307492
zona777,799,E23_N418,validation,16138,26462.4219,11698,17681.1897,986.6185697345064
zona777,8,E23_N420,test,447474,626657.4415000001,507067,708973.5931,882.0741334855556
zona777,80,E22_N419,train,55263,87275.8202,57958,86376.0239,765.9126556767151
zona777,800,E22_N418,train,5451,8977.2304,6707,10640.9851,772.6692657154053
zona777,801,E22_N418,train,23897,33765.2331,15883,23859.0125,771.8537633009837
zona777,802,E23_N418,validation,690,1261.5697,2828,4191.2813,699.2921519009396
zona777,803,E23_N419,train,51723,82523.7387,47049,69334.7942,1016.289981466718
zona777,804,E22_N419,train,11634,19153.5663,7843,11688.4859,875.3753672447056
zona777,805,E22_N419,train,8604,13748.1908,6628,10045.8269,820.9549541754532
zona777,806,E22_N419,train,66142,99059.6611,51721,76990.6967,1671.0933607075713
zona777,807,E22_N418,train,30120,45497.609599999996,32380,48063.707899999994,2021.387453611591
zona777,808,E22_N419,train,30278,45896.3529,33725,49705.6673,2282.761291194824
zona777,809,E22_N419,train,59722,89968.80750000001,56807,83571.2673,1129.815529022133
zona777,81,E22_N419,train,24149,34117.8428,27579,40084.6328,976.0664026523008
zona777,810,E22_N419,train,27933,42760.8682,22967,34005.4168,1027.5454049982363
zona777,811,E22_N419,train,33755,50543.0328,37718,55398.0009,1051.678044386208
zona777,812,E22_N419,train,22785,34058.693999999996,15364,22547.1972,1057.5361094113323
zona777,813,E22_N419,train,12725,19586.0145,6549,9531.8739,824.5769803223666
zona777,814,E22_N419,train,19269,31939.5711,39471,58250.5656,856.7417944004992
zona777,815,E22_N419,train,2223,3750.8802,24760,35711.829,1072.5427649498452
zona777,816,E22_N419,train,23647,36931.4543,59626,88089.1505,1058.0635201837867
zona777,818,E22_N419,train,35191,50442.994000000006,44646,63077.3677,891.1763787660748
zona777,819,E22_N419,train,651023,887635.2937,632406,914666.0983,1179.690520633012
zona777,82,E22_N419,train,20296,31766.1102,29781,43462.3316,1044.5442777574062
zona777,820,E22_N419,train,13213,20778.0177,10274,15343.4077,956.79726039432
zona777,821,E22_N419,train,39169,56388.1587,37949,54567.1029,1114.502057492733
zona777,822,E22_N419,train,24217,35039.453,6541,9988.0562,699.9422182936687
zona777,823,E22_N419,train,31349,45360.561,33848,49456.034999999996,581.354846969014
zona777,824,E22_N419,train,38839,55074.7091,24312,35590.8211,816.4582448434085
zona777,825,E22_N419,train,30839,45475.9841,28986,42345.517,612.9277966376394
zona777,826,E22_N419,train,32102,46658.4038,22726,32975.7262,1236.985823554045
zona777,827,E22_N419,train,152643,212591.55169999998,163874,233677.87190000003,1058.7262477104086
zona777,828,E22_N419,train,1590,3341.8880999999997,36587,51995.5555,1221.2986935038352
zona777,829,E22_N420,validation,25368,37495.7136,28052,41221.8028,1558.550870349456
zona777,83,E22_N419,train,11363,17196.353900000002,12126,17490.0027,968.629666587338
zona777,830,E22_N420,validation,3441,5524.8462,3849,5538.6803,2312.8873838679865
zona777,831,E22_N420,validation,42380,63468.5248,27064,39075.5707,4583.70342801325
zona777,832,E22_N420,validation,1578,2402.0009,941,1402.0635,979.9610874712234
zona777,833,E23_N420,test,14138,21811.7456,14352,20752.8547,792.7287623716984
zona777,834,E22_N420,validation,15719,26889.1253,7449,11021.8383,2045.995992349752
zona777,835,E22_N420,validation,9573,17395.3544,15645,24065.3439,1681.3705997487996
zona777,836,E22_N420,validation,12884,22335.603,6088,9468.9542,1006.8270753112738
zona777,837,E22_N420,validation,54299,92842.5082,34246,52565.7989,3224.385206099483
zona777,838,E23_N420,test,19463,27849.388,24027,35591.9155,746.2266256175935
zona777,839,E23_N420,test,6543,10271.501,6736,9853.975199999999,849.0130973272026
zona777,84,E22_N419,train,912682,1317339.5433999996,958805,1339710.8154000007,1827.4223469030112
zona777,840,E23_N420,test,2806,4705.601,2262,3330.2398,3356.301242986694
zona777,841,E22_N419,train,5304,7736.8172,11439,16577.1343,585.5354003534303
zona777,842,E22_N420,validation,3848,5406.1634,997,1480.9405000000002,602.1645766502479
zona777,843,E22_N419,train,12106,18074.9193,8626,13138.9656,574.6858499750379
zona777,844,E22_N419,train,18397,27246.0979,30545,44505.770899999996,939.1254412964336
zona777,845,E22_N420,validation,5666,8667.1039,11071,16254.0584,513.2290362091735
zona777,846,E22_N420,validation,11310,17220.7172,6608,9896.358,503.78431640344206
zona777,848,E22_N420,validation,37,42.8481,23,33.0532,1066.0
zona777,849,E22_N419,train,0,0.0,5,8.2788,866.0
zona777,85,E22_N419,train,33268,48936.7341,19616,28798.0436,1240.5744335623458
zona777,852,E22_N418,train,1230,2031.764,620,1045.0951,2564.0
zona777,86,E22_N419,train,36699,54717.4485,30581,44061.6345,1555.7842180766163
zona777,87,E22_N419,train,12847,18889.1921,9832,14274.365099999999,1046.0982067827135
zona777,88,E22_N419,train,22942,33987.7742,17094,25094.6513,931.8351843161508
zona777,89,E22_N419,train,18260,26327.7382,19201,28450.1738,1566.74832618027
zona777,9,E23_N420,test,12478,18671.3399,12292,18144.3697,912.2299047335982
zona777,90,E22_N419,train,22763,32114.215,15164,22547.8839,1523.902014454652
zona777,91,E22_N420,validation,16061,24206.2707,15883,23189.0697,842.6795327796135
zona777,92,E22_N420,validation,18373,27290.1201,19720,28526.0406,1102.1775419106707
zona777,93,E22_N420,validation,7871,12133.677599999999,4376,6482.446,1186.8267654674128
zona777,94,E22_N420,validation,11944,18991.9194,15918,23284.5398,836.0059696654789
zona777,95,E22_N420,validation,7628,12251.255000000001,11332,16377.6304,825.8672250658274
zona777,96,E22_N420,validation,39935,58982.9347,36458,52364.371100000004,1262.7478484604508
zona777,97,E22_N420,validation,19002,28108.703,11171,16633.1212,1087.6327991766157
zona777,98,E22_N420,validation,1533,2243.6258,941,1352.0078,1319.5989614534774
zona777,99,E22_N420,validation,31428,46901.729699999996,42414,61400.514800000004,1243.1816226281226
h3_r7,87b2c5080ffffff,E23_N419,train,6146,9641.9617,5532,7679.406599999999,2693.501567386964
h3_r7,87b2c5081ffffff,E23_N419,train,419,630.5908000000001,288,413.9274,2692.882395823195
h3_r7,87b2c5082ffffff,E23_N419,train,77164,118342.8401,60903,87926.1061,2693.7539375182823
h3_r7,87b2c5083ffffff,E23_N419,train,10036,15002.2812,9014,12733.7501,2693.134873431758
h3_r7,87b2c5084ffffff,E23_N419,train,262613,396382.4083999999,244371,350331.8524,2693.868029742269
h3_r7,87b2c5085ffffff,E23_N419,train,27,54.0682,2,2.8262,2693.248812145903
h3_r7,87b2c5086ffffff,E23_N419,train,54660,85430.4099,52568,75574.6852,2694.12067755498
h3_r7,87b2c5090ffffff,E23_N419,train,875198,1220112.1688000008,908989,1294968.0421000004,2694.6248169789906
h3_r7,87b2c5091ffffff,E23_N419,train,196075,288149.3112,171125,245963.1937,2694.005922361859
h3_r7,87b2c5092ffffff,E23_N419,train,223826,325198.45249999996,200872,289076.593,2694.876308243489
h3_r7,87b2c5093ffffff,E23_N419,train,1311535,1809716.655400001,1396625,1993847.9756000005,2694.2575217462145
h3_r7,87b2c5094ffffff,E23_N419,train,246249,353783.41589999996,221477,315109.9515,2694.9918805717607
h3_r7,87b2c5095ffffff,E23_N419,train,281110,397109.085,264377,373982.1398,2694.3729400242446
h3_r7,87b2c5096ffffff,E23_N419,train,705347,930175.3436999996,767056,1049445.3215,2695.2436494581634
h3_r7,87b2c5098ffffff,E23_N419,train,50762,76455.8121,44773,67025.3957,2693.0197633336065
h3_r7,87b2c5099ffffff,E23_N419,train,14876,22495.1987,9734,14137.4843,2692.400792189641
h3_r7,87b2c509affffff,E23_N419,train,404786,564834.6354000001,382585,547914.2919000001,2693.2711932518287
h3_r7,87b2c509bffffff,E23_N418,validation,222663,337670.8898,184806,272491.3467,2692.6523299198598
h3_r7,87b2c509cffffff,E23_N419,train,127791,188240.0783,107312,153926.2054,2693.386965990532
h3_r7,87b2c509dffffff,E23_N419,train,10918,16023.5899,9711,14142.608900000001,2692.7679482438252
h3_r7,87b2c509effffff,E23_N419,train,139077,204635.24730000002,119194,170888.0846,2693.638673315407
h3_r7,87b2c50a2ffffff,E23_N419,train,92400,137415.907,87407,124619.88660000001,2694.234260133526
h3_r7,87b2c50a4ffffff,E24_N420,train,731,1098.3251,570,791.0491,2694.346669417224
h3_r7,87b2c50a6ffffff,E23_N419,train,21391,30773.6382,24011,33611.9016,2694.60025819327
h3_r7,87b2c50b0ffffff,E23_N419,train,831468,1121555.8057000006,882540,1236590.0148,2695.106279738189
h3_r7,87b2c50b1ffffff,E23_N419,train,269600,397989.5849,285878,408282.2096,2694.487185736536
h3_r7,87b2c50b2ffffff,E23_N419,train,457037,631056.5677999998,426878,594433.1326,2695.3587121549062
h3_r7,87b2c50b3ffffff,E23_N419,train,523122,725080.4728000001,506394,723947.5081,2694.7397259394056
h3_r7,87b2c50b4ffffff,E23_N419,train,346041,473939.02190000017,360735,500317.6614,2695.4726010545273
h3_r7,87b2c50b5ffffff,E23_N419,train,263897,366056.2795,248466,346071.78260000004,2694.853461692692
h3_r7,87b2c50b6ffffff,E23_N419,train,566114,764099.3302000002,542128,752725.7624000001,2695.7253113660845
h3_r7,87b2c5180ffffff,E23_N420,test,150234,231134.5325,153442,217207.2422,2696.0619198242202
h3_r7,87b2c5181ffffff,E24_N420,train,72546,108846.6111,69255,99125.8594,2695.4424314651405
h3_r7,87b2c5182ffffff,E23_N420,test,16250,23943.706,16166,22252.879800000002,2696.3162359795533
h3_r7,87b2c5183ffffff,E23_N420,test,153045,223564.7818,159996,222033.8651,2695.696854739217
h3_r7,87b2c5184ffffff,E23_N420,test,26197,41060.479,24474,34901.513,2696.4267507507466
h3_r7,87b2c5185ffffff,E24_N420,train,11206,18330.4035,8354,12097.6754,2695.8072181723546
h3_r7,87b2c5186ffffff,E23_N420,test,51736,75971.1762,54321,75903.3229,2696.6813453368377
h3_r7,87b2c518affffff,E24_N420,train,69097,99378.26740000001,61349,82114.4696,2694.712156721158
h3_r7,87b2c518effffff,E24_N420,train,50069,72016.1321,43859,59233.922399999996,2695.077410858823
h3_r7,87b2c5190ffffff,E23_N420,test,1,1.5063,0,0.0,2697.189377147588
h3_r7,87b2c5191ffffff,E23_N420,test,97940,140962.06100000002,88136,122357.7512,2696.570166460646
h3_r7,87b2c5192ffffff,E23_N420,test,14720,21587.1682,10052,14200.7745,2697.4428140209056
h3_r7,87b2c5193ffffff,E23_N420,test,129084,186254.0446,119717,166229.75400000002,2696.823711094854
h3_r7,87b2c5198ffffff,E23_N420,test,680899,926454.9414999995,631271,869340.1501000001,2695.5853154772776
h3_r7,87b2c5199ffffff,E23_N420,test,103168,148344.8273,98100,138610.7432,2694.9660235572373
h3_r7,87b2c519affffff,E23_N420,test,1121974,1476459.5038999994,1154394,1571636.7761999997,2695.838689525379
h3_r7,87b2c519bffffff,E23_N420,test,197145,282317.5353,176346,246904.53579999995,2695.2195050602313
h3_r7,87b2c519cffffff,E23_N420,test,346627,489263.9274,348109,483371.8321000001,2695.950892571127
h3_r7,87b2c519dffffff,E23_N420,test,74949,106463.799,70247,96610.4405,2695.331555862562
h3_r7,87b2c519effffff,E23_N420,test,273591,389487.1653,285931,395904.24130000005,2696.204544784734
h3_r7,87b2c51a2ffffff,E23_N420,test,7111,11438.8328,7995,11498.202000000001,2696.7913471508073
h3_r7,87b2c51a3ffffff,E24_N420,train,0,0.0,1,1.2864,2696.171770612942
h3_r7,87b2c51b0ffffff,E23_N420,test,13483,20036.8067,14229,19282.8541,2697.6656263559125
h3_r7,87b2c51b1ffffff,E23_N420,test,23991,36243.1829,25240,35101.704300000005,2697.0462202714407
h3_r7,87b2c51b2ffffff,E23_N420,test,5,7.3786000000000005,16,21.5362,2697.920006268949
h3_r7,87b2c51b3ffffff,E23_N420,test,12427,18912.2995,11500,15871.737500000001,2697.300707612885
h3_r7,87b2c5400ffffff,E21_N419,train,957,1848.5604,632,957.1357,2699.5871860338375
h3_r7,87b2c5401ffffff,E22_N419,train,8513,16068.930600000002,7275,11053.7725,2698.9692183110747
h3_r7,87b2c5403ffffff,E21_N419,train,1235,2279.117,891,1343.8225,2699.2182295113453
h3_r7,87b2c5405ffffff,E22_N419,train,282,510.493,145,222.5826,2699.337897247693
h3_r7,87b2c5408ffffff,E22_N419,train,98821,151191.1857,74314,109986.84240000001,2697.982319702278
h3_r7,87b2c5409ffffff,E22_N419,train,110333,166668.74200000003,103063,151445.354,2697.3642680475023
h3_r7,87b2c540bffffff,E22_N419,train,66734,100019.0501,58771,87255.8216,2697.613222018059
h3_r7,87b2c540cffffff,E22_N419,train,166498,260639.37910000002,136630,200279.37119999997,2698.3511856199475
h3_r7,87b2c540dffffff,E22_N419,train,224345,338580.2327,201469,296861.9163,2697.7330883538816
h3_r7,87b2c5420ffffff,E22_N419,train,729,1256.7425,389,628.9742,2700.0745564776007
h3_r7,87b2c5421ffffff,E22_N419,train,803,1315.9094,541,761.3605,2699.456389125029
h3_r7,87b2c5422ffffff,E21_N419,train,4951,6873.2329,4677,6463.1557999999995,2700.3244007680332
h3_r7,87b2c5424ffffff,E22_N419,train,661,1068.6471,246,342.91360000000003,2700.44253603596
h3_r7,87b2c5425ffffff,E22_N419,train,48497,77730.2758,43917,63182.4444,2699.8243243147153
h3_r7,87b2c5426ffffff,E21_N419,train,6162,9417.9639,5439,7845.4878,2700.692658239277
h3_r7,87b2c5428ffffff,E22_N419,train,167875,243355.02300000002,150056,219228.30789999999,2698.4700329834013
h3_r7,87b2c5429ffffff,E22_N419,train,347036,501953.28160000005,337717,487950.33230000007,2697.8517806587042
h3_r7,87b2c542affffff,E22_N419,train,150831,233643.85070000007,120837,178652.4601,2698.719819409831
h3_r7,87b2c542bffffff,E22_N419,train,360501,525327.1726,361347,536525.3035,2698.101676787832
h3_r7,87b2c542cffffff,E22_N419,train,75005,110597.58610000001,86395,125801.3883,2698.838156570331
h3_r7,87b2c542dffffff,E22_N419,train,654020,915015.8194,690854,994881.9567999997,2698.219859200646
h3_r7,87b2c542effffff,E22_N419,train,837,1285.1777000000002,669,1013.797,2699.0882207037066
h3_r7,87b2c5430ffffff,E21_N419,train,1454,2055.8050000000003,1292,1790.4821,2701.1917381671956
h3_r7,87b2c5431ffffff,E21_N419,train,4205,5936.1884,3690,5196.2987,2700.5738570131944
h3_r7,87b2c5435ffffff,E21_N419,train,30012,43334.2528,27438,38429.203199999996,2700.942392339988
h3_r7,87b2c5440ffffff,E22_N418,train,167071,247450.2678,139613,211973.3546,2695.26006123313
h3_r7,87b2c5441ffffff,E23_N418,validation,530856,776210.9564999997,495146,726374.9116000001,2694.641646867036
h3_r7,87b2c5442ffffff,E22_N418,train,30482,48737.4103,18555,28446.5222,2695.509730727528
h3_r7,87b2c5443ffffff,E22_N418,train,295421,443290.6261999999,261213,393414.98599999986,2694.8914254548145
h3_r7,87b2c5444ffffff,E22_N419,train,57934,87645.5691,49877,74056.9203,2695.6284661701648
h3_r7,87b2c5445ffffff,E23_N419,train,244228,352397.6927999999,224731,330392.6611,2695.0100054147188
h3_r7,87b2c5446ffffff,E22_N419,train,37326,59610.809400000006,20888,31317.4819,2695.8784129500855
h3_r7,87b2c5448ffffff,E23_N418,validation,486,895.7796,160,243.8832,2693.654627964541
h3_r7,87b2c5449ffffff,E23_N418,validation,55476,98961.7682,39830,60060.6567,2693.0361365164863
h3_r7,87b2c544affffff,E22_N418,train,25453,40121.865,17998,27649.2895,2693.9042383949854
h3_r7,87b2c544bffffff,E23_N418,validation,84,157.9144,16,26.084500000000002,2693.2858557326254
h3_r7,87b2c544cffffff,E23_N418,validation,91474,148015.0262,72580,108902.2101,2694.023170237895
h3_r7,87b2c544dffffff,E23_N418,validation,33213,54604.000100000005,22282,34012.4703,2693.404631730111
h3_r7,87b2c544effffff,E22_N418,train,66929,100957.52769999999,33987,51644.3751,2694.273057738319
h3_r7,87b2c5454ffffff,E22_N419,train,0,0.0,1,1.7839,2696.7461524119135
h3_r7,87b2c5456ffffff,E22_N418,train,43185,64615.404599999994,41395,61170.8558,2696.9952162386617
h3_r7,87b2c5458ffffff,E22_N418,train,23964,35753.9314,14951,23387.445699999997,2694.7716744675417
h3_r7,87b2c5459ffffff,E22_N418,train,226903,323680.3756,206841,309183.01269999996,2694.1534628479276
h3_r7,87b2c545affffff,E22_N418,train,494,844.0880000000001,437,719.8741,2695.020403354487
h3_r7,87b2c545bffffff,E22_N418,train,4808,8934.7309,3901,6424.1338,2694.4023011595127
h3_r7,87b2c545cffffff,E22_N418,train,75051,128481.9674,74540,115170.8033,2695.140817776497
h3_r7,87b2c545dffffff,E22_N418,train,163187,239548.56290000008,148696,224375.38599999997,2694.522559205885
h3_r7,87b2c5460ffffff,E23_N419,train,810343,1145115.9245999998,813723,1171225.8447999994,2695.746029296075
h3_r7,87b2c5461ffffff,E23_N419,train,141639,214719.5612,118245,172923.3062,2695.127413644863
h3_r7,87b2c5462ffffff,E22_N419,train,90091,143032.3893,77420,116053.9967,2695.99663990282
h3_r7,87b2c5463ffffff,E23_N419,train,865016,1253817.5656000013,809227,1172828.7936999998,2695.3781330125057
h3_r7,87b2c5464ffffff,E23_N419,train,544716,776600.3301000004,535474,764142.1604000002,2696.113693895226
h3_r7,87b2c5465ffffff,E23_N419,train,149168,224260.01659999997,119284,173569.62960000001,2695.4950324231177
h3_r7,87b2c5466ffffff,E22_N419,train,242360,364310.9803,214896,319772.6024,2696.3645820629317
h3_r7,87b2c5468ffffff,E23_N419,train,245748,380817.82529999997,189425,280748.6062,2694.140931587084
h3_r7,87b2c5469ffffff,E23_N418,validation,193269,288967.20910000004,110785,163750.93740000002,2693.522237824858
h3_r7,87b2c546affffff,E23_N418,validation,55513,85346.5969,43879,65598.034,2694.39148218889
h3_r7,87b2c546bffffff,E23_N418,validation,70648,111946.139,70802,104591.31480000001,2693.7728968765587
h3_r7,87b2c546cffffff,E23_N419,train,165912,245989.07309999998,167737,245411.44979999997,2694.508735499752
h3_r7,87b2c546dffffff,E23_N419,train,207862,309391.7592,189297,275142.1905,2693.889995239151
h3_r7,87b2c546effffff,E23_N419,train,431734,624139.4406,412077,599789.3683000001,2694.759563445521
h3_r7,87b2c5470ffffff,E22_N419,train,10648,18097.0443,9636,14192.359199999999,2696.865198733285
h3_r7,87b2c5471ffffff,E22_N419,train,16107,27069.2441,10878,16321.5314,2696.2468640723964
h3_r7,87b2c5472ffffff,E22_N419,train,22936,36539.7478,19388,28838.450399999998,2697.114926896058
h3_r7,87b2c5473ffffff,E22_N419,train,277,474.69219999999996,35,53.638,2696.4967016323353
h3_r7,87b2c5474ffffff,E22_N419,train,103850,165179.14789999998,97309,144653.84730000002,2697.2334641119232
h3_r7,87b2c5475ffffff,E22_N419,train,131808,212126.1202,119377,180518.6652,2696.6150837310124
h3_r7,87b2c5476ffffff,E22_N419,train,607974,851358.8851000001,578112,834561.8555000001,2697.4834697671467
h3_r7,87b2c5501ffffff,E22_N420,validation,1094,2109.2058,1116,1751.6944999999998,2701.5450700447545
h3_r7,87b2c5503ffffff,E22_N420,validation,4048,7478.8837,4068,6367.089800000001,2701.7960266441805
h3_r7,87b2c5508ffffff,E22_N420,validation,810,1385.5166,665,961.9857000000001,2700.5594935091212
h3_r7,87b2c5509ffffff,E22_N420,validation,79559,123403.25200000001,66521,98347.6042,2699.941128003178
h3_r7,87b2c550affffff,E22_N420,validation,19224,37369.299100000004,12289,17922.7749,2700.810281728336
h3_r7,87b2c550bffffff,E22_N420,validation,11824,19298.9856,10803,15980.6948,2700.1920258997707
h3_r7,87b2c550cffffff,E22_N420,validation,5797,10879.2546,5272,7840.5961,2700.9267267776886
h3_r7,87b2c550dffffff,E22_N420,validation,57296,101524.09820000001,49376,74956.1104,2700.308317471179
h3_r7,87b2c550effffff,E22_N420,validation,2551,4765.3,2738,4358.83,2701.177793185925
h3_r7,87b2c5511ffffff,E21_N420,train,3435,6371.3122,3414,5205.8596,2702.6646516024484
h3_r7,87b2c5518ffffff,E21_N420,train,1565,2878.2551,1388,2168.149,2701.6787616881193
h3_r7,87b2c5519ffffff,E22_N420,validation,1596,2656.6319,1489,2204.2611,2701.060681955947
h3_r7,87b2c551bffffff,E21_N419,train,0,0.0,1,1.2103,2701.310694022686
h3_r7,87b2c551cffffff,E21_N420,train,1118,2187.0614,1118,1804.18,2702.0465949661448
h3_r7,87b2c551effffff,E21_N420,train,9359,17505.2334,9515,14834.6518,2702.296774844581
h3_r7,87b2c5528ffffff,E22_N420,validation,72275,111366.56920000003,56282,83116.1497,2701.0419927011244
h3_r7,87b2c5529ffffff,E22_N420,validation,571899,849738.3056000002,518297,762164.2294000001,2700.4234305104474
h3_r7,87b2c552affffff,E22_N420,validation,795,1304.2394,434,625.0277,2701.2937253356795
h3_r7,87b2c552bffffff,E22_N420,validation,130223,212375.48150000002,122395,184065.8961,2700.6752724964754
h3_r7,87b2c552cffffff,E22_N420,validation,37,42.8481,22,31.7853,2701.4084777180105
h3_r7,87b2c552dffffff,E22_N420,validation,14109,20884.3282,9029,13221.4067,2700.7898723048274
h3_r7,87b2c5540ffffff,E22_N419,train,335072,489800.1434999999,261644,379102.1465999999,2697.8340276189265
h3_r7,87b2c5541ffffff,E23_N419,train,6310627,8638934.648299977,6960505,9699824.55450001,2697.215293936024
h3_r7,87b2c5542ffffff,E22_N419,train,546198,776999.9302999998,594961,854285.7668,2698.0856403747457
h3_r7,87b2c5543ffffff,E22_N419,train,2957059,4355846.918600012,3199729,4496058.6788,2697.4670154258492
h3_r7,87b2c5544ffffff,E22_N420,validation,146074,228482.56609999997,114508,168811.5789,2698.2008064044057
h3_r7,87b2c5545ffffff,E23_N420,test,810675,1159134.7626000002,849693,1205043.0481999998,2697.5820281384513
h3_r7,87b2c5546ffffff,E22_N420,validation,178136,270495.16870000004,159339,232466.0467,2698.4526972031454
h3_r7,87b2c5548ffffff,E23_N419,train,673254,945737.5022000003,672729,960269.1185000001,2696.229574237077
h3_r7,87b2c5549ffffff,E23_N419,train,349262,483694.4358999998,350198,492360.4094,2695.610758771887
h3_r7,87b2c554affffff,E23_N419,train,904463,1261113.591800001,987355,1397490.0588999996,2696.4811264493037
h3_r7,87b2c554bffffff,E23_N419,train,442437,632295.1759,447464,637649.2898000001,2695.8624194089207
h3_r7,87b2c554cffffff,E23_N419,train,1972945,2729079.9099999988,2109007,2944167.3938999963,2696.596496539947
h3_r7,87b2c554dffffff,E23_N419,train,917900,1248234.5245999992,1009791,1404459.4369000006,2695.977635819232
h3_r7,87b2c554effffff,E23_N419,train,1079237,1502348.0172000006,1171183,1660264.8376999996,2696.8483265854884
h3_r7,87b2c5550ffffff,E22_N419,train,548986,768736.3318000004,503117,720614.5987000001,2698.9553177652415
h3_r7,87b2c5551ffffff,E22_N419,train,893108,1278931.550200001,870914,1239265.4693999991,2698.336866235477
h3_r7,87b2c5552ffffff,E22_N419,train,257197,373639.1499,226788,325715.40400000004,2699.2060471803998
h3_r7,87b2c5553ffffff,E22_N419,train,630225,877104.9406999997,627699,898297.3250999999,2698.5877050251
h3_r7,87b2c5554ffffff,E22_N420,validation,325253,500263.0286000001,298302,441536.9092,2699.32269705215
h3_r7,87b2c5555ffffff,E22_N419,train,254815,374827.9833,216461,316132.0482,2698.7042010466103
h3_r7,87b2c5556ffffff,E22_N419,train,255818,382273.5778,229093,334007.6302000001,2699.573704447772
h3_r7,87b2c5558ffffff,E22_N419,train,318913,454191.2241,273761,390116.8358,2697.3508271892206
h3_r7,87b2c5559ffffff,E22_N419,train,129952,195949.4447,114745,171911.6709,2696.7322922800668
h3_r7,87b2c555affffff,E22_N419,train,155855,244782.0821,128490,189620.61119999998,2697.6014973999118
h3_r7,87b2c555bffffff,E22_N419,train,84228,128297.8713,67475,97747.33870000001,2696.983071557479
h3_r7,87b2c555cffffff,E22_N419,train,1536139,2180862.692300002,1542984,2215668.375199997,2697.7183502485277
h3_r7,87b2c555dffffff,E22_N419,train,295345,418062.23329999996,269487,383678.9659,2697.0997701908345
h3_r7,87b2c555effffff,E22_N419,train,256010,374306.4344999999,237514,341528.0006999999,2697.9692982306588
h3_r7,87b2c5560ffffff,E23_N420,test,449344,641479.105,423994,604123.3508,2698.3147956223693
h3_r7,87b2c5561ffffff,E23_N420,test,174657,257150.78089999995,165465,231945.63230000006,2697.695864637906
h3_r7,87b2c5562ffffff,E22_N420,validation,482864,696951.3488999999,475704,685333.9290999998,2698.5673514090013
h3_r7,87b2c5563ffffff,E23_N420,test,786887,1110432.9305000007,789625,1134379.419499999,2697.9485288236756
h3_r7,87b2c5565ffffff,E23_N420,test,80275,127432.32350000001,56989,82090.7491,2698.061853175692
h3_r7,87b2c5566ffffff,E22_N420,validation,166369,246155.8989,150369,220644.2784,2698.933662271418
h3_r7,87b2c5568ffffff,E23_N420,test,3247142,4329282.362899999,3568706,4904614.060399993,2696.7106916505145
h3_r7,87b2c5569ffffff,E23_N420,test,523687,705762.1596,529051,731214.7248000001,2696.0916778367246
h3_r7,87b2c556affffff,E23_N420,test,1617821,2173540.7137999963,1798628,2479142.324199997,2696.9631859511137
h3_r7,87b2c556bffffff,E23_N419,train,595217,808368.7686999999,584927,803707.1561000001,2696.344280231977
h3_r7,87b2c556cffffff,E23_N420,test,16290,22502.9218,27519,38181.5084,2697.0768697002786
h3_r7,87b2c556dffffff,E23_N420,test,1417597,1877851.0002999997,1451441,1977629.551999999,2696.457811202097
h3_r7,87b2c556effffff,E23_N420,test,88920,138896.14429999999,68169,99230.3278,2697.3296421082923
h3_r7,87b2c5570ffffff,E22_N420,validation,9474,16418.3651,5350,8549.804399999999,2699.4381696187193
h3_r7,87b2c5571ffffff,E22_N420,validation,128231,209902.3045,114036,172495.68,2698.819520357996
h3_r7,87b2c5572ffffff,E22_N420,validation,110056,189871.5842,95778,145978.4907,2699.689842517837
h3_r7,87b2c5573ffffff,E22_N420,validation,179761,291772.9135,165523,247443.4275,2699.0713022953714
h3_r7,87b2c5574ffffff,E22_N420,validation,290862,418002.1883999999,298918,434472.97570000007,2699.8048026426695
h3_r7,87b2c5575ffffff,E22_N420,validation,175993,257720.4152,181063,261617.6183,2699.1861094775377
h3_r7,87b2c5576ffffff,E22_N420,validation,45278,67853.012,37505,54826.916600000004,2700.056753793964
h3_r7,87b2c5704ffffff,E23_N418,validation,27192,42786.4148,16040,24143.316399999992,2691.2979424668592
h3_r7,87b2c5706ffffff,E23_N418,validation,6525,10779.0246,3291,5043.0533000000005,2691.5486487719463
h3_r7,87b2c5714ffffff,E23_N418,validation,85649,144262.121,53137,79723.5647,2692.4175837806542
h3_r7,87b2c5715ffffff,E23_N418,validation,11401,18637.6418,5886,8972.4911,2691.798970138654
h3_r7,87b2c5716ffffff,E23_N418,validation,18499,33169.9648,11789,17600.2886,2692.667411602568
h3_r7,87b2c5722ffffff,E23_N418,validation,29580,46381.4717,22522,33294.82059999999,2691.6657889338676
h3_r7,87b2c5723ffffff,E23_N418,validation,35566,57296.0428,24290,36765.122599999995,2691.046851385501
h3_r7,87b2c5726ffffff,E23_N418,validation,14368,21287.054,9273,13243.0318,2692.0334056306165
h3_r7,87b2c5730ffffff,E23_N418,validation,567970,797691.9690000003,586971,841522.7047000001,2692.5355415351805
h3_r7,87b2c5731ffffff,E23_N418,validation,160172,248903.7668,106802,166203.05660000004,2691.9167722745333
h3_r7,87b2c5732ffffff,E23_N418,validation,29875,50637.064699999995,21131,31921.481,2692.7860317269806
h3_r7,87b2c5733ffffff,E23_N418,validation,618100,886022.0101000005,601177,858865.3014,2692.167370612733
h3_r7,87b2c5734ffffff,E23_N418,validation,667711,922329.2663999995,637363,911338.3945000002,2692.9034825366107
h3_r7,87b2c5735ffffff,E23_N418,validation,210002,311233.44430000003,155107,228233.52359999996,2692.2846661109943
h3_r7,87b2c5736ffffff,E23_N418,validation,144877,227365.2625,120003,175747.48699999996,2693.1542498643976
h3_r7,87b2c57a4ffffff,E22_N418,train,8977,14871.6221,7676,12222.5541,2693.5351892023464
h3_r7,87b2c57a5ffffff,E23_N418,validation,11056,17426.8823,9015,14687.807200000001,2692.9168539071106
h3_r7,87b2c57a6ffffff,E22_N418,train,7669,12144.3343,5294,8819.0817,2693.7841367549845
h3_r7,87b2c57b0ffffff,E22_N418,train,9863,15844.1206,7844,13321.3704,2694.2808734350256
h3_r7,87b2c57b3ffffff,E22_N418,train,659,1089.7911000000001,388,659.4046999999999,2693.9107645679615
h3_r7,87b2c57b4ffffff,E22_N418,train,826,1430.2883,471,728.7398000000001,2694.65075315407
h3_r7,87b2c57b5ffffff,E22_N418,train,460,784.3207,285,454.37399999999997,2694.032698224997
h3_r7,87b2c5cd3ffffff,E22_N420,validation,3048,4617.2868,2002,2847.8634,2701.156078803062
h3_r7,87b2c5cd8ffffff,E22_N420,validation,13676,20140.8389,11830,17012.5233,2699.918584136176
h3_r7,87b2c5cd9ffffff,E22_N420,validation,55626,80251.3314,50976,71947.9751,2699.2997386216884
h3_r7,87b2c5cdaffffff,E22_N420,validation,84339,124179.04629999999,70130,101358.0176,2700.171200997429
h3_r7,87b2c5cdbffffff,E22_N420,validation,398387,580838.5726000004,395220,557692.6965000002,2699.552464193257
h3_r7,87b2c5cddffffff,E22_N420,validation,871,1266.1512,787,1120.5154,2699.665580091765
h3_r7,87b2c5cdeffffff,E22_N420,validation,46900,70879.6554,45094,66001.3796,2700.5373643242056
h3_r8,88b2c50801fffff,E23_N419,train,974,1507.462,973,1356.9823999999999,941.7072691718349
h3_r8,88b2c50803fffff,E23_N419,train,2368,3743.3535,2176,3024.9762,941.6165017923922
h3_r8,88b2c50805fffff,E23_N419,train,604,952.4336,60,83.975,941.7820416517789
h3_r8,88b2c50807fffff,E23_N419,train,1740,2719.7598,1823,2524.5471000000002,941.6912743829889
h3_r8,88b2c50809fffff,E23_N419,train,3,5.663600000000001,41,65.4627,941.7232495508506
h3_r8,88b2c5080dfffff,E23_N419,train,1008,1585.3293,492,681.3623,941.7980320106144
h3_r8,88b2c50815fffff,E23_N419,train,825,1227.2406,638,927.9174,941.525729882298
h3_r8,88b2c50823fffff,E23_N419,train,3930,6267.082,2650,3811.4272,941.7500177030452
h3_r8,88b2c50825fffff,E23_N419,train,32263,48883.4551,25152,36581.3125,941.9155315861572
h3_r8,88b2c50827fffff,E23_N419,train,20566,32023.4933,15177,22172.591,941.824760121468
h3_r8,88b2c50829fffff,E23_N419,train,5578,8544.839,5355,7465.643099999999,941.8568040376995
h3_r8,88b2c5082bfffff,E23_N419,train,2829,4381.9617,3545,4945.2585,941.7660368825891
h3_r8,88b2c5082dfffff,E23_N419,train,8908,13735.9018,8964,12739.4542,941.9315563214477
h3_r8,88b2c50831fffff,E23_N419,train,2457,3633.0159,2586,3617.5543000000002,941.5844889660948
h3_r8,88b2c50835fffff,E23_N419,train,69,108.2453,97,138.0922,941.6592415889609
h3_r8,88b2c50839fffff,E23_N419,train,1119,1609.5628,664,936.8803,941.6005025806953
h3_r8,88b2c5083bfffff,E23_N419,train,1844,2683.8384,1645,2317.2374,941.5097262491472
h3_r8,88b2c5083dfffff,E23_N419,train,3975,5994.98,3916,5552.173400000001,941.6752651875722
h3_r8,88b2c50841fffff,E23_N419,train,67398,100319.48640000001,68563,98991.40460000001,941.829969489132
h3_r8,88b2c50843fffff,E23_N419,train,28952,46334.1591,29315,43058.4209,941.7392155244015
h3_r8,88b2c50845fffff,E23_N419,train,73970,112063.466,82092,114837.77840000001,941.9047618054319
h3_r8,88b2c50847fffff,E23_N419,train,5245,8632.2354,4092,6259.187,941.8140079579898
h3_r8,88b2c50849fffff,E23_N419,train,14096,20788.1836,11553,16574.7859,941.845916603168
h3_r8,88b2c5084bfffff,E23_N419,train,2,3.074,0,0.0,941.7551670823013
h3_r8,88b2c5084dfffff,E23_N419,train,42300,62719.3358,38554,56091.327900000004,941.9207188904402
h3_r8,88b2c50855fffff,E23_N419,train,0,0.0,2,2.8262,941.6484570078319
h3_r8,88b2c50861fffff,E23_N419,train,12130,18624.3851,10624,15244.164799999999,941.9635625428054
h3_r8,88b2c50863fffff,E23_N419,train,832,1271.9637,453,612.1306,941.8728043755982
h3_r8,88b2c50865fffff,E23_N419,train,18121,27693.2201,17966,25824.657,942.0383246827405
h3_r8,88b2c50867fffff,E23_N419,train,2544,3892.0587,2607,3606.2985,941.9475666410872
h3_r8,88b2c50869fffff,E23_N419,train,7266,13062.6962,6621,9770.903,941.9795440253802
h3_r8,88b2c5086bfffff,E23_N419,train,1348,2466.8623000000002,579,851.6031,941.8887903004652
h3_r8,88b2c5086dfffff,E23_N419,train,13148,19719.9997,13336,19089.6857,942.054316143156
h3_r8,88b2c50901fffff,E23_N419,train,27813,39721.7873,20142,28589.703,942.2304643185926
h3_r8,88b2c50903fffff,E23_N419,train,51955,73891.5311,33412,49546.7017,942.1396978015546
h3_r8,88b2c50905fffff,E23_N419,train,294698,412145.9296,328701,468286.484,942.3051660035271
h3_r8,88b2c50907fffff,E23_N419,train,15162,20439.1965,12131,17717.6615,942.2143996292143
h3_r8,88b2c50909fffff,E23_N419,train,29793,41450.453499999996,30366,43847.8527,942.2465145853348
h3_r8,88b2c5090bfffff,E23_N419,train,302030,418742.2046,315682,447639.52799999993,942.1557525029639
h3_r8,88b2c5090dfffff,E23_N419,train,18227,24604.4117,10015,14130.8991,942.3212262582965
h3_r8,88b2c50911fffff,E23_N419,train,11549,17097.4511,7057,10289.202800000001,941.9742146374774
h3_r8,88b2c50913fffff,E23_N419,train,17590,26146.7941,19386,27427.9085,941.8834388726973
h3_r8,88b2c50915fffff,E23_N419,train,35669,50360.6334,29815,42869.7897,942.04892671993
h3_r8,88b2c50917fffff,E23_N419,train,62233,91736.40550000001,58351,83639.5315,941.9581510816934
h3_r8,88b2c50919fffff,E23_N419,train,23517,35139.3364,19802,28799.5959,941.9902637760388
h3_r8,88b2c5091bfffff,E23_N419,train,23839,35764.0089,16793,24161.676999999996,941.8994924348663
h3_r8,88b2c5091dfffff,E23_N419,train,34098,50030.3259,24890,36027.3349,942.0649858486722
h3_r8,88b2c50921fffff,E23_N419,train,20160,30504.3741,11660,16838.4661,942.3637728721369
h3_r8,88b2c50923fffff,E23_N419,train,9424,13927.393100000001,7386,10726.2993,942.2730022079195
h3_r8,88b2c50925fffff,E23_N419,train,15735,24398.0059,10803,15897.9221,942.4384442759911
h3_r8,88b2c50927fffff,E23_N419,train,21099,31682.7875,20750,30100.226599999998,942.3476737607853
h3_r8,88b2c50929fffff,E23_N419,train,118583,168506.4191,122014,174646.1808,942.3798575507244
h3_r8,88b2c5092bfffff,E23_N419,train,18313,25645.0949,17012,24728.8544,942.2890913184383
h3_r8,88b2c5092dfffff,E23_N419,train,9754,14250.5833,8211,11770.3921,942.4545389507548
h3_r8,88b2c50931fffff,E23_N419,train,324516,434948.97630000004,315978,445064.8861,942.1075451382785
h3_r8,88b2c50933fffff,E23_N419,train,110655,157199.2597,128746,182499.3286,942.0167652109521
h3_r8,88b2c50935fffff,E23_N419,train,69530,101375.4998,83383,120918.21949999999,942.1822269721888
h3_r8,88b2c50937fffff,E23_N419,train,14520,20348.6094,11885,17647.7237,942.0914471774595
h3_r8,88b2c50939fffff,E23_N419,train,737049,1018990.5479,810425,1160640.7825,942.1236286800122
h3_r8,88b2c5093bfffff,E23_N419,train,15126,21445.7362,9084,13085.124099999999,942.0328531723935
h3_r8,88b2c5093dfffff,E23_N419,train,37788,52166.8179,36891,53788.7436,942.1983205120778
h3_r8,88b2c50941fffff,E23_N419,train,23482,33985.1555,17766,25274.5661,942.3533034741413
h3_r8,88b2c50943fffff,E23_N419,train,25049,35161.5036,17960,25673.232099999997,942.2625504209427
h3_r8,88b2c50945fffff,E23_N419,train,33288,48549.3563,32994,46916.0286,942.4280249883304
h3_r8,88b2c50947fffff,E23_N419,train,36934,52509.9353,31691,45619.6244,942.3372720819898
h3_r8,88b2c50949fffff,E23_N419,train,23877,33990.4846,16597,23839.3461,942.3693204256124
h3_r8,88b2c5094bfffff,E23_N419,train,15696,22540.7014,17616,24991.4812,942.2785718231462
h3_r8,88b2c5094dfffff,E23_N419,train,84196,121572.5494,80393,113704.76729999999,942.4440519249765
h3_r8,88b2c50951fffff,E23_N419,train,395,557.6844,464,668.6436,942.0970608499483
h3_r8,88b2c50953fffff,E23_N419,train,13653,20468.6559,10247,14961.299,942.0062984973192
h3_r8,88b2c50955fffff,E23_N419,train,149183,210031.04570000002,167876,239144.1925,942.1717927794671
h3_r8,88b2c50957fffff,E23_N419,train,48770,72198.5705,35174,50978.7488,942.0810305598425
h3_r8,88b2c50959fffff,E23_N419,train,906,1454.4873,625,868.1158,942.1130767120048
h3_r8,88b2c5095bfffff,E23_N419,train,2336,3401.4798,2327,3282.1962,942.0223188003292
h3_r8,88b2c5095dfffff,E23_N419,train,197767,272966.8832,203015,284520.8614,942.1878186275135
h3_r8,88b2c50961fffff,E23_N419,train,437688,560676.6413999998,494154,668126.7937,942.4866849997779
h3_r8,88b2c50963fffff,E23_N419,train,1470,2113.9301,2749,3753.7338,942.3959277987597
h3_r8,88b2c50965fffff,E23_N419,train,19773,30080.9353,15162,21938.2762,942.5613762402791
h3_r8,88b2c50967fffff,E23_N419,train,24037,35699.9057,20209,29086.3379,942.4706191947917
h3_r8,88b2c50969fffff,E23_N419,train,214538,289861.06169999996,226518,314775.5285,942.5027363646659
h3_r8,88b2c5096bfffff,E23_N419,train,2471,3415.2499000000003,921,1281.5535,942.4119836104801
h3_r8,88b2c5096dfffff,E23_N419,train,5164,7999.3533,3551,5136.684200000001,942.5774375949986
h3_r8,88b2c50985fffff,E23_N419,train,16068,24785.0494,17330,25769.7283,941.6697057570564
h3_r8,88b2c50987fffff,E23_N419,train,29773,45022.86,25770,38967.4115,941.5789076120127
h3_r8,88b2c50989fffff,E23_N419,train,4058,6265.7188,7161,10262.4702,941.6110843907809
h3_r8,88b2c5098dfffff,E23_N419,train,3557,5080.643,2083,3025.4993,941.6857969480334
h3_r8,88b2c50995fffff,E23_N419,train,12246,18486.6455,7492,10944.6421,941.41340221063
h3_r8,88b2c50997fffff,E23_N419,train,2915,4432.861,2676,3811.3514999999998,941.3225949920597
h3_r8,88b2c509a1fffff,E23_N419,train,27721,39615.7491,18835,27306.1704,941.7282826197916
h3_r8,88b2c509a3fffff,E23_N419,train,34650,50915.3488,28078,40868.5134,941.6374801913626
h3_r8,88b2c509a5fffff,E23_N419,train,12603,17634.6784,18383,26872.447300000003,941.8029549545608
h3_r8,88b2c509a7fffff,E23_N419,train,132291,179998.7976,136049,194131.57390000002,941.7121526362607
h3_r8,88b2c509a9fffff,E23_N419,train,21028,30566.48,15175,22131.1133,941.7443982088007
h3_r8,88b2c509abfffff,E23_N419,train,21140,30302.596,6870,10119.1916,941.6536001707427
h3_r8,88b2c509adfffff,E23_N419,train,154841,214545.63179999997,157650,224194.0894,941.8190805442864
h3_r8,88b2c509b1fffff,E23_N418,validation,36694,56494.6709,33118,49078.5297,941.4719906072132
h3_r8,88b2c509b3fffff,E23_N418,validation,43786,69769.6894,37664,57732.4224,941.3811791003682
h3_r8,88b2c509b5fffff,E23_N418,validation,43831,63162.2091,42726,60785.89849999998,941.5466732671484
h3_r8,88b2c509b7fffff,E23_N418,validation,37935,55540.353800000004,25654,37632.6595,941.4558618575102
h3_r8,88b2c509b9fffff,E23_N419,train,38750,59844.0475,34466,50788.6757,941.4881049729302
h3_r8,88b2c509bdfffff,E23_N419,train,23976,36095.1613,16424,23718.816799999997,941.5627976353862
h3_r8,88b2c509c1fffff,E23_N419,train,2828,4010.704,86,127.83709999999999,941.7179361312883
h3_r8,88b2c509c3fffff,E23_N419,train,9335,13672.2651,5087,7196.5639,941.627151189372
h3_r8,88b2c509c5fffff,E23_N419,train,22404,32444.9886,18947,27136.1727,941.7926585717942
h3_r8,88b2c509c7fffff,E23_N419,train,28289,40259.2681,27668,39590.4151,941.7018737402977
h3_r8,88b2c509c9fffff,E23_N419,train,20283,31434.332,14719,21480.3403,941.7339841201319
h3_r8,88b2c509cdfffff,E23_N419,train,35308,52635.129,31322,44845.155099999996,941.8087165502366
h3_r8,88b2c509d5fffff,E23_N419,train,10827,15888.1686,9598,13984.0246,941.5363617349649
h3_r8,88b2c509e1fffff,E23_N419,train,20491,31271.8861,29415,42061.7538,941.8512885209057
h3_r8,88b2c509e3fffff,E23_N419,train,36667,54341.2812,31475,45318.4592,941.7604993975256
h3_r8,88b2c509e5fffff,E23_N419,train,19659,28651.5851,15806,22609.378800000002,941.9259807391791
h3_r8,88b2c509e7fffff,E23_N419,train,13415,18898.3525,9828,14011.0812,941.8351917347172
h3_r8,88b2c509e9fffff,E23_N419,train,20962,30669.8657,18741,26674.090200000002,941.8673709005816
h3_r8,88b2c509ebfffff,E23_N419,train,30161,44116.3004,15893,23131.521800000002,941.7765861870721
h3_r8,88b2c509edfffff,E23_N419,train,11403,16104.1351,6805,9631.8675,941.942073116661
h3_r8,88b2c50a21fffff,E23_N419,train,11658,17453.4171,8859,12640.2187,941.9525897973217
h3_r8,88b2c50a23fffff,E23_N419,train,2146,3034.2885,1820,2577.7703,941.8618492998648
h3_r8,88b2c50a25fffff,E23_N419,train,34057,51337.424100000004,38565,55093.53,942.0274019280914
h3_r8,88b2c50a27fffff,E23_N419,train,16003,23992.6866,16994,24354.8912,941.9366615567706
h3_r8,88b2c50a29fffff,E23_N419,train,3,4.4808,1,1.3559,941.9685036122683
h3_r8,88b2c50a2bfffff,E23_N419,train,2759,4100.1094,1734,2496.2313,941.8777675759629
h3_r8,88b2c50a2dfffff,E23_N419,train,25643,37215.2297,22176,31420.8504,942.0433257088298
h3_r8,88b2c50a4dfffff,E23_N420,test,381,573.3651,450,626.5462,942.0320145803271
h3_r8,88b2c50a61fffff,E23_N419,train,622,892.2748,952,1281.7297,942.0751299781259
h3_r8,88b2c50a63fffff,E23_N419,train,0,0.0,462,625.9433,941.9844030003878
h3_r8,88b2c50a65fffff,E23_N419,train,20936,30038.375500000002,19337,27056.771099999998,942.1499619061942
h3_r8,88b2c50a67fffff,E23_N419,train,1086,1586.7753,2620,3565.2687,942.0592350610532
h3_r8,88b2c50a6bfffff,E23_N419,train,0,0.0,428,569.7473,942.0002879584208
h3_r8,88b2c50a6dfffff,E23_N419,train,1576,2340.7584,1108,1589.9757,942.1658523483202
h3_r8,88b2c50b01fffff,E23_N419,train,470650,638330.1911,519068,728993.1869999999,942.3425130891846
h3_r8,88b2c50b03fffff,E23_N419,train,20532,30182.5935,20039,28769.680900000003,942.2517777194153
h3_r8,88b2c50b05fffff,E23_N419,train,9209,12473.0077,10658,14548.3179,942.4172846506117
h3_r8,88b2c50b07fffff,E23_N419,train,84394,113527.3729,92062,128810.4489,942.32654942933
h3_r8,88b2c50b09fffff,E23_N419,train,41425,55606.2096,32862,46699.6151,942.3584623052739
h3_r8,88b2c50b0bfffff,E23_N419,train,12968,18531.6011,11120,15817.8195,942.2677314075409
h3_r8,88b2c50b0dfffff,E23_N419,train,33758,45476.889800000004,24470,34491.073,942.4332438384881
h3_r8,88b2c50b11fffff,E23_N419,train,29860,44368.9737,30474,44165.4659,942.0862557859509
h3_r8,88b2c50b13fffff,E23_N419,train,92925,137809.6904,90240,128094.4069,941.9955110852607
h3_r8,88b2c50b15fffff,E23_N419,train,49845,71927.9978,36358,51953.6603,942.1610377468751
h3_r8,88b2c50b17fffff,E23_N419,train,55332,80372.0762,59366,84342.4554,942.0702931772103
h3_r8,88b2c50b19fffff,E23_N419,train,15917,24829.0657,15807,22665.5242,942.1022039636155
h3_r8,88b2c50b1bfffff,E23_N419,train,20146,30192.6107,20631,29408.1879,942.0114637191873
h3_r8,88b2c50b1dfffff,E23_N419,train,38378,56593.1091,35803,51604.1426,942.1769958948134
h3_r8,88b2c50b21fffff,E23_N419,train,54498,72696.9628,46439,64028.1979,942.4760624745395
h3_r8,88b2c50b23fffff,E23_N419,train,24330,33310.4434,18203,26046.2238,942.3853229387896
h3_r8,88b2c50b25fffff,E23_N419,train,64170,90138.20629999999,48481,68106.6805,942.5508038019179
h3_r8,88b2c50b27fffff,E23_N419,train,66098,97458.1418,57968,82635.8176,942.4600644231541
h3_r8,88b2c50b29fffff,E23_N419,train,4171,5387.4605,5752,7833.6693000000005,942.4920460860594
h3_r8,88b2c50b2bfffff,E23_N419,train,36827,49886.9034,40179,55839.5242,942.4013110148953
h3_r8,88b2c50b2dfffff,E23_N419,train,213338,291016.3182,217299,300357.6079,942.5667973898817
h3_r8,88b2c50b31fffff,E23_N419,train,17477,24947.790399999998,15636,23015.4916,942.2198270376539
h3_r8,88b2c50b33fffff,E23_N419,train,18409,26037.3171,10873,15992.5428,942.1290781520656
h3_r8,88b2c50b35fffff,E23_N419,train,124611,176407.4906,120128,172085.0065,942.2945787945646
h3_r8,88b2c50b37fffff,E23_N419,train,2420,3338.8756,2919,4345.5469,942.203830049606
h3_r8,88b2c50b39fffff,E23_N419,train,40026,57082.9579,36563,52530.0737,942.2358095973032
h3_r8,88b2c50b3bfffff,E23_N419,train,57830,84973.4531,57992,83199.0747,942.1450651639607
h3_r8,88b2c50b3dfffff,E23_N419,train,257624,345434.51790000004,263238,374106.50179999997,942.310571330192
h3_r8,88b2c50b41fffff,E23_N419,train,22365,30573.264,14842,21299.384,942.4651188766584
h3_r8,88b2c50b43fffff,E23_N419,train,5599,7772.4306,10124,14032.6517,942.3743970800424
h3_r8,88b2c50b45fffff,E23_N419,train,145100,199202.4204,160079,220923.2677,942.5399102253723
h3_r8,88b2c50b47fffff,E23_N419,train,99454,135223.7309,110447,153112.4347,942.4491885824827
h3_r8,88b2c50b49fffff,E23_N419,train,25812,35038.9595,23835,32866.7188,942.481034721015
h3_r8,88b2c50b4bfffff,E23_N419,train,12662,17829.9147,4693,6638.3469000000005,942.3903174089501
h3_r8,88b2c50b4dfffff,E23_N419,train,48057,66045.6626,45719,63689.4264,942.5558360362193
h3_r8,88b2c50b51fffff,E23_N419,train,6009,8404.6726,6541,9091.7896,942.208868893329
h3_r8,88b2c50b53fffff,E23_N419,train,69164,99042.564,68959,96608.2433,942.1181377103785
h3_r8,88b2c50b55fffff,E23_N419,train,117630,156792.86210000003,109414,151376.0543,942.2836706546368
h3_r8,88b2c50b57fffff,E23_N419,train,18462,26024.437299999998,17375,24501.0748,942.1929396115011
h3_r8,88b2c50b59fffff,E23_N419,train,18168,25885.6778,15456,21363.3172,942.2247837355826
h3_r8,88b2c50b5bfffff,E23_N419,train,7739,10856.6181,6943,9743.4726,942.1340570261236
h3_r8,88b2c50b5dfffff,E23_N419,train,31824,45847.9062,30148,42167.3189,942.2995954616927
h3_r8,88b2c50b61fffff,E23_N419,train,19468,27177.9859,15059,20757.9052,942.5987412141403
h3_r8,88b2c50b63fffff,E23_N419,train,216836,285594.2352,216862,300688.49069999997,942.5080152497394
h3_r8,88b2c50b65fffff,E23_N419,train,50853,71532.1391,37451,52511.6218,942.6735023317742
h3_r8,88b2c50b67fffff,E23_N419,train,384462,514152.60059999995,403803,560903.3265,942.5827765260474
h3_r8,88b2c50b69fffff,E23_N419,train,3949,5602.3067,2270,3104.9908,942.6146914481069
h3_r8,88b2c50b6bfffff,E23_N419,train,12517,17088.541,10157,14015.3871,942.523969962087
h3_r8,88b2c50b6dfffff,E23_N419,train,26737,37444.2927,21727,30290.689,942.6894625367713
h3_r8,88b2c51801fffff,E23_N420,test,30356,45527.9789,45944,63706.7698,942.5644870582619
h3_r8,88b2c51803fffff,E23_N420,test,46467,70297.1516,53238,75662.2283,942.4738146914751
h3_r8,88b2c51805fffff,E23_N420,test,191,285.5742,691,955.2877,942.6393979705754
h3_r8,88b2c51807fffff,E23_N420,test,10,15.494,0,0.0,942.5487257637433
h3_r8,88b2c51809fffff,E23_N420,test,3545,5528.067,10770,15248.8311,942.580233884044
h3_r8,88b2c5180bfffff,E23_N420,test,41378,65051.8413,29251,42418.5122,942.4895660543116
h3_r8,88b2c5180dfffff,E23_N420,test,18264,29440.7073,11081,15759.3722,942.6551547314739
h3_r8,88b2c51811fffff,E24_N420,train,21856,31778.8281,21261,30432.8671,942.3082163260551
h3_r8,88b2c51815fffff,E23_N420,test,42637,62641.8064,36302,50883.5953,942.3831376370508
h3_r8,88b2c51819fffff,E24_N420,train,955,1634.9427,1733,2569.8151000000003,942.3239622875117
h3_r8,88b2c5181dfffff,E24_N420,train,19074,30621.4601,17331,25436.0779,942.3988935308298
h3_r8,88b2c51821fffff,E23_N420,test,4214,6199.2126,4213,5865.6463,942.6985176100861
h3_r8,88b2c51823fffff,E23_N420,test,0,0.0,67,88.4914,942.6078410342452
h3_r8,88b2c51825fffff,E23_N420,test,20,29.565,7,9.8016,942.7733983787475
h3_r8,88b2c51827fffff,E23_N420,test,20,29.8154,50,66.961,942.6827219687984
h3_r8,88b2c51829fffff,E23_N420,test,13,18.8882,0,0.0,942.7142987819389
h3_r8,88b2c5182dfffff,E23_N420,test,8435,12409.819,9145,12518.4426,942.789189485542
h3_r8,88b2c51831fffff,E23_N420,test,19094,28341.5981,30822,42724.056000000004,942.4422685735044
h3_r8,88b2c51833fffff,E23_N420,test,425,682.2941999999999,357,504.6225,942.3515824734932
h3_r8,88b2c51835fffff,E23_N420,test,43941,62052.7443,44996,61551.7049,942.5171597683802
h3_r8,88b2c51837fffff,E23_N420,test,2,3.0764,0,0.0,942.4264738204656
h3_r8,88b2c51839fffff,E23_N420,test,85746,126440.7628,79175,110925.3809,942.4580488625797
h3_r8,88b2c5183bfffff,E23_N420,test,914,1530.138,66,92.0704,942.3673672834411
h3_r8,88b2c5183dfffff,E23_N420,test,14,20.3965,6,9.1432,942.5329499992658
h3_r8,88b2c51841fffff,E23_N420,test,23,33.775800000000004,72,105.3152,942.6866248244187
h3_r8,88b2c51843fffff,E23_N420,test,2628,4013.258,2750,3853.2957,942.5959662413807
h3_r8,88b2c51845fffff,E23_N420,test,5014,7775.2522,4668,6604.1763,942.7615554331569
h3_r8,88b2c51847fffff,E23_N420,test,4666,7695.2349,4135,5963.0851,942.6708970153704
h3_r8,88b2c51849fffff,E23_N420,test,3981,6355.7067,3684,5186.5516,942.7023381566396
h3_r8,88b2c5184bfffff,E23_N420,test,7689,11633.688400000001,6487,9309.5868,942.6116841244511
h3_r8,88b2c5184dfffff,E23_N420,test,3568,5837.9284,3951,5673.7495,942.7772786891437
h3_r8,88b2c51851fffff,E24_N420,train,288,434.7598,289,410.4046,942.4303619285929
h3_r8,88b2c51855fffff,E24_N420,train,394,609.154,562,809.3805,942.505302950216
h3_r8,88b2c51857fffff,E24_N420,train,5091,8891.861,2608,3940.6832,942.4146349624498
h3_r8,88b2c5185dfffff,E24_N420,train,4499,6954.4478,4036,5675.946,942.5210253791302
h3_r8,88b2c51861fffff,E23_N420,test,3869,5670.8203,6129,8475.1625,942.82072826894
h3_r8,88b2c51863fffff,E23_N420,test,9385,13781.668899999999,6132,8910.309,942.730065474927
h3_r8,88b2c51865fffff,E23_N420,test,2925,4331.1032,192,270.6988,942.8956287383335
h3_r8,88b2c51867fffff,E23_N420,test,23421,34441.9513,26956,37293.151300000005,942.804966119118
h3_r8,88b2c5186dfffff,E23_N420,test,15733,23074.3194,17574,24631.4145,942.9113863399834
h3_r8,88b2c518a5fffff,E23_N420,test,3056,4552.735,2809,3789.4393,942.1385652868194
h3_r8,88b2c518a7fffff,E24_N420,train,3772,5602.3777,2303,3145.1519,942.0478562374483
h3_r8,88b2c518adfffff,E23_N420,test,66543,95156.3846,59302,79391.665,942.1543880120735
h3_r8,88b2c518e1fffff,E24_N420,train,8637,12481.5096,6633,9003.1188,942.1859901300049
h3_r8,88b2c518e5fffff,E23_N420,test,4879,6783.079,4098,5533.0361,942.2608917094767
h3_r8,88b2c518e7fffff,E24_N420,train,37713,54459.1852,33889,45608.740099999995,942.1701962943189
h3_r8,88b2c518edfffff,E24_N420,train,2249,3365.7633,984,1439.19,942.2766810354078
h3_r8,88b2c51907fffff,E23_N420,test,1,1.5063,0,0.0,943.0728202435421
h3_r8,88b2c51911fffff,E23_N420,test,6543,9621.961,6747,9395.2509,942.8324535007123
h3_r8,88b2c51913fffff,E23_N420,test,25094,36852.1345,22631,32132.654000000002,942.7417727329303
h3_r8,88b2c51915fffff,E23_N420,test,38683,54163.6233,34352,47106.4804,942.9073040875373
h3_r8,88b2c51917fffff,E23_N420,test,34450,50895.3386,29976,42400.5255,942.8166234967066
h3_r8,88b2c51919fffff,E23_N420,test,4,7.1796999999999995,0,0.0,942.8482690309174
h3_r8,88b2c5191bfffff,E23_N420,test,8034,11802.2824,7294,9859.975299999998,942.7575927925063
h3_r8,88b2c5191dfffff,E23_N420,test,2,3.3781,0,0.0,942.9231295634527
h3_r8,88b2c51923fffff,E23_N420,test,2615,4366.3007,825,1243.5238,943.1317950550583
h3_r8,88b2c51925fffff,E23_N420,test,5391,7923.4956,3568,5096.7495,943.2972802083241
h3_r8,88b2c51927fffff,E23_N420,test,2242,3134.8637,3448,4776.2273000000005,943.2066050915164
h3_r8,88b2c5192bfffff,E23_N420,test,1,1.5063,0,0.0,943.1476503770682
h3_r8,88b2c51931fffff,E23_N420,test,4973,7315.6295,2746,3808.8259,942.9662946450408
h3_r8,88b2c51933fffff,E23_N420,test,29543,43903.2168,26224,37167.2024,942.8756097028381
h3_r8,88b2c51935fffff,E23_N420,test,7691,10948.765300000001,8318,11554.030499999999,943.0411150133004
h3_r8,88b2c51937fffff,E23_N420,test,60278,83522.9325,51450,71325.2607,942.9504302577698
h3_r8,88b2c51939fffff,E23_N420,test,10266,14635.355,8445,11661.3496,942.9821445460548
h3_r8,88b2c5193bfffff,E23_N420,test,22274,31575.256,19619,26829.2833,942.891464134038
h3_r8,88b2c5193dfffff,E23_N420,test,4668,6896.3272,4608,6560.643,943.0569748716662
h3_r8,88b2c51981fffff,E23_N420,test,387034,525888.0291,326995,449908.0095,942.453854230349
h3_r8,88b2c51983fffff,E23_N420,test,50204,71446.69039999999,53538,75714.4031,942.3631502477219
h3_r8,88b2c51985fffff,E23_N420,test,206583,276215.2822,220241,301144.7502,942.5286955382908
h3_r8,88b2c51987fffff,E23_N420,test,6872,9475.1921,6414,8871.375900000001,942.4379917061306
h3_r8,88b2c51989fffff,E23_N420,test,4037,5620.9452,3634,5026.8112,942.469702303235
h3_r8,88b2c5198bfffff,E23_N420,test,9420,13321.0911,8657,11826.9867,942.3790028214571
h3_r8,88b2c5198dfffff,E23_N420,test,10168,13782.8213,10979,14946.0496,942.5445535604376
h3_r8,88b2c51991fffff,E23_N420,test,1,1.4737,0,0.0,942.1975899134995
h3_r8,88b2c51995fffff,E23_N420,test,49780,70829.4538,45516,63893.5761,942.2724416155834
h3_r8,88b2c51997fffff,E23_N420,test,35400,51305.4512,31369,44794.0738,942.181728350406
h3_r8,88b2c51999fffff,E23_N420,test,5649,8160.7958,3639,5086.4167,942.2134370317217
h3_r8,88b2c5199bfffff,E23_N420,test,5385,8086.0309,2979,4153.3308,942.1227281184401
h3_r8,88b2c5199dfffff,E23_N420,test,3033,4356.0009,2682,3671.5321,942.2882986876648
h3_r8,88b2c519a1fffff,E23_N420,test,48330,65926.2165,51599,71693.1061,942.5876442900626
h3_r8,88b2c519a3fffff,E23_N420,test,21281,29924.7453,13579,18724.4387,942.4969361143885
h3_r8,88b2c519a5fffff,E23_N420,test,37731,49889.9665,31904,44334.370800000004,942.6624554016744
h3_r8,88b2c519a7fffff,E23_N420,test,29,44.9164,1,1.4758,942.5717473898549
h3_r8,88b2c519a9fffff,E23_N420,test,829906,1083281.7443,939227,1272196.6561000003,942.6035267261323
h3_r8,88b2c519abfffff,E23_N420,test,33705,47656.0616,30556,42703.1325,942.5128230535192
h3_r8,88b2c519adfffff,E23_N420,test,162326,214604.5532,70575,98090.8731,942.6783477976569
h3_r8,88b2c519b1fffff,E23_N420,test,27206,38814.314,19611,27456.2792,942.3314017487573
h3_r8,88b2c519b3fffff,E23_N419,train,25387,37401.2411,21201,30117.3856,942.2406841384363
h3_r8,88b2c519b5fffff,E23_N420,test,49318,69733.5007,42095,58772.07659999999,942.4062232905999
h3_r8,88b2c519b7fffff,E23_N419,train,27,44.2306,122,176.1833,942.3155058267876
h3_r8,88b2c519b9fffff,E23_N420,test,34971,50692.5383,26465,37415.2689,942.3472832227126
h3_r8,88b2c519bbfffff,E23_N420,test,35986,52046.087,44411,62699.6353,942.256570098456
h3_r8,88b2c519bdfffff,E23_N420,test,45926,65156.1408,48069,66916.6974,942.4221147241769
h3_r8,88b2c519c1fffff,E23_N420,test,58173,82362.1304,57599,80327.4185,942.5762262248318
h3_r8,88b2c519c3fffff,E23_N420,test,74,107.8017,107,151.8596,942.4855359198991
h3_r8,88b2c519c5fffff,E23_N420,test,30190,43358.932,37043,52221.3115,942.6510872717481
h3_r8,88b2c519c7fffff,E23_N420,test,130867,180910.7088,132135,182048.8289,942.5603971250821
h3_r8,88b2c519c9fffff,E23_N420,test,13086,19439.6452,10799,15157.2342,942.5920408635866
h3_r8,88b2c519cbfffff,E23_N420,test,80185,112791.5754,79209,109068.5659,942.5013550732983
h3_r8,88b2c519cdfffff,E23_N420,test,32582,48184.267,35620,50257.8244,942.6669118556892
h3_r8,88b2c519d1fffff,E23_N420,test,6243,8867.2961,4888,6756.4069,942.3199694827199
h3_r8,88b2c519d3fffff,E23_N420,test,29316,41857.5712,29488,40876.9859,942.2292697065859
h3_r8,88b2c519d5fffff,E23_N420,test,7454,10521.3653,7051,9636.7247,942.3948409440345
h3_r8,88b2c519d7fffff,E23_N420,test,6090,8622.3662,6666,9116.4745,942.3041413112078
h3_r8,88b2c519d9fffff,E23_N420,test,3461,4913.9953,3362,4585.75,942.3357832056936
h3_r8,88b2c519dbfffff,E23_N420,test,9754,13728.295,9039,12318.8967,942.2450879332027
h3_r8,88b2c519ddfffff,E23_N420,test,3929,5580.2011,4396,5972.4383,942.4106646107975
h3_r8,88b2c519e1fffff,E23_N420,test,7678,11918.7732,28156,39031.9041,942.7100892026792
h3_r8,88b2c519e3fffff,E23_N420,test,31252,41372.2923,40178,53946.84139999999,942.6193947063293
h3_r8,88b2c519e5fffff,E23_N420,test,84819,120491.79239999999,82043,114611.63949999999,942.7849200635683
h3_r8,88b2c519e7fffff,E23_N420,test,19829,26891.7039,43161,60114.1737,942.6942257340997
h3_r8,88b2c519e9fffff,E23_N420,test,30900,43282.9784,9728,13503.1416,942.7259382033953
h3_r8,88b2c519ebfffff,E23_N420,test,13621,19368.2026,9332,12763.5086,942.635248222854
h3_r8,88b2c519edfffff,E23_N420,test,75405,110866.6315,78979,109975.8902,942.8007790165138
h3_r8,88b2c51a27fffff,E23_N420,test,6370,10262.5577,6830,9865.7275,942.7929874643451
h3_r8,88b2c51a37fffff,E24_N420,train,2,2.9324,19,26.8736,942.5367333351169
h3_r8,88b2c51b01fffff,E23_N420,test,1,1.715,2,2.8182,943.1990615127725
h3_r8,88b2c51b03fffff,E23_N420,test,3587,5338.0187,3602,4873.104,943.1084222533973
h3_r8,88b2c51b05fffff,E23_N420,test,4442,6633.5526,4697,6381.276,943.2739711601171
h3_r8,88b2c51b07fffff,E23_N420,test,3,4.4134,4,5.5344,943.1833320962032
h3_r8,88b2c51b0bfffff,E23_N420,test,5320,7866.4777,2858,3857.6061,943.1241417441051
h3_r8,88b2c51b13fffff,E23_N420,test,3584,5449.2571,3137,4413.021,942.8522091258201
h3_r8,88b2c51b15fffff,E23_N420,test,11792,17910.2587,12181,17039.921299999998,943.0177782298997
h3_r8,88b2c51b17fffff,E23_N420,test,9406,14093.7708,9374,12909.406500000001,942.9271294540958
h3_r8,88b2c51b1dfffff,E23_N420,test,261,389.6366,3490,4748.995199999999,943.0335022923537
h3_r8,88b2c51b2bfffff,E23_N420,test,5,7.3786000000000005,16,21.5362,943.2582318091881
h3_r8,88b2c51b31fffff,E23_N420,test,2,3.7514000000000003,0,0.0,943.0769397760159
h3_r8,88b2c51b33fffff,E23_N420,test,504,834.2151,294,435.4016,942.9862866265466
h3_r8,88b2c51b39fffff,E23_N420,test,29,48.193400000000004,26,39.7733,943.0926882616477
h3_r8,88b2c51b3bfffff,E23_N420,test,11930,18082.2958,11662,16064.2037,943.0020396727487
h3_r8,88b2c54003fffff,E22_N419,train,1315,2379.4743,1016,1537.5673,944.3415397075587
h3_r8,88b2c5400bfffff,E22_N419,train,904,1753.5908000000002,597,907.127,944.357773303811
h3_r8,88b2c54013fffff,E22_N419,train,95,189.0408,0,0.0,944.0855694109341
h3_r8,88b2c54015fffff,E22_N419,train,3447,6423.6528,2482,3774.7125,944.2508053292404
h3_r8,88b2c54019fffff,E22_N419,train,696,1325.7735,488,764.8266,944.192536848248
h3_r8,88b2c5401bfffff,E22_N419,train,2739,5370.316,2696,4087.4649999999997,944.1018019600306
h3_r8,88b2c5401dfffff,E22_N419,train,172,328.8968,150,220.5057,944.2670434159227
h3_r8,88b2c54039fffff,E21_N419,train,1212,2236.1116,847,1279.4531,944.3252915935591
h3_r8,88b2c54057fffff,E22_N419,train,644,1192.2569,478,738.0074,944.2832669924828
h3_r8,88b2c54081fffff,E22_N419,train,400,604.7407000000001,341,515.5679,943.7970625425223
h3_r8,88b2c54083fffff,E22_N419,train,3641,5862.6498,5599,8096.1658,943.706299884594
h3_r8,88b2c54087fffff,E22_N419,train,4369,7156.9038,2098,3152.1951000000004,943.7807876145234
h3_r8,88b2c54089fffff,E22_N419,train,23913,36619.5695,12368,18428.7184,943.8133229887462
h3_r8,88b2c5408bfffff,E22_N419,train,54607,82184.3303,50704,74981.4786,943.7225647845771
h3_r8,88b2c5408dfffff,E22_N419,train,1,1.7516,0,0.0,943.8878205168294
h3_r8,88b2c54091fffff,E22_N419,train,1,1.7285,87,132.1491,943.5410343378899
h3_r8,88b2c54095fffff,E22_N419,train,5,9.1965,0,0.0,943.6155325463624
h3_r8,88b2c54097fffff,E22_N419,train,7720,11198.6855,6732,9690.1476,943.5247605475597
h3_r8,88b2c54099fffff,E22_N419,train,24379,36239.5425,21782,32096.1862,943.5572936613462
h3_r8,88b2c5409bfffff,E22_N419,train,51443,78011.81,43397,63800.6996,943.4665258860332
h3_r8,88b2c5409dfffff,E22_N419,train,31843,48558.6166,34366,50460.1915,943.6318018974853
h3_r8,88b2c540b9fffff,E22_N419,train,38830,59474.945999999996,30426,45260.8228,943.6900205030106
h3_r8,88b2c540bbfffff,E22_N419,train,36422,54178.8119,31656,46916.7793,943.5992487221956
h3_r8,88b2c540c1fffff,E22_N419,train,58353,91589.4439,46107,67576.6496,943.920318001532
h3_r8,88b2c540c3fffff,E22_N419,train,29384,45231.7865,27370,39711.4537,943.829568950925
h3_r8,88b2c540c5fffff,E22_N419,train,571,1129.5964,897,1320.9524999999999,943.9948253147886
h3_r8,88b2c540c7fffff,E22_N419,train,15761,24378.2784,15085,22291.140199999998,943.9040765055688
h3_r8,88b2c540c9fffff,E22_N419,train,28172,45281.885,16393,24726.3115,943.9365450023906
h3_r8,88b2c540cbfffff,E22_N419,train,31100,47640.571299999996,25935,37523.2902,943.8458004229469
h3_r8,88b2c540cdfffff,E22_N419,train,7923,13048.5887,4154,6307.4274,944.0110623398796
h3_r8,88b2c540d1fffff,E22_N419,train,39825,60120.354999999996,37043,54955.0565,943.6642971677938
h3_r8,88b2c540d3fffff,E22_N419,train,16929,25535.9267,19237,28220.087,943.5735385109438
h3_r8,88b2c540d5fffff,E22_N419,train,19604,30023.1647,23469,34458.1844,943.7388152053463
h3_r8,88b2c540d7fffff,E22_N419,train,58191,87480.1795,43392,64463.46,943.6480567720719
h3_r8,88b2c540d9fffff,E22_N419,train,30584,45658.67,24265,35297.9281,943.6805230798782
h3_r8,88b2c540dbfffff,E22_N419,train,27798,41484.3391,23180,33951.3951,943.5897688819095
h3_r8,88b2c540ddfffff,E22_N419,train,36812,56527.5849,31725,46720.0939,943.7550511411391
h3_r8,88b2c54205fffff,E22_N419,train,2199,3068.1229,1985,2743.9132,944.620123895118
h3_r8,88b2c54209fffff,E22_N419,train,463,819.5936,296,487.7148,944.5616954840953
h3_r8,88b2c5420dfffff,E22_N419,train,264,433.5447,97,147.5359,944.6362613190431
h3_r8,88b2c54219fffff,E22_N419,train,2871,4660.7228,860,1198.7597,944.3057269791025
h3_r8,88b2c54229fffff,E22_N419,train,4,5.2476,22,29.8732,944.6946694437647
h3_r8,88b2c5422bfffff,E22_N419,train,2748,3799.8624,2670,3689.3694,944.6039719363907
h3_r8,88b2c54247fffff,E22_N419,train,1,1.9188,48,66.6648,944.6523842065362
h3_r8,88b2c5424bfffff,E22_N419,train,1568,2472.6226,709,987.5788,944.5939067224972
h3_r8,88b2c54251fffff,E22_N419,train,987,1651.6065,2205,3256.0326999999997,944.4125329942908
h3_r8,88b2c54253fffff,E22_N419,train,21537,34729.4408,19046,27544.7192,944.321838926815
h3_r8,88b2c54255fffff,E22_N419,train,16,27.037300000000002,43,62.4602,944.4871193745639
h3_r8,88b2c54259fffff,E22_N419,train,21761,34654.0652,20355,29057.9516,944.4286258841748
h3_r8,88b2c5425bfffff,E22_N419,train,502,791.9827,1706,2553.0775,944.3379363476997
h3_r8,88b2c5425dfffff,E22_N419,train,1465,2324.8071,795,1100.4488,944.5032222618465
h3_r8,88b2c54261fffff,E21_N419,train,185,285.522,91,126.9397,944.801505026815
h3_r8,88b2c54263fffff,E22_N419,train,1157,1604.8084999999999,1024,1450.9877999999999,944.7108168721315
h3_r8,88b2c54265fffff,E21_N419,train,3,5.1715,6,8.360299999999999,944.8760500011849
h3_r8,88b2c54267fffff,E21_N419,train,1,1.2505,0,0.0,944.785362132825
h3_r8,88b2c54269fffff,E22_N419,train,2840,4767.7076,2537,3788.4962,944.8176333746524
h3_r8,88b2c5426bfffff,E22_N419,train,58,95.4505,99,142.72310000000002,944.7269497591187
h3_r8,88b2c5426dfffff,E21_N419,train,84,126.6298,112,155.4776,944.8921883512521
h3_r8,88b2c54281fffff,E22_N419,train,40032,57513.0352,50932,74021.1209,943.9105813907227
h3_r8,88b2c54283fffff,E22_N419,train,10569,16211.9196,7392,11030.0042,943.8198500141734
h3_r8,88b2c54285fffff,E22_N419,train,32797,46655.5478,16891,24371.2608,943.985139030905
h3_r8,88b2c54287fffff,E22_N419,train,22547,34608.72,22160,32699.3668,943.8944078910863
h3_r8,88b2c54289fffff,E22_N419,train,32191,46002.8192,26037,37691.0734,943.9267403895501
h3_r8,88b2c5428bfffff,E22_N419,train,24301,34733.98,21184,31111.4571,943.8360135005787
h3_r8,88b2c5428dfffff,E22_N419,train,5081,7044.8657,3815,5754.4527,944.0013080406934
h3_r8,88b2c54291fffff,E22_N419,train,25628,39356.4279,21675,32046.4344,943.6545455709565
h3_r8,88b2c54293fffff,E22_N419,train,16664,25486.4408,10840,16110.4951,943.5638045512023
h3_r8,88b2c54295fffff,E22_N419,train,74294,104986.2935,61766,89432.5588,943.7291139201843
h3_r8,88b2c54297fffff,E22_N419,train,424052,574772.0375,367241,515565.6462,943.6383731228998
h3_r8,88b2c54299fffff,E22_N419,train,29923,45117.9622,23101,33964.9923,943.6707035308937
h3_r8,88b2c5429bfffff,E22_N419,train,23730,36140.7254,18362,27022.7795,943.5799669852713
h3_r8,88b2c5429dfffff,E22_N419,train,150287,210846.4276,169174,242038.74910000002,943.745281889278
h3_r8,88b2c542a1fffff,E22_N419,train,4,7.3622,1,1.4677,944.0434928942705
h3_r8,88b2c542a3fffff,E22_N419,train,73417,114218.2022,65745,97693.7308,943.9527575094253
h3_r8,88b2c542a7fffff,E22_N419,train,59819,93204.9455,47654,70466.746,944.0272848659661
h3_r8,88b2c542a9fffff,E22_N419,train,7798,11023.7858,6114,8686.5818,944.0596864176914
h3_r8,88b2c542abfffff,E22_N419,train,2869,4283.5535,2168,3069.795,943.9689555190271
h3_r8,88b2c542b1fffff,E22_N419,train,75904,116724.6884,75593,110923.4684,943.7874795561074
h3_r8,88b2c542b3fffff,E22_N419,train,19612,29098.4826,16189,23768.5793,943.6967345143203
h3_r8,88b2c542b5fffff,E22_N419,train,17725,27933.568600000002,15132,22894.8558,943.8620174058597
h3_r8,88b2c542b7fffff,E22_N419,train,24608,38321.7406,24126,35460.7065,943.771272592945
h3_r8,88b2c542b9fffff,E22_N419,train,7381,11322.9577,4554,6787.5232,943.8036720318487
h3_r8,88b2c542bbfffff,E22_N419,train,208173,290348.25289999996,215511,319760.1253,943.7129314591875
h3_r8,88b2c542bdfffff,E22_N419,train,15207,23014.6716,12262,18106.8809,943.87821989652
h3_r8,88b2c542c1fffff,E22_N419,train,79,120.7514,118,166.4218,944.0336025463184
h3_r8,88b2c542c3fffff,E22_N419,train,4469,6659.0489,3775,5703.4425,943.9428848888492
h3_r8,88b2c542c9fffff,E22_N419,train,37596,55816.1827,44186,64746.3364,944.0497280396521
h3_r8,88b2c542cbfffff,E22_N419,train,38035,55249.9409,36095,52156.1582,943.9590148836724
h3_r8,88b2c542d1fffff,E22_N419,train,201064,275841.95530000003,229485,330994.0861,943.7775743562961
h3_r8,88b2c542d3fffff,E22_N419,train,33696,47670.7336,27176,39808.3595,943.6868470038171
h3_r8,88b2c542d5fffff,E22_N419,train,66318,95911.599,54939,82098.2691,943.8521624936839
h3_r8,88b2c542d7fffff,E22_N419,train,127646,191378.4546,147677,211483.90840000001,943.7614353687968
h3_r8,88b2c542d9fffff,E22_N419,train,171999,229585.03840000002,173053,245853.30479999998,943.7936988461297
h3_r8,88b2c542dbfffff,E22_N419,train,35332,50565.6192,38131,55193.1942,943.7029759873985
h3_r8,88b2c542ddfffff,E22_N419,train,20192,29239.2254,19074,27634.8672,943.8682969861547
h3_r8,88b2c542e1fffff,E22_N419,train,713,1094.3756,582,880.7180999999999,944.1665871026926
h3_r8,88b2c542e3fffff,E22_N419,train,144,220.30939999999998,102,156.3159,944.0758654387319
h3_r8,88b2c54303fffff,E21_N419,train,126,187.1039,998,1377.6838,944.976546654827
h3_r8,88b2c5430bfffff,E21_N419,train,687,936.5287999999999,86,122.5463,944.9927486660308
h3_r8,88b2c5431dfffff,E21_N419,train,4829,6842.825,3319,4669.7121,944.9020523182116
h3_r8,88b2c54351fffff,E21_N419,train,5450,7909.9846,6772,9498.6065,944.9344217706239
h3_r8,88b2c54353fffff,E21_N419,train,8492,11893.7948,5337,7407.4374,944.8437296602642
h3_r8,88b2c54357fffff,E21_N419,train,1960,2787.3801,2899,4047.0714,944.9182443196769
h3_r8,88b2c54359fffff,E21_N419,train,857,1261.0628,2267,3219.4798,944.9505846785614
h3_r8,88b2c5435bfffff,E21_N419,train,15149,22113.016,12349,17300.7131,944.8598971033352
h3_r8,88b2c54401fffff,E22_N418,train,11271,16976.0931,8582,13051.034099999999,942.6399169641663
h3_r8,88b2c54403fffff,E22_N418,train,3827,5704.0629,2763,4144.742,942.5491205623257
h3_r8,88b2c54405fffff,E22_N418,train,88365,127608.89020000001,81848,123569.89520000001,942.7144774511689
h3_r8,88b2c54407fffff,E22_N418,train,30609,47240.4311,27902,43456.1304,942.6236812162097
h3_r8,88b2c54409fffff,E22_N419,train,6803,10505.6203,5455,8313.8841,942.6561382802902
h3_r8,88b2c5440bfffff,E22_N418,train,16442,24671.3366,8470,12816.4393,942.5653462872724
h3_r8,88b2c5440dfffff,E22_N418,train,2292,3512.6622,2564,3725.8412000000003,942.7307087915251
h3_r8,88b2c54411fffff,E23_N418,validation,11754,17390.4496,6865,10180.8268,942.3837486061966
h3_r8,88b2c54413fffff,E23_N418,validation,41609,64810.4483,31280,47072.3857,942.2929429400247
h3_r8,88b2c54415fffff,E22_N418,train,288164,419233.90839999996,269237,393409.50430000003,942.4583195972955
h3_r8,88b2c54417fffff,E22_N418,train,11241,17132.8959,7056,10912.6296,942.3675140828709
h3_r8,88b2c54419fffff,E23_N418,validation,19397,27951.1634,13483,19844.6806,942.3999687100295
h3_r8,88b2c5441bfffff,E23_N418,validation,27184,41981.0571,27059,40601.5239,942.309167440515
h3_r8,88b2c5441dfffff,E22_N418,train,133442,191199.9479,139011,202513.35249999998,942.4745497249532
h3_r8,88b2c54421fffff,E22_N418,train,7430,11857.8743,4914,7606.0708,942.7727719506365
h3_r8,88b2c54423fffff,E22_N418,train,3605,5826.0346,3394,5190.2545,942.6819714761223
h3_r8,88b2c54427fffff,E22_N418,train,1819,2937.7555,586,877.515,942.7565017159213
h3_r8,88b2c54429fffff,E22_N418,train,6233,9816.9553,2011,3077.2841,942.7890277504921
h3_r8,88b2c5442bfffff,E22_N418,train,8438,13119.9815,5098,7847.0594,942.6982316809008
h3_r8,88b2c5442dfffff,E22_N418,train,550,941.7076,913,1328.9732999999999,942.8635678455466
h3_r8,88b2c54431fffff,E22_N418,train,9888,14678.7319,5912,9097.1264,942.5166258362588
h3_r8,88b2c54433fffff,E22_N418,train,7481,11881.6349,6035,9443.0409,942.4258160793106
h3_r8,88b2c54435fffff,E22_N418,train,37141,62901.393599999996,19141,30284.3957,942.591166434926
h3_r8,88b2c54437fffff,E22_N418,train,141973,207398.66579999993,138960,207956.32299999995,942.5003568374086
h3_r8,88b2c54439fffff,E22_N418,train,16100,24162.5925,10184,15478.634900000001,942.5328804103192
h3_r8,88b2c5443bfffff,E22_N418,train,8237,13244.0756,10253,15719.0141,942.4420750486315
h3_r8,88b2c5443dfffff,E22_N418,train,69936,102886.7676,70081,104621.71620000001,942.6074310386321
h3_r8,88b2c54441fffff,E22_N419,train,22117,33051.364,19130,28353.21,942.7631281565991
h3_r8,88b2c54443fffff,E22_N419,train,1127,1692.7647,540,786.5306,942.6723451632424
h3_r8,88b2c54445fffff,E22_N419,train,5137,8938.1251,2894,4326.0656,942.8377085182583
h3_r8,88b2c54447fffff,E22_N419,train,9317,15023.3618,8045,12011.086299999999,942.7469256949262
h3_r8,88b2c54449fffff,E22_N419,train,19762,29628.1996,18026,26715.0962,942.7793161812588
h3_r8,88b2c5444bfffff,E22_N419,train,4230,6412.5956,4642,6810.0741,942.6885376070859
h3_r8,88b2c5444dfffff,E22_N419,train,3,5.0374,55,88.78349999999999,942.8539065560908
h3_r8,88b2c54451fffff,E23_N419,train,117941,165953.75890000002,121023,176143.7442,942.5069667039206
h3_r8,88b2c54453fffff,E23_N418,validation,18341,28262.165,17560,26323.8831,942.4161743946024
h3_r8,88b2c54455fffff,E22_N419,train,9295,14245.7459,8769,13289.4947,942.5815575828892
h3_r8,88b2c54457fffff,E22_N418,train,16300,23257.3919,7928,11747.7348,942.490765427181
h3_r8,88b2c54459fffff,E23_N419,train,11303,15850.6397,11679,16941.9139,942.5231535527855
h3_r8,88b2c5445bfffff,E23_N419,train,28860,42337.6757,20688,30557.784,942.43236565392
h3_r8,88b2c5445dfffff,E22_N419,train,46395,68709.7634,37611,56120.5561,942.5977544468478
h3_r8,88b2c54461fffff,E22_N419,train,13338,21632.4491,7851,11622.1352,942.8960561818676
h3_r8,88b2c54463fffff,E22_N418,train,9421,14206.5577,4908,7524.8272,942.805269111821
h3_r8,88b2c54465fffff,E22_N419,train,522,906.3575999999999,317,468.1467,942.9706061256584
h3_r8,88b2c54467fffff,E22_N418,train,10122,15663.9734,6645,10072.4926,942.8798192355316
h3_r8,88b2c54469fffff,E22_N419,train,994,1744.7713,867,1269.3504,942.9122786825756
h3_r8,88b2c5446bfffff,E22_N419,train,3,6.0166,12,17.804,942.8214960359037
h3_r8,88b2c5446dfffff,E22_N419,train,1163,2021.4257,694,1027.0774999999999,942.9868386499002
h3_r8,88b2c54481fffff,E23_N418,validation,2,3.1974,1,1.2865,942.0042467191233
h3_r8,88b2c54483fffff,E23_N418,validation,392,719.1386,115,177.2135,941.9134186056908
h3_r8,88b2c54485fffff,E23_N418,validation,0,0.0,24,35.1035,942.07880824944
h3_r8,88b2c5448bfffff,E23_N418,validation,0,0.0,2,3.3074,941.9296750312205
h3_r8,88b2c54491fffff,E23_N418,validation,11810,21814.4006,10671,16016.582699999999,941.7480140799307
h3_r8,88b2c54493fffff,E23_N418,validation,13926,24468.5001,8775,13217.351200000001,941.6571768932045
h3_r8,88b2c54495fffff,E23_N418,validation,933,1802.9309,696,1030.7235,941.8225860086386
h3_r8,88b2c54497fffff,E23_N418,validation,5083,9229.0159,4401,6624.1285,941.7317489358829
h3_r8,88b2c54499fffff,E23_N418,validation,9746,17212.6245,6981,10476.6805,941.7642648371984
h3_r8,88b2c5449bfffff,E23_N418,validation,12712,22134.0709,7162,10954.2248,941.6734320078976
h3_r8,88b2c5449dfffff,E23_N418,validation,408,774.8818,298,455.31,941.8388467964251
h3_r8,88b2c544a5fffff,E22_N418,train,9993,16184.459200000001,7499,11882.0763,942.211604261538
h3_r8,88b2c544a7fffff,E22_N418,train,6237,9865.3089,5047,7675.0713,942.1207721800893
h3_r8,88b2c544a9fffff,E23_N418,validation,23,39.3815,32,46.8686,942.1533596150693
h3_r8,88b2c544adfffff,E22_N418,train,9473,14498.3513,4722,7030.7609,942.2279008139158
h3_r8,88b2c544b9fffff,E23_N418,validation,67,125.4105,12,19.474600000000002,941.8971477893647
h3_r8,88b2c544bbfffff,E23_N418,validation,66,121.8492,8,12.0854,941.8063108349452
h3_r8,88b2c544c1fffff,E23_N418,validation,15952,26047.3352,13229,19753.5669,942.1275512897992
h3_r8,88b2c544c3fffff,E23_N418,validation,574,1017.6928,410,615.9308,942.0367364279227
h3_r8,88b2c544c5fffff,E23_N418,validation,1887,3141.3736,2069,3138.3147,942.2021327379625
h3_r8,88b2c544c7fffff,E23_N418,validation,5,7.7956,18,26.2086,942.11131801171
h3_r8,88b2c544c9fffff,E23_N418,validation,13028,20783.4927,9043,13533.0238,942.1437701575342
h3_r8,88b2c544cbfffff,E23_N418,validation,20595,34023.592,18825,28400.952699999998,942.0529596803244
h3_r8,88b2c544cdfffff,E23_N418,validation,23692,37429.8742,20309,30429.2573,942.2183616315015
h3_r8,88b2c544d1fffff,E23_N418,validation,4979,8220.4897,3978,6049.5783,941.8713251955342
h3_r8,88b2c544d3fffff,E23_N418,validation,0,0.0,1,1.4339,941.7805012075696
h3_r8,88b2c544d7fffff,E23_N418,validation,1461,2599.344,1201,1806.4253,941.8550931924256
h3_r8,88b2c544d9fffff,E23_N418,validation,12526,20086.5605,5963,9363.8413,941.8875428030733
h3_r8,88b2c544dbfffff,E23_N418,validation,4059,6506.8745,2342,3550.3538,941.7967231887742
h3_r8,88b2c544ddfffff,E23_N418,validation,4111,6885.9384,4620,6836.2244,941.9621446894016
h3_r8,88b2c544e1fffff,E22_N418,train,8867,13332.0406,3497,5227.8006000000005,942.2604506968637
h3_r8,88b2c544e5fffff,E22_N418,train,35856,54575.481999999996,16804,25097.0568,942.3350017854827
h3_r8,88b2c544e7fffff,E22_N418,train,1051,1641.8178,566,895.8076,942.2441829589661
h3_r8,88b2c544e9fffff,E23_N418,validation,7933,11812.391599999999,5351,8301.440700000001,942.276704024931
h3_r8,88b2c544ebfffff,E23_N418,validation,1,2.2595,0,0.0,942.1858894384932
h3_r8,88b2c544edfffff,E22_N418,train,29548,43755.4862,14463,22318.5069,942.3512651415076
h3_r8,88b2c54541fffff,E22_N419,train,0,0.0,1,1.7839,943.2849763847189
h3_r8,88b2c54561fffff,E22_N418,train,9983,14953.5583,8861,13189.7878,943.4176911950926
h3_r8,88b2c54569fffff,E22_N418,train,10079,14784.4843,9377,13788.02,943.4339838894666
h3_r8,88b2c5456dfffff,E22_N418,train,20315,30817.147,19020,28275.8266,943.5084722823813
h3_r8,88b2c54581fffff,E22_N418,train,1906,3167.9659,1189,1946.3281,942.5259637838462
h3_r8,88b2c54583fffff,E22_N418,train,8,11.9786,14,22.2624,942.4351366569754
h3_r8,88b2c54589fffff,E22_N418,train,3961,5858.3923,2872,4515.2967,942.5422860761755
h3_r8,88b2c5458bfffff,E22_N418,train,13945,20415.5988,8009,12407.2604,942.4514633266954
h3_r8,88b2c54591fffff,E22_N418,train,605,919.5846,432,691.5614,942.2698042494012
h3_r8,88b2c54593fffff,E22_N418,train,379,646.1032,272,458.2022,942.1789679435315
h3_r8,88b2c54595fffff,E22_N418,train,132098,189758.7073,115079,170837.1709,942.344305008417
h3_r8,88b2c54597fffff,E22_N418,train,1,1.2207,0,0.0,942.2534688476007
h3_r8,88b2c54599fffff,E22_N418,train,16350,25088.2517,10045,16317.7894,942.2861252462026
h3_r8,88b2c5459bfffff,E22_N418,train,1342,2276.5336,975,1672.6108,942.1952933031134
h3_r8,88b2c5459dfffff,E22_N418,train,78629,108106.39600000001,79652,118601.1029,942.3606360449921
h3_r8,88b2c545a3fffff,E22_N418,train,494,844.088,438,721.3122,942.567746115732
h3_r8,88b2c545b1fffff,E22_N418,train,180,311.9524,72,122.06479999999999,942.4024400875205
h3_r8,88b2c545b3fffff,E22_N418,train,1928,3589.666,1196,1953.8763999999999,942.3115997146815
h3_r8,88b2c545b5fffff,E22_N418,train,1,1.5063,0,0.0,942.4769104116131
h3_r8,88b2c545b9fffff,E22_N418,train,117,242.84060000000002,100,171.77179999999998,942.4187955778907
h3_r8,88b2c545bbfffff,E22_N418,train,2514,4669.4142,2543,4191.6137,942.3279595642234
h3_r8,88b2c545bdfffff,E22_N418,train,98,173.7163,59,98.5412,942.4932759508956
h3_r8,88b2c545c1fffff,E22_N418,train,3070,5293.5723,2710,4197.9997,942.6494077782845
h3_r8,88b2c545c3fffff,E22_N418,train,8154,13222.3789,4865,7548.6617,942.5585939531447
h3_r8,88b2c545c7fffff,E22_N418,train,1932,3175.4237,1749,2737.8561,942.6331042911042
h3_r8,88b2c545c9fffff,E22_N418,train,21266,36666.6788,31321,48153.3112,942.6656968403258
h3_r8,88b2c545cbfffff,E22_N418,train,41953,72008.9109,33136,51240.960399999996,942.5748874029377
h3_r8,88b2c545d1fffff,E22_N418,train,84417,120402.79640000004,81755,118901.3404,942.3932548912708
h3_r8,88b2c545d3fffff,E22_N418,train,14065,20088.0925,11140,17890.9564,942.3024318318348
h3_r8,88b2c545d5fffff,E22_N418,train,14114,22600.386899999998,16434,25813.1519,942.4677755791927
h3_r8,88b2c545d7fffff,E22_N418,train,9721,15008.8099,9576,15048.8948,942.3769526749384
h3_r8,88b2c545d9fffff,E22_N418,train,4364,7215.6224,5633,8985.9179,942.4095426938729
h3_r8,88b2c545dbfffff,E22_N418,train,28033,41835.9639,21687,33748.3883,942.3187240159023
h3_r8,88b2c545ddfffff,E22_N418,train,1768,2898.3523999999998,2190,3472.9065,942.4840734176105
h3_r8,88b2c54601fffff,E23_N419,train,334080,470580.1208,327708,473742.1664,942.7531629955629
h3_r8,88b2c54603fffff,E23_N419,train,164258,235079.48900000003,162394,232610.1481,942.6623975549592
h3_r8,88b2c54605fffff,E22_N419,train,5469,8429.2253,4663,6808.9129,942.8277935854276
h3_r8,88b2c54607fffff,E23_N419,train,12808,18788.0531,14131,20406.4927,942.7370283138589
h3_r8,88b2c54609fffff,E23_N419,train,252857,355847.8429,271947,389380.2043,942.7692832323955
h3_r8,88b2c5460bfffff,E23_N419,train,5533,7923.6501,11135,16424.219,942.6785222321632
h3_r8,88b2c5460dfffff,E23_N419,train,44448,62549.5187,32289,47032.6453,942.8439238257124
h3_r8,88b2c54611fffff,E23_N419,train,21191,32214.1998,19144,27661.4451,942.4969864184386
h3_r8,88b2c54613fffff,E23_N419,train,31677,48449.3937,25572,37885.4039,942.4062116234563
h3_r8,88b2c54615fffff,E23_N419,train,17143,24570.0054,11999,17424.5359,942.5716275071609
h3_r8,88b2c54617fffff,E23_N419,train,11656,16850.122199999998,7800,11515.6154,942.4808528720168
h3_r8,88b2c54619fffff,E23_N419,train,26984,42251.4623,24488,35755.2539,942.5131055279635
h3_r8,88b2c5461bfffff,E23_N419,train,29621,46004.8823,25645,37735.1776,942.4223351645633
h3_r8,88b2c5461dfffff,E23_N419,train,11160,16590.8333,9269,13298.723,942.5877566244453
h3_r8,88b2c54621fffff,E22_N419,train,7316,12097.2403,7268,11220.1998,942.8862592966761
h3_r8,88b2c54623fffff,E22_N419,train,8149,12167.644,8325,12499.8031,942.7954897608142
h3_r8,88b2c54625fffff,E22_N419,train,13428,21691.351599999998,10518,15855.6505,942.9608595090685
h3_r8,88b2c54627fffff,E22_N419,train,3563,6114.8896,2607,3803.7705,942.8700901486445
h3_r8,88b2c54629fffff,E22_N419,train,28671,44533.212999999996,20184,30112.3173,942.9024139922112
h3_r8,88b2c5462bfffff,E22_N419,train,14770,22207.573,11260,16628.369599999998,942.8116488963133
h3_r8,88b2c5462dfffff,E22_N419,train,13985,23239.4141,11786,17832.5871,942.9770242136437
h3_r8,88b2c54631fffff,E23_N419,train,658444,957993.6934999999,602015,867967.9410999999,942.6301048748428
h3_r8,88b2c54633fffff,E23_N419,train,19414,27502.230199999998,15064,22299.0363,942.5393259724369
h3_r8,88b2c54635fffff,E22_N419,train,21438,32249.098299999998,14310,21174.6391,942.704715617816
h3_r8,88b2c54637fffff,E23_N419,train,135800,193000.03979999997,159119,234170.59860000003,942.6139368767035
h3_r8,88b2c54639fffff,E23_N419,train,18371,26562.2362,13040,18972.909,942.6462584342808
h3_r8,88b2c5463bfffff,E23_N419,train,9781,14056.1893,5510,8131.5441,942.5554839585093
h3_r8,88b2c5463dfffff,E22_N419,train,7661,11902.9509,5806,8626.8106,942.7208791859448
h3_r8,88b2c54641fffff,E23_N419,train,17525,25180.9587,7903,11631.2121,942.8761409532162
h3_r8,88b2c54643fffff,E23_N419,train,234451,332074.2385000001,240610,343049.8662,942.7853890208644
h3_r8,88b2c54645fffff,E22_N419,train,29637,45414.4355,27445,40163.5432,942.9507913633715
h3_r8,88b2c54647fffff,E23_N419,train,10206,14529.211299999999,7469,10807.9238,942.8600396150723
h3_r8,88b2c54649fffff,E23_N419,train,11619,17205.2281,8368,12164.5918,942.8922278319951
h3_r8,88b2c5464bfffff,E23_N419,train,198249,277491.04079999996,211793,300399.1575,942.8014803597471
h3_r8,88b2c5464dfffff,E23_N419,train,26170,38828.2541,20742,29703.2391,942.966888244031
h3_r8,88b2c54651fffff,E23_N419,train,28557,44063.8098,26655,39278.4857,942.6199715354014
h3_r8,88b2c54653fffff,E23_N419,train,18995,29523.0963,17264,25099.5149,942.5292102050735
h3_r8,88b2c54655fffff,E23_N419,train,4237,6288.4714,1667,2409.8577,942.6946324682795
h3_r8,88b2c54657fffff,E23_N419,train,29255,42517.1066,18380,26665.5869,942.6038712984882
h3_r8,88b2c54659fffff,E23_N419,train,22385,33983.8348,18151,26354.0918,942.6360573278507
h3_r8,88b2c5465bfffff,E23_N419,train,28892,43096.8494,24726,35723.2343,942.5453004418523
h3_r8,88b2c5465dfffff,E23_N419,train,11726,17088.0286,6941,10057.1734,942.7107282573124
h3_r8,88b2c54661fffff,E22_N419,train,25120,38112.9025,24079,35467.5323,943.0093102621031
h3_r8,88b2c54663fffff,E22_N419,train,13083,19051.1301,10454,15390.679,942.9185542387422
h3_r8,88b2c54665fffff,E22_N419,train,23329,38372.2568,16538,25084.119,943.083930305671
h3_r8,88b2c54667fffff,E22_N419,train,80319,116051.13019999999,80873,122657.2608,942.9931744642672
h3_r8,88b2c54669fffff,E22_N419,train,23193,34483.0462,15233,21858.5335,943.0254315987695
h3_r8,88b2c5466bfffff,E22_N419,train,31363,47614.4155,27278,39978.0691,942.9346800291678
h3_r8,88b2c5466dfffff,E22_N419,train,35824,54693.793600000005,30756,45216.0241,943.1000616439269
h3_r8,88b2c54681fffff,E23_N419,train,35347,55458.575899999996,17716,26673.403,942.1177086292882
h3_r8,88b2c54683fffff,E23_N419,train,9015,13549.7342,5943,8763.1215,942.0269111959497
h3_r8,88b2c54685fffff,E23_N419,train,50067,77898.9481,48320,71643.1201,942.1923403002438
h3_r8,88b2c54687fffff,E23_N418,validation,34904,55388.8071,25945,38409.0362,942.1015430052648
h3_r8,88b2c54689fffff,E23_N419,train,6008,9468.7424,2787,3994.8341,942.1338598373113
h3_r8,88b2c5468bfffff,E23_N419,train,43449,68036.5468,34134,50732.4454,942.0430668108747
h3_r8,88b2c5468dfffff,E23_N419,train,56345,84504.1059,47628,70302.4852,942.2085015209741
h3_r8,88b2c54691fffff,E23_N418,validation,6182,9626.726,5323,8089.3011,941.8614671661635
h3_r8,88b2c54693fffff,E23_N418,validation,19240,28544.3335,11941,17712.5933,941.7706605744315
h3_r8,88b2c54695fffff,E23_N418,validation,22846,35219.5708,16928,25005.6214,941.9361092410982
h3_r8,88b2c54697fffff,E23_N418,validation,34803,51715.3041,17432,25276.973,941.8453027665964
h3_r8,88b2c54699fffff,E23_N419,train,30392,44560.8983,16212,24255.7557,941.8776171649806
h3_r8,88b2c5469bfffff,E23_N418,validation,19692,28222.2065,7723,11521.469,941.78681496426
h3_r8,88b2c5469dfffff,E23_N419,train,61485,93461.1612,41285,60729.9813,941.9522692473838
h3_r8,88b2c546a1fffff,E23_N418,validation,106,160.8848,255,397.9549,942.2507761752931
h3_r8,88b2c546a3fffff,E23_N418,validation,2313,3718.4982999999997,1799,2700.9708,942.1599746161955
h3_r8,88b2c546a5fffff,E23_N418,validation,12845,19345.2332,8626,13040.9921,942.3253775268677
h3_r8,88b2c546a7fffff,E23_N418,validation,11980,19558.8705,10196,15390.177099999999,942.234576109855
h3_r8,88b2c546a9fffff,E23_N419,train,15716,24214.3479,14632,21693.2001,942.266961825313
h3_r8,88b2c546abfffff,E23_N418,validation,4152,6624.5457,1503,2302.4692999999997,942.176164666831
h3_r8,88b2c546adfffff,E23_N419,train,21242,32489.2959,15102,22551.8509,942.3415731915738
h3_r8,88b2c546b1fffff,E23_N418,validation,3003,4726.3615,5038,7484.6632,941.9945567509858
h3_r8,88b2c546b3fffff,E23_N418,validation,9129,14922.1786,9663,14350.9405,941.9037460155087
h3_r8,88b2c546b5fffff,E23_N418,validation,21402,34283.2742,18064,26903.8309,942.0691685307538
h3_r8,88b2c546b7fffff,E23_N418,validation,32167,53352.9535,30424,46450.8616,941.978357920947
h3_r8,88b2c546bbfffff,E23_N418,validation,5,7.445600000000001,6,8.1488,941.9199348265538
h3_r8,88b2c546bdfffff,E23_N418,validation,14786,20820.8639,14947,20476.6085,942.0853629712365
h3_r8,88b2c546c1fffff,E23_N419,train,12576,20058.322,7898,11740.857,942.2407807057025
h3_r8,88b2c546c3fffff,E23_N419,train,94849,136152.453,114646,166922.7524,942.1499966330593
h3_r8,88b2c546c5fffff,E23_N419,train,19041,30181.2599,29706,44404.8073,942.3154322567862
h3_r8,88b2c546c7fffff,E23_N419,train,14051,21589.3019,9666,14289.3162,942.2246483230847
h3_r8,88b2c546c9fffff,E23_N419,train,11132,16277.0492,8423,12167.8271,942.2568986671395
h3_r8,88b2c546cbfffff,E23_N419,train,13333,20116.355,9101,13388.3014,942.166119012807
h3_r8,88b2c546cdfffff,E23_N419,train,8140,12383.7979,6457,9488.1737,942.3315602210932
h3_r8,88b2c546d1fffff,E23_N419,train,28924,45165.165,26289,38546.1391,941.9845460480428
h3_r8,88b2c546d3fffff,E23_N419,train,8201,12934.5452,3725,5625.1275,941.8937527628732
h3_r8,88b2c546d5fffff,E23_N419,train,40941,62795.6746,29991,43948.9724,942.0592080114293
h3_r8,88b2c546d7fffff,E23_N419,train,40236,61968.9651,29879,44442.7361,941.9684148512315
h3_r8,88b2c546d9fffff,E23_N419,train,15417,22465.9053,8339,11988.1721,942.0006628353149
h3_r8,88b2c546dbfffff,E23_N419,train,50570,71157.1372,66561,95013.2465,941.9098739537876
h3_r8,88b2c546ddfffff,E23_N419,train,33306,48198.3673,28728,41950.7898,942.0753348022699
h3_r8,88b2c546e1fffff,E23_N419,train,6663,9753.8935,1309,1956.8057000000001,942.3739212580258
h3_r8,88b2c546e3fffff,E23_N419,train,27527,41457.2193,14389,21297.8304,942.2831330554327
h3_r8,88b2c546e5fffff,E23_N419,train,19541,28323.3142,13718,20377.639,942.4485424867016
h3_r8,88b2c546e7fffff,E23_N419,train,29495,44543.4598,19243,28683.381800000003,942.3577544373111
h3_r8,88b2c546e9fffff,E23_N419,train,90864,128899.5489,104090,150760.0017,942.3900736561627
h3_r8,88b2c546ebfffff,E23_N419,train,221824,317713.03959999996,217880,314899.29579999996,942.299289867864
h3_r8,88b2c546edfffff,E23_N419,train,14156,20797.6629,11394,17067.971,942.4647048966726
h3_r8,88b2c54701fffff,E22_N419,train,2025,3526.7617999999998,1397,2120.8296,943.275363103894
h3_r8,88b2c54705fffff,E22_N419,train,2,6.918,0,0.0,943.349922297115
h3_r8,88b2c54707fffff,E22_N419,train,978,1695.1081,765,1108.3141,943.2591583392932
h3_r8,88b2c54709fffff,E22_N419,train,1159,1898.6632,1629,2433.0855,943.2915534014464
h3_r8,88b2c5470bfffff,E22_N419,train,1465,2418.0902,1207,1774.593,943.2007936926093
h3_r8,88b2c5470dfffff,E22_N419,train,5120,8709.4498,4738,6906.2678000000005,943.3661226098775
h3_r8,88b2c54711fffff,E22_N419,train,1362,2360.2921,658,986.6344,943.0192603519536
h3_r8,88b2c54713fffff,E22_N419,train,30,51.2647,35,56.4337,942.9284867410315
h3_r8,88b2c54717fffff,E22_N419,train,349,611.2685,126,188.5109,943.00305672572
h3_r8,88b2c54719fffff,E22_N419,train,10854,18029.6428,8348,12463.2264,943.0354495239444
h3_r8,88b2c5471bfffff,E22_N419,train,3805,6385.74,3328,4981.0223,942.9446803490864
h3_r8,88b2c5471dfffff,E22_N419,train,1,3.459,0,0.0,943.1100293380441
h3_r8,88b2c54721fffff,E22_N419,train,64,111.9064,53,83.9826,943.4082464646781
h3_r8,88b2c54725fffff,E22_N419,train,4570,6684.5575,1736,2562.8649,943.4827751822304
h3_r8,88b2c54727fffff,E22_N419,train,11129,16978.5224,10610,15782.2659,943.392007194343
h3_r8,88b2c54729fffff,E22_N419,train,1511,2654.7259,1202,1777.6582,943.4244712663931
h3_r8,88b2c5472bfffff,E22_N419,train,4880,8542.9521,3831,5700.1737,943.3337075136369
h3_r8,88b2c5472dfffff,E22_N419,train,1168,2063.9277,449,709.363,943.4990100059076
h3_r8,88b2c54733fffff,E22_N419,train,418,719.0074,95,139.7072,943.061388407019
h3_r8,88b2c54741fffff,E22_N419,train,28211,45997.0833,26154,38597.7553,943.3984798266902
h3_r8,88b2c54743fffff,E22_N419,train,4353,7279.749000000001,4985,7555.0729,943.3077292320086
h3_r8,88b2c54745fffff,E22_N419,train,24304,38515.2718,23485,35144.6038,943.4730588417151
h3_r8,88b2c54747fffff,E22_N419,train,1324,2151.4939,1891,2693.02,943.3823084542528
h3_r8,88b2c54749fffff,E22_N419,train,13364,20955.3933,11049,16369.178,943.4146367236972
h3_r8,88b2c5474bfffff,E22_N419,train,18987,28946.3536,15480,22483.9931,943.3238905933686
h3_r8,88b2c5474dfffff,E22_N419,train,27514,43183.3435,25032,37686.5075,943.4892257487518
h3_r8,88b2c54751fffff,E22_N419,train,6601,10129.9872,6464,9707.0613,943.1423843395896
h3_r8,88b2c54753fffff,E22_N419,train,37054,62549.212400000004,33810,51303.9021,943.0516242404119
h3_r8,88b2c54755fffff,E22_N419,train,8301,13569.0493,4771,7362.3924,943.2169739751844
h3_r8,88b2c54757fffff,E22_N419,train,2387,4110.8207999999995,1905,2877.0026,943.126214068965
h3_r8,88b2c54759fffff,E22_N419,train,18301,28367.3641,14493,21157.4705,943.1585401507327
h3_r8,88b2c5475bfffff,E22_N419,train,20853,33762.0964,17255,25832.196,943.0677845013561
h3_r8,88b2c5475dfffff,E22_N419,train,40634,63504.5847,42743,65277.477100000004,943.2331397936796
h3_r8,88b2c54761fffff,E22_N419,train,12297,19831.7309,10070,15125.7026,943.5314362323843
h3_r8,88b2c54763fffff,E22_N419,train,6,11.267399999999999,0,0.0,943.4406815982657
h3_r8,88b2c54765fffff,E22_N419,train,33558,50469.809499999996,34972,51247.1664,943.6059847765719
h3_r8,88b2c54767fffff,E22_N419,train,10784,16977.07,9243,13781.2413,943.5152303572395
h3_r8,88b2c54769fffff,E22_N419,train,43153,66416.8504,36645,54741.7623,943.5476276315749
h3_r8,88b2c5476bfffff,E22_N419,train,7928,12787.5605,7780,11264.5369,943.4568774567451
h3_r8,88b2c5476dfffff,E22_N419,train,82851,120107.2384,135581,208124.6474,943.6221861914964
h3_r8,88b2c55011fffff,E22_N420,validation,173,345.3304,201,320.6906,945.0367785300477
h3_r8,88b2c55017fffff,E22_N420,validation,137,260.5478,109,176.2783,945.0207711994881
h3_r8,88b2c55019fffff,E22_N420,validation,392,748.0007,401,619.9799,945.0527712905314
h3_r8,88b2c5501bfffff,E22_N420,validation,31,61.4171,31,52.9504,944.96213364898
h3_r8,88b2c5501dfffff,E22_N420,validation,361,693.9098,374,581.7953,945.127415867406
h3_r8,88b2c55031fffff,E22_N420,validation,17,33.6518,28,45.8982,945.1700101449969
h3_r8,88b2c55033fffff,E22_N420,validation,3895,7192.54,3911,6119.186,945.0793639394105
h3_r8,88b2c55035fffff,E21_N420,train,130,238.4239,126,196.40279999999998,945.2446141804685
h3_r8,88b2c55037fffff,E21_N420,train,3,7.313400000000001,3,4.4534,945.1539682822768
h3_r8,88b2c55081fffff,E22_N420,validation,25,43.8919,33,46.56,944.6581547140377
h3_r8,88b2c55083fffff,E22_N420,validation,431,736.1256,124,188.4926,944.5674884566106
h3_r8,88b2c55087fffff,E22_N420,validation,356,612.1074,301,435.65,944.6421145312488
h3_r8,88b2c5508bfffff,E22_N420,validation,30,53.1721,69,102.17660000000001,944.5835186550394
h3_r8,88b2c55091fffff,E22_N420,validation,8741,13580.2153,7184,10598.7956,944.4021807576064
h3_r8,88b2c55093fffff,E22_N420,validation,32270,49821.5903,29184,43308.1024,944.3115045752493
h3_r8,88b2c55095fffff,E22_N420,validation,247,433.28389999999996,102,166.51319999999998,944.4768173653865
h3_r8,88b2c55097fffff,E22_N420,validation,42245,65387.4663,36855,54767.7403,944.3861414521234
h3_r8,88b2c55099fffff,E22_N420,validation,157,288.5386,54,86.0634,944.4182055281708
h3_r8,88b2c5509bfffff,E22_N420,validation,30,44.9495,75,113.4441,944.3275338980602
h3_r8,88b2c5509dfffff,E22_N420,validation,1636,2848.0475,1237,1861.3804,944.4928521186812
h3_r8,88b2c550abfffff,E22_N420,validation,19224,37369.299100000004,12289,17922.7749,944.7167303401511
h3_r8,88b2c550b1fffff,E22_N420,validation,1,2.353,10,15.0519,944.5353844352067
h3_r8,88b2c550b3fffff,E22_N419,train,19009,30931.9435,17952,26104.3512,944.4447042469401
h3_r8,88b2c550b5fffff,E22_N420,validation,0,0.0,6,8.1472,944.6099905343726
h3_r8,88b2c550b7fffff,E22_N419,train,8,13.273,97,137.4396,944.5193106168299
h3_r8,88b2c550b9fffff,E22_N420,validation,4,6.4951,36,50.666799999999995,944.5514437155216
h3_r8,88b2c550bdfffff,E22_N420,validation,0,0.0,6,9.4457,944.626059803064
h3_r8,88b2c550c9fffff,E22_N420,validation,776,1418.3473,793,1128.0924,944.7968356701313
h3_r8,88b2c550cbfffff,E22_N420,validation,4634,8726.5929,4211,6290.1268,944.7061879737303
h3_r8,88b2c550cdfffff,E22_N420,validation,8,14.3621,13,18.8317,944.871491117694
h3_r8,88b2c550d1fffff,E22_N420,validation,5005,8693.8309,3302,4884.6752,944.5248780087568
h3_r8,88b2c550d3fffff,E22_N420,validation,32964,56293.562,20016,31206.0151,944.4342157600913
h3_r8,88b2c550d5fffff,E22_N420,validation,14902,27588.758,13102,19803.549899999998,944.5995343084214
h3_r8,88b2c550d7fffff,E22_N420,validation,4364,7617.2985,6142,9143.4714,944.5088723354856
h3_r8,88b2c550d9fffff,E22_N420,validation,5919,10844.354,7370,10917.9148,944.5408691384946
h3_r8,88b2c550dbfffff,E22_N420,validation,17,29.3623,83,125.9834,944.4502114570932
h3_r8,88b2c550ddfffff,E22_N420,validation,3140,5959.9617,3633,5579.6896,944.6155354192015
h3_r8,88b2c550edfffff,E22_N420,validation,2554,4772.2546,2743,4366.7037,945.0047493022867
h3_r8,88b2c55111fffff,E21_N420,train,1675,3117.5829,1684,2565.6241,945.5590044712881
h3_r8,88b2c55113fffff,E21_N420,train,1472,2713.858,1445,2211.1696,945.4683644521283
h3_r8,88b2c55117fffff,E21_N420,train,1006,1871.5399,824,1257.0982000000001,945.5429272396723
h3_r8,88b2c55181fffff,E21_N420,train,296,513.1814,279,434.25329999999997,945.1803193558007
h3_r8,88b2c55183fffff,E21_N420,train,135,215.11860000000001,62,89.9401,945.08965515421
h3_r8,88b2c5518dfffff,E21_N420,train,1559,2976.3703,1518,2430.6627,945.2709786761552
h3_r8,88b2c55191fffff,E22_N420,validation,1,1.8964,0,0.0,944.9244214035571
h3_r8,88b2c55195fffff,E21_N420,train,406,655.5713000000001,481,703.3989,944.9989860809292
h3_r8,88b2c55197fffff,E21_N419,train,1190,2001.1336000000001,1002,1491.9993,944.9083121513249
h3_r8,88b2c551c1fffff,E21_N420,train,319,589.1924,317,507.7798,945.3031460745842
h3_r8,88b2c551c5fffff,E21_N420,train,1,1.7798,0,0.0,945.3777195105213
h3_r8,88b2c551c9fffff,E21_N420,train,537,1027.8137,539,880.8428,945.3192079124856
h3_r8,88b2c551cdfffff,E21_N420,train,260,566.4254,249,397.375,945.3937913371483
h3_r8,88b2c551e1fffff,E21_N420,train,3773,7004.3991000000005,3756,5820.2402,945.4361862309743
h3_r8,88b2c551ebfffff,E21_N420,train,1737,3281.9594,1879,2946.1496,945.3616331050871
h3_r8,88b2c551edfffff,E21_N420,train,2708,5064.189,2886,4476.612,945.5268354309374
h3_r8,88b2c55281fffff,E22_N420,validation,4594,6744.1195,2533,3721.8343,944.7700285706669
h3_r8,88b2c55283fffff,E22_N420,validation,47408,72765.4472,39739,58770.827,944.6793943471275
h3_r8,88b2c55287fffff,E22_N420,validation,14531,22880.4123,9033,13266.4017,944.754090256989
h3_r8,88b2c5528bfffff,E22_N420,validation,8971,13957.7039,5001,7402.4242,944.6953226951882
h3_r8,88b2c55291fffff,E22_N420,validation,46444,71682.6404,32141,47546.7621,944.5140488144825
h3_r8,88b2c55293fffff,E22_N420,validation,281015,402589.53419999994,271840,396158.5063,944.423404583591
h3_r8,88b2c55295fffff,E22_N420,validation,69880,108268.0917,64412,96261.85770000001,944.5887552511995
h3_r8,88b2c55297fffff,E22_N420,validation,44962,73202.6051,52086,79126.2386,944.4981112937676
h3_r8,88b2c55299fffff,E22_N420,validation,51683,77963.1349,46442,68006.9827,944.529971786309
h3_r8,88b2c5529bfffff,E22_N420,validation,17757,25706.2949,16540,24187.446799999998,944.4393321403768
h3_r8,88b2c5529dfffff,E22_N420,validation,65688,99627.56940000001,43948,65167.8014,944.6046881893417
h3_r8,88b2c552a7fffff,E22_N420,validation,8,14.4419,5,7.9795,944.887478495657
h3_r8,88b2c552abfffff,E22_N420,validation,356,575.8265,245,347.5726,944.8287759132218
h3_r8,88b2c552b1fffff,E22_N420,validation,14144,23021.0276,13222,19378.9456,944.6474939854816
h3_r8,88b2c552b3fffff,E22_N420,validation,17903,29654.677799999998,15257,22918.2654,944.556845725805
h3_r8,88b2c552b7fffff,E22_N420,validation,4224,7009.8364,3016,4520.3631,944.6315219765529
h3_r8,88b2c552b9fffff,E22_N420,validation,63999,103951.77879999999,55371,83532.0978,944.6634514434263
h3_r8,88b2c552bbfffff,E22_N420,validation,14806,23835.4116,14010,21192.9381,944.5728077626554
h3_r8,88b2c552bdfffff,E22_N420,validation,13400,21789.0907,11904,18077.6957,944.7381373875542
h3_r8,88b2c552c3fffff,E22_N420,validation,4,4.0011,4,5.3284,944.8018615080509
h3_r8,88b2c552cbfffff,E22_N420,validation,33,38.847,18,26.4569,944.8177561305929
h3_r8,88b2c552d1fffff,E22_N420,validation,3,4.4916,0,0.0,944.6365103975404
h3_r8,88b2c552d3fffff,E22_N420,validation,1348,1970.763,720,1085.4843,944.5458802078501
h3_r8,88b2c552d5fffff,E22_N420,validation,7,9.6796,4,5.5885,944.71123648301
h3_r8,88b2c552d7fffff,E22_N420,validation,3867,5995.2401,13140,19008.2797,944.6206065710867
h3_r8,88b2c552d9fffff,E22_N420,validation,2299,3431.4755,2114,3087.177,944.6523996688775
h3_r8,88b2c552dbfffff,E22_N420,validation,2780,4129.4941,2431,3497.838,944.5617740768939
h3_r8,88b2c55401fffff,E22_N419,train,35960,53622.2783,16521,24148.9626,943.5007100042421
h3_r8,88b2c55403fffff,E22_N419,train,68894,101550.1841,59245,85925.917,943.4100085587124
h3_r8,88b2c55405fffff,E22_N419,train,101952,145162.8947,50070,72819.649,943.57540917187
h3_r8,88b2c55407fffff,E22_N419,train,310801,436914.4258,376420,535005.6966,943.4847079415922
h3_r8,88b2c55409fffff,E22_N420,validation,47482,72352.3074,38417,55764.897899999996,943.5166975717293
h3_r8,88b2c5540bfffff,E23_N420,test,4312,7012.0417,6826,9916.1769,943.4260006420664
h3_r8,88b2c5540dfffff,E22_N420,validation,11,17.427500000000002,184,269.4031,943.591406718595
h3_r8,88b2c55411fffff,E23_N419,train,1452152,1988699.8907999997,1572567,2182309.7158,943.2445926212822
h3_r8,88b2c55413fffff,E23_N419,train,1796923,2396166.0954,2000780,2768245.2781,943.1538815484382
h3_r8,88b2c55415fffff,E23_N419,train,222915,314144.38590000005,255476,362762.32509999996,943.319302394928
h3_r8,88b2c55417fffff,E23_N419,train,1314547,1785148.784600002,1485992,2045603.4627,943.2285915209213
h3_r8,88b2c55419fffff,E23_N419,train,759248,1079792.9409,852915,1226064.2617,943.2605792368413
h3_r8,88b2c5541bfffff,E23_N419,train,373563,515389.0535,379699,533461.8793,943.1698726676404
h3_r8,88b2c5541dfffff,E23_N419,train,64102,99917.8294,65788,96365.5196,943.3352989881532
h3_r8,88b2c55421fffff,E22_N419,train,59051,85307.27440000001,42504,61583.158,943.6340761170723
h3_r8,88b2c55423fffff,E22_N419,train,23165,33357.8373,18285,26489.0901,943.5433705908945
h3_r8,88b2c55425fffff,E22_N419,train,161327,225523.28089999998,169778,243544.84949999998,943.7087448968668
h3_r8,88b2c55427fffff,E22_N419,train,31050,44382.1127,25266,36617.76,943.6180395934498
h3_r8,88b2c55429fffff,E22_N419,train,48952,70572.493,54631,79399.9969,943.6500981415156
h3_r8,88b2c5542bfffff,E22_N419,train,213547,304601.2318,265662,379543.0957,943.5593971273047
h3_r8,88b2c5542dfffff,E22_N419,train,30566,44773.3767,29447,42604.1717,943.724776909803
h3_r8,88b2c55431fffff,E22_N419,train,1251588,1841483.7696000005,1368947,1930024.2262000002,943.377980922698
h3_r8,88b2c55433fffff,E22_N419,train,35814,51129.5557,28513,40954.7995,943.2872657568078
h3_r8,88b2c55435fffff,E22_N419,train,500519,875854.039,508735,720020.0089000001,943.4526603403501
h3_r8,88b2c55437fffff,E22_N419,train,13010,20395.5917,14067,20344.3537,943.3619453771971
h3_r8,88b2c55439fffff,E22_N419,train,31455,44127.099500000004,16926,24316.6611,943.3940019840375
h3_r8,88b2c5543bfffff,E22_N419,train,880861,1193638.1775,972851,1353518.6857,943.303291316668
h3_r8,88b2c5543dfffff,E22_N419,train,48340,66686.2017,41699,59106.1264,943.4686913873884
h3_r8,88b2c55441fffff,E22_N420,validation,14172,22199.6004,9847,14333.350699999999,943.623358312936
h3_r8,88b2c55443fffff,E22_N420,validation,14395,22641.0457,5969,8874.7307,943.5326706453343
h3_r8,88b2c55445fffff,E22_N420,validation,5870,9193.2019,6462,9610.7598,943.6980772145907
h3_r8,88b2c55447fffff,E22_N420,validation,39659,60485.2131,35506,51638.9439,943.6073897651513
h3_r8,88b2c55449fffff,E22_N420,validation,16095,24242.0755,11808,17960.1837,943.6393123572343
h3_r8,88b2c5544bfffff,E23_N420,test,194412,279359.6132,214984,309542.4332,943.5486292192945
h3_r8,88b2c5544dfffff,E22_N420,validation,34228,56003.813,28273,41941.1589,943.7140412290464
h3_r8,88b2c55451fffff,E23_N420,test,447832,629617.8349,516518,724130.7017999999,943.3672487158328
h3_r8,88b2c55453fffff,E23_N420,test,142649,203674.9873,150602,213146.9197,943.276551368821
h3_r8,88b2c55455fffff,E23_N420,test,58130,90616.4921,33203,49445.4344,943.4419782356126
h3_r8,88b2c55457fffff,E23_N420,test,47929,68593.4431,32992,48510.2876,943.3512810962275
h3_r8,88b2c55459fffff,E23_N420,test,11,17.8027,1,1.619,943.3832018433604
h3_r8,88b2c5545bfffff,E23_N420,test,98026,141980.9595,107205,156186.7743,943.2925090161152
h3_r8,88b2c5545dfffff,E23_N420,test,9578,14791.5574,8308,12285.633,943.4579413365573
h3_r8,88b2c55461fffff,E22_N420,validation,30367,45109.5831,33908,48753.7834,943.756797416776
h3_r8,88b2c55463fffff,E22_N420,validation,55149,80657.5578,46396,67413.94,943.6661056691082
h3_r8,88b2c55465fffff,E22_N420,validation,34407,52269.6599,24459,35916.7127,943.8314859367674
h3_r8,88b2c55467fffff,E22_N420,validation,29160,45754.6817,22906,33860.1275,943.7407944136066
h3_r8,88b2c55469fffff,E22_N420,validation,28803,46360.7752,24401,36557.4928,943.7727859121514
h3_r8,88b2c5546bfffff,E22_N420,validation,5244,8174.1773,3964,5919.6168,943.6820986948442
h3_r8,88b2c5546dfffff,E22_N420,validation,20827,32538.4042,18578,27147.1242,943.8474844107404
h3_r8,88b2c55481fffff,E23_N419,train,16298,23156.1077,16084,22800.7395,942.8657011709874
h3_r8,88b2c55483fffff,E23_N419,train,27775,39879.3755,18926,27112.6141,942.7749669221812
h3_r8,88b2c55485fffff,E23_N419,train,85420,120160.4077,68268,98519.4141,942.9404017246561
h3_r8,88b2c55487fffff,E23_N419,train,134101,189196.3653,161326,235686.3036,942.8496676552459
h3_r8,88b2c55489fffff,E23_N419,train,28664,39634.1457,16076,22959.6504,942.8817202278879
h3_r8,88b2c5548bfffff,E23_N419,train,335011,467335.5698,360843,508424.2988,942.790990454203
h3_r8,88b2c5548dfffff,E23_N419,train,46368,67162.9697,39804,57358.0697,942.9564307651599
h3_r8,88b2c55491fffff,E23_N419,train,4161,5715.7929,2992,4193.7033,942.6095169734326
h3_r8,88b2c55493fffff,E23_N419,train,18103,25851.5629,17026,23935.5174,942.5187732881168
h3_r8,88b2c55495fffff,E23_N419,train,135285,185891.9431,153906,215436.0122,942.6842280325363
h3_r8,88b2c55497fffff,E23_N419,train,112195,153131.95609999998,121479,171586.6608,942.5934845067095
h3_r8,88b2c55499fffff,E23_N419,train,18092,25155.7245,11479,16253.51,942.6255349891144
h3_r8,88b2c5549bfffff,E23_N419,train,31414,45563.6716,26072,36607.6155,942.5347957679769
h3_r8,88b2c5549dfffff,E23_N419,train,21124,30112.7025,13280,18712.024699999998,942.7002560315304
h3_r8,88b2c554a1fffff,E23_N419,train,13987,19219.9403,12235,17724.2489,942.9990386181162
h3_r8,88b2c554a3fffff,E23_N419,train,262033,369605.97140000004,284069,399763.2073,942.9083002574625
h3_r8,88b2c554a5fffff,E22_N419,train,110321,151393.8584,116261,164744.728,943.0737088400638
h3_r8,88b2c554a7fffff,E23_N419,train,18914,28212.2592,13709,19873.4782,942.9829706638702
h3_r8,88b2c554a9fffff,E23_N419,train,238759,329838.5988,267976,374582.0341,943.0150921117747
h3_r8,88b2c554abfffff,E23_N419,train,265543,371653.15369999997,287085,412286.099,942.9243582224008
h3_r8,88b2c554adfffff,E23_N419,train,11031,15660.3974,10715,15350.7487,943.0897723240778
h3_r8,88b2c554b1fffff,E23_N419,train,17394,27415.1097,16408,23911.072500000002,942.742876494769
h3_r8,88b2c554b3fffff,E23_N419,train,21931,33735.8274,17801,25944.7762,942.6521286760108
h3_r8,88b2c554b5fffff,E23_N419,train,321639,448862.8225,348515,493252.1826,942.8175572466571
h3_r8,88b2c554b7fffff,E23_N419,train,22118,34540.5288,19363,28344.5951,942.726809599495
h3_r8,88b2c554b9fffff,E23_N419,train,11594,16800.8084,10324,14855.1232,942.7589289348107
h3_r8,88b2c554bbfffff,E23_N419,train,17613,26610.31,13610,19820.6126,942.6681855775532
h3_r8,88b2c554bdfffff,E23_N419,train,13054,20156.5713,18904,27733.4023,942.8336196779856
h3_r8,88b2c554c1fffff,E23_N419,train,344622,482174.4747000001,363261,511760.45949999994,942.9884454500861
h3_r8,88b2c554c3fffff,E23_N419,train,502680,686379.5689999999,556455,780391.9655999999,942.8977248176816
h3_r8,88b2c554c5fffff,E23_N419,train,60041,87585.4874,41805,60119.211,943.063165784697
h3_r8,88b2c554c7fffff,E23_N419,train,262542,366779.6101,298060,417374.00619999995,942.9724453419913
h3_r8,88b2c554c9fffff,E23_N419,train,274751,381385.89840000006,314107,435425.38169999997,943.0044310883968
h3_r8,88b2c554cbfffff,E23_N419,train,35877,49485.6703,28206,39099.6373,942.9137149497983
h3_r8,88b2c554cdfffff,E23_N419,train,465166,637555.7434,505756,697126.0449,943.079161402653
h3_r8,88b2c554d1fffff,E23_N419,train,13108,17866.1854,13341,18326.631,942.7322686744737
h3_r8,88b2c554d3fffff,E23_N419,train,209628,295229.7885,264208,373417.59959999996,942.6415385573637
h3_r8,88b2c554d5fffff,E23_N419,train,24405,33065.1878,28255,39573.1558,942.806999528897
h3_r8,88b2c554d7fffff,E23_N419,train,30106,40575.716199999995,21709,30310.7252,942.7162695802981
h3_r8,88b2c554d9fffff,E23_N419,train,214334,287521.73760000005,233934,324607.41769999993,942.7482533103321
h3_r8,88b2c554dbfffff,E23_N419,train,373641,503207.34060000005,404391,556759.0486,942.6575276723015
h3_r8,88b2c554ddfffff,E23_N419,train,70496,95662.6497,58128,80917.4596,942.8229941416648
h3_r8,88b2c554e1fffff,E23_N419,train,235066,332547.5238,262568,379493.7416,943.1218558800174
h3_r8,88b2c554e3fffff,E23_N419,train,71219,100384.7481,49219,70872.218,943.0311311375117
h3_r8,88b2c554e5fffff,E23_N419,train,52703,69668.3572,36139,50950.8982,943.1965458916384
h3_r8,88b2c554e7fffff,E23_N419,train,4467,5844.5803000000005,1822,2575.8239,943.1058213379001
h3_r8,88b2c554e9fffff,E23_N419,train,336606,464011.2928999999,357467,505769.1651,943.1378759529907
h3_r8,88b2c554ebfffff,E23_N419,train,143230,208779.4076,144121,204704.66629999998,943.0471556968405
h3_r8,88b2c554edfffff,E23_N419,train,294947,402702.9762,330984,462125.14999999997,943.2125759451883
h3_r8,88b2c55501fffff,E22_N419,train,8361,12272.5013,9208,13922.2357,944.0233897984144
h3_r8,88b2c55503fffff,E22_N419,train,344506,476933.89400000003,316403,450068.2584,943.9326899403823
h3_r8,88b2c55505fffff,E22_N419,train,65788,93861.88369999999,64035,92022.0355,944.0980174485594
h3_r8,88b2c55507fffff,E22_N419,train,20160,28221.963,21960,31559.851899999998,944.00731783628
h3_r8,88b2c55509fffff,E22_N419,train,50087,72584.2296,59010,86560.0638,944.0394472503103
h3_r8,88b2c5550bfffff,E22_N419,train,30301,42995.4948,20958,30561.8851,943.948751913791
h3_r8,88b2c5550dfffff,E22_N419,train,62484,89189.8316,55083,79387.3058,944.1140848892974
h3_r8,88b2c55511fffff,E22_N419,train,85089,117196.9512,92518,132066.8878,943.7673469683505
h3_r8,88b2c55513fffff,E22_N419,train,311515,492729.8315999999,303178,426310.7897,943.6766373805585
h3_r8,88b2c55515fffff,E22_N419,train,26940,36221.3486,19627,28034.2285,943.8419853268424
h3_r8,88b2c55517fffff,E22_N419,train,213,289.7245,2795,4009.0821,943.751275966817
h3_r8,88b2c55519fffff,E22_N419,train,87642,120150.67850000001,99762,142712.1159,943.783403466572
h3_r8,88b2c5551bfffff,E22_N419,train,25114,33396.6117,19509,27764.2929,943.6926983890589
h3_r8,88b2c5551dfffff,E22_N419,train,351800,471640.12080000003,332792,476971.682,943.8580518144299
h3_r8,88b2c55521fffff,E22_N419,train,33772,48437.0726,26345,37658.6703,944.1565429058392
h3_r8,88b2c55523fffff,E22_N419,train,70587,100405.8925,48160,68845.439,944.0658390214667
h3_r8,88b2c55525fffff,E22_N419,train,3585,5632.5693,3427,5130.068,944.2311400688486
h3_r8,88b2c55527fffff,E22_N419,train,4274,6282.9922,4460,6927.9775,944.1404364379123
h3_r8,88b2c55529fffff,E22_N419,train,71024,103929.9776,69932,99893.9905,944.1726348570664
h3_r8,88b2c5552bfffff,E22_N419,train,26151,37956.5638,19286,28018.0588,944.0819354903069
h3_r8,88b2c5552dfffff,E22_N419,train,47051,69596.1351,46985,67610.3083,944.2472420181148
h3_r8,88b2c55531fffff,E22_N419,train,46893,64972.8317,36951,53585.3428,943.9005224707653
h3_r8,88b2c55533fffff,E22_N419,train,189476,259473.85080000001,201464,285928.7183,943.8098088402767
h3_r8,88b2c55535fffff,E22_N419,train,103883,147667.2788,106000,152664.3437,943.9751303765806
h3_r8,88b2c55537fffff,E22_N419,train,36466,50732.0179,27492,39331.552,943.8844169804361
h3_r8,88b2c55539fffff,E22_N419,train,178795,250448.57210000002,192673,275701.31450000004,943.9166134593543
h3_r8,88b2c5553bfffff,E22_N419,train,19687,27786.0218,20343,29803.905600000002,943.8259043366998
h3_r8,88b2c5553dfffff,E22_N419,train,39835,55397.3208,45216,64581.8765,943.9912313592504
h3_r8,88b2c55541fffff,E22_N420,validation,82387,129166.7774,78165,115842.7883,944.1461762166
h3_r8,88b2c55543fffff,E22_N420,validation,44029,66723.2118,34059,50147.8419,944.0554901849246
h3_r8,88b2c55545fffff,E22_N420,validation,35423,54639.7652,32972,49200.7687,944.2208235939033
h3_r8,88b2c55547fffff,E22_N419,train,46843,68535.7873,29376,43701.674,944.130137812288
h3_r8,88b2c55549fffff,E22_N420,validation,15678,25348.0608,24043,35538.7998,944.1622000961797
h3_r8,88b2c5554bfffff,E22_N420,validation,28840,44783.2547,25414,37586.8289,944.0715186021989
h3_r8,88b2c5554dfffff,E22_N420,validation,46952,73462.3247,42988,63663.9492,944.2368574581342
h3_r8,88b2c55551fffff,E22_N419,train,43428,63396.5874,38647,55781.0204,943.8901412748382
h3_r8,88b2c55553fffff,E22_N419,train,13614,19698.0363,10347,14928.200499999999,943.799445461249
h3_r8,88b2c55555fffff,E22_N419,train,43597,63033.578499999996,39263,57423.1732,943.9647993761464
h3_r8,88b2c55557fffff,E22_N419,train,41288,58007.5375,32623,47585.2875,943.8741037994623
h3_r8,88b2c55559fffff,E22_N420,validation,50368,75885.9272,46719,68429.28110000001,943.9061642418965
h3_r8,88b2c5555bfffff,E22_N419,train,16350,25142.033,12847,18779.0508,943.8154729512753
h3_r8,88b2c5555dfffff,E22_N420,validation,20976,32856.4294,18114,26724.7824,943.9808323272737
h3_r8,88b2c55561fffff,E22_N419,train,63642,93001.7983,52704,76730.8946,944.2794023465831
h3_r8,88b2c55563fffff,E22_N419,train,6551,9422.4275,5454,7932.0351,944.1887122903718
h3_r8,88b2c55565fffff,E22_N419,train,48802,72970.0142,43937,63524.1836,944.3540192453656
h3_r8,88b2c55567fffff,E22_N419,train,28705,41711.7735,21568,31182.2931,944.2633294456173
h3_r8,88b2c55569fffff,E22_N420,validation,39025,62060.7181,25352,37754.3826,944.2954607283464
h3_r8,88b2c5556bfffff,E22_N419,train,33873,50290.8151,40727,59343.5474,944.2047752022627
h3_r8,88b2c5556dfffff,E22_N420,validation,19768,29127.9983,20863,30357.9252,944.3700876138173
h3_r8,88b2c55581fffff,E22_N419,train,6873,10077.8597,5287,7704.5215,943.3883913067402
h3_r8,88b2c55583fffff,E22_N419,train,237509,334635.3699,209078,295593.257,943.2976583852433
h3_r8,88b2c55585fffff,E22_N419,train,663,1046.4342,611,933.3471,943.4630205532885
h3_r8,88b2c55587fffff,E22_N419,train,5370,7587.3647,4536,6480.695299999999,943.3722878415138
h3_r8,88b2c55589fffff,E22_N419,train,22304,32294.1989,17337,25248.995199999998,943.4044802884455
h3_r8,88b2c5558bfffff,E22_N419,train,24891,36036.1873,18323,27444.2951,943.3137518526055
h3_r8,88b2c5558dfffff,E22_N419,train,26998,40070.2372,21018,30237.9808,943.4791195318103
h3_r8,88b2c55591fffff,E22_N419,train,47887,71912.0136,46953,72134.1956,943.1322809339617
h3_r8,88b2c55593fffff,E22_N419,train,20240,30490.5816,17277,25565.2342,943.0415384767693
h3_r8,88b2c55595fffff,E22_N419,train,6921,10782.6788,4968,7421.832,943.2069207883906
h3_r8,88b2c55597fffff,E22_N419,train,18855,28813.2443,17358,25433.0365,943.1161785208387
h3_r8,88b2c55599fffff,E22_N419,train,12892,19051.1452,8354,12113.415500000001,943.1483688799199
h3_r8,88b2c5559bfffff,E22_N419,train,12513,18445.5798,9939,14339.0856,943.057630890049
h3_r8,88b2c5559dfffff,E22_N419,train,15340,23581.4601,13766,20655.4975,943.2230187305831
h3_r8,88b2c555a1fffff,E22_N419,train,48402,79636.5245,45462,67496.0735,943.5215161246597
h3_r8,88b2c555a3fffff,E22_N419,train,14600,22990.7906,10887,15957.1634,943.4307791462052
h3_r8,88b2c555a5fffff,E22_N419,train,29255,44245.1426,24134,35224.6876,943.5961149399518
h3_r8,88b2c555a7fffff,E22_N419,train,14182,22189.4664,11119,16268.4118,943.5053781775059
h3_r8,88b2c555a9fffff,E22_N419,train,33079,51236.4194,25777,38719.9708,943.5376395901549
h3_r8,88b2c555abfffff,E22_N419,train,11801,17915.19,9928,14480.8153,943.446907089965
h3_r8,88b2c555adfffff,E22_N419,train,548,811.0603,405,597.9939,943.612248407735
h3_r8,88b2c555b1fffff,E22_N419,train,20111,30047.1398,14292,20643.6485,943.2654280315619
h3_r8,88b2c555b3fffff,E22_N419,train,7529,12209.4561,5731,8406.5852,943.1746814967482
h3_r8,88b2c555b5fffff,E22_N419,train,11376,18027.3049,12646,18462.4031,943.3400374830235
h3_r8,88b2c555b7fffff,E22_N419,train,6942,10683.6342,6088,8727.4749,943.2492911489098
h3_r8,88b2c555b9fffff,E22_N419,train,18996,28444.068,15388,22162.136,943.2815504441387
h3_r8,88b2c555bbfffff,E22_N419,train,1,2.102,28,42.290000000000006,943.1908083751914
h3_r8,88b2c555bdfffff,E22_N419,train,10662,16093.0529,10213,14860.3498,943.3561698987032
h3_r8,88b2c555c1fffff,E22_N419,train,364852,514375.4203999999,400547,572781.4763999999,943.5112740387558
h3_r8,88b2c555c3fffff,E22_N419,train,18662,27704.0938,16930,24548.638,943.420554790413
h3_r8,88b2c555c5fffff,E22_N419,train,8786,14292.8489,23640,33699.0086,943.5859230647329
h3_r8,88b2c555c7fffff,E22_N419,train,36859,55335.3875,38531,55907.8667,943.4952040300705
h3_r8,88b2c555c9fffff,E22_N419,train,58687,88638.1174,55386,82423.403,943.5273295602528
h3_r8,88b2c555cbfffff,E22_N419,train,446651,658900.6928,470150,678776.906,943.4366148088593
h3_r8,88b2c555cdfffff,E22_N419,train,559873,754958.6055999997,501904,713626.4796000001,943.6019885751884
h3_r8,88b2c555d1fffff,E22_N419,train,18818,27468.6604,15652,23049.3832,943.2551711970591
h3_r8,88b2c555d3fffff,E22_N419,train,9516,14083.8551,7554,10839.7449,943.1644423549296
h3_r8,88b2c555d5fffff,E22_N419,train,21270,31136.1478,14910,22033.3098,943.3298308415688
h3_r8,88b2c555d7fffff,E22_N419,train,189576,262568.9953,193816,273216.33879999997,943.2391022003721
h3_r8,88b2c555d9fffff,E22_N419,train,13626,20392.0396,14630,21189.3098,943.2712257154053
h3_r8,88b2c555dbfffff,E22_N419,train,32753,48521.0921,20779,29882.5536,943.1805013593403
h3_r8,88b2c555ddfffff,E22_N419,train,9795,14143.8704,7518,11005.8592,943.345895349863
h3_r8,88b2c555e1fffff,E22_N419,train,41484,58938.045,41979,60297.4676,943.6444718775456
h3_r8,88b2c555e3fffff,E22_N419,train,18467,28255.035200000002,15895,23543.1679,943.5537485679961
h3_r8,88b2c555e5fffff,E22_N419,train,70054,95756.8327,54108,77328.2601,943.7190904769814
h3_r8,88b2c555e7fffff,E22_N419,train,31970,45992.2721,36491,52710.0547,943.628367388912
h3_r8,88b2c555e9fffff,E22_N419,train,45387,73241.1203,37753,53580.0949,943.6605618759058
h3_r8,88b2c555ebfffff,E22_N419,train,28371,40213.2158,26514,38360.8106,943.5698430607445
h3_r8,88b2c555edfffff,E22_N419,train,25020,36597.2593,28171,40389.104100000004,943.7351904701209
h3_r8,88b2c55601fffff,E23_N420,test,310533,435640.6687,296137,418263.14869999996,943.6123184957542
h3_r8,88b2c55603fffff,E23_N420,test,39349,59806.1757,42109,61507.3211,943.5216487596044
h3_r8,88b2c55605fffff,E23_N420,test,26060,37793.7273,21256,30863.0389,943.6870874509914
h3_r8,88b2c55607fffff,E23_N420,test,33170,46862.4097,26502,38639.6048,943.5964179345756
h3_r8,88b2c55609fffff,E23_N420,test,4559,7099.5307999999995,3053,4435.2946,943.6282045503613
h3_r8,88b2c5560bfffff,E23_N420,test,33506,50832.2799,28949,41629.9032,943.537539361685
h3_r8,88b2c5560dfffff,E23_N420,test,16041,24323.954700000002,16190,23355.6478,943.7029834635905
h3_r8,88b2c55611fffff,E23_N420,test,9468,14964.1896,8087,11855.1285,943.3561947039561
h3_r8,88b2c55613fffff,E23_N420,test,60606,88932.54980000001,66000,92408.7099,943.2655152545776
h3_r8,88b2c55615fffff,E23_N420,test,222003,308684.0946,205471,295892.18179999996,943.430974264571
h3_r8,88b2c55617fffff,E23_N420,test,23968,36166.078,13059,18906.8397,943.3402950185118
h3_r8,88b2c55619fffff,E23_N420,test,18605,30014.0148,15030,21653.0871,943.3720798906288
h3_r8,88b2c5561bfffff,E23_N420,test,58960,82770.7096,48471,64965.619300000006,943.281404976442
h3_r8,88b2c5561dfffff,E23_N420,test,3401,5481.7876,9691,14076.4476,943.4468694088864
h3_r8,88b2c55621fffff,E22_N420,validation,31870,48200.3994,21816,31848.041,943.7459257347509
h3_r8,88b2c55623fffff,E22_N420,validation,193465,274005.1019,199525,285191.01660000003,943.6552518977551
h3_r8,88b2c55625fffff,E22_N420,validation,10658,16527.141,8260,12363.3172,943.8206643461017
h3_r8,88b2c55627fffff,E22_N420,validation,20309,31177.0544,16472,24464.9361,943.7299907361739
h3_r8,88b2c55629fffff,E22_N420,validation,43972,67225.1073,42266,62133.437000000005,943.7618462215178
h3_r8,88b2c5562bfffff,E23_N420,test,20041,29962.3013,12431,18277.7422,943.6711769278627
h3_r8,88b2c5562dfffff,E22_N420,validation,148998,210304.22090000001,167773,239957.85950000002,943.8365947964485
h3_r8,88b2c55631fffff,E23_N420,test,20950,30803.4395,14109,20551.5515,943.4898240460898
h3_r8,88b2c55633fffff,E23_N420,test,184394,261712.4878,195689,279333.6997,943.3991404789267
h3_r8,88b2c55635fffff,E23_N420,test,8733,12853.7097,7082,10358.1273,943.5645732957637
h3_r8,88b2c55637fffff,E23_N420,test,7076,9931.5244,4627,6557.2621,943.4738899415825
h3_r8,88b2c55639fffff,E23_N420,test,11528,15982.6347,12693,18601.754100000002,943.5057436536881
h3_r8,88b2c5563bfffff,E23_N420,test,132842,185024.36440000002,141270,203692.6499,943.4150646188064
h3_r8,88b2c5563dfffff,E23_N420,test,39230,56371.3404,25742,37421.388399999996,943.5805028679897
h3_r8,88b2c55643fffff,E23_N420,test,948,1472.8482999999999,530,777.3059,943.6440760924015
h3_r8,88b2c55653fffff,E23_N420,test,1109,1813.8926,1114,1673.5535,943.3879505788791
h3_r8,88b2c55655fffff,E23_N420,test,21304,34239.1084,13517,19373.673300000002,943.5534154584748
h3_r8,88b2c55657fffff,E23_N420,test,21366,35156.4227,20680,30001.592,943.4627500532661
h3_r8,88b2c5565dfffff,E23_N420,test,16573,25947.9724,5656,8077.9811,943.5692770480528
h3_r8,88b2c55661fffff,E22_N420,validation,19136,28687.6162,22681,32945.1655,943.8684121449478
h3_r8,88b2c55663fffff,E23_N420,test,20026,30664.972400000002,18366,26776.6303,943.7777521936223
h3_r8,88b2c55665fffff,E22_N420,validation,77037,111365.8973,69358,102141.2027,943.9431704496383
h3_r8,88b2c55667fffff,E22_N420,validation,29653,46691.3138,22281,33006.7589,943.8525107297464
h3_r8,88b2c55669fffff,E22_N420,validation,9319,13227.5304,5732,8092.0323,943.8842990408302
h3_r8,88b2c5566bfffff,E23_N420,test,90,142.2196,69,97.6211,943.7936436480377
h3_r8,88b2c5566dfffff,E22_N420,validation,12144,17217.9004,14349,21397.264,943.9590673015919
h3_r8,88b2c55681fffff,E23_N420,test,991154,1332303.6878,1067852,1466059.3070000003,942.9775307808886
h3_r8,88b2c55683fffff,E23_N420,test,43110,57121.1189,54842,76261.44069999999,942.8868279590388
h3_r8,88b2c55685fffff,E23_N420,test,17770,28017.9467,21053,31038.2398,943.0523011677433
h3_r8,88b2c55687fffff,E23_N420,test,788597,1041346.5603999996,854907,1169452.9745000002,942.9615985309938
h3_r8,88b2c55689fffff,E23_N420,test,6747,9289.1525,7203,10269.7398,942.9934485568665
h3_r8,88b2c5568bfffff,E23_N420,test,1401876,1863962.9764999992,1567470,2157667.961,942.9027502440149
h3_r8,88b2c5568dfffff,E23_N420,test,34,56.8054,314,435.0586,943.0682289085817
h3_r8,88b2c55691fffff,E23_N420,test,156551,213743.9357,178083,245899.305,942.7213395675644
h3_r8,88b2c55693fffff,E23_N419,train,196206,260877.7292,214901,297589.9496,942.6306272234651
h3_r8,88b2c55695fffff,E23_N419,train,25006,35658.5528,14668,20537.4434,942.796120457002
h3_r8,88b2c55697fffff,E23_N419,train,40827,54404.5555,32854,44890.4493,942.7054082815885
h3_r8,88b2c55699fffff,E23_N420,test,11515,15254.2751,13703,18657.2779,942.7372563898098
h3_r8,88b2c5569bfffff,E23_N420,test,64445,87875.4206,55375,77002.7322,942.646548543591
h3_r8,88b2c5569dfffff,E23_N420,test,17261,23456.9649,11737,16312.779,942.8120472438168
h3_r8,88b2c556a1fffff,E23_N420,test,9,13.1753,0,0.0,943.1111092095962
h3_r8,88b2c556a3fffff,E23_N419,train,511609,693195.8999000001,553049,758258.9309,943.0204022546532
h3_r8,88b2c556a5fffff,E23_N419,train,315487,444444.55979999993,346944,486564.2827,943.185849307105
h3_r8,88b2c556a7fffff,E23_N419,train,502196,681678.9287,562904,785207.0213,943.0951425447129
h3_r8,88b2c556abfffff,E23_N420,test,563999,742167.1858999999,642496,878223.6421000002,943.0363589466433
h3_r8,88b2c556adfffff,E23_N420,test,6785,10673.094,5419,7915.5024,943.2018114681123
h3_r8,88b2c556b1fffff,E23_N419,train,299334,402631.2212,371438,509689.8534,942.8549399820622
h3_r8,88b2c556b3fffff,E23_N419,train,23990,33522.209,16551,22916.7336,942.7642234879895
h3_r8,88b2c556b5fffff,E23_N419,train,78042,106697.7135,60849,83162.8968,942.9296906125383
h3_r8,88b2c556b7fffff,E23_N419,train,26410,35475.1613,20790,28683.4372,942.8389742946601
h3_r8,88b2c556b9fffff,E23_N419,train,26354,35893.1365,17310,23907.4541,942.8708912061993
h3_r8,88b2c556bbfffff,E23_N419,train,85679,119003.9831,67530,93173.0217,942.7801792027312
h3_r8,88b2c556bdfffff,E23_N419,train,73186,97500.45,46748,64276.4004,942.945651806891
h3_r8,88b2c556c1fffff,E23_N420,test,3,4.3873,76,103.5035,943.1000409502303
h3_r8,88b2c556c3fffff,E23_N420,test,1167,1676.7541999999999,12954,18237.2527,943.0093518530484
h3_r8,88b2c556c5fffff,E23_N420,test,2648,4172.0362000000005,2215,3065.0724,943.1748310713447
h3_r8,88b2c556c7fffff,E23_N420,test,0,0.0,15,22.2184,943.0841421682271
h3_r8,88b2c556c9fffff,E23_N420,test,11,16.3859,149,213.5583,943.1159252462094
h3_r8,88b2c556cbfffff,E23_N420,test,5103,7007.8506,7036,9695.1723,943.0252406754298
h3_r8,88b2c556cdfffff,E23_N420,test,9594,13064.5373,8981,12384.0184,943.1907253257232
h3_r8,88b2c556d1fffff,E23_N420,test,25440,34729.9595,23514,32667.7013,942.8438574161846
h3_r8,88b2c556d3fffff,E23_N420,test,640970,837964.8008000001,654560,893762.4594,942.7531587472768
h3_r8,88b2c556d5fffff,E23_N420,test,22990,33609.364,16748,23594.5761,942.918658057868
h3_r8,88b2c556d7fffff,E23_N420,test,499795,650125.1099,539668,726775.6654,942.8279595655622
h3_r8,88b2c556d9fffff,E23_N420,test,88706,128140.6106,124037,171529.584,942.8597407960333
h3_r8,88b2c556dbfffff,E23_N420,test,31459,43521.6896,9381,12853.6412,942.7690466399654
h3_r8,88b2c556ddfffff,E23_N420,test,73701,104372.4476,54873,76331.5352,942.9345513957087
h3_r8,88b2c556e1fffff,E23_N420,test,27599,43283.6144,18659,27197.6055,943.2336923346156
h3_r8,88b2c556e3fffff,E23_N420,test,731,1200.1562,306,456.0344,943.1429991049226
h3_r8,88b2c556e5fffff,E23_N420,test,13888,20847.7601,8649,12928.1698,943.3084521740675
h3_r8,88b2c556e7fffff,E23_N420,test,4918,7917.4187,6251,9047.327,943.2177591447253
h3_r8,88b2c556e9fffff,E23_N420,test,15436,24407.3466,13863,20009.9943,943.2496110390639
h3_r8,88b2c556ebfffff,E23_N420,test,8905,14211.1965,5582,8039.8637,943.1589223318733
h3_r8,88b2c556edfffff,E23_N420,test,7020,10964.7447,5823,8437.2131,943.324380842736
h3_r8,88b2c55707fffff,E22_N420,validation,9935,17030.9911,7907,12325.2501,944.1195167328697
h3_r8,88b2c5570dfffff,E22_N420,validation,2,2.7522,0,0.0,944.2261503565824
h3_r8,88b2c55711fffff,E22_N420,validation,10575,17547.1663,9355,13788.4055,943.8794378234306
h3_r8,88b2c55713fffff,E22_N420,validation,3666,5819.1888,3010,4385.378,943.7887599044479
h3_r8,88b2c55715fffff,E22_N420,validation,62123,100754.5892,54975,84204.2684,943.9541460559703
h3_r8,88b2c55717fffff,E22_N420,validation,19945,32659.207,19310,29702.6692,943.8634683728451
h3_r8,88b2c55719fffff,E22_N420,validation,13492,22564.9351,12062,17739.8069,943.8953927579569
h3_r8,88b2c5571bfffff,E22_N420,validation,5362,8442.3771,4584,6732.7846,943.8047193808015
h3_r8,88b2c5571dfffff,E22_N420,validation,3546,6072.0236,3379,5046.3529,943.9701109621674
h3_r8,88b2c55721fffff,E22_N420,validation,8903,15986.1847,7488,11698.6017,944.2688816036098
h3_r8,88b2c55723fffff,E22_N420,validation,47116,80898.6496,34158,51657.111,944.1782094535301
h3_r8,88b2c55725fffff,E22_N420,validation,22567,38764.0867,21260,32298.386,944.3435486874077
h3_r8,88b2c55727fffff,E22_N420,validation,19130,32538.8677,12688,19665.4909,944.2528767940239
h3_r8,88b2c55729fffff,E22_N420,validation,1,2.1682,0,0.0,944.2848718800233
h3_r8,88b2c5572bfffff,E22_N420,validation,12753,22322.732500000002,12267,19268.9644,944.194204282714
h3_r8,88b2c5572dfffff,E22_N420,validation,2534,4367.2247,1856,2839.8419,944.3595489420113
h3_r8,88b2c55731fffff,E22_N420,validation,14918,23625.2408,9562,13991.0497,944.0128546787892
h3_r8,88b2c55733fffff,E22_N420,validation,44138,65918.9017,42625,62131.5206,943.9221726945252
h3_r8,88b2c55735fffff,E22_N420,validation,16838,27603.7838,15563,23161.490999999998,944.087532502308
h3_r8,88b2c55737fffff,E22_N420,validation,14839,21991.5145,10799,15842.805,943.9968507591402
h3_r8,88b2c55739fffff,E22_N420,validation,46659,78759.112,39285,60306.8972,944.0288440791192
h3_r8,88b2c5573bfffff,E22_N420,validation,8066,12446.8275,7068,10622.2454,943.9381666317349
h3_r8,88b2c5573dfffff,E22_N420,validation,32202,55333.8645,39086,58563.1373,944.1035318779177
h3_r8,88b2c55741fffff,E22_N420,validation,53423,80207.6678,47342,70502.7163,944.2580383026507
h3_r8,88b2c55743fffff,E22_N420,validation,108,163.105,525,766.1085,944.1673841319862
h3_r8,88b2c55745fffff,E22_N420,validation,14031,21369.5876,15989,23952.5537,944.3327555082506
h3_r8,88b2c55747fffff,E22_N420,validation,1424,2242.9057,680,998.3043,944.2421015978325
h3_r8,88b2c55749fffff,E22_N420,validation,4723,6848.8458,2374,3630.9944,944.2739604702801
h3_r8,88b2c5574bfffff,E22_N420,validation,68702,98312.0916,68486,96976.087,944.183310873399
h3_r8,88b2c5574dfffff,E22_N420,validation,146147,205662.11659999998,161152,233954.7936,944.3486876416719
h3_r8,88b2c55751fffff,E22_N420,validation,10350,15431.7344,8515,12588.9928,944.0019972122973
h3_r8,88b2c55753fffff,E22_N420,validation,16662,24975.3744,11535,17173.6835,943.9113331749104
h3_r8,88b2c55757fffff,E22_N420,validation,8675,14897.4842,3776,5591.2195,943.9860613496276
h3_r8,88b2c55759fffff,E22_N420,validation,122139,175030.84860000003,136950,196749.7942,944.0179185514571
h3_r8,88b2c5575bfffff,E22_N420,validation,13006,19452.5081,12235,18025.2553,943.9272590732435
h3_r8,88b2c5575dfffff,E22_N420,validation,10609,16675.5666,10482,15268.0102,944.0926564479014
h3_r8,88b2c55769fffff,E22_N420,validation,4380,6509.1303,5010,7290.0872,944.4074624839704
h3_r8,88b2c5576bfffff,E22_N420,validation,35583,52156.9707,21068,30356.8427,944.3168088358943
h3_r8,88b2c5576dfffff,E22_N420,validation,2699,4416.1713,6452,9854.585799999999,944.4821592250955
h3_r8,88b2c57041fffff,E23_N418,validation,0,0.0,1,1.5129,940.9693937267293
h3_r8,88b2c57045fffff,E23_N418,validation,6028,9488.192000000001,3253,4953.7337,941.0440467803273
h3_r8,88b2c57049fffff,E23_N418,validation,9039,14189.2434,5235,7941.133000000001,940.9855730114505
h3_r8,88b2c5704bfffff,E23_N418,validation,1369,2177.0092,387,586.2864999999999,940.8947305885376
h3_r8,88b2c5704dfffff,E23_N418,validation,8807,13849.4198,5608,8291.3724,941.0602360812481
h3_r8,88b2c57065fffff,E23_N418,validation,844,1378.2554,515,784.326,941.1770989017095
h3_r8,88b2c57069fffff,E23_N418,validation,4811,7926.8868,3263,5008.3947,941.1186897411826
h3_r8,88b2c5706dfffff,E23_N418,validation,1710,2984.9536,876,1312.7873,941.1933226047549
h3_r8,88b2c57141fffff,E23_N418,validation,31455,55257.0427,18352,27517.3804,941.4917529614177
h3_r8,88b2c57143fffff,E23_N418,validation,753,1186.3405,410,616.3203,941.4009067695588
h3_r8,88b2c57145fffff,E23_N418,validation,13929,23510.8393,7237,10892.1047,941.5663352477131
h3_r8,88b2c57147fffff,E23_N418,validation,1108,2010.2942,3190,4669.277599999999,941.4754891537013
h3_r8,88b2c57149fffff,E23_N418,validation,8036,13646.5814,5369,8024.7676,941.5080023984192
h3_r8,88b2c5714bfffff,E23_N418,validation,13473,20827.697,4937,7542.3003,941.4171605494921
h3_r8,88b2c5714dfffff,E23_N418,validation,18882,31552.8836,13244,19867.5619,941.5825947114499
h3_r8,88b2c57159fffff,E23_N418,validation,666,1043.2755,17,28.147,941.2517116355011
h3_r8,88b2c5715dfffff,E23_N418,validation,10985,17831.5543,5940,9023.3437,941.326314262813
h3_r8,88b2c57161fffff,E23_N418,validation,488,858.8225,720,1042.6839,941.6246235253639
h3_r8,88b2c57169fffff,E23_N418,validation,14985,26846.503,9848,14733.7019,941.6409073979012
h3_r8,88b2c5716bfffff,E23_N418,validation,3575,6392.0277,2081,3120.3177,941.5500614083139
h3_r8,88b2c57215fffff,E24_N418,train,0,0.0,29,43.3254,940.777658232546
h3_r8,88b2c57221fffff,E23_N418,validation,3264,5118.8855,2564,3776.4445,941.0925716076745
h3_r8,88b2c57223fffff,E23_N418,validation,2601,4490.5594,2498,3881.5013,941.0017379426863
h3_r8,88b2c57225fffff,E23_N418,validation,11516,17758.9272,7919,11517.336800000001,941.1672446127632
h3_r8,88b2c57229fffff,E23_N418,validation,2550,3885.6265,1909,2781.7682,941.1087178236921
h3_r8,88b2c5722bfffff,E23_N418,validation,9,14.8584,79,120.06110000000001,941.0178885119385
h3_r8,88b2c5722dfffff,E23_N418,validation,9391,14649.3638,7403,10966.1929,941.1834008398582
h3_r8,88b2c57231fffff,E23_N418,validation,13687,21845.6617,7273,10934.0903,940.836216633732
h3_r8,88b2c57233fffff,E23_N418,validation,28,50.3206,0,0.0,940.7453740804922
h3_r8,88b2c57235fffff,E23_N418,validation,8375,13666.7578,7606,11477.7611,940.9108998607262
h3_r8,88b2c57237fffff,E23_N418,validation,4990,8559.9292,3501,5441.1686,940.8200573712238
h3_r8,88b2c57239fffff,E23_N418,validation,5269,8202.2076,4366,6542.8459,940.8523615418817
h3_r8,88b2c5723dfffff,E23_N418,validation,3111,4848.1442,1659,2571.5176,940.9270547797205
h3_r8,88b2c57261fffff,E23_N418,validation,6317,9228.215,4854,6865.9735,941.2156701872591
h3_r8,88b2c57265fffff,E23_N418,validation,1623,2539.7522,4354,6566.0947,941.2903631293448
h3_r8,88b2c57267fffff,E23_N418,validation,20,33.0021,31,47.7048,941.1995427000802
h3_r8,88b2c5726dfffff,E23_N418,validation,3297,4886.9322999999995,2487,3496.8642,941.3064862484462
h3_r8,88b2c57301fffff,E23_N418,validation,11156,16815.2017,9451,14132.1921,941.482031941996
h3_r8,88b2c57303fffff,E23_N418,validation,300367,419517.2935,339625,488021.51129999995,941.3912030546344
h3_r8,88b2c57305fffff,E23_N418,validation,10629,16056.5204,5079,7365.427,941.5566644449718
h3_r8,88b2c57307fffff,E23_N418,validation,7424,12330.7333,4508,6997.2391,941.4658356569707
h3_r8,88b2c57309fffff,E23_N418,validation,205492,280829.5428,209822,296655.3991,941.498213847226
h3_r8,88b2c5730bfffff,E23_N418,validation,26168,41742.0338,18763,28736.9234,941.4073893215391
h3_r8,88b2c5730dfffff,E23_N418,validation,10644,16482.6978,3556,5512.1377,941.5728563659941
h3_r8,88b2c57311fffff,E23_N418,validation,11343,17324.126800000002,7086,10711.4019,941.2257269193651
h3_r8,88b2c57313fffff,E23_N418,validation,11439,18105.2729,8537,12913.828299999997,941.134889061097
h3_r8,88b2c57315fffff,E23_N418,validation,591694,835693.9298000004,576213,823807.5927999999,941.3003697201493
h3_r8,88b2c57317fffff,E23_N418,validation,5372,9001.7606,3508,5484.8641,941.2095319439541
h3_r8,88b2c57319fffff,E23_N418,validation,25509,39264.4729,20296,30431.3405,941.2419075251091
h3_r8,88b2c5731bfffff,E23_N418,validation,12801,19783.8259,9380,14196.338600000001,941.1510740175145
h3_r8,88b2c5731dfffff,E23_N418,validation,31446,48916.965599999996,21906,33665.4677,941.316560343781
h3_r8,88b2c57321fffff,E23_N418,validation,0,0.0,45,64.9124,941.6150705044856
h3_r8,88b2c57323fffff,E23_N418,validation,8346,13929.981899999999,6756,10264.9591,941.5242374600493
h3_r8,88b2c57327fffff,E23_N418,validation,7314,12734.0149,8621,13102.3224,941.5988397981273
h3_r8,88b2c57329fffff,E23_N418,validation,5866,9245.7943,2362,3527.399,941.6312868268578
h3_r8,88b2c5732bfffff,E23_N418,validation,8987,15290.4599,5077,7751.0436,941.540458143747
h3_r8,88b2c5732dfffff,E23_N418,validation,271,420.08209999999997,33,45.834900000000005,941.7058990834048
h3_r8,88b2c57331fffff,E23_N418,validation,12147,21008.3574,8971,13542.685099999999,941.3587874009972
h3_r8,88b2c57333fffff,E23_N418,validation,4519,7624.7028,2720,4105.0626999999995,941.2679453655146
h3_r8,88b2c57335fffff,E23_N418,validation,21848,35624.1898,17559,26251.4248,941.4333999577211
h3_r8,88b2c57337fffff,E23_N418,validation,6559,11008.902,3174,4919.9857,941.3425580139738
h3_r8,88b2c57339fffff,E23_N418,validation,6287,10523.2637,3957,6437.0746,941.375002412824
h3_r8,88b2c5733bfffff,E23_N418,validation,17877,30056.6986,14656,23001.8762,941.2841647253372
h3_r8,88b2c5733dfffff,E23_N418,validation,12180,20307.149400000002,6519,9886.2487,941.4496249954682
h3_r8,88b2c57341fffff,E23_N418,validation,357270,491118.1237,345450,492014.5497,941.6051970547996
h3_r8,88b2c57343fffff,E23_N418,validation,6838,9490.5816,3724,5431.2207,941.5143813714385
h3_r8,88b2c57345fffff,E23_N418,validation,46859,70174.2972,33318,48849.613900000004,941.6798494809773
h3_r8,88b2c57347fffff,E23_N418,validation,7890,11807.1249,5332,8207.912,941.5890339022735
h3_r8,88b2c57349fffff,E23_N418,validation,10164,13899.8102,10110,13934.584200000007,941.6213458178681
h3_r8,88b2c5734bfffff,E23_N418,validation,32272,48236.6204,27020,39847.935600000004,941.5305345109082
h3_r8,88b2c5734dfffff,E23_N418,validation,205611,275816.7274,199735,284735.4621,941.6960082569858
h3_r8,88b2c57351fffff,E23_N418,validation,35818,52687.717000000004,31662,46138.1723,941.348898474127
h3_r8,88b2c57353fffff,E23_N418,validation,20479,30781.2182,13167,19366.835,941.2580737660173
h3_r8,88b2c57355fffff,E23_N418,validation,21728,31424.556399999998,13484,20261.984500000002,941.4235612123157
h3_r8,88b2c57357fffff,E23_N418,validation,59178,89087.7731,36199,54367.5453,941.3327365950681
h3_r8,88b2c57359fffff,E23_N418,validation,30276,44797.1855,24119,35043.6528,941.3650459774071
h3_r8,88b2c5735bfffff,E23_N418,validation,30798,45390.6407,14051,20762.1933,941.2742256335914
h3_r8,88b2c5735dfffff,E23_N418,validation,24957,37388.324,27285,39579.3035,941.4397187270806
h3_r8,88b2c57361fffff,E23_N418,validation,22130,34374.7972,16610,23772.0555,941.7383086115005
h3_r8,88b2c57363fffff,E23_N418,validation,17890,27851.3427,12198,17660.266900000002,941.6474887677468
h3_r8,88b2c57365fffff,E23_N418,validation,7400,11739.2685,5364,7952.4349,941.8129307760391
h3_r8,88b2c57367fffff,E23_N418,validation,3656,5642.0138,2104,3112.7385,941.7221110430546
h3_r8,88b2c57369fffff,E23_N418,validation,41289,65050.381199999996,52984,77148.13739999999,941.7544917909545
h3_r8,88b2c5736bfffff,E23_N418,validation,27192,42733.971600000004,15807,23957.4713,941.663676321099
h3_r8,88b2c5736dfffff,E23_N418,validation,17023,27197.3467,11973,17734.0491,941.8291239707032
h3_r8,88b2c57a41fffff,E22_N418,train,4806,7732.4933,4012,6381.2584,942.0136159266694
h3_r8,88b2c57a43fffff,E23_N418,validation,3063,5021.3256,2774,4572.9053,941.9227705149096
h3_r8,88b2c57a45fffff,E22_N418,train,1277,2225.5816,969,1632.7009,942.0881271455437
h3_r8,88b2c57a4dfffff,E22_N418,train,1915,3240.2227,1429,2179.8077,942.1044568609796
h3_r8,88b2c57a55fffff,E23_N418,validation,9204,14478.117900000001,7532,12192.3983,941.8319206313463
h3_r8,88b2c57a57fffff,E23_N418,validation,15,23.9363,22,38.1302,941.7410662902985
h3_r8,88b2c57a69fffff,E22_N418,train,4711,7985.9,3733,6266.0979,942.1626281871577
h3_r8,88b2c57a6dfffff,E22_N418,train,2715,3735.4956,1478,2419.3514,942.2371190431295
h3_r8,88b2c57b01fffff,E22_N418,train,6377,10226.1012,5484,9318.4258,942.4113041742239
h3_r8,88b2c57b05fffff,E22_N418,train,2365,3763.7108,1856,3171.0634,942.4857240661513
h3_r8,88b2c57b07fffff,E22_N418,train,579,955.0433,236,391.8016,942.3948666016804
h3_r8,88b2c57b09fffff,E22_N418,train,189,313.5219,37,60.0041,942.4277273424668
h3_r8,88b2c57b0bfffff,E22_N418,train,365,605.826,242,395.95390000000003,942.3368740656879
h3_r8,88b2c57b31fffff,E22_N418,train,134,215.665,68,113.66680000000001,942.2875483469688
h3_r8,88b2c57b37fffff,E22_N418,train,514,855.7828000000001,316,539.5592,942.2710776544409
h3_r8,88b2c57b39fffff,E22_N418,train,4,6.6688,0,0.0,942.3040046518436
h3_r8,88b2c57b3dfffff,E22_N418,train,0,0.0,2,2.9911000000000003,942.3784146342077
h3_r8,88b2c57b41fffff,E22_N418,train,287,484.6834,59,100.8516,942.5349805280566
h3_r8,88b2c57b43fffff,E22_N418,train,37,65.5829,10,17.8679,942.4441361073405
h3_r8,88b2c57b49fffff,E22_N418,train,490,859.3611,383,578.5355,942.5513705284684
h3_r8,88b2c57b4bfffff,E22_N418,train,12,20.6609,19,31.4848,942.4605304617435
h3_r8,88b2c57b57fffff,E22_N418,train,455,775.9126,276,441.6832,942.2624337533489
h3_r8,88b2c5cd33fffff,E22_N420,validation,3052,4623.5874,2003,2849.3215,944.6682743792189
h3_r8,88b2c5cd81fffff,E22_N420,validation,0,0.0,1,1.7663,944.2468724707142
h3_r8,88b2c5cd85fffff,E22_N420,validation,6197,9188.1562,5628,8130.6765000000005,944.3216397352517
h3_r8,88b2c5cd87fffff,E22_N420,validation,1704,2482.1613,1570,2174.9468,944.231003877474
h3_r8,88b2c5cd8dfffff,E22_N420,validation,6776,9922.6505,5209,7545.9501,944.3375037367223
h3_r8,88b2c5cd91fffff,E22_N420,validation,21989,31634.4048,20718,29097.2362,943.9908174314769
h3_r8,88b2c5cd95fffff,E22_N420,validation,16742,23985.8868,15223,21479.6984,944.0655954063404
h3_r8,88b2c5cd97fffff,E22_N420,validation,16584,24149.3261,14712,20922.1535,943.9749496317236
h3_r8,88b2c5cd99fffff,E23_N420,test,796,1159.4423,610,857.6825,944.0066707035294
h3_r8,88b2c5cd9dfffff,E22_N420,validation,39,57.0939,92,132.4356,944.0814586292254
h3_r8,88b2c5cda1fffff,E22_N420,validation,3783,5683.0049,2329,3346.1525,944.3805082797771
h3_r8,88b2c5cda3fffff,E22_N420,validation,10073,15123.1826,6298,9059.9331,944.2898680991493
h3_r8,88b2c5cda5fffff,E22_N420,validation,33243,47967.688200000004,28389,41274.1753,944.455245147401
h3_r8,88b2c5cda7fffff,E22_N420,validation,32780,48461.7554,27875,40138.6932,944.3646052301046
h3_r8,88b2c5cda9fffff,E22_N420,validation,6741,10021.848399999999,4775,6755.2916,944.3963967833552
h3_r8,88b2c5cdabfffff,E22_N420,validation,3,4.247199999999999,43,60.8623,944.3057611870463
h3_r8,88b2c5cdb1fffff,E22_N420,validation,17835,25907.4885,14325,20988.7337,944.1244754688814
h3_r8,88b2c5cdb3fffff,E22_N420,validation,45375,69316.1489,36744,54308.833399999996,944.0338253658265
h3_r8,88b2c5cdb5fffff,E22_N420,validation,280,412.0886,4278,5820.4771,944.1992230765754
h3_r8,88b2c5cdb7fffff,E22_N420,validation,311508,451118.58100000006,316031,441677.052,944.1085732249776
h3_r8,88b2c5cdb9fffff,E22_N420,validation,4070,5834.7401,3252,4591.9665,944.1403631783323
h3_r8,88b2c5cdbbfffff,E22_N420,validation,16781,24205.2508,16749,24450.9281,944.0497176519712
h3_r8,88b2c5cdbdfffff,E22_N420,validation,297,435.4975,110,158.9389,944.2151207461138
h3_r8,88b2c5cdd7fffff,E22_N420,validation,1068,1548.9788,831,1181.9774,944.0973073181231
h3_r8,88b2c5cde1fffff,E22_N420,validation,21465,33100.8539,20356,30160.9888,944.5028968801489
h3_r8,88b2c5cde3fffff,E22_N420,validation,1,1.6992,0,0.0,944.4122707388015
h3_r8,88b2c5cde5fffff,E22_N420,validation,11667,17443.9563,10765,15814.7831,944.5776533901226
h3_r8,88b2c5cde7fffff,E22_N420,validation,3653,5417.2033,3689,5196.4921,944.4870275200228
h3_r8,88b2c5cde9fffff,E22_N420,validation,3662,5309.2609999999995,2906,4164.8156,944.5187516844016
h3_r8,88b2c5cdebfffff,E22_N420,validation,4611,6926.2662,5667,8230.5397,944.4281301448354
h3_r8,88b2c5cdedfffff,E22_N420,validation,1432,2104.5388,1326,1884.9514,944.5935181448585
