unit_id,origin_trip_count,origin_expanded_mass,destination_trip_count,destination_expanded_mass,unit_x_32719,unit_y_32719,unit_area_km2,unit_bbox_span_m,geometry_source,support_endpoint_count,support_x_32719,support_y_32719,support_bbox_span_m,representation,tile_id,partition
0,51429,73245.2129,23707,34090.7161,334771.64413174184,6292492.32424998,1.1103985688360956,2039.5593764827356,official_shapezona777,75136.0,334868.3071896295,6292850.445099553,1886.0,zona777,E22_N419,train
1,28839,47012.6106,24460,36010.5768,344118.2183923484,6302811.854128011,0.5746533564630746,1221.423961211869,official_shapezona777,53299.0,343932.389481979,6302847.888778402,1473.0,zona777,E22_N420,validation
10,40418,65492.7497,34511,51492.0785,342452.2969712653,6306446.5621588975,0.9110522151225084,1331.7756765686208,official_shapezona777,74929.0,342667.4274313016,6306558.650495803,1509.0,zona777,E22_N420,validation
100,46155,69185.1341,22255,33160.0341,341205.56149273843,6300613.943524592,0.8059088842003352,1212.0302322171628,official_shapezona777,68410.0,341243.8416459582,6300712.43787458,1457.0,zona777,E22_N420,validation
101,19140,30653.8862,20712,30535.5658,341663.5683828388,6300176.602085679,0.7070761302860362,1261.861893653404,official_shapezona777,39852.0,341683.1401435311,6300285.687016963,1059.0,zona777,E22_N420,validation
102,35019,51147.7738,25364,37545.3344,342481.4900936455,6300147.86119011,0.4461600709305608,995.7420015744864,official_shapezona777,60383.0,342594.84015368565,6300053.697050494,1536.0,zona777,E22_N420,validation
103,49747,68921.207,22110,31867.8832,342906.1333042147,6299985.05024435,0.3238386680322725,1032.5360896373168,official_shapezona777,71857.0,342961.9134670248,6299714.809955885,1324.0,zona777,E22_N419,train
104,54667,78159.2797,37087,54669.2465,343279.38597018644,6298754.455093979,0.9545605589194306,1160.4327031600403,official_shapezona777,91754.0,343241.2326765046,6298898.147197942,1354.0,zona777,E22_N419,train
105,18721,29218.694600000003,20110,29125.0802,340669.7705766653,6299758.972201464,0.6461507793939579,1152.5237889247364,official_shapezona777,38831.0,340683.55164688005,6299889.8925858205,1157.0,zona777,E22_N419,train
106,21950,34146.4962,17745,26062.6068,341809.3646027574,6299698.801281048,0.4273715220253368,1508.2011581889235,official_shapezona777,39695.0,341632.1650837637,6299743.721778561,1641.0,zona777,E22_N419,train
107,15566,22025.1088,9789,14215.0749,340359.3911408632,6299348.469596002,0.3989352183628682,773.9590860884637,official_shapezona777,25355.0,340350.25040425954,6299525.221928613,1094.0,zona777,E22_N419,train
108,33001,47287.5825,28507,41196.223,341122.86474987515,6299160.730980478,0.6032762140617168,1300.0117932761204,official_shapezona777,61508.0,341262.12169148726,6299423.806919425,1380.0,zona777,E22_N419,train
109,132699,183408.4087,144989,206959.3044,341684.7411175859,6298785.662886281,0.3877159724922895,863.9758934988058,official_shapezona777,277688.0,341301.6848657486,6298470.951189824,907.0,zona777,E22_N419,train
11,138762,195867.2042,160785,232515.7066,343329.59404163924,6306406.650315538,0.7225366092615276,1694.1165404376225,official_shapezona777,299547.0,343320.8666619929,6306184.948111649,2115.0,zona777,E22_N420,validation
110,211851,301350.89660000004,279857,398444.3212,342504.8336645013,6299143.346142752,0.816795027967254,1246.3119159514315,official_shapezona777,491708.0,342723.42584013275,6298972.410025869,1398.0,zona777,E22_N419,train
111,44978,64573.4019,36958,54156.2809,341630.68925506994,6298096.333372563,0.5877045864745006,1076.2260205354542,official_shapezona777,81936.0,341675.87812438974,6298343.150336849,1519.0,zona777,E22_N419,train
112,57978,84105.7204,37526,54831.9147,342357.44582922175,6298402.109703163,0.7812104167637663,1094.171451613307,official_shapezona777,95504.0,342313.3272742503,6298538.854519183,1445.0,zona777,E22_N419,train
113,21296,30337.0667,9013,13597.974400000001,338469.7551789704,6298676.86394982,0.3398270777291264,611.8918318906799,official_shapezona777,30309.0,338471.3518096935,6298875.824573559,1154.0,zona777,E22_N419,train
114,34283,42383.752700000005,21608,31109.2545,339468.3903218215,6298337.429147225,0.3754396876124729,751.1669234210858,official_shapezona777,55891.0,339749.5636148933,6298148.694369397,1072.0,zona777,E22_N419,train
115,743,1115.3053,318,446.4895,340337.4494814863,6298657.984141877,0.3936212060185721,936.8246451063314,official_shapezona777,1061.0,340317.84071630536,6298689.080113101,836.0,zona777,E22_N419,train
116,86267,118411.1874,102454,147472.3579,340280.3478586342,6298350.10020663,0.2370630929191007,946.0736308165942,official_shapezona777,188721.0,340363.9924703663,6298231.4695131965,1343.0,zona777,E22_N419,train
117,300122,404519.11130000005,286188,409162.0524,341031.19057477766,6297956.891248535,0.6577220859789755,1553.6733861510877,official_shapezona777,586310.0,339915.87718271906,6298038.982857192,2291.0,zona777,E22_N419,train
118,54555,72325.3386,38309,54566.9403,338715.5780835188,6297755.048038522,0.4048925248585091,812.147410649748,official_shapezona777,92864.0,338909.3430285148,6297936.098897312,1328.0,zona777,E22_N419,train
119,87079,121370.0852,98541,141267.5767,339474.1470233458,6297809.782997776,0.4686390962984212,821.8460538201034,official_shapezona777,185620.0,339828.2645350717,6297475.419604569,1485.0,zona777,E22_N419,train
12,20633,31047.9794,20695,30697.643500000002,343675.7443033623,6305980.478672021,0.5542379553664272,1131.6166477992665,official_shapezona777,41328.0,343674.0372144793,6305937.741966706,1142.0,zona777,E22_N420,validation
120,11062,14450.9296,8750,12503.8657,340326.9990495391,6297715.293003728,0.576774085792072,1004.1125270568882,official_shapezona777,19812.0,340205.5390167575,6297378.115334141,973.0,zona777,E22_N419,train
121,13011,17245.2878,11571,16435.9483,339516.31231357483,6297160.176102448,0.4755771240926652,904.6831838373328,official_shapezona777,24582.0,339445.03616467334,6297250.329021235,1235.0,zona777,E22_N419,train
122,3177,4501.4339,6265,9209.2856,340101.3587835446,6297038.328057304,0.1893802189822721,642.5979980221018,official_shapezona777,9442.0,340165.64732048294,6297055.285532726,1258.0,zona777,E22_N419,train
123,568201,761679.1303999998,466512,661354.9054,340758.4460974146,6297033.725902512,0.7697372593689963,1262.7705581138143,official_shapezona777,1034713.0,341382.9417297357,6296737.450839992,1999.0,zona777,E22_N419,train
124,17707,23626.7409,11368,16296.017,341202.86268220615,6297267.648728314,0.2248467056702985,584.6998911256087,official_shapezona777,29075.0,341041.90961306967,6297462.506208083,1001.0,zona777,E22_N419,train
125,18515,28410.2012,14709,21735.4925,334663.3576751795,6298953.664179927,1.1442565835548126,1394.925569443032,official_shapezona777,33224.0,334720.5298880328,6298900.199494341,1644.0,zona777,E22_N419,train
126,24845,35809.7818,26635,38515.7031,336344.6125955637,6299278.055773512,0.5307622196844417,1157.442850857624,official_shapezona777,51480.0,336490.9163558664,6299461.043104118,1679.0,zona777,E22_N419,train
127,48264,68295.01209999999,25209,36929.631199999996,336876.53699341987,6299219.258969289,0.3984361684253306,770.651433875144,official_shapezona777,73473.0,337120.7460019327,6299232.364419582,1300.0,zona777,E22_N419,train
128,13831,19630.2037,9319,13891.1889,337873.7694283911,6299286.234168989,0.2208829947560159,690.3447323423461,official_shapezona777,23150.0,338015.3304535637,6299053.019697624,987.0,zona777,E22_N419,train
129,1761,2418.982,1375,1986.7821,336317.55557965534,6298669.306304688,0.3576635204071534,856.685248285532,official_shapezona777,3136.0,336530.247130102,6298616.921237245,766.0,zona777,E22_N419,train
13,28050,44979.8601,21641,31902.7116,344343.7328964614,6305780.316598402,0.564791305042956,1112.8707595951855,official_shapezona777,49691.0,344446.515666821,6305721.611237448,1222.0,zona777,E22_N420,validation
130,311986,432338.5799,316197,449573.1097,337373.0423287279,6298561.382411554,0.771901356641422,1526.625957319804,official_shapezona777,628183.0,338082.68210537377,6298058.516327249,2069.0,zona777,E22_N419,train
131,3010,4267.2835,2454,3911.3167999999996,337945.79252220376,6298586.439843333,0.381636636587754,823.9884311994538,official_shapezona777,5464.0,338148.6923499268,6298831.399158126,836.0,zona777,E22_N419,train
132,62977,90395.602,44347,63975.3174,336721.8137097804,6298012.68870835,0.4997460425237465,1373.3952995822765,official_shapezona777,107324.0,336714.7887704521,6298150.697150684,1342.0,zona777,E22_N419,train
133,26371,36263.3481,17832,27138.8189,337863.3944382088,6297684.221056361,0.5061290620466755,1047.2720417330274,official_shapezona777,44203.0,337842.25360269664,6297939.579779653,1246.0,zona777,E22_N419,train
134,27189,39226.5389,51828,74352.5605,338154.34084412304,6296885.345795756,0.9487672644019596,1849.7119829461444,official_shapezona777,79017.0,337891.9896604528,6296730.305073592,2017.0,zona777,E22_N419,train
135,87500,136045.9173,76048,112893.2921,335562.39085946075,6300650.2056237925,2.806641802722812,2968.532046507462,official_shapezona777,163548.0,336252.7242522073,6300658.013488395,2211.0,zona777,E22_N420,validation
136,36575,54962.6738,32733,48181.1713,336938.94510738633,6300770.269039236,0.4766069832444546,1477.4787622839212,official_shapezona777,69308.0,336953.0776966584,6300909.621876262,1498.0,zona777,E22_N420,validation
137,54581,85851.7343,45688,68328.9763,337282.77887216664,6301034.618884329,0.8329706122832079,1570.9437420070171,official_shapezona777,100269.0,337447.7053924942,6301222.146745255,1584.0,zona777,E22_N420,validation
138,37865,59489.4571,34017,50547.0491,338660.37782930944,6301085.218451224,0.7036459274407124,1351.251703094691,official_shapezona777,71882.0,338583.8770067611,6301243.337080215,1917.0,zona777,E22_N420,validation
139,19090,31219.272,16512,24442.5987,339427.965125547,6301582.48553644,0.563586192545273,1077.7188475626754,official_shapezona777,35602.0,339495.9471939779,6301519.5258412445,1294.0,zona777,E22_N420,validation
14,7795,11985.724400000001,7280,10556.9219,344816.5464750873,6305683.000039186,0.3095288796510884,771.090860683471,official_shapezona777,15075.0,344878.5265008292,6305627.976716418,1005.0,zona777,E22_N420,validation
140,3956,5939.4831,440,708.8811000000001,340110.9820316202,6301168.082731618,0.4480651904014708,963.9428448127584,official_shapezona777,4396.0,340104.5621019108,6301577.578707917,276.0,zona777,E22_N420,validation
141,21955,34283.6785,20053,30048.1254,337842.964549448,6300760.608893226,0.342234007167249,714.4951538424939,official_shapezona777,42008.0,337846.7388354599,6300746.913921158,1241.0,zona777,E22_N420,validation
142,9767,14778.5201,14644,21621.2931,339306.1874306714,6300960.825066463,0.3085344077621258,839.2757045907201,official_shapezona777,24411.0,339249.279464176,6300825.092908935,860.0,zona777,E22_N420,validation
143,48858,73332.6801,36093,52954.3499,339900.5764031163,6300294.383390402,0.7231175399597616,1186.795545621775,official_shapezona777,84951.0,340044.4819719603,6300319.796824051,1424.0,zona777,E22_N420,validation
144,46765,74320.1681,35795,53145.3341,338027.48548256146,6300355.8579310775,0.2299226530192768,530.4760120436549,official_shapezona777,82560.0,338200.44742005813,6300420.615152616,936.0,zona777,E22_N420,validation
145,23273,37303.5787,26099,38266.3655,338932.1318238557,6300293.892087681,0.5023216202977367,1362.613720960915,official_shapezona777,49372.0,338875.87606335577,6300403.539921413,1602.0,zona777,E22_N420,validation
146,9656,14697.1471,24848,35908.3827,338454.2754380192,6299201.72846541,0.2555074889527534,584.5446749645052,official_shapezona777,34504.0,338406.1214062138,6299060.809413401,829.0,zona777,E22_N419,train
147,37632,54360.6673,24967,36464.082,339611.84795658546,6299540.902959194,0.3902446566370659,959.58029448241,official_shapezona777,62599.0,339753.8209875557,6299567.917027429,1427.0,zona777,E22_N419,train
148,16993,23226.0113,15872,23017.233500000002,339589.2337461483,6299144.47553057,0.3815157200809993,879.511032751936,official_shapezona777,32865.0,339949.78125665605,6299044.547299559,903.0,zona777,E22_N419,train
149,27199,41128.2664,20983,30781.4791,340714.8858837342,6293050.947231203,2.6937339078007545,2511.585392211564,official_shapezona777,48182.0,340683.2181727616,6292972.07181105,2727.0,zona777,E22_N419,train
15,31484,47410.0456,19370,28386.112100000002,345494.74405785755,6305687.712728621,0.4089007534307107,786.718655901961,official_shapezona777,50854.0,345478.7319778189,6305714.083316946,1467.0,zona777,E23_N420,test
150,205858,286331.97589999996,179793,251256.14029999997,341926.84080900333,6293825.928358911,1.214897460786493,1868.3229616632448,official_shapezona777,385651.0,342398.6764769183,6293827.138804256,1808.0,zona777,E22_N419,train
151,93257,140172.0157,84227,124183.3442,342382.4070918185,6292976.93274008,3.324829383038133,3345.2446583397686,official_shapezona777,177484.0,342120.53583421605,6293229.431114918,3939.0,zona777,E22_N419,train
152,43099,65494.6363,30949,45555.8685,338691.74549317686,6292358.30474749,0.8392963385615964,1417.3133694017306,official_shapezona777,74048.0,338645.2068658168,6292394.517826275,1747.0,zona777,E22_N419,train
153,38926,63653.2769,43891,64779.0841,339871.40640769084,6292301.478753462,0.8475855899423577,1471.37081610132,official_shapezona777,82817.0,339940.71213639714,6292591.686779285,2190.0,zona777,E22_N419,train
154,11596,17890.3992,12239,17928.0119,340148.3975857211,6291206.639250327,0.5697429198212013,1465.8954211450182,official_shapezona777,23835.0,340170.3772603315,6291082.933417244,1794.0,zona777,E22_N419,train
155,19545,30807.5293,13438,20429.4392,338875.63716656447,6290995.555200506,0.5921470390904677,1007.3658216254552,official_shapezona777,32983.0,338873.7623927478,6291111.623351423,1469.0,zona777,E22_N419,train
156,27854,44818.4803,33730,51649.3432,340932.71757795487,6289540.749574412,1.6410089668959291,1760.1511148726568,official_shapezona777,61584.0,340751.2876396467,6289940.19201416,2006.0,zona777,E22_N419,train
157,29103,45191.6391,16794,25533.2527,333720.29745094577,6294086.6482326565,16.27325479871754,6932.062418764806,official_shapezona777,45897.0,336499.77931019454,6294474.350676515,3518.0,zona777,E22_N419,train
158,44534,60760.293,43187,61992.0595,339009.330590628,6294716.78158045,1.0435399631057318,1794.708999387687,official_shapezona777,87721.0,338955.3926083834,6294780.769678868,2207.0,zona777,E22_N419,train
159,37646,57877.0892,35246,51912.3672,335399.2080345305,6292016.709348174,1.2985775201422185,1531.745410787058,official_shapezona777,72892.0,335467.9063408879,6291958.764363716,1737.0,zona777,E22_N419,train
16,19046,29397.643399999997,14398,21718.2974,342778.908116042,6305700.180435926,0.5180772395825134,1196.57120454486,official_shapezona777,33444.0,342789.3895168042,6305755.287346011,1482.0,zona777,E22_N420,validation
160,41791,63249.5228,46833,67861.07800000001,336436.4102315565,6292303.071763428,0.5991162633567034,1040.6320938561112,official_shapezona777,88624.0,336719.10883056506,6292227.876060661,1511.0,zona777,E22_N419,train
161,136698,188430.8793,148024,211214.703,337013.1203081763,6292178.921794808,0.5554401483489786,1153.31751535926,official_shapezona777,284722.0,336774.2590772754,6292260.656001292,1475.0,zona777,E22_N419,train
162,111192,170914.2915,129693,184502.981,337505.29590794886,6292545.048896468,0.5867259639616961,1428.105403731577,official_shapezona777,240885.0,337202.8746953941,6292947.26502688,1760.0,zona777,E22_N419,train
163,19199,28787.2818,22309,33047.86,337499.1565671113,6291412.137498994,0.6716344876263228,1172.2510793870315,official_shapezona777,41508.0,337483.4786306254,6290912.567866435,1689.0,zona777,E22_N419,train
164,30610,46435.2518,23671,35101.5395,337982.1057471973,6291356.201749576,0.4691628272363132,1471.1532306419683,official_shapezona777,54281.0,337845.94288977725,6291297.010887788,1857.0,zona777,E22_N419,train
165,72128,109861.4543,50640,74246.7739,335450.9418859304,6291285.6557624005,1.0923838021379175,1474.7128724383656,official_shapezona777,122768.0,335257.0177326339,6290946.702055911,1568.0,zona777,E22_N419,train
166,37535,58653.852199999994,45329,67349.5155,335227.3432876193,6290619.721146391,0.7834396626937474,1147.418482771085,official_shapezona777,82864.0,335195.1659224754,6290707.810846688,1548.0,zona777,E22_N419,train
167,20871,32828.8566,30675,44832.9434,335476.0260990027,6289687.550436728,0.7304188558785885,1504.575243846106,official_shapezona777,51546.0,335391.7550925387,6289812.953400846,1624.0,zona777,E22_N419,train
168,80670,118073.147,77045,116616.1832,336286.5286849915,6290260.895002919,1.1821004856515087,1314.882815087214,official_shapezona777,157715.0,336478.76479726087,6290432.704676156,1640.0,zona777,E22_N419,train
169,37574,58517.6549,30446,46063.1137,337243.14837886475,6289768.335903169,1.6050434189578575,1834.122005596757,official_shapezona777,68020.0,337325.43218171125,6290166.460673331,2713.0,zona777,E22_N419,train
17,19115,27759.7291,13380,19762.8396,343085.5926991985,6304932.26377173,0.8594869942454888,1358.7617633699556,official_shapezona777,32495.0,342913.7386674873,6305107.942575781,1288.0,zona777,E22_N420,validation
170,44157,70873.77620000001,39667,58556.395,337838.72758339345,6289655.594839809,1.1530385671968977,2741.93626824941,official_shapezona777,83824.0,338337.2273453904,6290041.699167303,2858.0,zona777,E22_N419,train
171,32399,49933.0017,36119,53038.3692,335296.36924526235,6289036.711036799,0.7388557666636963,1028.3329562298022,official_shapezona777,68518.0,335276.89929653524,6289134.957076972,1386.0,zona777,E22_N419,train
172,73513,111630.4674,26607,38877.551699999996,334226.73253440665,6289311.691100704,1.0963838557944834,1251.127746299724,official_shapezona777,100120.0,334295.0085497403,6289370.36504195,1309.0,zona777,E22_N419,train
173,8696,13451.912400000001,11765,17413.0566,348499.46937075263,6299926.248866943,1.17747756089079,1526.7454706756398,official_shapezona777,20461.0,348414.4668393529,6299609.732515518,1423.0,zona777,E23_N419,train
174,33704,53525.2007,48405,71144.4777,349767.1005881001,6301312.097387194,2.409716294813497,2899.323155265301,official_shapezona777,82109.0,349965.53648199345,6301129.870257828,1785.0,zona777,E23_N420,test
175,1294538,1700188.657399999,1433908,1956355.6708000004,349691.2218860617,6300127.541258968,0.8670685280923031,1381.5530462969327,official_shapezona777,2728446.0,349712.46990374743,6300222.679434007,1587.0,zona777,E23_N420,test
176,253907,376716.0991,165552,234598.956,350342.5551395234,6300929.63250388,0.4340153457547031,1560.536579668522,official_shapezona777,419459.0,350591.1217902107,6301025.229564749,1652.0,zona777,E23_N420,test
177,34564,47049.5161,27187,38234.5907,348370.20717255754,6298876.107474759,0.4271038084939212,936.7870244886726,official_shapezona777,61751.0,348381.2426357468,6299059.854982106,1174.0,zona777,E23_N419,train
178,544806,737144.1262000002,588700,806398.7420999999,349144.2258495521,6299401.606950541,1.0599797635065342,1291.2667511422187,official_shapezona777,1133506.0,348860.27130072535,6299460.755195826,1794.0,zona777,E23_N419,train
179,913286,1197756.0029999998,1024332,1401679.1173000003,350535.8044815357,6300222.902973481,0.71933439871062,1304.699029690586,official_shapezona777,1937618.0,350345.5757904809,6300726.224622707,1830.0,zona777,E23_N420,test
18,16229,23159.6381,14789,21783.4258,343795.95926286,6305220.284077894,0.5990054253285486,982.7171309310944,official_shapezona777,31018.0,343676.96830872394,6305121.056257657,1249.0,zona777,E22_N420,validation
180,121106,157769.9567,127914,178879.2999,351372.7195863648,6300491.121343,0.991432310017792,1386.1377253223327,official_shapezona777,249020.0,351072.4246927958,6300939.795430086,1872.0,zona777,E23_N420,test
181,512456,708934.2791000002,592204,827194.9367,348525.0542585865,6298231.621509795,0.5134232950807965,980.61104805395,official_shapezona777,1104660.0,348431.6365488024,6298176.530302537,1427.0,zona777,E23_N419,train
182,103912,143000.5554,95247,130524.37150000001,349364.67070477706,6298367.895245768,0.933950648916341,1301.8633642182683,official_shapezona777,199159.0,349271.0055935208,6298521.668054168,1764.0,zona777,E23_N419,train
183,298832,400719.05840000004,338775,464239.4106,350199.3085677691,6298902.760218522,1.1154268165040873,1669.5064805857835,official_shapezona777,637607.0,350443.8888563018,6298914.050437025,1846.0,zona777,E23_N419,train
184,93767,132525.668,84142,116404.22780000001,350837.93228914606,6299173.822815077,0.9525171118163932,1724.85040150024,official_shapezona777,177909.0,350759.6940402116,6299055.256254602,2027.0,zona777,E23_N419,train
185,37657,53926.3424,20676,29149.369,351775.5601467325,6299886.864267891,0.7023108543213673,1648.332164819003,official_shapezona777,58333.0,351324.5294773113,6299865.1238235645,2130.0,zona777,E23_N419,train
186,111126,145828.86949999997,72584,100047.19470000001,351680.97568420536,6299084.53208513,1.0161514393524698,1549.3989092713457,official_shapezona777,183710.0,351864.56140656467,6299281.832594851,2025.0,zona777,E23_N419,train
187,36903,49508.081499999986,25061,35142.507099999995,352146.9988985737,6298785.017956217,1.0200218156379248,2018.440814693284,official_shapezona777,61964.0,352046.3832709315,6299127.497224195,2113.0,zona777,E23_N419,train
188,45779,66036.341,54076,75590.4815,351373.3725863256,6302596.985027634,0.9429381038291604,1935.1161564710785,official_shapezona777,99855.0,351513.47945521004,6302734.497601522,1733.0,zona777,E23_N420,test
189,127976,178011.5927,66323,93601.6361,351528.1795309214,6303533.174777992,1.5837531767784283,1685.4890012653775,official_shapezona777,194299.0,352001.0174370429,6303331.020658881,2238.0,zona777,E23_N420,test
19,50214,78127.68980000001,40285,59287.4707,344551.4875206832,6304596.324532353,0.6741890143972759,1642.226269904524,official_shapezona777,90499.0,344655.05983491533,6304700.759433806,1800.0,zona777,E22_N420,validation
190,31297,46106.275499999996,33092,44998.1664,352263.3576632376,6304139.953005432,1.0916339773988843,1965.364043700276,official_shapezona777,64389.0,352373.1864293591,6303944.829163366,2448.0,zona777,E23_N420,test
191,37293,55502.9974,20410,28600.7066,352666.76509392064,6304695.929927895,1.565189433293338,1997.8066031453784,official_shapezona777,57703.0,353226.23284751223,6304435.0718333535,2394.0,zona777,E23_N420,test
192,51162,70767.3894,37423,51182.445,353531.6376364402,6305096.466311475,1.0370772536507629,1508.755086983554,official_shapezona777,88585.0,353532.24930857366,6305169.7854828695,1856.0,zona777,E23_N420,test
193,65476,96952.35960000001,38756,53648.634900000005,354870.11523868906,6305178.570266491,1.7056879910238434,1988.4197757707443,official_shapezona777,104232.0,354583.74047317525,6304989.901095632,2424.0,zona777,E23_N420,test
194,38846,57475.2499,33546,47264.8112,356098.40750466567,6305651.026005785,1.147148345521354,1973.821585185011,official_shapezona777,72392.0,356033.0791662062,6305363.267128965,1939.0,zona777,E23_N420,test
195,131080,194106.2769,113718,158210.7647,353337.0509789918,6303598.690455986,1.000864070298658,1586.316506634641,official_shapezona777,244798.0,353047.53722661134,6303549.281865048,2296.0,zona777,E23_N420,test
196,14993,21762.0315,60782,84787.5104,354231.5132224283,6304044.585443387,0.7339783808421768,1219.4574400587007,official_shapezona777,75775.0,354009.7464071264,6304215.184414385,1350.0,zona777,E23_N420,test
197,21919,31770.7138,41271,58071.5477,354955.6227229481,6304595.363619889,0.565617511288436,1393.484668880934,official_shapezona777,63190.0,355238.22695046687,6304837.943392942,1733.0,zona777,E23_N420,test
198,21840,32961.7419,22003,31249.46,356478.363117029,6304994.609932876,0.9625571339002412,1621.733118861448,official_shapezona777,43843.0,356601.83094222564,6304908.669114796,2195.0,zona777,E23_N420,test
199,131894,185304.3664,16866,24644.491899999997,357671.85838397336,6305857.274403599,0.7662549937810913,1870.608290716249,official_shapezona777,148760.0,357742.119783544,6305583.730485345,2186.0,zona777,E23_N420,test
2,7569,11382.8547,12163,17955.014,345634.1358386022,6302579.717532306,0.8410746366275389,1395.3666029460728,official_shapezona777,19732.0,345543.50815933506,6302626.91551794,1013.0,zona777,E23_N420,test
20,34506,50057.2162,27310,40232.7523,345380.201614963,6304838.878411807,0.6752728997847591,1118.9931938842635,official_shapezona777,61816.0,345356.4214281092,6305031.281804063,1658.0,zona777,E23_N420,test
200,15292,22115.5878,19760,27228.322,354050.183481247,6306578.942302169,12.3742677074912,7548.145075770502,official_shapezona777,35052.0,353387.15511240443,6305616.482055232,2923.0,zona777,E23_N420,test
201,49108,68358.0885,17645,24814.1727,355400.6199014615,6304341.217057548,0.513209128015401,1403.1248508746503,official_shapezona777,66753.0,355161.2567375249,6304158.479978428,1592.0,zona777,E23_N420,test
202,67947,99856.5246,69981,97475.97429999999,356899.0697909078,6308288.596903562,5.831944993670688,3336.2692966302857,official_shapezona777,137928.0,356565.48101183225,6308477.973536918,3687.0,zona777,E23_N420,test
203,4402,7530.7728,7348,10833.9033,361208.8682527093,6308287.873733385,1.7802676227495329,2259.223213358025,official_shapezona777,11750.0,360428.1161702128,6307547.322382979,1025.0,zona777,E24_N420,train
204,114479,166388.87579999998,49543,71392.2037,359693.383050306,6306916.733781455,1.3847113890749287,3280.8393101450056,official_shapezona777,164022.0,359913.78480935487,6306893.386045774,2506.0,zona777,E23_N420,test
206,1258925,1671285.2167999991,1472045,2024960.4613000005,351700.9623259166,6301910.60316869,1.7745900664328216,2068.8192218359327,official_shapezona777,2730970.0,351136.17565517017,6301222.358647293,3088.0,zona777,E23_N420,test
207,142960,193331.1977,105873,148538.3558,353193.49099696765,6302188.331446027,1.1226246847687888,1873.0881936224175,official_shapezona777,248833.0,353250.6725675453,6302049.135540704,2320.0,zona777,E23_N420,test
208,121417,168196.9503,147545,204736.39709999997,353839.0745467086,6303032.942290427,1.2950915619765302,2314.8962610088056,official_shapezona777,268962.0,353444.3252355352,6303064.106338442,1778.0,zona777,E23_N420,test
209,6048,9925.8614,41409,57406.2756,354968.10616086103,6303757.545945763,0.6818760054010166,1489.8394770073355,official_shapezona777,47457.0,354894.42876709445,6303898.513117137,1732.0,zona777,E23_N420,test
21,13520,21064.0776,14333,21221.586,343202.72250513313,6303988.05112657,0.4453896742276997,1264.705059511587,official_shapezona777,27853.0,343230.2000502639,6304131.5181488525,1527.0,zona777,E22_N420,validation
210,141211,194249.1987,125405,174040.8754,356103.228727161,6304254.543818606,0.7051446087842859,1531.361170086544,official_shapezona777,266616.0,356310.7630599814,6304178.600035257,1368.0,zona777,E23_N420,test
211,31277,44561.1716,76791,104812.4368,357314.4600042605,6304681.578643103,0.8577485332155785,1440.2157522327034,official_shapezona777,108068.0,357098.2712458822,6304873.827553022,1517.0,zona777,E23_N420,test
212,7204,12194.1953,65057,89862.0776,360046.4298486421,6306273.164399819,2.0775848657985434,2443.443959127704,official_shapezona777,72261.0,359487.5860699409,6306580.485337872,2457.0,zona777,E24_N420,train
213,836462,1090315.7373,900095,1220851.1207,354946.1582913657,6302957.820579538,0.9185484161480268,1705.099138565245,official_shapezona777,1736557.0,354289.90463946766,6302307.307069103,1865.0,zona777,E23_N420,test
214,506719,658932.826,564185,760633.9177,352019.35140947974,6301267.431299243,0.7906526881435884,1742.5848028307082,official_shapezona777,1070904.0,351891.14174193016,6301448.990397832,1931.0,zona777,E23_N420,test
215,589600,769756.4142000001,589839,803034.6651999999,353309.6631457784,6301280.902371477,0.8912834095335314,1348.770281254314,official_shapezona777,1179439.0,352718.37988908286,6301638.909761336,1739.0,zona777,E23_N420,test
216,167461,217893.0856,102081,139047.99850000002,353997.05028664856,6301711.580330677,0.7134522548441058,1089.8219350297004,official_shapezona777,269542.0,354061.1007746474,6301963.532955903,1760.0,zona777,E23_N420,test
217,219392,292842.3297,246347,336963.1236,355011.58079643873,6301865.293908803,1.3062917929383489,1424.6604881496169,official_shapezona777,465739.0,355253.6044050423,6302345.224119089,2132.0,zona777,E23_N420,test
218,36994,52629.387,93518,127087.77839999998,355648.1101573735,6302979.045955565,0.9234739266619764,1607.214622032072,official_shapezona777,130512.0,355672.1895840996,6303314.808009991,2130.0,zona777,E23_N420,test
219,58401,77242.02529999998,38134,52740.0695,356421.489736713,6303097.49076019,1.349569993484916,1959.594531212002,official_shapezona777,96535.0,356321.9618480344,6302649.755891645,2327.0,zona777,E23_N420,test
22,12408,19807.9798,6942,10682.0726,343673.6757048402,6304282.620812725,0.5358029240757421,1069.0886025065556,official_shapezona777,19350.0,343866.6318346253,6304310.846356589,993.0,zona777,E22_N420,validation
220,32725,46267.8085,25176,34441.3487,359065.5516115341,6304531.778790148,3.636334099070815,3614.500457076181,official_shapezona777,57901.0,358938.3722733632,6304138.753372136,3386.0,zona777,E23_N420,test
221,150662,204885.551,186770,257458.7327,352396.97733680834,6300711.509221112,0.7324623148290675,1660.7766826783773,official_shapezona777,337432.0,352177.6253141374,6300369.953884042,1612.0,zona777,E23_N420,test
222,375222,513626.4318,347113,478437.15209999995,356208.4759079206,6301791.492395287,1.0898071196162076,1303.2196224032668,official_shapezona777,722335.0,356354.00197830645,6302338.910745014,1738.0,zona777,E23_N420,test
223,31552,44831.4044,19889,28069.6559,356920.05411949044,6302106.906573139,0.4383486795963334,980.3689757324756,official_shapezona777,51441.0,356965.1663070313,6301714.357769094,1032.0,zona777,E23_N420,test
224,186081,250764.91309999998,229180,316608.1601,352987.20139467,6300031.558489965,0.8886645144061682,1522.5657927719876,official_shapezona777,415261.0,352795.26014964085,6299884.105102574,1827.0,zona777,E23_N420,test
225,29856,43379.35,43771,60930.9208,353996.11254406825,6300864.314189224,1.0201541744555558,1404.587133895373,official_shapezona777,73627.0,353863.9296046288,6300895.56866367,1920.0,zona777,E23_N420,test
226,47737,67630.1542,34756,48782.1511,355061.87740867405,6300971.872731366,0.8126724205152164,1090.9144929084578,official_shapezona777,82493.0,354944.5595141406,6301283.133720437,1412.0,zona777,E23_N420,test
227,77422,109563.9072,72018,100067.3156,355866.298269636,6300624.044220191,0.8516070399368546,1382.3460190612825,official_shapezona777,149440.0,355653.9885974304,6300545.870168629,1717.0,zona777,E23_N420,test
228,68040,98072.654,70172,99035.2136,356618.79080632864,6300595.396992672,1.1338259282838203,1453.6686302970047,official_shapezona777,138212.0,356592.770562614,6300861.518341389,1949.0,zona777,E23_N420,test
229,85052,124002.3456,57423,81807.474,357671.6371712227,6300415.137008615,1.966123998779583,1920.5141970161349,official_shapezona777,142475.0,357455.1476188805,6300765.928226004,2397.0,zona777,E23_N420,test
23,318213,447363.2200000001,353863,504926.88599999994,344371.40911236475,6304002.563641837,0.8202144541124063,1608.3956007603556,official_shapezona777,672076.0,344310.8162425083,6303952.022979544,1752.0,zona777,E22_N420,validation
230,40508,57883.1515,27366,38563.8307,357998.6942902696,6301352.847648311,2.941005180156469,3317.203586820513,official_shapezona777,67874.0,357688.66520317056,6301717.196525916,3196.0,zona777,E23_N420,test
231,544268,740809.0619999998,591723,828120.3966999999,349241.84196074493,6297571.596874541,1.407707844928855,1749.2919214176943,official_shapezona777,1135991.0,348732.34678619815,6297243.250912199,2466.0,zona777,E23_N419,train
232,555817,744222.4532000001,588555,812715.3674999999,350454.20200293814,6297491.129179483,1.1729252118580755,1429.5482564931735,official_shapezona777,1144372.0,350493.4231342605,6297254.309686885,1988.0,zona777,E23_N419,train
233,61328,86824.6804,48071,67053.77500000001,351240.827201742,6298068.236670149,0.5388807054046189,1394.3470981824794,official_shapezona777,109399.0,351283.86677209113,6297979.569484182,1855.0,zona777,E23_N419,train
234,24566,34487.7273,20073,27812.4365,352833.47353613016,6298506.779720259,1.3109199313175752,1960.5191719689171,official_shapezona777,44639.0,353093.35464504134,6298285.7901610695,1926.0,zona777,E23_N419,train
235,47288,62782.6979,30116,41372.4821,352075.2893291087,6297457.475037658,0.8611575965090036,1194.0048842967371,official_shapezona777,77404.0,352296.75164074206,6297306.590111623,1405.0,zona777,E23_N419,train
236,245145,323726.6845,231319,323674.9243,353314.4382066492,6297615.548862934,0.8858599342546453,1385.0928643948864,official_shapezona777,476464.0,353297.64355754055,6297248.404305467,1634.0,zona777,E23_N419,train
237,21686,29390.1508,21346,29909.404,349219.20413357427,6296662.800402072,0.6252151016166383,1374.2149127206649,official_shapezona777,43032.0,349235.5215188697,6296588.749604945,1291.0,zona777,E23_N419,train
238,207870,291789.8167,262183,370486.5243,350308.50170078536,6296136.840552013,1.186003546391371,1537.9109198581427,official_shapezona777,470053.0,350632.0406464803,6296299.121984117,2353.0,zona777,E23_N419,train
239,114505,160835.2664,128822,180393.60129999998,351125.4172602297,6296541.870613368,0.7578027958724979,1147.942667174153,official_shapezona777,243327.0,351309.04884373705,6296795.688176815,1762.0,zona777,E23_N419,train
24,5215,7566.2934,3151,4565.8768,344982.2843332393,6304404.768649635,0.3804223523712703,846.4509941125871,official_shapezona777,8366.0,344999.79105904856,6304412.673201052,970.0,zona777,E22_N420,validation
240,467928,617760.4556999999,410070,567059.5508999999,352118.5110250488,6296545.2202171255,1.3545631526670754,1466.1148190667154,official_shapezona777,877998.0,351673.9906400698,6296865.42103285,1968.0,zona777,E23_N419,train
241,21493,29907.5796,36351,50986.267199999995,353088.64702909364,6296405.205533009,0.9146557224707048,1557.5542144244537,official_shapezona777,57844.0,353163.8449277367,6296494.634361385,1776.0,zona777,E23_N419,train
242,130331,175467.2217,136114,190033.7094,353499.8272472188,6296728.921482376,0.6611917248236572,1186.1287273261696,official_shapezona777,266445.0,353796.1074293006,6296703.350650228,1598.0,zona777,E23_N419,train
243,16504,23993.0519,12375,17764.4231,349000.9861314384,6296028.759989869,0.4140910298547396,1200.0438044238836,official_shapezona777,28879.0,348942.6916790748,6295610.576716646,1409.0,zona777,E23_N419,train
244,2125,3194.9616,3115,4411.5175,349573.54804932274,6295666.896271108,0.2934012219696012,765.023587329255,official_shapezona777,5240.0,349879.4996183206,6295819.539885496,929.0,zona777,E23_N419,train
245,52868,76358.3868,59261,82753.6683,351068.9164205884,6295696.997926539,0.8633142702256167,1309.6226616613567,official_shapezona777,112129.0,351056.15251183906,6295657.403017952,1637.0,zona777,E23_N419,train
246,131374,182133.69,175914,244048.8003,352023.0333325027,6295536.119624178,1.0541709314732062,1216.4942137112375,official_shapezona777,307288.0,351726.4433593241,6295904.230812788,1666.0,zona777,E23_N419,train
247,33752,45716.333399999996,28223,39420.4326,352876.88274561765,6295387.958128994,0.4688358196674454,1108.2069628484314,official_shapezona777,61975.0,352979.8281403792,6295710.402033078,1039.0,zona777,E23_N419,train
248,25204,35288.8533,12148,17117.0662,349916.3075753102,6295133.842587039,0.6811152672585694,1641.8603028237703,official_shapezona777,37352.0,349634.98139323195,6295182.084011566,1667.0,zona777,E23_N419,train
249,29991,40055.6878,26979,37593.828199999996,349552.0193421445,6296141.142949285,0.3925824256268629,795.2499417565996,official_shapezona777,56970.0,349614.3540810953,6296356.346708794,1538.0,zona777,E23_N419,train
25,22188,33429.1787,13450,19829.1185,345580.93266055826,6304073.633100733,0.5719192968621997,1133.9253871329129,official_shapezona777,35638.0,345598.3241764409,6304076.343958695,1256.0,zona777,E23_N420,test
250,13996,20217.4612,12018,16894.7346,353298.45440276625,6298825.40022491,0.7355318241964728,1241.39486990124,official_shapezona777,26014.0,353481.61932036595,6298984.388214039,1884.0,zona777,E23_N419,train
251,31790,46634.9227,51880,72386.36209999998,353944.97187821416,6299445.687565872,1.386290574413272,2327.0850321650505,official_shapezona777,83670.0,353647.23040516314,6299636.917341938,2634.0,zona777,E23_N419,train
252,18102,26185.2336,15761,22095.2415,355355.6320446744,6299653.679392448,0.7262308429001858,1043.2628703275695,official_shapezona777,33863.0,355415.08528482413,6299379.755987361,1172.0,zona777,E23_N419,train
253,33433,48134.0897,25863,37031.7107,356496.2661970437,6299400.06778263,1.5820446324119524,1641.7707666162169,official_shapezona777,59296.0,356489.7763761468,6299517.684042769,1698.0,zona777,E23_N419,train
254,13127,19121.4422,10383,14525.7609,358126.2655137043,6298255.413904816,3.1963731982091703,3096.730366217904,official_shapezona777,23510.0,358003.70374308806,6298109.847596767,2789.0,zona777,E23_N419,train
255,14070,19690.9137,15556,21692.6034,354554.04370509024,6298808.429666407,0.6239746114386434,1597.0801487978897,official_shapezona777,29626.0,355051.3146897995,6298950.124957807,1570.0,zona777,E23_N419,train
256,237817,322982.7899,273527,378216.604,354378.388013403,6298464.199070332,0.7594929524477211,1266.742276007717,official_shapezona777,511344.0,353852.0932229575,6298624.388151616,1608.0,zona777,E23_N419,train
257,407492,551123.9919,456523,639540.0623999999,354433.92316036986,6297706.294586767,0.5677333532428066,1208.6548082927477,official_shapezona777,864015.0,354038.38271673524,6297361.5781138055,1563.0,zona777,E23_N419,train
258,24882,37048.2136,28420,40306.4988,354564.869207758,6296843.879309076,0.8883080075617403,1355.1976180072525,official_shapezona777,53302.0,354714.22023563844,6296554.3670593975,1862.0,zona777,E23_N419,train
259,31576,46830.1855,27774,39914.4494,355380.0000626714,6296812.650309171,0.6011631462923577,1306.4607145037735,official_shapezona777,59350.0,355448.9488121314,6296674.805290649,1564.0,zona777,E23_N419,train
26,13309,19915.7228,7035,10615.481,343684.6704989521,6303570.78755317,0.3273343766878789,933.0695059910068,official_shapezona777,20344.0,343812.9033130161,6303648.926415651,1209.0,zona777,E22_N420,validation
260,12394,18137.730199999998,32826,45862.2508,356097.0207245608,6297242.337324544,0.908219590722998,1460.8579662665725,official_shapezona777,45220.0,356170.75586023886,6297307.452498894,1652.0,zona777,E23_N419,train
261,43878,66481.0061,52180,74332.6966,357467.4983349154,6297122.729317354,0.6475939376090081,937.1792811221676,official_shapezona777,96058.0,357489.6312644444,6297071.7138499655,1566.0,zona777,E23_N419,train
262,5147,7486.7139,3989,5867.3827,343950.0574443289,6299826.142387703,0.2307902306315356,701.8576879221946,official_shapezona777,9136.0,344061.3352670753,6299596.432574431,814.0,zona777,E22_N419,train
263,9003,15333.1613,7966,11630.8915,344481.6035389874,6299728.148648599,0.3240631762725626,715.2259549847804,official_shapezona777,16969.0,344324.1759679415,6299910.652719665,964.0,zona777,E22_N419,train
264,17609,25953.737,29412,42757.8741,345194.68205846404,6299856.374062505,0.5634541652453282,1100.5547797966865,official_shapezona777,47021.0,345021.6722528232,6299543.950575274,1365.0,zona777,E23_N419,train
265,54171,86414.742,35400,52246.7315,345788.9015826769,6299376.681862016,0.2237540971479949,798.0019508022815,official_shapezona777,89571.0,345809.10751247616,6299272.87619877,1250.0,zona777,E23_N419,train
266,604210,864583.3403,698883,993943.7938,346132.0356132459,6299377.162555965,0.2866950575838284,793.5525362677872,official_shapezona777,1303093.0,346368.3236315443,6299518.927147947,1206.0,zona777,E23_N419,train
267,49358,72931.1466,63468,92204.4978,347128.0328031968,6298782.65960244,0.188775360497741,539.7576771471649,official_shapezona777,112826.0,346972.139409356,6298702.30021449,1285.0,zona777,E23_N419,train
268,36259,51264.394700000004,38625,55353.8822,347585.93109563366,6299034.065700654,0.330580328966042,800.5775020048022,official_shapezona777,74884.0,347775.5078120827,6299093.316035468,1268.0,zona777,E23_N419,train
269,57488,83249.4115,50380,72493.5294,344057.7116289065,6299043.341977732,0.3281445030046124,671.7807032205164,official_shapezona777,107868.0,343979.4078596062,6299274.174963845,1162.0,zona777,E22_N419,train
27,29120,42398.3761,22448,33080.2801,345038.29751086177,6303558.881697694,0.5745053064494122,1223.2744609446963,official_shapezona777,51568.0,344929.30476264347,6303452.182031493,1512.0,zona777,E23_N420,test
270,45973,67244.45760000001,28603,41389.1445,344583.7296756598,6299161.5427049305,0.3296118086445594,667.8687824280933,official_shapezona777,74576.0,344635.67980315385,6299454.010955267,1271.0,zona777,E22_N419,train
271,22720,34629.0629,26224,37890.4086,345252.36660247366,6299199.625574991,0.3677036317843246,849.0578496661619,official_shapezona777,48944.0,345264.60971722787,6299184.835546747,1557.0,zona777,E23_N419,train
272,293132,405834.11220000003,328259,464330.20910000004,344098.22694291803,6298579.480718298,0.3145524520410772,645.8891314268112,official_shapezona777,621391.0,343871.72242436727,6298608.725585018,1127.0,zona777,E22_N419,train
273,25971,37996.5667,17651,25831.7723,344644.7828968876,6298569.77057199,0.3288988121414834,632.0190568743274,official_shapezona777,43622.0,344762.43090642337,6298687.189835404,856.0,zona777,E22_N419,train
274,777276,1084309.2546,878836,1231005.4917,345305.69371717214,6298705.728213754,0.390072390709424,804.2436027100775,official_shapezona777,1656112.0,345487.2034977103,6298861.383390737,1422.0,zona777,E23_N419,train
275,112711,165755.1335,112968,162253.9812,345857.2523651597,6298560.647406079,0.3568838805536269,1047.4558807089925,official_shapezona777,225679.0,345923.3406076773,6298619.049295681,1797.0,zona777,E23_N419,train
276,810893,1084847.8443999998,888599,1226471.6214,346673.5916460119,6298691.541378714,0.3450229816003891,766.7629118766636,official_shapezona777,1699492.0,346405.87845250225,6299001.286419118,1226.0,zona777,E23_N419,train
277,107369,146770.42450000002,84029,121095.4446,344188.00112611544,6297843.225760002,0.3799718205699413,834.1606648219749,official_shapezona777,191398.0,344077.0766047712,6297578.610952048,1248.0,zona777,E22_N419,train
278,29285,39309.045,45001,63348.3082,344685.556480482,6298165.370171661,0.32501865239662,737.3075637277216,official_shapezona777,74286.0,344727.29611232266,6297744.377231241,1054.0,zona777,E22_N419,train
279,83199,117788.2179,68430,96642.4871,345300.6520672366,6298134.627864347,0.3542024919281532,721.409232861537,official_shapezona777,151629.0,345324.5861609586,6297971.386436632,1472.0,zona777,E23_N419,train
28,4274,6914.3135999999995,4029,6074.6293,343859.21920897264,6303228.441261003,0.404994135112092,1108.929649518279,official_shapezona777,8303.0,344001.3758882332,6303376.022160665,879.0,zona777,E22_N420,validation
280,381754,524368.7389,420320,591415.4095999999,344313.5663452145,6297078.383858209,0.5042542999187412,1083.826147923246,official_shapezona777,802074.0,344437.4973593459,6297601.986739378,1590.0,zona777,E22_N419,train
281,530493,710534.8593,590246,817507.7996999999,344958.14335324906,6297172.349315677,0.8121208054145018,1267.4184631630778,official_shapezona777,1120739.0,345000.56988736894,6297752.112016268,1824.0,zona777,E22_N419,train
282,842097,1144602.0391000004,1002430,1390307.1016,345584.8984798932,6297384.834248186,0.7178108168954935,1405.0902387518436,official_shapezona777,1844527.0,345707.75887476845,6297723.679353569,1946.0,zona777,E23_N419,train
283,56531,80311.69009999999,64004,91939.68549999999,346000.5934734644,6297623.247431149,0.362975643694467,1065.3147487733513,official_shapezona777,120535.0,345986.6461691625,6297939.010702286,1462.0,zona777,E23_N419,train
284,965722,1306036.400300001,1040754,1437238.8566999997,346346.43710696127,6297925.738540156,0.4677404009620468,1187.3796705100683,official_shapezona777,2006476.0,346326.2139312905,6297920.0075081885,1906.0,zona777,E23_N419,train
285,1093206,1433573.3000999996,1180092,1615533.265,346770.2995194505,6298132.895233464,0.3353641155236969,745.2470617890358,official_shapezona777,2273298.0,346612.2188252486,6298294.970300418,1268.0,zona777,E23_N419,train
286,1031666,1413123.895300001,1152073,1600621.5787999996,347399.29511814984,6298316.680932502,0.338559716464325,872.3333608335815,official_shapezona777,2183739.0,347207.43244362075,6298512.3540308615,1674.0,zona777,E23_N419,train
287,24049,38239.939,42776,61013.23,346864.0448864638,6297581.381114138,0.3115290668369071,680.8163414206356,official_shapezona777,66825.0,346737.7508417508,6297412.893063973,1242.0,zona777,E23_N419,train
288,51011,74161.2452,38122,54959.9516,347593.36079808493,6297647.095366003,0.6883581977894476,1009.9115443594056,official_shapezona777,89133.0,347416.4453793769,6297658.276945688,1706.0,zona777,E23_N419,train
289,93954,136189.9076,73491,103507.9846,348165.12467486865,6297852.458328721,0.350107244059121,1105.0707536432892,official_shapezona777,167445.0,348190.0356833587,6298029.252058885,1668.0,zona777,E23_N419,train
290,29378,44338.6577,35237,50278.0348,346364.3704157618,6296829.407796027,0.4286421739032465,836.795926612569,official_shapezona777,64615.0,346429.2891433877,6296693.585808249,1328.0,zona777,E23_N419,train
291,44772,66610.3732,37658,53050.227300000006,346966.90146020823,6296954.885669537,0.336407194261974,735.0500521976501,official_shapezona777,82430.0,346901.1624165959,6296734.860172267,1148.0,zona777,E23_N419,train
292,92972,131169.795,58573,83237.3224,347870.556435228,6297141.268140044,0.6944075939241784,1347.6663553908584,official_shapezona777,151545.0,347713.9384341285,6296921.436438021,1930.0,zona777,E23_N419,train
293,38610,57735.0639,41373,59328.9208,344335.0666811205,6296293.597937035,0.5914218071096731,961.6675637215376,official_shapezona777,79983.0,344512.10597251914,6296412.04738507,1530.0,zona777,E22_N419,train
294,52630,69136.6386,21575,30826.7448,345048.2062790113,6295852.718442373,1.0885294728407393,1855.9498601788653,official_shapezona777,74205.0,345292.8537699616,6296444.475668755,2769.0,zona777,E23_N419,train
295,226827,319736.7366,249007,359892.7895,345745.2736416368,6295904.260974838,1.4204222083658615,2041.807991212234,official_shapezona777,475834.0,346019.1153784723,6296382.457670112,2271.0,zona777,E23_N419,train
296,110920,157031.6965,95925,137999.6472,346435.2440857843,6295943.856035946,0.7979438110566024,1211.5803196430206,official_shapezona777,206845.0,346641.72987019265,6296071.227991975,1559.0,zona777,E23_N419,train
297,33542,50857.5293,55667,78217.5813,347086.56649971445,6295837.193354537,0.6460433142638963,1253.7867045570165,official_shapezona777,89209.0,347217.1272181058,6296324.38278649,1569.0,zona777,E23_N419,train
298,253782,353444.864,284420,399850.3783,347814.1342088134,6296540.964605496,0.5609277377269284,1073.28996638261,official_shapezona777,538202.0,347383.43940193456,6296696.831042991,1643.0,zona777,E23_N419,train
299,361348,502881.0464,381828,538325.632,348409.7170117249,6295946.478251512,0.9952715237320052,1715.6202095551416,official_shapezona777,743176.0,348825.0658511577,6295787.499072898,2246.0,zona777,E23_N419,train
3,25082,39383.748100000004,12792,19031.4093,344622.77281980973,6302135.293015342,0.917610159362402,1326.1028390348074,official_shapezona777,37874.0,344754.0593282991,6301940.800681206,1604.0,zona777,E22_N420,validation
30,22815,35753.3312,6343,9065.047700000001,348329.1267055754,6307121.659165687,0.5522673335838595,1249.5794231062755,official_shapezona777,29158.0,348043.9510254476,6306982.550895123,932.0,zona777,E23_N420,test
300,21139,31507.7206,23166,33105.2552,347695.48827668885,6295881.916640712,0.4248968650362055,764.3061146531254,official_shapezona777,44305.0,347556.76801715384,6295950.756822029,1104.0,zona777,E23_N419,train
301,39945,58944.3566,17614,25489.0557,344387.5169020113,6295192.999454999,0.6602157427499871,1075.720402893901,official_shapezona777,57559.0,344562.4994179885,6295366.999756771,1436.0,zona777,E22_N419,train
302,5615,8538.4332,6117,8805.3313,344991.7109622134,6295121.736192612,0.2621953756731001,649.8684146450832,official_shapezona777,11732.0,345081.35773951584,6294965.351091033,930.0,zona777,E22_N419,train
303,460780,640464.5177,509133,719409.6095,346543.70288769924,6294996.274356093,0.4670538089757922,884.4585698936135,official_shapezona777,969913.0,346413.0174314603,6294983.58511846,1391.0,zona777,E23_N419,train
304,178493,249315.06829999998,194965,282657.448,347118.5823244462,6295017.276306971,0.5315104275547657,961.7925451677291,official_shapezona777,373458.0,347213.2321090993,6294826.788559891,1711.0,zona777,E23_N419,train
305,46121,65176.6518,40174,59670.395300000004,347729.1982534843,6295007.355260508,0.6980842778088441,1499.6618288023164,official_shapezona777,86295.0,347692.22156556,6295128.20308245,1755.0,zona777,E23_N419,train
306,466964,630781.2271,546889,760995.9465999999,347844.3291617276,6298637.472625044,0.2466276095554143,659.8309475732967,official_shapezona777,1013853.0,347966.80645221745,6299024.359121095,1254.0,zona777,E23_N419,train
307,257218,354595.5878,176390,263045.483,346594.5860077264,6299261.52298984,0.2892089052164736,654.0255242111161,official_shapezona777,433608.0,346541.0674434051,6299355.84932243,1377.0,zona777,E23_N419,train
308,53927,72933.1931,53048,74869.6838,346254.59860618727,6298447.842898425,0.2931994463122471,834.4378724610433,official_shapezona777,106975.0,346229.245234868,6298311.344379528,1288.0,zona777,E23_N419,train
309,223311,306553.6161,276421,384284.1113,347062.3928532122,6299176.326666785,0.2080489283481743,596.6612629573792,official_shapezona777,499732.0,347113.3178243539,6299111.116842628,1109.0,zona777,E23_N419,train
31,8160,12670.7479,5346,7708.9006,347406.67388752673,6306437.715490369,0.5568053009503106,1030.5613923192725,official_shapezona777,13506.0,347624.4329187028,6306421.546794018,1407.0,zona777,E23_N420,test
310,41496,60319.0256,33842,49680.7069,347947.294554862,6294514.178563601,0.8448499775675677,1251.9831050317734,official_shapezona777,75338.0,347934.61764315487,6294528.6593618095,1798.0,zona777,E23_N419,train
311,9272,13718.4988,8354,12089.2922,348894.5398470378,6294148.336279657,0.6988173091083326,1267.3918035825482,official_shapezona777,17626.0,348779.43106774084,6294072.896289572,1494.0,zona777,E23_N419,train
312,13726,21598.7934,16037,23456.7488,347913.537446718,6293782.70136694,0.5241773312276309,916.0897618569434,official_shapezona777,29763.0,347516.66078688303,6293790.483351813,1241.0,zona777,E23_N419,train
313,17813,27177.8943,12117,17626.3505,348324.1401013872,6293152.047128993,0.6264098471917374,1371.5752835748715,official_shapezona777,29930.0,348288.9631807551,6292826.267123288,1524.0,zona777,E23_N419,train
314,14383,21725.5583,12499,18179.6254,349135.65237878857,6293266.31329791,0.6438522797307337,1137.597442965838,official_shapezona777,26882.0,348696.4254519753,6293509.823525036,1429.0,zona777,E23_N419,train
315,11570,17996.251,13159,18794.8844,349189.7223619097,6292864.472040677,0.588297667111693,1182.9031899956751,official_shapezona777,24729.0,349170.6927898419,6292719.252820575,1621.0,zona777,E23_N419,train
316,37169,56960.4905,35766,51147.4781,348758.29048906127,6291907.087893525,1.229073788895821,1339.0985544034047,official_shapezona777,72935.0,348803.53102077194,6291656.725659834,1961.0,zona777,E23_N419,train
317,7270,10968.803,12538,17902.5192,349706.75905773614,6291648.2493556505,0.8951425144725107,1335.1996501348913,official_shapezona777,19808.0,349519.3723243134,6291871.280290792,1838.0,zona777,E23_N419,train
318,7185,10492.0102,5191,7717.4333,348346.7958457129,6290850.482867228,0.5313308012966118,1051.558192158176,official_shapezona777,12376.0,348139.47293148027,6291270.696590175,1120.0,zona777,E23_N419,train
319,35442,51517.4333,19963,29590.742,349299.2955688013,6290886.187437713,0.7628854468072752,1323.961392038036,official_shapezona777,55405.0,349110.7947116686,6291118.490334807,1515.0,zona777,E23_N419,train
32,21491,34909.7889,17963,25903.027,349143.79793676455,6305761.73725068,0.7017460145710178,1716.316542571236,official_shapezona777,39454.0,349070.0270948446,6305445.995285649,1226.0,zona777,E23_N420,test
320,19271,29650.2712,12409,18049.6761,348553.7570988229,6290384.965372828,0.5799526383385404,1214.7739250872985,official_shapezona777,31680.0,348315.6299873737,6290257.917392677,1539.0,zona777,E23_N419,train
321,22481,35605.8529,21023,30730.5857,347935.52935783926,6292911.3429288585,0.3699032869682695,852.6452129725367,official_shapezona777,43504.0,347707.8488874586,6293049.037260941,1196.0,zona777,E23_N419,train
322,22442,34334.2572,15097,22143.2126,347960.1270337871,6292350.73990492,0.3801442363451646,781.8087896043435,official_shapezona777,37539.0,347780.05596845946,6292213.749620395,1128.0,zona777,E23_N419,train
323,13159,19725.625,8703,12665.604,348039.5111600242,6291475.163147606,0.3016272775976376,774.34820553381,official_shapezona777,21862.0,347898.2846491629,6291423.210547983,1039.0,zona777,E23_N419,train
324,1225,1871.6847,3161,4287.4359,350077.9856444755,6290862.995815908,0.2877740899675401,958.6248762402683,official_shapezona777,4386.0,350051.2204742362,6290914.780209758,910.0,zona777,E23_N419,train
325,8817,13704.491,6318,9427.7026,348447.34359155386,6289928.891936539,0.2237223385034912,906.6782828183495,official_shapezona777,15135.0,348415.3088206145,6289955.536703006,964.0,zona777,E23_N419,train
326,18857,28808.9258,10473,15410.1426,349215.97410260944,6289985.928011343,0.5483788846861328,1050.2541398182511,official_shapezona777,29330.0,349172.0683941357,6289972.516229117,1390.0,zona777,E23_N419,train
327,11691,17836.318900000002,7884,11280.215,350024.0284827902,6290115.542076159,1.0203365048758362,1256.9641687590629,official_shapezona777,19575.0,349792.3672541507,6290230.024367816,1805.0,zona777,E23_N419,train
328,30915,47719.5032,20563,30605.0644,348568.28515869903,6289354.270187425,0.8314797858875942,1130.6644798664493,official_shapezona777,51478.0,348383.9186837095,6289315.591456545,1440.0,zona777,E23_N419,train
329,37971,55939.2657,32838,47719.3406,349864.508483559,6288818.388893605,1.4552701555991494,1475.2814977706876,official_shapezona777,70809.0,349738.8475052606,6289069.97659902,1915.0,zona777,E23_N419,train
33,36849,55001.204,29994,43291.587400000004,347231.5782755373,6305764.802494748,0.7737017922456497,1240.157105200924,official_shapezona777,66843.0,347358.0352766932,6305523.335622279,1529.0,zona777,E23_N420,test
330,8404,12735.2766,6162,9039.6583,348713.0628537,6288709.129518475,0.5075685019531153,1168.6641964111477,official_shapezona777,14566.0,348610.2273788274,6288746.227928052,1741.0,zona777,E23_N419,train
331,6663,11193.250900000001,4932,7361.338400000001,348493.9852700286,6287947.207998927,0.3451565791570831,776.3114021699876,official_shapezona777,11595.0,348301.1469598965,6287986.716601984,1131.0,zona777,E23_N419,train
332,9552,14498.6945,5258,7787.2142,349115.2867407048,6288029.117506261,0.6324173765598491,935.6302095670252,official_shapezona777,14810.0,349310.5623227549,6288210.201688048,1161.0,zona777,E23_N419,train
333,15619,26001.8384,17129,25332.5726,349978.11665169394,6288110.394120786,0.8062529974790676,1124.712718168099,official_shapezona777,32748.0,349940.0853487236,6287870.551453524,1637.0,zona777,E23_N419,train
334,9499,15035.6828,9814,14582.1664,348917.3936203497,6287548.1372745335,0.417599388721823,1317.3589406012325,official_shapezona777,19313.0,348737.5672862838,6287430.256666495,1343.0,zona777,E23_N419,train
335,13047,19538.3338,11570,17355.2916,348964.8954849354,6287183.407131163,0.6100591660672042,1766.3355003962645,official_shapezona777,24617.0,349024.9063248974,6287185.260632896,2122.0,zona777,E23_N419,train
336,27365,44025.1907,16964,25172.2502,349788.0094601064,6286103.304587328,0.6472812904430439,1102.9534327498404,official_shapezona777,44329.0,349825.1540300932,6286017.5643709535,1255.0,zona777,E23_N419,train
337,88155,125235.6445,101862,147971.5378,350045.06509551685,6287282.147724094,0.5018200203361646,937.6559752034956,official_shapezona777,190017.0,349968.5814374503,6287512.827420704,957.0,zona777,E23_N419,train
338,30739,44151.5271,25141,35964.9908,347384.6150285708,6284455.831060636,3.3643517819749857,2853.843383465195,official_shapezona777,55880.0,347694.28140658553,6284318.79139227,3468.0,zona777,E23_N418,validation
339,25327,41084.3915,19000,28873.28,349673.8711417136,6283712.959158495,3.91800576470235,2483.0036060251296,official_shapezona777,44327.0,349210.8829381641,6282991.920432243,2854.0,zona777,E23_N418,validation
34,42348,67542.4697,67061,96702.694,348371.9794465046,6304816.447371073,2.429619276201533,2156.2653269292787,official_shapezona777,109409.0,348052.5608679359,6305133.613889168,2382.0,zona777,E23_N420,test
340,15849,24881.6646,11321,17304.759,346129.30779720424,6283616.624100121,0.2987561193973556,666.2839378230274,official_shapezona777,27170.0,346095.5221935959,6283669.007545087,1307.0,zona777,E23_N418,validation
341,21960,34838.6124,16925,25423.097,346557.93241356383,6282707.6589738205,0.6039409441125617,978.9968188483036,official_shapezona777,38885.0,346587.5489777549,6282737.140902662,1210.0,zona777,E23_N418,validation
342,39883,63867.5845,36997,55042.2511,347958.9148231073,6283358.30229483,1.0527029193141817,1759.610929416609,official_shapezona777,76880.0,347997.62498699274,6283270.827926639,1965.0,zona777,E23_N418,validation
343,34265,56728.1154,36103,54522.8703,347920.6620095411,6282732.973297879,1.227048427916414,1967.794878782763,official_shapezona777,70368.0,347847.5400324011,6282659.646202819,2375.0,zona777,E23_N418,validation
344,12753,21794.966,18270,27054.0737,347197.33341865387,6281678.640657292,4.474010690450584,3688.4315102978144,official_shapezona777,31023.0,346702.6091609451,6282278.9670567,4041.0,zona777,E23_N418,validation
345,8095,14324.5761,1679,2606.6456,347102.1303959402,6280595.676585142,4.743481661155169,4127.672261891363,official_shapezona777,9774.0,349028.12175158586,6280059.273992225,4179.0,zona777,E23_N418,validation
346,26232,41572.9517,16639,24911.5525,350249.8781204892,6282481.293509387,1.4005761438777913,1427.1175773702562,official_shapezona777,42871.0,350266.707914441,6282231.92190525,1696.0,zona777,E23_N418,validation
347,10723,20083.3946,12069,17977.1835,348300.41025453625,6279338.156704589,1.839132412225416,1730.849803240097,official_shapezona777,22792.0,348964.547999298,6279319.883204633,2075.0,zona777,E23_N418,validation
348,15860,25460.7286,16665,24088.204,347581.19690446684,6289518.192776408,0.4976925343642658,1027.2078827866353,official_shapezona777,32525.0,347810.41571099154,6289382.674681014,1081.0,zona777,E23_N419,train
349,20097,28641.8288,11510,16854.9096,347116.07599177223,6288412.93360764,0.81859799727927,1805.962817360647,official_shapezona777,31607.0,347131.4548675926,6288490.546714336,2143.0,zona777,E23_N419,train
35,106448,148538.4561,104527,142379.4045,349979.96272310894,6304281.895032,3.683234251022727,2932.308122280985,official_shapezona777,210975.0,349468.9034814552,6304224.69624837,1744.0,zona777,E23_N420,test
350,40323,61703.284999999996,37098,54276.651,347723.94155304844,6288657.354891768,0.7614264706176379,988.7121625813888,official_shapezona777,77421.0,347949.94355536613,6288616.065008202,1305.0,zona777,E23_N419,train
351,10930,16624.0104,11019,16467.5506,347836.61249076494,6288099.693097806,0.4228099692364748,862.5511102725868,official_shapezona777,21949.0,348144.564034808,6287976.12346804,1319.0,zona777,E23_N419,train
352,23118,34170.3942,15136,22602.4297,347067.820469221,6287301.464242366,0.7900017506609903,1093.1876968918368,official_shapezona777,38254.0,346965.3165159199,6287200.409630366,1871.0,zona777,E23_N419,train
353,250016,355547.0029,265388,380581.35569999996,347750.23339906475,6287103.624183895,0.9176754835234462,1460.3974587135017,official_shapezona777,515404.0,348005.53326516674,6287415.397810262,1146.0,zona777,E23_N419,train
354,20530,29820.4416,14230,21064.7262,346873.4132760862,6286180.704189466,0.640735993878788,1014.5117244634894,official_shapezona777,34760.0,346891.2784810127,6286357.231703107,1212.0,zona777,E23_N419,train
355,3603,5502.5767000000005,3252,4858.327,347598.7041555289,6286173.820217938,0.3768355706394789,776.2179083768278,official_shapezona777,6855.0,347720.66301969363,6286148.857038658,799.0,zona777,E23_N419,train
356,109117,159145.94019999998,116751,173197.75989999998,348236.3078101082,6286656.980258496,0.7574625093291177,1740.473188124597,official_shapezona777,225868.0,348361.7826296775,6286713.128818602,2290.0,zona777,E23_N419,train
357,3626,5896.8205,6003,8665.3151,347606.7148479928,6289920.751638468,0.2287194762518924,845.3185673000407,official_shapezona777,9629.0,347926.1275314155,6289888.059715443,972.0,zona777,E23_N419,train
358,285667,403042.0861,303319,427986.0301,346393.72014483943,6293971.212076345,0.7635718958953762,1217.6715000849215,official_shapezona777,588986.0,346725.67635393713,6293969.586874731,1445.0,zona777,E23_N419,train
359,300712,418672.7991,325257,458907.2875,346177.6660028575,6293286.863313691,0.5592486647174711,1014.2205686513336,official_shapezona777,625969.0,346627.5385985568,6293294.3795810975,1243.0,zona777,E23_N419,train
36,88241,125680.1263,51706,74957.03689999999,344062.2509170839,6307286.085331915,1.3557648480842537,1639.184344355017,official_shapezona777,139947.0,343923.2382830643,6306939.485698157,1966.0,zona777,E22_N420,validation
360,14596,21325.126800000002,18752,27589.5435,347097.83946455375,6293227.693636833,0.7498922810261714,1074.1515092618065,official_shapezona777,33348.0,346813.7515593139,6293119.005217704,1474.0,zona777,E23_N419,train
361,32290,46678.8234,19285,28202.2007,346040.9399466798,6292809.64894307,0.4423683578530754,1072.6223967351834,official_shapezona777,51575.0,346293.54359670385,6292786.924944256,1441.0,zona777,E23_N419,train
362,3287,5650.0295,3759,5368.7871000000005,347073.01941966696,6292550.869462434,0.4544736150632761,1228.4458699842216,official_shapezona777,7046.0,347696.1561169458,6292278.168038604,484.0,zona777,E23_N419,train
363,186768,260036.06369999997,197503,279244.7074,345860.90428704093,6292234.865133602,0.8250767731362076,1265.379669693939,official_shapezona777,384271.0,346392.978109199,6292332.240606239,1605.0,zona777,E23_N419,train
364,194841,269910.45540000004,210933,299761.8407,347041.90042564087,6291976.713914499,1.2005226847270478,1544.6262821629643,official_shapezona777,405774.0,346375.3123561391,6291800.163376658,2203.0,zona777,E23_N419,train
365,28333,44042.4707,28726,42256.2125,345637.854966954,6291480.872017842,0.7860587884367788,1256.406785953208,official_shapezona777,57059.0,345976.6709721516,6291455.829702589,1562.0,zona777,E23_N419,train
366,52530,79461.33780000001,44448,64990.4439,346793.7120907783,6291201.254604504,0.784080776817207,1324.69491736521,official_shapezona777,96978.0,346407.66828559054,6291484.323207325,1493.0,zona777,E23_N419,train
367,254732,356819.2454,267938,382690.1177,346196.8165564076,6290700.706114024,1.3984879504278205,2408.879319605534,official_shapezona777,522670.0,346133.75526240264,6290858.897250655,2536.0,zona777,E23_N419,train
368,1611,2534.7797,1768,2536.444,347137.1862871128,6293893.10693962,0.7099484674721981,1183.0772158596665,official_shapezona777,3379.0,347279.7155963303,6294386.360461675,983.0,zona777,E23_N419,train
369,21466,33954.0115,21729,32053.3054,347653.7794366292,6291027.504603699,0.2768474983735063,746.5440156087279,official_shapezona777,43195.0,347814.1772195856,6291064.216691746,1249.0,zona777,E23_N419,train
37,324864,455226.72709999996,297092,419786.20999999996,346201.9643545699,6305147.608380225,0.7989976518894237,1235.984392109909,official_shapezona777,621956.0,346803.9174571835,6305294.94377255,1708.0,zona777,E23_N420,test
370,22032,34300.517100000005,20441,29437.5395,347539.0061646761,6290379.195774462,0.564328009365077,956.7816554966266,official_shapezona777,42473.0,347677.2681939114,6290283.654203847,1397.0,zona777,E23_N419,train
371,90695,124380.773,52818,79031.8434,345318.3988772505,6290405.606236478,0.6771262053104998,1387.2101419357932,official_shapezona777,143513.0,345530.33454112173,6290404.947217326,1484.0,zona777,E23_N419,train
372,297773,421831.20379999996,313528,451521.3641,346538.9585023687,6289919.763604753,1.14828702095147,1468.7747910966864,official_shapezona777,611301.0,345963.3007732688,6290131.471808488,1750.0,zona777,E23_N419,train
373,11949,17735.1801,16018,23309.5582,345115.486324948,6289777.440022686,1.087927120083007,1540.8303629260045,official_shapezona777,27967.0,345132.1409875925,6289939.043658597,1808.0,zona777,E23_N419,train
374,25083,36795.7024,22993,33457.1065,344890.1739509585,6289058.420268439,1.1399890737866183,1641.4327079280629,official_shapezona777,48076.0,344989.6309177136,6289178.702928696,1858.0,zona777,E22_N419,train
375,182462,261249.67930000002,176028,253118.8811,345967.24835767364,6288738.99560106,1.158608620376015,1778.8493080437183,official_shapezona777,358490.0,345722.0786716505,6289011.871145639,2143.0,zona777,E23_N419,train
376,23242,33589.7772,18784,27220.2007,346646.78876363835,6288837.930670008,0.9794618998671564,1734.1684640599417,official_shapezona777,42026.0,346621.3765764051,6288745.910269833,1770.0,zona777,E23_N419,train
377,16084,25440.8944,14676,21490.507400000002,344572.3657769043,6288485.720593302,0.8571728095402921,1694.0685944017025,official_shapezona777,30760.0,344750.6342002601,6288384.769245774,1819.0,zona777,E22_N419,train
378,6858,10069.3356,6148,9229.5584,344009.65959006007,6288123.562990125,0.4986850973121872,973.5644763624296,official_shapezona777,13006.0,344110.0159157312,6288188.265877288,999.0,zona777,E22_N419,train
379,29728,48074.3507,42514,63981.037899999996,344880.78275413497,6287727.292380724,0.8195573050793867,1211.9787468645957,official_shapezona777,72242.0,345216.89013316354,6287764.9420835525,1633.0,zona777,E22_N419,train
38,34450,51967.6299,29470,43008.168900000004,346930.33901222626,6304788.221240051,0.6779591477750193,1108.8076279349625,official_shapezona777,63920.0,347127.08063204004,6304663.514831039,1427.0,zona777,E23_N420,test
380,631174,913477.2303999999,553049,794455.0468,346044.7425279827,6287460.847859696,0.7389998777426147,1352.529053464823,official_shapezona777,1184223.0,345503.21971790784,6287839.600288121,1713.0,zona777,E23_N419,train
381,20211,29265.9544,38252,56772.01950000002,345867.01411385834,6287051.905023525,0.5753208305517051,1515.190488766937,official_shapezona777,58463.0,345794.88500419067,6287234.793424902,1785.0,zona777,E23_N419,train
382,1610,3145.3291,6465,9395.1276,343737.5331668311,6287658.17148868,0.0633460754134161,450.19814421923365,official_shapezona777,8075.0,343761.03529411764,6287675.694365325,605.0,zona777,E22_N419,train
383,21016,31400.8921,20682,31176.590899999996,344586.8155767978,6287343.126957384,0.2724561487101053,1337.353795159608,official_shapezona777,41698.0,344538.085663581,6287348.786944218,1573.0,zona777,E22_N419,train
384,18458,26716.6503,6723,10074.0587,343720.6652567332,6287233.405308335,0.2414579730843005,844.1162852793932,official_shapezona777,25181.0,343743.13895397325,6287340.864024463,1334.0,zona777,E22_N419,train
386,32728,45764.5337,30370,44596.2435,345479.6799210712,6285970.038463904,1.2636090393975323,1523.0579448193312,official_shapezona777,63098.0,345669.89188246854,6285910.42952233,1911.0,zona777,E23_N419,train
387,17867,26807.679799999998,14894,22110.7764,343364.9712528847,6286644.353996651,0.5341738679738086,1433.839656965807,official_shapezona777,32761.0,343215.12530142546,6286449.0798510425,1969.0,zona777,E22_N419,train
388,16579,25459.264,19765,29225.9717,343260.04085974,6285279.654524347,3.3996236679510616,2940.0465848706663,official_shapezona777,36344.0,343989.2743231345,6286242.31774158,3198.0,zona777,E22_N419,train
389,27252,40726.4007,23714,35695.7262,344649.4152566751,6285707.73678016,0.4306708297496835,931.881618990912,official_shapezona777,50966.0,344539.9996075815,6285902.135227406,1249.0,zona777,E22_N419,train
39,20473,31190.4195,16334,23858.058399999998,347798.96307141974,6304402.669247447,0.4495703145555199,1623.7751498027935,official_shapezona777,36807.0,348165.3739506072,6304241.914608634,1990.0,zona777,E23_N420,test
390,24251,35999.6716,10896,16276.101099999998,346029.1720440027,6285645.016612346,0.4497359173942143,970.028456216678,official_shapezona777,35147.0,346131.36919224967,6285453.766267391,1540.0,zona777,E23_N419,train
391,87663,126249.36330000001,82266,124263.59180000001,342436.61381668225,6284227.676524632,0.4919340270612912,1363.3575247377155,official_shapezona777,169929.0,342368.1854951185,6283906.454113188,1507.0,zona777,E22_N418,train
392,5877,9271.6348,3853,5886.3836,344430.67048366216,6285222.039890587,0.4983156905032119,1057.9639234140632,official_shapezona777,9730.0,344166.7225077081,6285285.8670092495,1043.0,zona777,E22_N419,train
393,7211,12128.4358,13335,19895.2946,345802.9838268179,6284834.520219628,0.5880469913146231,1094.2471392210573,official_shapezona777,20546.0,345992.2017911029,6284897.252555242,1362.0,zona777,E23_N418,validation
394,14230,22236.554,10139,15659.3365,343957.150946158,6284733.69360828,0.3408828996294151,802.7377114700503,official_shapezona777,24369.0,343729.97927695024,6284803.148959744,551.0,zona777,E22_N418,train
395,129721,185675.6975,124085,179805.989,345028.95107523806,6284332.447647559,0.3580878029562094,713.9265780256246,official_shapezona777,253806.0,344706.1078934304,6284184.933098508,874.0,zona777,E23_N418,validation
396,6367,9162.4885,8670,13109.534800000001,344312.9482326562,6283954.091272137,0.369636696030219,813.8323221523315,official_shapezona777,15037.0,344574.52736583096,6283946.279976059,871.0,zona777,E22_N418,train
397,24884,36615.787299999996,12352,18443.1061,345385.1845134849,6283011.756529529,0.4656977276147541,813.6942684639362,official_shapezona777,37236.0,345450.36142442795,6282848.235900741,1448.0,zona777,E23_N418,validation
398,14118,20566.4322,11544,17614.2992,344033.61401582044,6283403.303763584,0.5812586815714621,1032.950500314415,official_shapezona777,25662.0,344151.2539552646,6283110.735679215,1025.0,zona777,E22_N418,train
399,121628,170261.05459999997,117602,171222.68889999998,346212.2174709833,6286647.751813561,0.3410961394452829,1320.6777783385478,official_shapezona777,239230.0,345306.93112067884,6286870.670998621,1728.0,zona777,E23_N419,train
4,43907,70746.93209999999,43540,64047.6705,345808.88093478774,6301305.227395317,1.0502371376009103,1254.698532614624,official_shapezona777,87447.0,345691.4960490354,6301070.124658365,1608.0,zona777,E23_N420,test
40,228869,316424.36789999995,209263,301407.4582,346548.80191101367,6304091.4737886805,1.0100043016103857,1393.920300879341,official_shapezona777,438132.0,347126.9818273945,6304173.149895465,2082.0,zona777,E23_N420,test
400,43812,65728.7377,54485,80969.6222,344209.8790170404,6294089.497857468,0.6881059762001465,1025.719629978761,official_shapezona777,98297.0,344029.7245897637,6294402.732240048,1349.0,zona777,E22_N419,train
401,110869,151681.5945,117319,166460.89969999998,345540.202806456,6294075.424717331,0.6748221798639735,1687.0045285931556,official_shapezona777,228188.0,345305.8809052185,6294396.135134188,1694.0,zona777,E23_N419,train
402,5612,8565.8421,3160,4590.7672,344225.46509385924,6293597.743567562,0.2703177154865024,830.3929682321614,official_shapezona777,8772.0,344365.4932740538,6293569.832193342,995.0,zona777,E22_N419,train
403,24890,35801.2691,20309,29106.9977,344926.9545561984,6293401.243774839,0.8335061566535167,1349.4997358238325,official_shapezona777,45199.0,345154.42215535743,6293193.8672537,1474.0,zona777,E22_N419,train
404,58912,87380.054,53412,81543.01620000001,344062.6064901254,6292938.459893399,0.6419728324384609,1270.9236358553171,official_shapezona777,112324.0,343919.839589046,6292818.847565969,991.0,zona777,E22_N419,train
405,23720,37329.9694,27993,40828.0489,344716.28754647484,6292639.334787532,0.6392988614179321,1195.5062603494152,official_shapezona777,51713.0,344816.6203469147,6292401.290893973,1352.0,zona777,E22_N419,train
406,19547,29860.6197,11709,17275.7487,344590.0315702893,6292070.402769649,0.5324923574433015,1191.3556222752668,official_shapezona777,31256.0,344676.91547222936,6292107.331712311,1321.0,zona777,E22_N419,train
407,22081,32687.7532,17771,25617.1674,344151.2295816773,6291753.77938379,0.4898812850582321,1113.5516547290608,official_shapezona777,39852.0,344161.12704506674,6291787.36251631,1415.0,zona777,E22_N419,train
408,7245,10300.9294,4081,5889.9657,344701.541226734,6291460.3653957,0.3823075546786861,839.9788510836661,official_shapezona777,11326.0,344681.8303902525,6291634.064718347,894.0,zona777,E22_N419,train
409,20933,32429.656300000002,20444,29810.416400000002,343867.2552794313,6291270.924324625,0.4507767725657276,1121.8877682136372,official_shapezona777,41377.0,343902.10430915724,6291279.547357228,1169.0,zona777,E22_N419,train
41,126636,173056.94100000002,129263,185660.7026,347645.9617153711,6303835.670475213,0.73102063747118,1208.0236686374992,official_shapezona777,255899.0,347272.26903973834,6303587.815915654,1501.0,zona777,E23_N420,test
410,29760,45344.761099999996,23520,34669.2642,344337.86269906926,6290939.640193949,0.6095567874025148,1099.4095121074934,official_shapezona777,53280.0,344446.7581268769,6290960.250957207,1380.0,zona777,E22_N419,train
411,90147,129250.90179999999,89683,135422.0969,343996.71249170776,6290303.47365126,0.7055536140003178,1238.6283381183748,official_shapezona777,179830.0,343513.1878218317,6290455.594466996,1318.0,zona777,E22_N419,train
412,43368,68235.35369999999,36564,54973.1224,343580.8977229541,6288933.728395904,2.0282774909016803,2558.513676363975,official_shapezona777,79932.0,343802.9595781414,6289449.681266577,2772.0,zona777,E22_N419,train
413,1969,3031.6627,4611,6645.7197,345531.9031756172,6293401.243774839,0.2155502272796635,665.2695844359696,official_shapezona777,6580.0,345503.7577507599,6293318.17112462,1084.0,zona777,E23_N419,train
414,11211,15598.6498,8441,12006.0936,345427.2179089676,6294508.199135438,0.4334730330140874,1555.043951806496,official_shapezona777,19652.0,345445.6461937716,6294429.938683086,1736.0,zona777,E23_N419,train
415,6373,10703.3437,6890,9829.2999,345293.71730436105,6292890.972466012,0.324990148037249,834.1728841159493,official_shapezona777,13263.0,345560.70172660786,6293113.728191209,1118.0,zona777,E23_N419,train
416,28759,45502.6601,24608,36590.4419,343378.42706008744,6293136.224344073,0.9475225307898932,1473.579294075258,official_shapezona777,53367.0,343336.63589858904,6293096.146082785,1654.0,zona777,E22_N419,train
417,35420,53147.2584,25915,38092.228,342897.57843158,6292057.593700504,0.624024910809362,1402.111989638768,official_shapezona777,61335.0,343018.5743702617,6291877.131164914,1721.0,zona777,E22_N419,train
418,19006,29406.9696,16817,24610.9912,343296.30685923167,6291658.204420468,0.7052517609438504,1460.577818574384,official_shapezona777,35823.0,343278.4410295062,6291506.772185467,1793.0,zona777,E22_N419,train
419,25614,42485.2128,25571,37973.8513,342583.2989651633,6290968.482388593,0.591162989542123,1013.0589598361404,official_shapezona777,51185.0,342674.533085865,6290869.384214126,1741.0,zona777,E22_N419,train
42,22578,35511.958099999996,17570,25333.7477,348325.1037452363,6303499.62862154,0.50662760866081,922.8705220885458,official_shapezona777,40148.0,348570.83144864003,6303610.242702003,1010.0,zona777,E23_N420,test
420,6813,10706.9576,3545,5530.2446,343192.5435415779,6290784.879984664,0.4450122302983119,971.7196821365504,official_shapezona777,10358.0,343143.0767522688,6290982.484359915,1267.0,zona777,E22_N419,train
421,34843,58936.19,32434,48757.7866,342178.86576246866,6290027.842308335,0.8725213557152661,1365.14665532019,official_shapezona777,67277.0,342392.9229157067,6289788.839276425,1528.0,zona777,E22_N419,train
422,23294,36922.0005,10204,15737.0596,342973.3185393431,6290017.750657686,0.5514694198986169,975.4529703781008,official_shapezona777,33498.0,342753.0494059347,6289830.899516389,1135.0,zona777,E22_N419,train
423,5898,10471.9588,6625,9997.3031,342774.6446739939,6289292.888738662,0.4320422042343548,1011.0795621207216,official_shapezona777,12523.0,342772.1677713008,6289276.774175517,997.0,zona777,E22_N419,train
424,15003,25199.2428,17052,25795.6197,341915.849271561,6289323.824873686,0.4866473847176967,937.5939394645392,official_shapezona777,32055.0,342164.9810014038,6289225.585961629,1161.0,zona777,E22_N419,train
425,7108,11665.2727,8001,11915.2572,342573.355464661,6288421.062440035,0.552475358576779,992.6785134657983,official_shapezona777,15109.0,342604.54596598056,6288253.633662056,960.0,zona777,E22_N419,train
426,161561,220190.08650000003,150172,207756.5558,343560.1385103809,6294006.549729703,0.3509289664264893,802.5024573467672,official_shapezona777,311733.0,343783.3210952963,6294417.077736396,761.0,zona777,E22_N419,train
427,5404,8507.2906,1095,1778.5428000000002,341128.57066644286,6282673.236440339,0.4205840022566761,998.96581817884,official_shapezona777,6499.0,341089.0249269118,6282644.233420527,1019.0,zona777,E22_N418,train
428,12058,18759.3596,14213,21590.4896,342213.6783839698,6283077.478291165,0.9836778812599276,1495.2350111184642,official_shapezona777,26271.0,342088.38296981464,6283247.767576415,1938.0,zona777,E22_N418,train
429,14201,22835.4751,17356,26973.3838,343911.6858663284,6282759.643026035,0.5470914006289942,1004.6927767681192,official_shapezona777,31557.0,344215.6894825237,6282809.885001743,1159.0,zona777,E22_N418,train
43,22333,31885.8136,10745,15763.5637,346135.17901273654,6303462.058227235,0.6457274870579727,1297.5269616963342,official_shapezona777,33078.0,346118.41562367737,6303525.09931072,1468.0,zona777,E23_N420,test
430,270068,391393.5352,265249,386239.2485,344956.8031324332,6282428.9471633695,0.8187376348306469,1386.2955568835025,official_shapezona777,535317.0,344429.04549453873,6282797.923013841,2033.0,zona777,E22_N418,train
431,14329,22934.8871,13743,21294.1872,342724.54209224886,6282753.505379851,0.55800291244992,1103.2991836325964,official_shapezona777,28072.0,342697.41108577943,6282925.539327444,1235.0,zona777,E22_N418,train
432,31244,48876.1432,12954,19931.8179,345703.00500647165,6278912.271743584,7.470904550677616,3861.941030274844,official_shapezona777,44198.0,344074.97135617,6279622.996968188,3564.0,zona777,E23_N418,validation
433,49104,83999.56850000001,34247,53555.699,341618.63839910354,6281700.39924488,0.4392999541639053,846.9941552290693,official_shapezona777,83351.0,341760.51562668715,6281744.619212727,991.0,zona777,E22_N418,train
434,192950,276885.4006999999,190763,284273.3326999998,342810.9485155669,6281517.760875428,1.1755733854932668,1835.4921670556068,official_shapezona777,383713.0,342477.5446831356,6281755.65371254,1567.0,zona777,E22_N418,train
435,19424,32105.5988,12246,19400.2807,342031.08726118854,6281005.207847029,0.6191578146764374,1019.2654759929864,official_shapezona777,31670.0,341865.8543100726,6281116.621029365,1386.0,zona777,E22_N418,train
436,6723,11447.8949,10651,16698.6521,342055.05471099046,6279920.650367987,0.4741206264847718,996.5926971888402,official_shapezona777,17374.0,341935.2165880051,6279925.183492575,1535.0,zona777,E22_N418,train
437,111377,158483.1847,105709,156869.9503,343176.10965876054,6279907.631372708,1.7605633967402503,1840.9664995688945,official_shapezona777,217086.0,342796.2307564744,6280052.173871185,1863.0,zona777,E22_N418,train
438,11101,16134.256599999999,6983,11034.541,341252.797707588,6279393.454601539,0.8267030524976886,1160.4574913503602,official_shapezona777,18084.0,341446.5117783676,6279421.609212563,1142.0,zona777,E22_N418,train
439,27681,47570.4211,18535,27686.9595,338738.1680317106,6285407.412680602,25.77578604073567,7793.591071492992,official_shapezona777,46216.0,341562.94103773584,6286980.79604466,5420.0,zona777,E22_N419,train
44,41613,61400.9916,31710,46582.1959,346858.3271540199,6303231.394475032,0.6756664824931976,1099.7936959322542,official_shapezona777,73323.0,346942.9633812037,6303377.824434352,1301.0,zona777,E23_N420,test
440,148661,203657.7399,162161,226890.2582,349986.84492340405,6294329.702700879,1.5662512749083828,1480.3417068106355,official_shapezona777,310822.0,349338.1895136123,6294575.046804924,1542.0,zona777,E23_N419,train
441,50759,74209.54089999999,47831,67292.9914,351024.3563581817,6294716.926154805,0.9535111902814908,1277.8226087521762,official_shapezona777,98590.0,351027.717121412,6294678.701572168,1728.0,zona777,E23_N419,train
442,67732,100323.8709,63634,90766.16290000001,351924.8897709575,6294638.934980074,0.6887287557817565,1070.6668172400678,official_shapezona777,131366.0,351573.06095184444,6294760.951068008,1549.0,zona777,E23_N419,train
443,111248,139356.4651,65174,93836.7533,352932.24040044507,6294987.849301684,0.676489616198972,1424.8444881113246,official_shapezona777,176422.0,353393.2450658081,6295450.294560769,1695.0,zona777,E23_N419,train
444,28039,39944.4563,25187,36138.5755,352770.94945010263,6293947.891371406,0.9068413702117424,1450.463607522659,official_shapezona777,53226.0,352584.6982677639,6294127.738793071,1504.0,zona777,E23_N419,train
445,37066,54270.4881,36259,51383.1106,350658.7680020463,6293561.687129087,0.8707072456127635,1558.7293650468928,official_shapezona777,73325.0,351015.15556767816,6293482.688769178,1763.0,zona777,E23_N419,train
446,67156,96654.9728,53905,76553.26729999999,351800.1247710492,6292960.709935896,1.4233600864166325,1598.4177817814052,official_shapezona777,121061.0,351670.9094258266,6293474.756511181,1914.0,zona777,E23_N419,train
447,181695,254044.1109,192838,274541.3435,352560.5163418304,6292498.980439495,1.071279979517274,2297.654694438912,official_shapezona777,374533.0,352538.5771267152,6292215.644431866,2344.0,zona777,E23_N419,train
448,320977,434432.212,342472,478656.3771,349979.07447923045,6293094.076116237,0.6733986769162461,1277.5864562272327,official_shapezona777,663449.0,349668.3934349136,6293265.606483693,1734.0,zona777,E23_N419,train
449,32469,47489.8307,35946,51171.7444,350926.74838297546,6292893.954183604,0.5082134128587038,1182.8223495218554,official_shapezona777,68415.0,351204.470730103,6293043.171336696,1564.0,zona777,E23_N419,train
45,10925,17309.1881,10770,15795.9667,347513.4537264736,6303025.837414622,0.4220707509955872,791.0016609765589,official_shapezona777,21695.0,347422.01438119385,6303212.49398479,1013.0,zona777,E23_N420,test
450,118920,168210.83,120852,171915.4618,351085.8305139188,6291966.756000737,1.3698494024542418,1595.7924979636446,official_shapezona777,239772.0,350406.5592688054,6291360.047173982,1980.0,zona777,E23_N419,train
451,75793,101337.9288,51514,74784.2969,351662.6839673616,6291790.249873141,0.9722569940722232,1744.3988189352676,official_shapezona777,127307.0,352013.0073365958,6291599.516279545,1974.0,zona777,E23_N419,train
452,433780,554874.0692999999,484509,654308.3304,350354.36730139353,6292249.221155245,0.5771753028228833,1043.2717301729135,official_shapezona777,918289.0,349884.45719267026,6292296.856296874,1170.0,zona777,E23_N419,train
453,14964,21456.7225,17378,25274.1679,354005.13550229435,6295890.195069969,0.792599756530323,1315.6127346102148,official_shapezona777,32342.0,353980.2984354709,6296362.53552656,1378.0,zona777,E23_N419,train
454,50040,72766.2934,34635,50159.567599999995,355284.62364921905,6295995.51092595,0.7703766634988338,1492.276729866513,official_shapezona777,84675.0,355298.0830233245,6295874.642255683,1580.0,zona777,E23_N419,train
455,73751,108654.193,45141,65552.0909,356678.2187927809,6295738.712282102,1.3587458179619525,1827.9452692128837,official_shapezona777,118892.0,356485.56640480435,6295659.639218787,2475.0,zona777,E23_N419,train
456,57080,84889.2488,38202,55063.159600000006,358476.9180878716,6295525.389281979,1.910504656265188,2358.5448795456905,official_shapezona777,95282.0,357745.93792111834,6295452.683381961,1550.0,zona777,E23_N419,train
457,60094,86262.5098,41856,60385.1831,354778.6585737296,6295748.050082257,0.7571038266969701,1512.9083986429614,official_shapezona777,101950.0,355093.93803825404,6295356.996665032,1672.0,zona777,E23_N419,train
458,173067,241529.3039,219496,311108.333,353761.2950581588,6295146.7805057,0.4640717752224659,875.9414068181068,official_shapezona777,392563.0,353598.27669953613,6295593.105491348,1503.0,zona777,E23_N419,train
459,55658,80626.2904,71028,101180.7506,354746.4653546092,6294993.450616281,0.8074127603060689,1540.1230423235102,official_shapezona777,126686.0,354738.12920922594,6295110.49204332,1767.0,zona777,E23_N419,train
46,16874,26783.384000000002,11656,16644.399699999998,349344.7901202657,6302936.228897206,1.910646594645848,1944.4568313099444,official_shapezona777,28530.0,348954.8557308097,6302952.104451454,1929.0,zona777,E23_N420,test
460,119750,170686.6725,117607,168716.8737,353818.0349005137,6294612.6445893925,0.3817355967561493,1025.5794164254912,official_shapezona777,237357.0,353348.52110112616,6294422.793644173,1136.0,zona777,E23_N419,train
461,210876,290258.528,210259,295197.0512,354307.3576497234,6293255.698882764,2.5927936235291704,2094.1758008291945,official_shapezona777,421135.0,353301.2870006055,6293509.563752716,2401.0,zona777,E23_N419,train
462,52567,80422.2489,44942,64550.8032,355796.3527002493,6292209.419702921,4.282642608240376,2928.9398787012324,official_shapezona777,97509.0,355479.14487893425,6292668.683608692,3436.0,zona777,E23_N419,train
463,35062,54204.5744,25924,37919.7268,353483.2732183725,6292755.258555217,1.4745807766927417,1651.1226290088962,official_shapezona777,60986.0,353207.0424195717,6292125.437280688,2055.0,zona777,E23_N419,train
464,10627,14606.8717,3454,5227.4119,352911.2276844041,6291809.013816723,0.4265081494306366,958.4471782256732,official_shapezona777,14081.0,352915.44386052125,6291654.233080037,1410.0,zona777,E23_N419,train
465,278408,389290.1453,309209,438482.29319999996,353022.32993453613,6291422.754967632,0.9623075918271934,1873.4574547368684,official_shapezona777,587617.0,352406.701967438,6291182.825085047,1666.0,zona777,E23_N419,train
466,32806,48999.4899,21548,31235.869,354329.2525944065,6291180.254242769,0.8804782284938739,1439.1661231504404,official_shapezona777,54354.0,354214.9633881591,6291337.298690069,1722.0,zona777,E23_N419,train
467,314218,439928.9374,340956,485933.23809999996,350684.5584699868,6290532.908773021,1.0783256381291355,1657.6025136504322,official_shapezona777,655174.0,350791.1200184989,6290649.0942482455,2326.0,zona777,E23_N419,train
468,470875,625229.8010000001,412018,588572.2777,351597.4073326863,6290440.347497402,0.9330775240058756,1918.7614140103103,official_shapezona777,882893.0,351406.7459624213,6290033.557631559,2427.0,zona777,E23_N419,train
469,30330,43560.7154,32307,46452.413,351784.48879399896,6290835.871396257,0.5177921842871235,1125.6761438600952,official_shapezona777,62637.0,351662.1251816019,6291059.230375018,1731.0,zona777,E23_N419,train
47,10438,16959.3492,6888,9936.9021,348539.07020906685,6302612.654501211,0.4539779995408839,1251.6991748725995,official_shapezona777,17326.0,348478.8418561699,6302638.720420178,896.0,zona777,E23_N420,test
470,415445,601446.4287999999,506043,727207.7819000001,352488.69813927944,6290340.643158459,1.3281638033559156,1828.408110784134,official_shapezona777,921488.0,351980.7216881826,6289991.6051386455,2219.0,zona777,E23_N419,train
471,55673,83068.2302,32205,47463.279299999995,353257.2170087925,6290648.469485107,1.3986517888840628,1826.3311948345508,official_shapezona777,87878.0,353406.6434716311,6290519.920731014,2460.0,zona777,E23_N419,train
472,41339,62106.9929,28957,41918.3935,354440.315319055,6290694.633024415,0.9201048303533644,1530.2835546818096,official_shapezona777,70296.0,354530.77296005463,6290673.447265848,1611.0,zona777,E23_N419,train
473,24551,36012.8581,12109,17080.8406,354807.5642696626,6290092.842264578,0.5958586546529695,1191.8032910672482,official_shapezona777,36660.0,354617.2449809056,6289838.036306601,1135.0,zona777,E23_N419,train
474,34249,53555.659999999996,26629,38716.7958,356036.8468696116,6290117.486228444,1.5241085694256,1554.7191982393852,official_shapezona777,60878.0,355733.0956995959,6290225.501790466,1715.0,zona777,E23_N419,train
475,68320,99569.618,82454,119516.8989,350791.62947932736,6288794.903172258,0.8086937863212988,1432.4092309437692,official_shapezona777,150774.0,350901.8200618144,6288722.260402988,1739.0,zona777,E23_N419,train
476,336122,451314.1145,340852,481895.0281,351771.4933531891,6289337.760614783,0.8357149889992478,1422.8667102722102,official_shapezona777,676974.0,351713.5049942834,6289244.428721044,1961.0,zona777,E23_N419,train
477,54180,78368.5625,44354,63812.316399999996,354767.46849651553,6289190.727019807,1.3852293014763253,1951.9833098584784,official_shapezona777,98534.0,354724.35495362006,6289270.483548826,1925.0,zona777,E23_N419,train
478,15,20.0112,12976,18781.6296,356499.1192441621,6287455.321988005,1.5542776003361924,1498.1124475030228,official_shapezona777,12991.0,356369.8629820645,6288262.120775922,587.0,zona777,E23_N419,train
479,116219,164705.5346,133767,189641.6228,351567.82983217086,6288377.53037002,1.113536653603057,1212.443972747773,official_shapezona777,249986.0,351995.4204835471,6288205.6372996885,1868.0,zona777,E23_N419,train
48,91957,132067.5565,99971,145513.0312,346744.8135980903,6301740.9767290745,0.9866577556253832,1267.6637846566737,official_shapezona777,191928.0,347177.1781188779,6301613.412232712,935.0,zona777,E23_N420,test
480,11327,15682.8945,5951,8476.6512,353147.99387809413,6288806.951835356,0.5339555160241141,1279.498180533934,official_shapezona777,17278.0,353046.7452251418,6288857.939344832,1064.0,zona777,E23_N419,train
481,30376,46039.3594,44827,63518.7232,353455.4204554643,6288003.052325193,0.8529288800301023,1375.679368275334,official_shapezona777,75203.0,353673.5638338896,6288179.204034413,1665.0,zona777,E23_N419,train
482,23615,33874.8818,15320,22591.2976,350807.00213179353,6288006.769742183,0.4891856825028344,829.7208090396598,official_shapezona777,38935.0,350872.1080261976,6287801.206754847,1485.0,zona777,E23_N419,train
483,61741,94599.2441,56066,81974.1773,350999.8259863963,6286213.57710517,1.1006854794465404,2003.887518803589,official_shapezona777,117807.0,350975.6896703931,6286414.807439286,2398.0,zona777,E23_N419,train
484,35180,51141.5973,22072,32231.7643,351782.08888432366,6287323.402502893,0.8064054292825943,1391.932687221968,official_shapezona777,57252.0,351507.30577097746,6287531.96040313,1628.0,zona777,E23_N419,train
485,38294,58741.661,37798,54672.6081,353784.80342073773,6287177.239630894,1.239982068357285,1616.811654244957,official_shapezona777,76092.0,353944.5093045261,6287165.375348263,2019.0,zona777,E23_N419,train
486,25077,39655.9467,18498,28186.8206,352015.11344401515,6286039.621726364,1.2557759061423746,1600.534726906044,official_shapezona777,43575.0,351644.7631669535,6286047.706345381,1751.0,zona777,E23_N419,train
487,38848,56798.0483,34773,50959.5127,354170.59582887334,6286312.058518393,1.0575747397208923,1710.4284148848965,official_shapezona777,73621.0,354316.1056492033,6286244.386574483,1995.0,zona777,E23_N419,train
488,38094,58795.182400000005,29954,44508.7318,351005.8067366914,6284871.4745903285,0.7618484361278529,1367.0382420099922,official_shapezona777,68048.0,350750.4776922173,6284830.154346932,1502.0,zona777,E23_N418,validation
489,146588,199066.9641,152603,218376.30370000002,352146.2418761975,6285394.113012966,1.1831694142276663,1544.2765156644164,official_shapezona777,299191.0,352758.49479095294,6285416.391071255,1784.0,zona777,E23_N419,train
49,10906,17101.8122,13638,20142.5419,347489.460404926,6301936.88804908,0.7892223221816517,1150.514354285784,official_shapezona777,24544.0,347606.0066003911,6302141.5585886575,1910.0,zona777,E23_N420,test
490,33508,48615.6691,32400,47213.5493,353467.0246596988,6285353.623669582,0.7376025895710993,1287.2378845470955,official_shapezona777,65908.0,353623.58470898826,6285432.74385507,1755.0,zona777,E23_N419,train
491,25963,37931.8782,12637,19095.3871,352320.52780592674,6284686.794902924,0.5416235725836397,1353.4031446707086,official_shapezona777,38600.0,352255.92764248705,6284658.592512953,1404.0,zona777,E23_N418,validation
492,58731,91643.96800000001,39978,59610.0225,355319.77788913954,6284804.362577392,0.8191421582352668,1251.0337875997648,official_shapezona777,98709.0,355501.8643082191,6284775.724442554,1916.0,zona777,E23_N418,validation
493,60708,92037.4238,47668,71824.1878,356095.6104782816,6284152.340768054,2.496063433485657,2003.1357645235255,official_shapezona777,108376.0,355851.5805621171,6283968.5484240055,2521.0,zona777,E23_N418,validation
494,23806,36003.8586,15522,22485.848,356813.31296495406,6285497.265088632,1.7578935016551254,2003.2623232823096,official_shapezona777,39328.0,356329.1430532954,6285540.14607913,1019.0,zona777,E23_N419,train
495,44782,67473.1098,37658,55603.0715,353870.5097551404,6283878.323965939,1.039934560877108,1489.9863131449092,official_shapezona777,82440.0,354047.4597525473,6283750.121700631,1897.0,zona777,E23_N418,validation
496,47216,70668.7688,32008,47166.1485,352345.8404592322,6283017.362782484,0.7491794574780304,1113.6214873231947,official_shapezona777,79224.0,352301.68861708575,6283173.509832879,1279.0,zona777,E23_N418,validation
497,215690,291265.6543,214213,303399.9313,354240.67055604246,6282568.484048799,1.082514215196808,2061.827509487979,official_shapezona777,429903.0,353509.54156867944,6282311.425077285,2085.0,zona777,E23_N418,validation
498,20079,31480.467399999998,9823,15154.0225,354021.7754452672,6282106.309552386,0.6053391141914624,1228.0587947702734,official_shapezona777,29902.0,354506.36425657145,6282136.196241054,1590.0,zona777,E23_N418,validation
499,33866,52970.085,26278,38971.961899999995,356949.52941331966,6281629.656802916,5.983205542672872,3694.034237286076,official_shapezona777,60144.0,356780.44030992285,6281745.418811519,3589.0,zona777,E23_N418,validation
5,42784,67321.8008,33375,48347.3719,344160.998726901,6301506.449646663,0.768159757638803,1614.4126840420067,official_shapezona777,76159.0,344135.5336992345,6301434.010373035,2042.0,zona777,E22_N420,validation
50,17243,26787.9782,13058,19132.9034,348996.37752251304,6301712.195062846,1.0608174573949027,1936.947679955454,official_shapezona777,30301.0,348228.7721527342,6301988.711725686,1224.0,zona777,E23_N420,test
500,9017,15781.198699999999,9803,14996.9565,350213.6419991836,6280067.81336806,3.412281007328613,3310.006138101162,official_shapezona777,18820.0,350736.29022316687,6279311.926248672,2288.0,zona777,E23_N418,validation
501,293903,407335.2327,320427,458452.2251,353000.52097067033,6280927.400427702,0.7547598682024871,1369.6710826447234,official_shapezona777,614330.0,353648.10301954974,6280861.139835267,1743.0,zona777,E23_N418,validation
502,4138,7004.8987,3219,4911.2036,352406.89817012043,6279920.478891624,0.3538480558548821,705.3218002600479,official_shapezona777,7357.0,352512.7611798287,6279774.214489602,997.0,zona777,E23_N418,validation
503,9628,16017.0623,5031,7896.2734,352902.7144981184,6280348.7017767485,0.454682447891495,886.9154245816171,official_shapezona777,14659.0,352866.269117948,6280373.598813016,859.0,zona777,E23_N418,validation
504,25161,39218.9062,18172,27919.0088,354429.7527273851,6280712.919194916,0.6179924985646537,1507.2845177612037,official_shapezona777,43333.0,354436.55433503335,6280736.990423003,1737.0,zona777,E23_N418,validation
505,517563,722006.5352000004,519741,734952.4201999999,353420.7811775578,6279822.551531794,0.3504449023206122,1125.393449814408,official_shapezona777,1037304.0,353798.82868281624,6280019.839969768,995.0,zona777,E23_N418,validation
506,60725,94564.4357,30589,50266.4621,354073.57961088803,6279934.547525705,0.3732260802641762,788.3733555655926,official_shapezona777,91314.0,353920.6658891298,6280058.218159318,997.0,zona777,E23_N418,validation
507,14126,22062.3807,10007,15250.230199999998,354938.8864939014,6280189.166173279,0.9645010401642417,1555.2703933086595,official_shapezona777,24133.0,355389.7277586707,6280564.89611735,2123.0,zona777,E23_N418,validation
508,4341,7536.3143,4178,6381.7023,352362.7006159666,6279059.284556177,0.399106553373732,789.858320036903,official_shapezona777,8519.0,352507.03908909496,6279136.582227961,1098.0,zona777,E23_N418,validation
509,9668,16723.3203,7397,11119.609199999999,352974.62167756434,6279375.079122471,0.3144072290521498,653.9129808014259,official_shapezona777,17065.0,352966.072663346,6279363.937357164,900.0,zona777,E23_N418,validation
51,9015,14556.1709,6662,9841.8086,347397.97352433234,6301279.739178189,0.3756664089863505,837.3434639656916,official_shapezona777,15677.0,347482.9172673343,6301296.236142119,1009.0,zona777,E23_N420,test
510,3246,5789.914400000001,3663,6020.7467,353593.6116496613,6279328.883427879,0.3226964057599937,706.1040404427331,official_shapezona777,6909.0,353680.84541901865,6279486.859892894,831.0,zona777,E23_N418,validation
511,2393,5017.842900000001,1271,2050.3762,354325.71188428527,6279333.898323238,0.2224600795286917,802.4881515074521,official_shapezona777,3664.0,354042.5824235808,6279627.069050218,1031.0,zona777,E23_N418,validation
512,616,1070.9809,2708,4145.586200000001,354666.95493845665,6279491.784547711,0.3749053254034877,896.0051231514663,official_shapezona777,3324.0,354853.82821901323,6279446.9744284,828.0,zona777,E23_N418,validation
513,7253,11911.8186,4143,6340.534,355217.74423869065,6279407.395943265,0.5125614905919155,981.498402078636,official_shapezona777,11396.0,355190.116970867,6279515.074938575,888.0,zona777,E23_N418,validation
514,5550,9283.6935,2854,4430.7657,352544.7781581277,6278585.755921599,0.3355440480893749,733.8915770519525,official_shapezona777,8404.0,352558.8576868158,6278362.013445978,812.0,zona777,E23_N418,validation
515,2558,4420.0471,2204,3290.2454000000002,353662.76499583025,6278899.654073171,0.3598520463048644,724.0635589299491,official_shapezona777,4762.0,353737.7125157497,6278775.366442671,783.0,zona777,E23_N418,validation
516,1919,3091.4792,519,854.6296,354635.53385851625,6279066.1487829145,0.3538766491702055,952.7561756037176,official_shapezona777,2438.0,354468.3798195242,6279257.596800656,1322.0,zona777,E23_N418,validation
517,4645,7707.7419,932,1498.6845,353439.5960403166,6277888.081694692,1.0760622874434418,1615.1655777720734,official_shapezona777,5577.0,353437.0032275417,6278410.59315044,1215.0,zona777,E23_N418,validation
518,24770,38506.2601,13844,20800.291799999995,355694.7396119529,6278996.824640484,3.0036127910969808,4171.456086668419,official_shapezona777,38614.0,356138.49145387684,6279709.755114725,3185.0,zona777,E23_N418,validation
519,30396,49249.9407,14462,22039.4161,358092.2244818581,6279877.188787449,1.6286614482243302,2213.0356466958765,official_shapezona777,44858.0,358450.0860938963,6280194.809799813,2607.0,zona777,E23_N418,validation
52,5455,8724.2988,7152,10401.0488,348150.9020149193,6301537.086906582,0.8140395452855536,1139.9591957483208,official_shapezona777,12607.0,348016.6812088522,6301775.061711747,950.0,zona777,E23_N420,test
520,1143,2238.7131,6688,10117.9529,359424.4766430693,6279849.77458532,0.8532097262822506,1430.3612000686117,official_shapezona777,7831.0,359097.13280551654,6280222.947899374,664.0,zona777,E23_N418,validation
521,11128,18053.0771,6150,9340.6713,350985.4863730566,6277134.080074745,5.202411545475865,4493.001061737363,official_shapezona777,17278.0,352231.192614886,6277732.34083806,3566.0,zona777,E23_N418,validation
522,64300,122226.3335,52175,79336.969,332803.4453264342,6304698.569407697,49.69608545031895,11740.268145009875,official_shapezona777,116475.0,331974.09166773985,6303424.918969736,10933.0,zona777,E22_N420,validation
528,40075,65679.485,32611,47311.8006,331020.4593347865,6298999.251753831,31.280435187575574,11131.589630511471,official_shapezona777,72686.0,333646.3820130424,6298431.684767355,7687.0,zona777,E22_N419,train
53,129955,185888.5207,140469,198626.416,346786.5720082964,6300644.082837661,0.5364040769464503,1099.1617231322452,official_shapezona777,270424.0,347051.5940227199,6300664.247807147,1231.0,zona777,E23_N420,test
534,10079,16241.564400000001,7941,13465.0689,338823.6304375961,6273873.813063131,10.07457940874231,4291.485786833568,official_shapezona777,18020.0,338299.53418423975,6273247.701664817,2969.0,zona777,E22_N418,train
536,15451,24935.7191,40246,57883.0872,345397.6130798205,6306708.992993737,3.215781636846784,2641.591480145231,official_shapezona777,55697.0,345645.29834641004,6306107.976838968,2966.0,zona777,E23_N420,test
537,16722,24502.546299999998,6424,9027.5602,343949.81633949257,6308108.99673986,0.541606483904635,1337.7709064917872,official_shapezona777,23146.0,343979.57236671564,6308138.808951871,1411.0,zona777,E22_N420,validation
538,6076,9376.5301,6593,9275.8213,361054.5655734694,6310279.116815265,4.704050873934866,3145.1006760448217,official_shapezona777,12669.0,360253.537453627,6309735.610703291,1892.0,zona777,E24_N420,train
54,8242,12768.8157,8371,12091.4367,347893.18343224225,6300272.801169274,0.9301658928254068,1960.4562177890912,official_shapezona777,16613.0,347774.46264973213,6299336.908144224,1121.0,zona777,E23_N420,test
541,87505,126113.95760000001,82365,110628.55749999998,361297.69847422896,6304471.50346013,5.277432490891328,3257.0602209382923,official_shapezona777,169870.0,360024.44466356625,6303778.869771001,2305.0,zona777,E24_N420,train
542,15617,23388.2618,10276,14085.7823,359874.9722551826,6302263.892818948,2.5435556036422438,2228.39146251604,official_shapezona777,25893.0,359608.436141042,6302139.199204418,2049.0,zona777,E23_N420,test
547,8141,11955.3405,6110,8603.1884,359698.84194667067,6292354.965896924,7.21481934634912,3912.044079374522,official_shapezona777,14251.0,357993.0190863799,6290836.71623044,1513.0,zona777,E23_N419,train
548,1224,1885.5402,2435,3459.6401,357651.43960778223,6288825.187970207,6.565924799664615,4077.7936762021855,official_shapezona777,3659.0,356947.4405575294,6290753.803771522,557.0,zona777,E23_N419,train
549,8126,14321.209700000001,8188,12090.1383,337309.9430428329,6287986.982363075,7.253049520816144,3982.0714744996512,official_shapezona777,16314.0,338130.6854235626,6288378.167340934,2686.0,zona777,E22_N419,train
55,346804,488691.5595,383954,540653.6698,346907.6188005425,6299789.734330324,0.7388257141287027,1133.0509644150152,official_shapezona777,730758.0,346866.85770939215,6299860.070938669,1483.0,zona777,E23_N419,train
550,60342,92013.4925,54602,80484.5001,335841.4949214741,6286143.898338219,2.640066741472784,2693.8894635375477,official_shapezona777,114944.0,336133.44385091873,6286569.746119849,1764.0,zona777,E22_N419,train
551,17837,26052.9029,11298,16404.057,335742.9052916887,6284802.213474294,1.8590049556456576,2545.51558971958,official_shapezona777,29135.0,334974.6287626566,6285038.549201991,1403.0,zona777,E22_N418,train
552,11784,22314.740400000002,9763,14796.841,331209.00476289896,6290644.646931805,15.136179034990544,5614.469511762261,official_shapezona777,21547.0,331199.72153896134,6290672.57655358,3169.0,zona777,E22_N419,train
553,962,1698.0339000000001,2630,3876.3513,332631.6294488311,6287681.039262255,4.474501863052186,3324.625080586411,official_shapezona777,3592.0,333875.79398663697,6286557.377227171,921.0,zona777,E22_N419,train
554,16954,26994.041999999998,26851,40321.6034,337064.00572835375,6307084.906597178,0.1374032632528086,472.66715238185134,official_shapezona777,43805.0,336977.97769661,6307153.017281133,991.0,zona777,E22_N420,validation
555,9848,16436.474,1784,2840.4558,337104.7100631907,6306772.97133803,0.1885740905158149,766.4374371055164,official_shapezona777,11632.0,337313.78284044017,6306882.983149931,642.0,zona777,E22_N420,validation
556,45554,74558.7332,36209,53969.0757,334888.433331348,6307047.294065703,13.448951752995129,6187.774187792908,official_shapezona777,81763.0,336807.95066228,6306129.808213985,3356.0,zona777,E22_N420,validation
557,355743,516805.5965000001,364204,510800.82250000007,341559.1943499028,6309661.220571235,7.072994668673325,5470.4914679937065,official_shapezona777,719947.0,342389.777380835,6307393.829440223,5212.0,zona777,E22_N420,validation
558,8457,13191.1337,6087,9209.8861,359287.8283921884,6280811.25895188,3.354819679486995,3756.226423980668,official_shapezona777,14544.0,359327.46266501653,6281384.2431930695,2292.0,zona777,E23_N418,validation
559,21960,34691.4873,2866,4409.734,346833.5694507132,6276561.7412820365,9.119431069610584,4823.46220732131,official_shapezona777,24826.0,345312.0991299444,6276537.854144848,5160.0,zona777,E23_N418,validation
56,25250,44134.7136,28934,43776.2785,335841.14996873506,6303257.984214518,4.801682087691559,3526.986878424883,official_shapezona777,54184.0,336049.6902591171,6303509.641425513,4017.0,zona777,E22_N420,validation
560,120169,166375.7309,100914,148040.0283,342061.3855232177,6276259.902640816,3.373248426886718,2656.3459603423253,official_shapezona777,221083.0,341887.326945084,6277237.113441559,1543.0,zona777,E22_N418,train
561,1966,3335.4892,1687,2765.3529,337240.12519653945,6279455.598856352,44.44363972641938,8975.620526239276,official_shapezona777,3653.0,340039.97837393923,6277272.605255954,4612.0,zona777,E22_N418,train
562,13587,23197.3693,24896,40120.2895,343809.92127727985,6276470.690174285,8.519959387169122,3999.4263751646495,official_shapezona777,38483.0,344282.2811890965,6276825.88542993,3566.0,zona777,E22_N418,train
563,1967,4166.7455,7323,10521.2438,340054.8059313095,6282716.404657523,6.355058893628852,5670.003683372401,official_shapezona777,9290.0,341107.2531754575,6284963.58116254,3481.0,zona777,E22_N418,train
57,10913,19356.349599999998,7913,12503.39,339242.72067794774,6303354.671165124,1.0243138035969854,1442.7581635329989,official_shapezona777,18826.0,339439.3752257516,6303162.359768406,1277.0,zona777,E22_N420,validation
58,36846,63315.9683,40136,60957.2577,340561.1371956449,6303326.822829481,1.494730942423789,1843.3310960526576,official_shapezona777,76982.0,340306.9571977865,6302887.56556078,1341.0,zona777,E22_N420,validation
59,20400,34374.0968,13399,19990.5538,342654.41757191427,6303409.232448696,1.6232911948567796,2734.583563870983,official_shapezona777,33799.0,342843.75318796415,6303414.643835616,2022.0,zona777,E22_N420,validation
593,79698,113502.0219,74729,108837.3944,335596.7181327793,6293396.308015442,1.0105823335528128,1553.8318028699723,official_shapezona777,154427.0,335707.46679013385,6293213.934085361,1349.0,zona777,E22_N419,train
594,24588,35771.0673,45363,67277.1774,336753.66889877134,6293424.288284696,1.1938049320169408,1539.140180150047,official_shapezona777,69951.0,336656.504667553,6293522.783991652,2087.0,zona777,E22_N419,train
595,56946,88852.0195,37497,55875.6998,334267.4159833528,6290635.727887236,0.7399308932131489,1019.6658347976628,official_shapezona777,94443.0,334276.5700687187,6291016.068009275,1458.0,zona777,E22_N419,train
596,125,184.0685,11595,17025.6444,334239.2131581664,6291785.356753266,0.955509433200029,1352.8005293337628,official_shapezona777,11720.0,333940.5390784983,6291231.611433447,696.0,zona777,E22_N419,train
599,1987,3417.812,1635,2422.5166,353066.5397504413,6278696.047882555,0.3224363952938492,665.9343422390521,official_shapezona777,3622.0,353116.99199337384,6278741.299558255,580.0,zona777,E23_N418,validation
6,35427,55692.297600000005,27926,40984.6415,344880.5181493603,6300856.403192391,0.8606905189005014,1228.9497054945678,official_shapezona777,63353.0,344916.206935741,6300908.036588638,1525.0,zona777,E22_N420,validation
60,24978,43712.9173,18733,29178.6071,338442.817438939,6302499.286208188,0.5910917292306506,1692.4173210232984,official_shapezona777,43711.0,338640.87298391707,6302286.521401935,2066.0,zona777,E22_N420,validation
600,5783,9442.9975,2332,3495.527,351547.5576556452,6279874.340436289,0.3885021731963592,1088.4253547787666,official_shapezona777,8115.0,351609.61318545905,6279947.568453481,1120.0,zona777,E23_N418,validation
601,11158,18760.0336,10134,14984.2492,351937.5591016908,6279816.292174716,0.4005597049288958,1086.9415121432394,official_shapezona777,21292.0,351908.9105297764,6279787.796543303,1468.0,zona777,E23_N418,validation
602,5527,9610.1837,4759,7230.3736,352326.05463967373,6280315.030560888,0.270020868786072,674.18771856901,official_shapezona777,10286.0,352271.2056192884,6280443.097413961,874.0,zona777,E23_N418,validation
603,25380,37824.2438,44804,67625.0777,353482.8988224149,6280273.839956645,0.293902409710278,644.8885201857775,official_shapezona777,70184.0,353739.7847942551,6280205.381539952,998.0,zona777,E23_N418,validation
604,10846,18024.9913,11532,17266.4667,350026.5860887973,6278066.45223386,0.427398262519981,893.2407448734739,official_shapezona777,22378.0,350076.39257306285,6278101.098489588,1595.0,zona777,E23_N418,validation
605,29636,49509.0516,8546,12855.4524,350860.45773671585,6278786.635563821,0.7858911962750571,998.1318614240736,official_shapezona777,38182.0,350684.61293279554,6278797.3393221935,1446.0,zona777,E23_N418,validation
607,28738,50821.8745,10826,16123.713099999999,350875.48417572014,6278108.083953381,0.6945071736052006,944.5700619192794,official_shapezona777,39564.0,350695.43253968254,6277915.228389445,1495.0,zona777,E23_N418,validation
608,18054,31580.6739,12342,18764.324099999998,349562.6294607187,6279418.3258669935,0.6445131513543612,944.6147071506712,official_shapezona777,30396.0,349561.0678049744,6279181.8789643375,1123.0,zona777,E23_N418,validation
609,13071,20203.952400000002,6663,9728.2393,350708.3674003405,6284178.541850186,0.2513375458436304,663.9694977868348,official_shapezona777,19734.0,350658.0635451505,6284146.495946083,719.0,zona777,E23_N418,validation
61,7487,13506.2177,7347,11968.909099999999,340158.191686776,6302231.264070071,0.9209355943394052,1640.7158516258933,official_shapezona777,14834.0,340526.72556289606,6302560.336389376,1998.0,zona777,E22_N420,validation
610,52170,76939.594,27777,40876.5744,351317.6358402417,6283895.491968716,1.413567526713161,1502.5516429878771,official_shapezona777,79947.0,351323.76969742455,6283794.170087683,1698.0,zona777,E23_N418,validation
611,78524,124246.3331,84828,123744.52339999999,351392.60621759924,6282704.554285371,1.2321777187330614,1379.1432823714567,official_shapezona777,163352.0,351479.8414344483,6282851.282126941,1367.0,zona777,E23_N418,validation
612,20260,31789.5887,11925,17202.2637,351404.0822360825,6281314.23752363,0.8386710904908742,1488.0871275467798,official_shapezona777,32185.0,351351.2335560044,6281717.374398012,1415.0,zona777,E23_N418,validation
613,28098,43308.8203,18564,27960.3428,352901.54402628314,6281500.23371356,1.047200797075268,1413.7817318656598,official_shapezona777,46662.0,353108.28603574645,6281574.318181818,1861.0,zona777,E23_N418,validation
614,24670,37977.6907,12965,19203.1153,347590.1843663084,6285388.249101728,0.6712171660813728,981.8401989145204,official_shapezona777,37635.0,347791.22659758205,6285560.442965325,1281.0,zona777,E23_N419,train
615,8999,13569.6927,7637,11288.3656,349856.29520017555,6285279.630170672,0.7233885251476139,1051.3467271678385,official_shapezona777,16636.0,349975.55608319305,6285419.735693676,1445.0,zona777,E23_N419,train
616,9528,14985.1808,26131,36618.311200000004,352968.88964698795,6289337.760614783,0.6586084315976655,1301.2184758078074,official_shapezona777,35659.0,353324.9797807005,6289297.310272302,1986.0,zona777,E23_N419,train
617,4694,6827.3236,5947,8531.4679,352242.9980851912,6288766.6950170025,0.3325822103747856,906.3585840025336,official_shapezona777,10641.0,352250.2845597218,6288756.202424584,1288.0,zona777,E23_N419,train
618,12590,18504.0436,16233,23577.297000000002,352484.4301694244,6288161.491720772,0.5552729157825541,1030.9414712758737,official_shapezona777,28823.0,352387.61537660897,6288141.761197655,1556.0,zona777,E23_N419,train
619,65764,89408.3568,77992,110906.1229,352768.0953444835,6287452.608723287,0.9396117166420024,1265.3852046762477,official_shapezona777,143756.0,352701.2198029995,6287012.732066835,1883.0,zona777,E23_N419,train
62,43669,73054.75600000001,46040,70158.9854,341336.2330379241,6302951.788392236,0.51345995155579,1081.6343634482473,official_shapezona777,89709.0,341513.2717453098,6302524.995485403,1100.0,zona777,E22_N420,validation
620,159233,220364.8131,155241,220414.4364,353178.24118617026,6285992.723217009,0.8308436295865486,1078.059219662624,official_shapezona777,314474.0,352754.4237488632,6286214.178568021,1541.0,zona777,E23_N419,train
621,47787,71958.9125,39253,57123.5169,354678.56506659824,6285594.753479293,0.7294174404209031,1502.5519150627078,official_shapezona777,87040.0,354599.0492876838,6285494.3582950365,1627.0,zona777,E23_N419,train
622,219193,291957.7239,219059,311186.9927,353600.2813171295,6284699.989081504,0.8365029842407848,1365.196890188381,official_shapezona777,438252.0,353111.9323448609,6284481.331462264,1437.0,zona777,E23_N418,validation
624,26461,42213.8518,24609,37012.5254,355980.50527483434,6280694.830229646,1.4097603197618522,2207.501050865103,official_shapezona777,51070.0,355515.88915214414,6280946.138731154,2302.0,zona777,E23_N418,validation
625,23615,35246.693100000004,8984,14434.4571,356171.7179546476,6286317.2489984855,2.20908008552335,3253.130371522042,official_shapezona777,32599.0,354784.4128347496,6286403.312678303,1406.0,zona777,E23_N419,train
626,56865,82174.4047,29928,44255.6841,354979.5651490279,6287634.290444905,2.174523580769769,1977.0072240932493,official_shapezona777,86793.0,354679.56753424817,6287928.263304644,2725.0,zona777,E23_N419,train
627,23356,38363.1457,18185,26081.2031,358670.7809800431,6309796.820258816,2.720190384783185,2693.6520411511883,official_shapezona777,41541.0,358525.04742302786,6309115.145687393,2747.0,zona777,E23_N420,test
628,17848,28117.819199999998,59928,88136.0068,337637.8832238731,6308284.362708131,0.7590875549199788,1327.278721831215,official_shapezona777,77776.0,337635.447155935,6308113.230083831,1592.0,zona777,E22_N420,validation
629,90733,138092.1694,77322,115221.1725,337865.5004201154,6307269.057884327,0.7954420475311811,1228.9021190940985,official_shapezona777,168055.0,337871.7190562613,6307138.426223557,1609.0,zona777,E22_N420,validation
63,8491,14413.5464,10485,15387.2919,342122.8178840204,6303170.435372863,0.4827490086991862,1343.119827517483,official_shapezona777,18976.0,342180.2198039629,6303023.990672428,1477.0,zona777,E22_N420,validation
630,57577,93852.1493,34179,51786.1024,336316.32746089954,6307084.906597178,0.9012844801784692,1338.8097762187244,official_shapezona777,91756.0,336544.74919351324,6307138.699670866,1385.0,zona777,E22_N420,validation
631,251569,345721.6541,278152,403693.4301,337448.86152604467,6293785.883797362,0.6519865148005406,1228.5877108291024,official_shapezona777,529721.0,337685.0377255197,6293872.822636822,1732.0,zona777,E22_N419,train
632,169540,226220.9626,173897,246928.08190000002,337991.0654778094,6294828.378033541,0.463078297562225,1013.1413584995898,official_shapezona777,343437.0,338295.2113691885,6294693.924090881,1693.0,zona777,E22_N419,train
633,15685,24482.4241,9988,14760.8634,337015.5241058044,6294992.7800897565,0.5407017055162366,1231.712702942721,official_shapezona777,25673.0,337144.53157013207,6295038.464846336,1745.0,zona777,E22_N419,train
634,13053,21044.6817,12766,18789.7581,333145.4692828552,6286089.819212154,0.5000494260776293,1098.4488301532692,official_shapezona777,25819.0,333400.14981215383,6286279.537549866,905.0,zona777,E22_N419,train
635,2739,4506.596399999999,4918,7289.7919,344478.8388326982,6284525.768158101,0.3162060027459147,765.899518144317,official_shapezona777,7657.0,344720.4851769623,6284394.1441817945,871.0,zona777,E22_N418,train
636,7273,13041.2087,3755,5740.4145,360403.95087694586,6308389.050262708,0.5621269236256261,1164.5257810670882,official_shapezona777,11028.0,360361.57145447953,6308160.902067465,1291.0,zona777,E24_N420,train
637,35936,58238.2855,46313,66905.8455,359800.74089244264,6308204.286821918,0.8418858220631729,1264.916742041707,official_shapezona777,82249.0,359651.3964181936,6308277.269523034,1572.0,zona777,E23_N420,test
638,2177,3575.7387,1245,1830.0210000000002,354954.1346503709,6309952.469005616,2.358658531087505,2048.888040497899,official_shapezona777,3422.0,355434.64465225016,6310201.345704267,2818.0,zona777,E23_N420,test
639,45132,67678.5197,47256,64948.3795,356266.7986468434,6311222.488979183,4.648737252486115,3161.668365737307,official_shapezona777,92388.0,356038.61190847296,6311244.783900507,2625.0,zona777,E23_N420,test
64,34642,56216.0595,28387,42734.4255,342336.0675314013,6302614.090448085,0.9703140668690402,1357.370528238942,official_shapezona777,63029.0,342376.7652350505,6302227.489457234,1560.0,zona777,E22_N420,validation
640,7327,11150.1444,6583,9263.9655,357612.3053476039,6310946.2041637935,2.6892667900712244,2409.067965321243,official_shapezona777,13910.0,357877.4107836089,6310416.89604601,1271.0,zona777,E23_N420,test
641,11629,18659.2221,11825,16923.4291,358897.3311563943,6311503.566337365,1.1776057913022244,1221.90340562677,official_shapezona777,23454.0,358893.43766521703,6311400.048904238,3391.0,zona777,E23_N420,test
642,110802,166344.4259,107511,151104.4439,358773.4565976752,6307684.353123581,2.6685017295168567,2079.627804535441,official_shapezona777,218313.0,359022.1268133368,6307709.171886236,2185.0,zona777,E23_N420,test
643,11254,17024.8716,8943,12814.2372,359544.59265127697,6310330.815147745,2.5069413209137537,3319.7626051194966,official_shapezona777,20197.0,359606.20715947915,6310224.704659108,2377.0,zona777,E23_N420,test
644,21460,33257.6901,100315,137155.7201,358409.23532971414,6305397.789817415,1.986150112496948,2046.9819004264427,official_shapezona777,121775.0,358281.5382467666,6305970.377827961,2110.0,zona777,E23_N420,test
645,70782,100311.20449999999,68019,93017.43789999999,358112.3950233526,6303036.863353515,1.9487952557611337,2823.47145315283,official_shapezona777,138801.0,358831.22555313003,6303143.245697077,2905.0,zona777,E23_N420,test
646,23082,37805.1849,20080,30166.8489,358087.06783154514,6293760.050663232,3.47925227009658,2374.30212861544,official_shapezona777,43162.0,358140.57087252673,6294240.868981975,1520.0,zona777,E23_N419,train
647,8435,13260.4075,7775,10784.408,357678.76470616634,6291978.706611372,3.5097555609402136,2334.831990493461,official_shapezona777,16210.0,357414.3987045034,6292263.349352252,1811.0,zona777,E23_N419,train
648,34655,52737.7608,31657,45950.6106,354518.25977610925,6294334.288974699,0.9453380926601715,1531.7747264425852,official_shapezona777,66312.0,354698.2340602003,6294534.946615997,1495.0,zona777,E23_N419,train
649,30241,45727.4789,26235,38007.5314,354389.8243664686,6292122.473904142,0.8239280063888486,1330.7863874597824,official_shapezona777,56476.0,354332.3115659749,6291816.247556484,1509.0,zona777,E23_N419,train
65,12397,19848.9362,13011,19446.294,343418.1483126309,6302126.890524197,0.910364892923274,1371.338331449777,official_shapezona777,25408.0,343555.6881690806,6302392.24389956,1551.0,zona777,E22_N420,validation
650,14671,23184.6118,9855,14391.6456,355570.8355521972,6290667.496250659,0.4368203972141223,1385.255362093798,official_shapezona777,24526.0,355449.63948462857,6290826.050762456,1878.0,zona777,E23_N419,train
651,18765,28033.7621,23694,34024.4246,353929.6944363058,6289494.269854829,0.4667341857420907,1047.4872713551158,official_shapezona777,42459.0,353671.1531830707,6289619.386466945,1331.0,zona777,E23_N419,train
652,29447,42381.123,21897,31300.4115,354726.2655711677,6288459.9539386,0.9572133936257734,1873.916523356922,official_shapezona777,51344.0,354634.59309753816,6288316.099777969,1615.0,zona777,E23_N419,train
653,24198,35799.5781,8876,12668.999600000001,356117.77321341704,6288921.587885373,1.2818301527196565,1411.6035291999578,official_shapezona777,33074.0,356053.75996250834,6288278.744209954,1074.0,zona777,E23_N419,train
654,23829,37959.351800000004,17503,26111.6035,351872.1184409261,6286880.244619001,0.7646900816053457,1525.342215351644,official_shapezona777,41332.0,351591.62675408885,6286920.053783993,2384.0,zona777,E23_N419,train
655,74488,114631.4966,59091,87291.2361,350497.78585693496,6286183.157197743,0.685820321540812,1481.1721848584712,official_shapezona777,133579.0,350370.32282769,6286153.44753292,2009.0,zona777,E23_N419,train
656,24304,36486.75,5721,9151.5095,349054.5948436592,6285196.279788209,0.533622374741171,850.9338434134261,official_shapezona777,30025.0,348856.9872106578,6285377.70877602,1134.0,zona777,E23_N419,train
657,38203,57351.064000000006,20755,30422.6939,350848.69417037634,6285369.622659647,0.4694592888743537,1256.049916851276,official_shapezona777,58958.0,350858.5486108756,6285310.114369552,1629.0,zona777,E23_N419,train
658,231598,318794.62360000005,265827,372545.2231,352461.8614500018,6284130.945741658,1.0859406767373865,1299.8545116192545,official_shapezona777,497425.0,353141.4247193044,6283683.057019651,723.0,zona777,E23_N418,validation
659,22883,37407.5308,19349,28948.700800000002,352743.9269133831,6282336.173171263,0.762909473624408,1373.7938299271043,official_shapezona777,42232.0,353095.2377817769,6282370.955981246,1674.0,zona777,E23_N418,validation
66,12087,19905.6262,10990,16484.6808,342765.2629093595,6301491.673636708,0.9536115075919404,1480.113253634423,official_shapezona777,23077.0,342694.8911036963,6301622.077783074,1304.0,zona777,E22_N420,validation
660,18302,27146.547599999998,17608,25840.6108,345531.4825542468,6283647.316518799,0.4106112955715995,805.4988094558939,official_shapezona777,35910.0,345603.2991645781,6283661.246783625,1217.0,zona777,E23_N418,validation
661,27721,39685.623,5770,9454.730599999999,344817.3626079689,6281800.392531383,0.8260928213962313,1357.0833197605098,official_shapezona777,33491.0,344306.3723985548,6281855.966498463,1460.0,zona777,E22_N418,train
662,56171,85863.6121,36335,54109.6281,346756.83808805165,6285498.244254125,0.8188117818598792,1063.5630826709094,official_shapezona777,92506.0,346913.8930663957,6285589.21398612,1578.0,zona777,E23_N419,train
663,34453,51085.1812,38831,58341.451499999996,344911.7705139228,6286356.248520942,0.3769777190293787,1059.0251793842765,official_shapezona777,73284.0,344935.91064898204,6286625.146635009,1547.0,zona777,E22_N419,train
664,1266,2757.6479,1777,2696.1865000000003,341090.3014071955,6281813.729866315,0.3973595934173706,849.2550535295159,official_shapezona777,3043.0,341136.10614525137,6282014.657246139,1290.0,zona777,E22_N418,train
665,34938,53598.2578,16056,24496.172,341685.28111399326,6284429.378667247,2.5282549288606107,2135.4320571012795,official_shapezona777,50994.0,341422.2357924462,6284822.162509315,2492.0,zona777,E22_N418,train
666,19280,28970.8606,4375,6713.6928,344692.4366093532,6281227.77657573,0.7529143988334206,1321.3797250229982,official_shapezona777,23655.0,344449.137983513,6281182.872965546,1271.0,zona777,E22_N418,train
667,6722,10481.5018,1896,3087.9693,344528.71884814464,6280551.582696545,0.7636440104854361,1290.4916339513147,official_shapezona777,8618.0,344119.521118589,6280550.427477373,1632.0,zona777,E22_N418,train
668,18231,29093.027100000003,19708,30154.1608,341941.90517646255,6282293.8039718,0.4269680064706757,931.126185308094,official_shapezona777,37939.0,341914.57191807905,6282178.6533382535,1332.0,zona777,E22_N418,train
669,16188,29789.4566,15727,24764.9071,342160.3280777661,6281574.364117447,0.3870807507568876,814.9212774392217,official_shapezona777,31915.0,342230.4310198966,6281417.430831897,1362.0,zona777,E22_N418,train
67,56205,91163.4596,50748,77350.8689,337555.262100838,6306140.831506734,0.9324993767261106,1432.5133332228288,official_shapezona777,106953.0,337895.8552448272,6306397.442175536,2052.0,zona777,E22_N420,validation
670,1283,2091.928,748,1170.2485,341779.3323765126,6283634.252114118,0.2608764334970953,701.7594306813553,official_shapezona777,2031.0,341640.64500246185,6283548.394387001,624.0,zona777,E22_N418,train
671,408,924.6969,418,689.8480999999999,341559.2323412688,6282839.267769523,0.3649046482869141,1250.550853598863,official_shapezona777,826.0,341326.41888619855,6282352.662227603,727.0,zona777,E22_N418,train
672,8431,13641.222399999999,4983,7729.9901,341264.3344885266,6283593.423821732,0.3999163133824193,797.8365844991058,official_shapezona777,13414.0,341131.58334575815,6283529.662591322,1145.0,zona777,E22_N418,train
673,13034,22482.2934,12368,18786.4389,341193.7514596919,6281186.85993132,0.4010454934956245,885.9471829198883,official_shapezona777,25402.0,341562.8022596646,6281288.095149988,995.0,zona777,E22_N418,train
674,1590,2802.7594,1642,2535.0844,341070.27964703663,6280698.545393806,0.2720072896958844,679.2487178404117,official_shapezona777,3232.0,341063.04950495047,6280793.864789604,801.0,zona777,E22_N418,train
675,4618,7701.5789,3055,4972.660699999999,341891.37952936126,6280413.593678627,0.5002095684996558,1277.4920910461806,official_shapezona777,7673.0,341837.2554411573,6280418.747556366,1413.0,zona777,E22_N418,train
676,5580,8913.4169,4642,7175.5832,341206.2611922753,6280175.817188509,0.4347064736990439,951.507817352598,official_shapezona777,10222.0,341284.5332615926,6280205.519272158,933.0,zona777,E22_N418,train
677,21229,32232.7768,14970,23259.1203,342034.3832590978,6279103.703673989,0.7324804571599054,1141.241701410152,official_shapezona777,36199.0,342023.07425619493,6279195.492002541,1429.0,zona777,E22_N418,train
678,7631,13103.3419,11389,18339.0161,343163.5780614375,6278663.589361036,0.6921440500624121,1808.3451958909864,official_shapezona777,19020.0,343256.897318612,6278745.968033649,1818.0,zona777,E22_N418,train
679,5834,8321.2364,3867,6194.5711,343138.9506577119,6279140.633069135,0.6845105265549207,1574.1239563831475,official_shapezona777,9701.0,343032.2815173693,6278971.794557262,1561.0,zona777,E22_N418,train
68,52576,86830.0435,54001,82067.9902,338711.2812821282,6307030.918188076,0.9472969579408,1558.444228055887,official_shapezona777,106577.0,338718.79053641966,6306960.443031799,1923.0,zona777,E22_N420,validation
680,11534,19175.1544,10439,17117.1548,341583.8897624625,6278217.630109793,1.4131112844055584,1503.2117577390743,official_shapezona777,21973.0,342031.1842260957,6278169.458562782,1819.0,zona777,E22_N418,train
681,13915,28002.5256,16462,26698.7345,341417.3091961063,6276872.020712011,0.9502133077759846,2258.1153250411157,official_shapezona777,30377.0,341681.43733745924,6277096.977417124,1890.0,zona777,E22_N418,train
682,10253,14789.3296,16852,24039.2888,335637.917055289,6297316.961910691,0.7232784585610712,1483.121782113623,official_shapezona777,27105.0,335674.75111603027,6297279.900424276,1463.0,zona777,E22_N419,train
683,105251,152558.9101,80714,116572.6971,336554.3391786856,6296126.799732843,0.6745046711189815,1173.0193164490047,official_shapezona777,185965.0,336468.2298066841,6296145.763423225,1492.0,zona777,E22_N419,train
684,57585,81321.3486,34080,49752.5189,336485.7498873536,6296697.137723133,0.7192331022301404,1671.2519131297013,official_shapezona777,91665.0,336459.97935962473,6296746.605083729,1792.0,zona777,E22_N419,train
685,28201,39582.6339,37817,54171.5805,338925.32599743485,6295834.650659544,0.6517278134258697,1221.49537861906,official_shapezona777,66018.0,339021.16195583023,6295623.992789845,1769.0,zona777,E22_N419,train
686,74460,103754.6272,58459,83289.0906,336927.65368252044,6295463.976196,0.7120746878793686,1486.2247630527709,official_shapezona777,132919.0,337050.43551335775,6295475.936344692,1903.0,zona777,E22_N419,train
687,12482,17459.1613,11525,16993.8207,337118.28630856395,6294486.641811043,0.3700494899240874,902.2081269107877,official_shapezona777,24007.0,337292.21160494856,6294575.163910526,1491.0,zona777,E22_N419,train
688,28871,38650.2305,27628,39574.6218,338068.66396396,6295357.753965976,0.405642133427456,1063.6786713120528,official_shapezona777,56499.0,338407.4230694349,6295158.751889414,1643.0,zona777,E22_N419,train
689,17812,24321.047,14815,21431.0383,337880.2580754538,6294518.326861594,0.3302044248098379,877.2641882539028,official_shapezona777,32627.0,338161.99607686885,6294401.273546449,775.0,zona777,E22_N419,train
69,41677,63616.394,53876,80375.41040000001,339719.5698910059,6306374.898509086,1.0517167331090589,1879.089184311917,official_shapezona777,95553.0,339999.70816196245,6306391.573032768,1924.0,zona777,E22_N420,validation
690,2719,4187.8022,4233,6115.0379,338178.42819328257,6293847.283425016,0.4019788612234011,1060.3378364781383,official_shapezona777,6952.0,338169.86248561565,6294176.742088608,749.0,zona777,E22_N419,train
691,12826,20203.559699999998,6309,9517.117,340140.3508302728,6294606.284505906,0.4533135534675431,960.9471500217916,official_shapezona777,19135.0,340240.2777110008,6294338.535510844,1277.0,zona777,E22_N419,train
692,13378,20652.6775,10653,15746.7898,339772.1583321756,6291753.133901179,0.4133920811346306,1112.9672297314391,official_shapezona777,24031.0,339935.9062460988,6291682.260247181,1772.0,zona777,E22_N419,train
693,43099,71103.1232,33882,50318.9967,339549.710477583,6293349.295907239,0.8226870552049719,1437.7768791291164,official_shapezona777,76981.0,339731.97472103505,6293283.384796249,1472.0,zona777,E22_N419,train
694,23319,36566.3813,22411,33129.8139,339099.5855177718,6291882.400400067,0.6241071606037744,1186.9461084716022,official_shapezona777,45730.0,339003.852241417,6291767.020467964,1469.0,zona777,E22_N419,train
695,43108,60629.2262,33791,49223.6842,338548.8697952214,6293238.192041555,0.8305821996917676,1754.357887712773,official_shapezona777,76899.0,338456.14927372267,6293309.0367104905,1595.0,zona777,E22_N419,train
696,30034,46298.0066,23189,34287.7672,338067.96468394704,6292499.012617792,0.6228045845455731,1260.6926676901055,official_shapezona777,53223.0,338027.4939405896,6292448.179584014,1392.0,zona777,E22_N419,train
697,11796,19467.4995,12658,18497.9198,339563.87618552387,6290990.681759265,0.3020833042772365,715.5026633327943,official_shapezona777,24454.0,339543.3156129877,6290772.545145988,848.0,zona777,E22_N419,train
698,8140,13081.0182,10594,15274.409099999999,340760.4558751371,6291631.576215166,0.3554280275486344,810.7195162540302,official_shapezona777,18734.0,340777.59133126936,6291606.689441657,1188.0,zona777,E22_N419,train
699,11761,17753.3513,9553,14496.5003,340720.9029374706,6290971.135379907,0.9472492005122104,1610.8464289916446,official_shapezona777,21314.0,340703.5169372244,6291039.920146382,1598.0,zona777,E22_N419,train
7,30713,43913.8542,11011,17500.3606,345762.4191192753,6300277.268926477,0.4718020738873396,1102.4888370633123,official_shapezona777,41724.0,345975.1841865593,6300523.040696003,1231.0,zona777,E23_N420,test
70,43847,64593.8073,27653,39957.4845,339468.245334446,6305249.1215905,4.572476203012734,2413.0024188207462,official_shapezona777,71500.0,339495.130993007,6305529.716685315,2191.0,zona777,E22_N420,validation
700,20880,34671.1282,11130,16592.1531,339534.9061457233,6289970.9385180725,1.9887599712044328,2311.3659755486296,official_shapezona777,32010.0,339736.467760075,6290255.168728522,2198.0,zona777,E22_N419,train
701,41672,62797.2314,29357,43663.25,341461.5418877749,6290585.168408286,1.483202304324845,1787.0780390305445,official_shapezona777,71029.0,341199.48419659573,6290409.854200397,1901.0,zona777,E22_N419,train
702,64279,94076.4376,62507,91540.54609999999,339355.9223113988,6294309.091872104,0.9424513237535936,1634.7079965485027,official_shapezona777,126786.0,339418.9832394744,6294254.741895793,1914.0,zona777,E22_N419,train
703,40905,58343.8347,20475,29633.5738,337784.3901457555,6295871.613000838,0.7859903177412673,1486.4473542387714,official_shapezona777,61380.0,337141.7799608993,6296043.40817856,1130.0,zona777,E22_N419,train
704,272565,374179.24220000004,274817,392947.647,338120.2808784086,6296438.158054654,0.9161718062835712,1943.1522383289996,official_shapezona777,547382.0,338212.02798776724,6296193.502957715,2285.0,zona777,E22_N419,train
705,42732,63057.6908,28783,41551.8467,335387.8253989363,6297926.663465308,0.679009219414237,1651.5974001893774,official_shapezona777,71515.0,335596.87752219813,6297973.421058519,1843.0,zona777,E22_N419,train
706,26701,43262.7096,27016,38824.1823,334684.65357613354,6300054.880995709,1.0991385248132517,1691.490426827222,official_shapezona777,53717.0,334735.0336392576,6299706.146173465,2581.0,zona777,E22_N420,validation
707,51333,76813.8088,60282,86090.0604,335813.27382093394,6298639.110310051,0.4347305051290476,925.0561434160918,official_shapezona777,111615.0,335904.2120413923,6298367.164081888,1352.0,zona777,E22_N419,train
708,24613,35851.578,11744,17114.1394,335893.1779381414,6299291.938453967,0.2535469218490408,604.078088687209,official_shapezona777,36357.0,335959.63586104463,6299294.643479935,975.0,zona777,E22_N419,train
709,41604,62193.9493,42368,61471.9239,335391.89440213505,6299764.593063949,0.6453825338582726,1077.3541010841727,official_shapezona777,83972.0,335402.9692159291,6299685.362585148,1277.0,zona777,E22_N419,train
71,328939,531247.4848999999,336455,472191.78079999995,339897.499867446,6296310.68858518,1.2487307133421075,1927.7390340507263,official_shapezona777,665394.0,340472.2850807191,6296537.5294968095,1636.0,zona777,E22_N419,train
710,19442,28711.779899999998,22356,31911.920599999998,336831.16236380336,6298764.159449047,0.3047437624025952,898.0273965308443,official_shapezona777,41798.0,337064.1548638691,6298737.576821857,1402.0,zona777,E22_N419,train
711,18595,27233.5618,31607,45534.2817,337412.5179799096,6299273.2791545605,0.2948771042976794,832.8179342886433,official_shapezona777,50202.0,337345.7621608701,6299345.12628979,1397.0,zona777,E22_N419,train
712,15699,24303.7227,15061,21917.7353,341040.65014921944,6298672.103241174,0.2444747614288251,582.2513524578535,official_shapezona777,30760.0,341063.07561768533,6298390.760208063,784.0,zona777,E22_N419,train
713,16181,23207.686999999998,12502,18269.0807,339421.35237811616,6298815.815496406,0.2197225712193765,815.9882209043717,official_shapezona777,28683.0,339656.5605062232,6298805.986542552,1339.0,zona777,E22_N419,train
714,1198,1581.0085,204,310.30809999999997,338928.91144499136,6298831.852649979,0.1523982944853221,606.4126542303711,official_shapezona777,1402.0,339091.47646219685,6298680.021398003,467.0,zona777,E22_N419,train
715,1066,1474.3264,1179,1756.791,338937.86282182054,6298241.583563451,0.1641982510989561,583.6032398566604,official_shapezona777,2245.0,339080.565701559,6298338.761692651,952.0,zona777,E22_N419,train
716,28470,40787.443,31156,45089.4138,338737.4542709279,6297250.098985385,0.3104157828876502,770.0452270524693,official_shapezona777,59626.0,338529.86837956595,6297180.973015128,1528.0,zona777,E22_N419,train
717,31844,45389.7534,29909,41867.1053,338491.6732129024,6298165.609476918,0.2732815512246809,573.7937284078216,official_shapezona777,61753.0,338374.83268829045,6298056.332469678,999.0,zona777,E22_N419,train
718,13951,24490.8952,5759,9135.6955,338050.6645882998,6302040.437749727,0.41785475681197,917.7036220266018,official_shapezona777,19710.0,338214.7956874683,6302214.160984272,1238.0,zona777,E22_N420,validation
719,28900,48132.9721,23680,34787.4879,339025.99166198925,6302052.400233652,0.5468741260729445,1338.4116453966126,official_shapezona777,52580.0,338751.24912514264,6302115.644389502,1854.0,zona777,E22_N420,validation
72,75200,105415.7264,61943,89156.4745,340388.2526711599,6295885.893862255,1.6187341622589575,2100.700551859918,official_shapezona777,137143.0,339983.24549557763,6295350.051362447,2638.0,zona777,E22_N419,train
720,13924,21477.9223,18599,27313.091,338207.1311445164,6301232.5702798925,0.2143663087542337,589.8030642420053,official_shapezona777,32523.0,338196.1054945731,6301086.113365926,1271.0,zona777,E22_N420,validation
721,5885,9158.033,7714,11253.5722,339276.7090879643,6300629.341825365,0.2792235364512516,786.8338567392202,official_shapezona777,13599.0,339224.9502904625,6300798.690050739,861.0,zona777,E22_N420,validation
722,24914,41467.3352,14945,22617.5836,336632.0947813801,6300760.605656508,0.4042443791720596,1153.6403204202652,official_shapezona777,39859.0,336632.24406031263,6300602.224541509,1221.0,zona777,E22_N420,validation
723,23948,40412.5711,32024,47732.1949,339662.7332309926,6302705.899731521,0.4360761911633265,1267.6272156935884,official_shapezona777,55972.0,339660.59540484525,6302689.279371829,1413.0,zona777,E22_N420,validation
724,34068,52405.028900000005,21441,33349.5315,341440.1937976326,6302222.693173811,0.4801226498222223,1236.8218811980332,official_shapezona777,55509.0,341284.23459258856,6302557.993622656,1052.0,zona777,E22_N420,validation
725,90556,132993.4972,91921,132806.77659999998,343403.9187676753,6299608.928721156,0.7794893450918177,1269.0997374420986,official_shapezona777,182477.0,343412.4845980589,6299397.373000433,1624.0,zona777,E22_N419,train
726,40698,59390.713800000005,30031,43978.9868,343635.835719593,6301038.693828271,0.899719468319739,1589.2108409777284,official_shapezona777,70729.0,344005.0984603204,6301054.235419701,1853.0,zona777,E22_N420,validation
727,191576,274079.9527,210071,302116.3708,345158.2125273376,6302488.435871486,0.7530070840328995,1263.6067123617977,official_shapezona777,401647.0,345515.14682046673,6302395.476059823,1581.0,zona777,E23_N420,test
728,188354,266695.6419,192421,274346.1946,346544.90486006485,6302579.539267019,0.5812363126676681,1405.657813717262,official_shapezona777,380775.0,347155.82096513687,6302531.799364454,1565.0,zona777,E23_N420,test
729,17187,28986.9326,18257,26241.9079,348160.8180738464,6306314.898427157,0.4455020513015986,844.3230628157035,official_shapezona777,35444.0,347966.6283433021,6306152.998815032,1600.0,zona777,E23_N420,test
73,45745,70095.594,73429,106845.2342,341250.3521494963,6296213.875740627,0.661137794554852,1285.8529009753838,official_shapezona777,119174.0,341412.90450937283,6296292.425696881,1656.0,zona777,E22_N419,train
730,36706,52608.379,36508,51409.1013,344431.00468086946,6309403.962189455,4.341844002584944,2370.7882136516278,official_shapezona777,73214.0,344340.20240664354,6308671.173040675,2014.0,zona777,E22_N420,validation
731,181,363.1553,9981,14125.2007,345133.6407269628,6307593.238593583,0.9387015812348716,1175.7861387726734,official_shapezona777,10162.0,344571.71058846684,6307871.029423342,556.0,zona777,E23_N420,test
732,35008,50991.2171,41904,61452.8439,343121.1236806652,6307432.040492332,0.7032284498464777,1006.5163822667672,official_shapezona777,76912.0,343137.6159506969,6307426.479366029,1796.0,zona777,E22_N420,validation
733,6112,8483.965,5703,7916.986,330632.7847006533,6296988.276914455,4.477643375897433,3460.240366861224,official_shapezona777,11815.0,330690.4104951333,6296784.541345747,2151.0,zona777,E22_N419,train
734,37803,54314.700999999994,34119,47772.3086,328652.3320949486,6296565.121621557,7.346674709474947,4512.196407299489,official_shapezona777,71922.0,328235.2811657073,6296901.339492784,3403.0,zona777,E21_N419,train
735,19531,28407.0831,3541,5289.0025,336119.8418733233,6287240.27583999,0.5017068238189086,1540.3317806560665,official_shapezona777,23072.0,336087.1948682386,6287060.458521151,1968.0,zona777,E22_N419,train
736,58576,88060.04950000001,41531,61786.7022,335040.18609739456,6287799.374764551,0.7175349720020073,1308.1383620329434,official_shapezona777,100107.0,335086.6098474632,6287614.252589729,1272.0,zona777,E22_N419,train
737,15080,23006.5144,28546,42130.8528,334341.7713246203,6288464.073029343,0.8237166583966756,1682.2607868011692,official_shapezona777,43626.0,334973.5987026085,6288259.328152936,1057.0,zona777,E22_N419,train
738,23880,36587.4036,17729,26160.8348,334306.2789678076,6287950.660174129,0.4480738721668548,1550.8066557616694,official_shapezona777,41609.0,334204.2647263813,6288123.438462833,1670.0,zona777,E22_N419,train
739,50021,74249.2865,44316,65164.5713,336299.3638663028,6289240.063662704,0.6755651179638033,1053.0752375789452,official_shapezona777,94337.0,336344.5845638509,6289176.462406055,1443.0,zona777,E22_N419,train
74,2516,3931.0831,4881,6999.4849,341532.5521428784,6297401.981270641,0.2195691870117432,803.2682689130306,official_shapezona777,7397.0,341452.9072596999,6297333.6971745305,1200.0,zona777,E22_N419,train
740,80630,126039.9061,17006,25825.643,333333.6537001331,6290672.689142583,0.7237375864805823,979.2327521257102,official_shapezona777,97636.0,333333.7887664386,6290903.928970872,1523.0,zona777,E22_N419,train
741,67522,106069.60640000002,43328,63778.7382,333289.8646069239,6289073.9246094,0.6950554878282943,969.7092355629428,official_shapezona777,110850.0,333350.019729364,6289321.29691475,1429.0,zona777,E22_N419,train
742,4830,7495.9546,441,668.1339999999999,349647.7211601217,6286737.042600706,0.4657303096232617,1064.190100871143,official_shapezona777,5271.0,349713.4964902296,6286472.806678049,842.0,zona777,E23_N419,train
743,34714,54609.9579,21452,32556.6452,348941.64748211583,6285909.154277533,0.5077728387473955,870.7943436117494,official_shapezona777,56166.0,348950.4693764911,6285830.18943845,1391.0,zona777,E23_N419,train
744,19836,30911.4428,9765,14370.0501,348803.9463115331,6286655.730347804,0.5249328861647715,871.4389436324127,official_shapezona777,29601.0,349028.5967028141,6286520.635687984,1141.0,zona777,E23_N419,train
745,17596,26637.6878,32053,45785.552299999996,355004.3248384483,6282995.78874853,0.4983875516040451,1291.5049247135755,official_shapezona777,49649.0,355025.7731072126,6283053.885758021,1496.0,zona777,E23_N418,validation
746,62057,90986.50510000001,30919,45628.126000000004,355758.24023767986,6282700.091503659,1.236420748968684,1797.0753643922508,official_shapezona777,92976.0,355497.23698588886,6282851.261562124,2227.0,zona777,E23_N418,validation
747,20755,30858.6402,16369,23864.1151,355090.5394068775,6282264.878531115,0.4870198626292961,1173.4351536931936,official_shapezona777,37124.0,355200.66388320224,6282162.572648422,1247.0,zona777,E23_N418,validation
748,39117,60773.9547,21274,32584.492,354109.5061875499,6281560.556315169,0.4863372561559156,1176.8072731871507,official_shapezona777,60391.0,354322.4022453677,6281508.687006342,1555.0,zona777,E23_N418,validation
749,45416,66965.7275,24232,36161.1227,355260.83569461736,6281733.782149782,0.590708916602118,1264.7226914248895,official_shapezona777,69648.0,355224.1393004824,6281682.316218699,1533.0,zona777,E23_N418,validation
75,20787,31835.190599999998,20370,30106.7803,342081.5922468056,6297304.3258419,0.603721212621146,1126.6313644109175,official_shapezona777,41157.0,341948.93707024324,6297310.244259786,1557.0,zona777,E22_N419,train
750,20007,33017.3471,18976,29374.309,354177.2121759853,6281144.773251819,0.529121360061849,1175.0194832048728,official_shapezona777,38983.0,354198.8065567042,6281294.791370598,1584.0,zona777,E23_N418,validation
751,1675,2604.9886,510,810.3561,350067.9095421204,6281179.372917909,1.8586760236791056,2174.867960046162,official_shapezona777,2185.0,350236.4247139588,6281393.450800915,2164.0,zona777,E23_N418,validation
752,14157,25725.8498,13565,20252.0552,348298.10845493467,6278056.826629051,1.5398054365257607,1511.0859935716726,official_shapezona777,27722.0,348975.46901377966,6278303.145660486,1568.0,zona777,E23_N418,validation
753,17197,24534.3238,20753,28823.4949,356821.27397464926,6298232.688685585,0.5868617676286314,1085.0575864985583,official_shapezona777,37950.0,357126.9547035573,6298704.713359684,2006.0,zona777,E23_N419,train
754,22322,31180.0492,24705,34323.3115,356128.4909370233,6298398.349458849,0.9414990917408064,1288.9568121591583,official_shapezona777,47027.0,356109.6608544028,6298202.475641653,1667.0,zona777,E23_N419,train
755,38554,50345.4277,18418,25639.594800000003,354049.1611769914,6300025.508746729,0.565458036178091,1203.2811490786262,official_shapezona777,56972.0,353903.7916695921,6300045.001421751,1311.0,zona777,E23_N420,test
756,31097,42909.4223,8923,12489.3972,355024.2008811607,6300112.615912316,0.6296241409263683,1021.7727297439124,official_shapezona777,40020.0,354780.41329335334,6300079.078585708,1179.0,zona777,E23_N420,test
757,53087,74214.4371,59487,82336.9159,351158.4574454654,6297491.071791293,0.358211265504977,737.6158429714851,official_shapezona777,112574.0,351253.9035656546,6297240.097713504,1354.0,zona777,E23_N419,train
758,107907,144695.88710000002,98880,136822.5121,355316.9916832031,6297789.63335526,0.4956945897015711,1229.036450621672,official_shapezona777,206787.0,355204.1148428093,6297533.552273596,1429.0,zona777,E23_N419,train
759,8873,13120.43,12430,17365.9113,355323.46496987884,6298398.349458849,0.6259653778640543,987.4018830507994,official_shapezona777,21303.0,355603.7020607426,6298652.90827583,1144.0,zona777,E23_N419,train
76,43698,58339.7241,23033,32807.1901,343320.1739847705,6297960.834308557,0.8870434185810733,1230.080920831184,official_shapezona777,66731.0,343754.2037284021,6297632.553550824,1990.0,zona777,E22_N419,train
760,64821,90907.569,17386,24886.0099,357450.3936425548,6298136.061997684,0.8986775522009482,1452.451015854429,official_shapezona777,82207.0,357027.04312284844,6297746.89646867,2218.0,zona777,E23_N419,train
761,35253,54056.8139,25235,36314.0648,357034.6748794811,6296596.779298595,0.898476143581451,1716.8794721888844,official_shapezona777,60488.0,356952.12559515936,6296393.272682185,2048.0,zona777,E23_N419,train
762,33916,50414.2407,55924,78554.9932,356760.09698520147,6297221.359206624,0.4642238742494026,823.4579713670537,official_shapezona777,89840.0,356815.98548530723,6297330.872584594,1378.0,zona777,E23_N419,train
763,12825,19576.9782,22717,32496.4794,356120.61605100683,6295257.16301954,0.4994592342227854,1197.3517024145694,official_shapezona777,35542.0,356067.1775645715,6295475.516600079,1164.0,zona777,E23_N419,train
764,4052,5718.8945,3308,4638.7838,358643.6963518625,6296146.4472515965,1.5466296430633322,1865.3017633139389,official_shapezona777,7360.0,358530.6604619565,6296209.212771739,1295.0,zona777,E23_N419,train
765,171768,257325.65180000002,129616,188062.6203,357963.0900096736,6294834.808633644,1.311210761004851,2790.1608609883115,official_shapezona777,301384.0,357486.7701437369,6294802.495500756,2276.0,zona777,E23_N419,train
766,13348,23986.9169,86035,120179.7657,356724.4610974975,6294090.156071929,1.3789282132574403,1732.8734600348398,official_shapezona777,99383.0,356938.0617409416,6294700.584788143,1476.0,zona777,E23_N419,train
767,55751,81602.7886,70685,98727.61750000001,355817.2687235158,6294409.630978257,1.5211292857921577,1679.775876770727,official_shapezona777,126436.0,356015.4820541618,6294841.706903097,2306.0,zona777,E23_N419,train
768,11083,13789.9528,11006,15289.8902,355532.2287889515,6297089.924988208,0.294319900782456,929.0906029697508,official_shapezona777,22089.0,355233.6987640907,6297504.986373308,800.0,zona777,E23_N419,train
769,46637,66690.2726,32057,45498.0743,351867.7812154524,6294092.422442673,0.6200173425714236,984.9258157273288,official_shapezona777,78694.0,351486.4886903703,6294230.674943452,1092.0,zona777,E23_N419,train
77,453938,664829.6341000001,454957,655849.892,342260.6123717639,6297050.111430323,0.3126363786931644,1360.3254144389066,official_shapezona777,908895.0,342663.53807535523,6297078.765932258,1473.0,zona777,E22_N419,train
770,3972,6218.5072,4139,5914.0181,348756.4946265081,6294998.804668268,0.6685914450779067,1130.5144984601066,official_shapezona777,8111.0,349065.41117001604,6294969.699173961,778.0,zona777,E23_N419,train
771,85508,127755.0218,68552,100890.6438,338654.6661737553,6308362.594104169,1.056422322385647,1157.9481844631955,official_shapezona777,154060.0,338752.72773594706,6308122.686128781,2142.0,zona777,E22_N420,validation
772,26193,37380.1255,30627,44026.1154,339509.7765061528,6308269.939663138,0.8681582082762798,1171.0280693657696,official_shapezona777,56820.0,339537.6145723337,6308134.094913763,1803.0,zona777,E22_N420,validation
773,366143,512798.18259999994,365361,527639.1726,339469.31286404,6307228.051533386,0.8587462530549028,1333.670596885495,official_shapezona777,731504.0,339382.0034435902,6306824.473051412,1964.0,zona777,E22_N420,validation
774,113149,162548.8836,101825,147503.0858,340540.52742823167,6307244.702473524,1.2385168414073853,1633.087236403895,official_shapezona777,214974.0,340743.6302250505,6306841.806195168,2334.0,zona777,E22_N420,validation
775,16591,23414.4583,20724,28953.6122,357627.6308695467,6301303.175558739,0.1745572229301854,641.036687541753,official_shapezona777,37315.0,357728.8138282192,6301297.72833981,983.0,zona777,E23_N420,test
776,25948,40247.55,16133,24505.0744,355628.83375177754,6285549.711655501,0.5548172044672707,1290.2565514640885,official_shapezona777,42081.0,355477.731137568,6285476.932154655,1752.0,zona777,E23_N419,train
777,37916,57552.0586,30525,45431.0095,336952.09705021686,6307848.086503401,0.8038233882183223,1300.1092406669632,official_shapezona777,68441.0,337123.47816367383,6307798.105010155,2280.0,zona777,E22_N420,validation
778,53407,82723.2991,5649,8955.2081,337820.7477481909,6307806.919925386,0.4302385200560917,1143.9828475566464,official_shapezona777,59056.0,337729.3357321864,6307982.034052425,1375.0,zona777,E22_N420,validation
779,45909,68202.5798,43844,63312.1309,340143.0255707896,6308268.460281808,0.6066203724202025,1171.0280693657696,official_shapezona777,89753.0,340002.95395139995,6307916.46523236,1430.0,zona777,E22_N420,validation
78,639466,1127178.9452999998,743638,1058663.0166,343260.95663458225,6297009.206618113,0.5700270728610102,1115.667749135173,official_shapezona777,1383104.0,343420.9360821746,6297256.9304397935,1587.0,zona777,E22_N419,train
780,85061,116516.071,50787,76257.5104,353618.4930464623,6283422.323144592,0.6938008311985338,1420.965231811511,official_shapezona777,135848.0,353261.95536187507,6283636.743271892,2082.0,zona777,E23_N418,validation
781,33459,50266.7191,38123,54290.1825,354577.78454653925,6284818.334917627,0.8011868731698334,1203.7641947660595,official_shapezona777,71582.0,354595.770445084,6284663.858148697,1705.0,zona777,E23_N418,validation
782,36747,53946.7614,27046,39427.4834,354844.80493194994,6283726.610761188,0.660001139315438,968.4684755165364,official_shapezona777,63793.0,354829.13755427714,6283724.93392692,1429.0,zona777,E23_N418,validation
783,17797,27187.710199999998,7032,10434.0361,351966.07876124943,6281484.961894082,0.790041468615082,1483.1633226601407,official_shapezona777,24829.0,351932.3134238189,6281894.023440332,1863.0,zona777,E23_N418,validation
784,49391,68238.51819999999,38772,57568.8193,352949.8559120132,6283270.078124191,0.5327778171592449,1078.024329959415,official_shapezona777,88163.0,353103.56606512936,6283493.851729183,1048.0,zona777,E23_N418,validation
785,27357,45341.2398,15783,24463.7506,349354.1948582028,6281889.03433454,1.0000184408886044,1347.6361835226417,official_shapezona777,43140.0,349143.1718358832,6282151.705308299,1731.0,zona777,E23_N418,validation
786,13154,24139.7021,5951,8949.5111,349263.60738722765,6277492.094896069,0.3987447501914204,832.9489487206447,official_shapezona777,19105.0,349141.4198900811,6277485.548285789,1131.0,zona777,E23_N418,validation
787,601,1286.9634,10064,14971.5393,350109.057306633,6278644.321442799,0.4673186872352232,1221.360718438984,official_shapezona777,10665.0,350361.02222222224,6278747.825316456,1068.0,zona777,E23_N418,validation
788,36918,58738.7639,16738,25556.3422,351810.8530731834,6278566.325416199,1.395352649560048,1858.6307933395728,official_shapezona777,53656.0,351942.59978380793,6278974.6745377965,2344.0,zona777,E23_N418,validation
789,4674,8131.6894,8138,12226.8904,350075.4661984503,6277611.057405425,0.3359100819582342,891.522727170377,official_shapezona777,12812.0,350228.842179207,6277709.42522635,1285.0,zona777,E23_N418,validation
79,352414,495626.4403999999,403761,577867.8611999999,341934.7322960306,6296545.103164725,0.5938739781565796,1040.524386418983,official_shapezona777,756175.0,342008.8703316032,6296835.673337521,1702.0,zona777,E22_N419,train
790,10649,17906.1437,5176,7887.7495,349287.62931077124,6278056.826629051,0.2918747661157658,712.7336408085539,official_shapezona777,15825.0,349141.76454976306,6278056.997156398,888.0,zona777,E23_N418,validation
791,77592,103826.33530000002,75379,111300.05540000001,342550.5259951588,6278072.346065382,0.8525484663211288,1187.7156268418184,official_shapezona777,152971.0,342271.7782194011,6278263.036124494,1355.0,zona777,E22_N418,train
792,34969,54639.6646,28149,42509.2811,343613.0969627355,6281392.486442283,1.184493147374111,1687.2408779887485,official_shapezona777,63118.0,343778.6525396876,6281043.415966919,1791.0,zona777,E22_N418,train
793,9668,17030.4849,14979,22707.5307,343746.2487986642,6282146.003369317,0.575297043329113,1089.6814645745908,official_shapezona777,24647.0,343946.5508175437,6282007.79539092,1273.0,zona777,E22_N418,train
794,25934,39028.5367,13370,20873.1467,343217.7163328896,6283023.208716556,0.4808142088208086,937.9525350435288,official_shapezona777,39304.0,343101.0798392021,6283345.207612457,1020.0,zona777,E22_N418,train
795,19862,30886.4849,18110,27709.8576,343349.2345990959,6283700.481797051,0.457069068034007,1022.422187127173,official_shapezona777,37972.0,343143.95767934265,6283663.743021173,1010.0,zona777,E22_N418,train
796,15265,22032.5249,8741,13007.9542,343820.6159579152,6284064.943529192,0.313341631121098,793.3051541429013,official_shapezona777,24006.0,343727.23364992085,6284392.572856786,1105.0,zona777,E22_N418,train
797,114421,160871.6773,118686,172698.7559,345172.88335253,6284977.031297354,0.427704776841159,821.9552967362106,official_shapezona777,233107.0,344974.79044387344,6285293.477282965,1214.0,zona777,E23_N418,validation
798,24223,38031.074,10937,16669.5371,345963.0812167658,6283048.869548392,0.30444207311723,741.7535643307492,official_shapezona777,35160.0,345933.36823094427,6282924.06652446,1421.0,zona777,E23_N418,validation
799,16138,26462.4219,11698,17681.1897,346777.9512772553,6283555.846271327,0.4616510415434319,986.6185697345064,official_shapezona777,27836.0,346833.7248886334,6283425.402212962,1206.0,zona777,E23_N418,validation
8,447474,626657.4415000001,507067,708973.5931,346291.7984851102,6300735.061827448,0.3780019663719773,882.0741334855556,official_shapezona777,954541.0,346009.9878601338,6301131.989909287,1315.0,zona777,E23_N420,test
80,55263,87275.8202,57958,86376.0239,342634.45770107023,6296784.138051976,0.3491706571206589,765.9126556767151,official_shapezona777,113221.0,342669.2053152684,6296913.953268386,1373.0,zona777,E22_N419,train
800,5451,8977.2304,6707,10640.9851,344759.6347499774,6283140.761973521,0.3970378162768623,772.6692657154053,official_shapezona777,12158.0,344539.96241158084,6283020.879667709,1288.0,zona777,E22_N418,train
801,23897,33765.2331,15883,23859.0125,344909.8233061166,6283764.640350578,0.3858428597022991,771.8537633009837,official_shapezona777,39780.0,344885.3346405229,6283894.971292106,1468.0,zona777,E22_N418,train
802,690,1261.5697,2828,4191.2813,345559.74643072096,6284180.515294053,0.2569658994514904,699.2921519009396,official_shapezona777,3518.0,345968.36526435474,6284054.27174531,392.0,zona777,E23_N418,validation
803,51723,82523.7387,47049,69334.7942,348300.16424751654,6285166.66643143,0.6248807900227966,1016.289981466718,official_shapezona777,98772.0,348569.72567124286,6285120.024399627,1478.0,zona777,E23_N419,train
804,11634,19153.5663,7843,11688.4859,341887.9760756501,6288748.165053003,0.4389456808016747,875.3753672447056,official_shapezona777,19477.0,341963.0890280844,6288625.215844329,1181.0,zona777,E22_N419,train
805,8604,13748.1908,6628,10045.8269,342624.51817270304,6288998.935807741,0.2828521370552365,820.9549541754532,official_shapezona777,15232.0,342725.426404937,6288893.671612395,990.0,zona777,E22_N419,train
806,66142,99059.6611,51721,76990.6967,333949.1587060774,6285399.007461893,1.2620136604347991,1671.0933607075713,official_shapezona777,117863.0,333777.15168458293,6285455.72458702,1319.0,zona777,E22_N419,train
807,30120,45497.609599999996,32380,48063.707899999994,334820.02769140963,6284546.568592377,1.0092422815532247,2021.387453611591,official_shapezona777,62500.0,334765.05008,6284600.939312,881.0,zona777,E22_N418,train
808,30278,45896.3529,33725,49705.6673,334771.9184520548,6286536.302010589,1.7821277094362775,2282.761291194824,official_shapezona777,64003.0,335159.8133368748,6286929.299360967,2405.0,zona777,E22_N419,train
809,59722,89968.80750000001,56807,83571.2673,334342.3667759388,6287259.184414573,0.5985641285687374,1129.815529022133,official_shapezona777,116529.0,334337.7040736641,6287229.995177167,1493.0,zona777,E22_N419,train
81,24149,34117.8428,27579,40084.6328,341941.5581160133,6295767.480584879,0.539482216702895,976.0664026523008,official_shapezona777,51728.0,342033.49479972164,6295920.492286576,1353.0,zona777,E22_N419,train
810,27933,42760.8682,22967,34005.4168,333834.65413982456,6287530.433202736,0.3982176855488352,1027.5454049982363,official_shapezona777,50900.0,333827.08520628687,6287834.2156778,979.0,zona777,E22_N419,train
811,33755,50543.0328,37718,55398.0009,335452.9419827832,6288464.073029343,0.4929313334134178,1051.678044386208,official_shapezona777,71473.0,335576.843157556,6288294.707637849,1324.0,zona777,E22_N419,train
812,22785,34058.693999999996,15364,22547.1972,336168.6041696707,6288577.420326721,0.5344162231222681,1057.5361094113323,official_shapezona777,38149.0,336082.9437993132,6288564.206820624,1378.0,zona777,E22_N419,train
813,12725,19586.0145,6549,9531.8739,333228.8302460382,6288613.287243631,0.30630072107889,824.5769803223666,official_shapezona777,19274.0,333313.0175884612,6288589.424769119,1072.0,zona777,E22_N419,train
814,19269,31939.5711,39471,58250.5656,333322.62327256583,6290015.0845107455,0.5520652098461324,856.7417944004992,official_shapezona777,58740.0,333473.67065032345,6289921.152911134,1619.0,zona777,E22_N419,train
815,2223,3750.8802,24760,35711.829,334266.13582982373,6290173.583752934,0.5536342713498451,1072.5427649498452,official_shapezona777,26983.0,334198.4159285476,6289838.570766779,878.0,zona777,E22_N419,train
816,23647,36931.4543,59626,88089.1505,333370.07280581247,6291571.124945162,0.6683393636297006,1058.0635201837867,official_shapezona777,83273.0,333440.05273017666,6291171.572982839,1197.0,zona777,E22_N419,train
818,35191,50442.994000000006,44646,63077.3677,336466.05565526965,6291285.6557624005,0.5176544790115272,891.1763787660748,official_shapezona777,79837.0,336714.60238986934,6291206.628079712,1317.0,zona777,E22_N419,train
819,651023,887635.2937,632406,914666.0983,336978.2506464538,6291387.032568632,0.5135429053828504,1179.690520633012,official_shapezona777,1283429.0,336861.7735792164,6290798.470667251,1634.0,zona777,E22_N419,train
82,20296,31766.1102,29781,43462.3316,342700.0762026337,6296110.185920201,0.6601208829101955,1044.5442777574062,official_shapezona777,50077.0,342811.3055294846,6296263.301515666,1588.0,zona777,E22_N419,train
820,13213,20778.0177,10274,15343.4077,338323.84952063253,6291148.162897716,0.3199669655803966,956.79726039432,official_shapezona777,23487.0,338313.7708945374,6290985.615957764,1201.0,zona777,E22_N419,train
821,39169,56388.1587,37949,54567.1029,335374.2052892854,6298584.75586145,0.3629626116712296,1114.502057492733,official_shapezona777,77118.0,335366.40598822583,6298770.294198501,1208.0,zona777,E22_N419,train
822,24217,35039.453,6541,9988.0562,337864.8604535854,6299540.795736441,0.1703744170648826,699.9422182936687,official_shapezona777,30758.0,337920.77453020355,6299680.920020808,781.0,zona777,E22_N419,train
823,31349,45360.561,33848,49456.034999999996,338453.444400906,6299574.22016833,0.1855486529952628,581.354846969014,official_shapezona777,65197.0,338385.98335813,6299696.961562648,957.0,zona777,E22_N419,train
824,38839,55074.7091,24312,35590.8211,338955.6770285193,6299202.381613191,0.3226975460713511,816.4582448434085,official_shapezona777,63151.0,339020.75278301217,6299317.186283669,1018.0,zona777,E22_N419,train
825,30839,45475.9841,28986,42345.517,336010.94986945286,6299767.909949921,0.2114507219228321,612.9277966376394,official_shapezona777,59825.0,336104.97962390305,6299718.38726285,980.0,zona777,E22_N419,train
826,32102,46658.4038,22726,32975.7262,336483.06746736274,6297775.984449721,0.3861941007593388,1236.985823554045,official_shapezona777,54828.0,336733.3505690524,6297535.568505144,1309.0,zona777,E22_N419,train
827,152643,212591.55169999998,163874,233677.87190000003,337843.0289286283,6297351.576030026,0.2900056034678822,1058.7262477104086,official_shapezona777,316517.0,338330.86407365167,6297155.526142356,1155.0,zona777,E22_N419,train
828,1590,3341.8880999999997,36587,51995.5555,336700.27182043594,6297184.928384268,0.6286045593714525,1221.2986935038352,official_shapezona777,38177.0,336506.86827147234,6296966.234617702,1039.0,zona777,E22_N419,train
829,25368,37495.7136,28052,41221.8028,341230.9807660141,6306499.521360047,0.9523044000045312,1558.550870349456,official_shapezona777,53420.0,340901.9407899663,6306440.197192063,1875.0,zona777,E22_N420,validation
83,11363,17196.353900000002,12126,17490.0027,343432.5458464917,6296432.816032612,0.5536891435346435,968.629666587338,official_shapezona777,23489.0,343435.99208139983,6296533.370641577,951.0,zona777,E22_N419,train
830,3441,5524.8462,3849,5538.6803,341421.57056663523,6305114.567680897,2.805593812626016,2312.8873838679865,official_shapezona777,7290.0,341702.6377229081,6305914.359533608,2075.0,zona777,E22_N420,validation
831,42380,63468.5248,27064,39075.5707,339920.64847675327,6309836.9196491465,4.580300837141391,4583.70342801325,official_shapezona777,69444.0,340381.17441391625,6309438.481524682,4646.0,zona777,E22_N420,validation
832,1578,2402.0009,941,1402.0635,342937.117008428,6308102.411489508,0.5097789771869911,979.9610874712234,official_shapezona777,2519.0,342607.17705438664,6307941.939261612,1214.0,zona777,E22_N420,validation
833,14138,21811.7456,14352,20752.8547,348053.5865049503,6302893.289480098,0.3071571976239855,792.7287623716984,official_shapezona777,28490.0,348208.8151983152,6303062.468094068,1099.0,zona777,E23_N420,test
834,15719,26889.1253,7449,11021.8383,341975.5459961273,6304581.492289318,1.5403609579001167,2045.995992349752,official_shapezona777,23168.0,342413.0524430249,6304377.441988951,1304.0,zona777,E22_N420,validation
835,9573,17395.3544,15645,24065.3439,338250.81526370393,6302865.223827967,0.4768138766316507,1681.3705997487996,official_shapezona777,25218.0,338368.2611230074,6302938.985645174,2297.0,zona777,E22_N420,validation
836,12884,22335.603,6088,9468.9542,339759.29677222925,6302395.009932265,0.2201443921929859,1006.8270753112738,official_shapezona777,18972.0,339754.64463419776,6302443.283364959,1677.0,zona777,E22_N420,validation
837,54299,92842.5082,34246,52565.7989,337002.4732191988,6302944.851426605,4.122392249687683,3224.385206099483,official_shapezona777,88545.0,337323.3054040318,6303057.96644644,2534.0,zona777,E22_N420,validation
838,19463,27849.388,24027,35591.9155,346171.0809908829,6300035.464037145,0.3612682249892624,746.2266256175935,official_shapezona777,43490.0,346195.8842952403,6300084.298965279,1129.0,zona777,E23_N420,test
839,6543,10271.501,6736,9853.975199999999,347390.07779874647,6300420.809407527,0.4408799627558276,849.0130973272026,official_shapezona777,13279.0,347509.99834324874,6300493.612169591,908.0,zona777,E23_N420,test
84,912682,1317339.5433999996,958805,1339710.8154000007,343915.61136584554,6296438.509967404,0.6992440146520225,1827.4223469030112,official_shapezona777,1871487.0,343931.9856675467,6297440.481199175,2185.0,zona777,E22_N419,train
840,2806,4705.601,2262,3330.2398,350762.0136496345,6303870.671458274,1.476391449442636,3356.301242986694,official_shapezona777,5068.0,351145.7817679558,6304567.914364641,747.0,zona777,E23_N420,test
841,5304,7736.8172,11439,16577.1343,337522.6263462176,6299887.41095925,0.1724326725183429,585.5354003534303,official_shapezona777,16743.0,337601.2796989787,6299751.441617392,620.0,zona777,E22_N419,train
842,3848,5406.1634,997,1480.9405000000002,337575.679299071,6300325.653217481,0.2227164070215051,602.1645766502479,official_shapezona777,4845.0,337468.48565531475,6300218.196697626,734.0,zona777,E22_N420,validation
843,12106,18074.9193,8626,13138.9656,338075.4309691569,6299878.339524369,0.1897433651480912,574.6858499750379,official_shapezona777,20732.0,338128.2413660042,6299781.638047463,711.0,zona777,E22_N419,train
844,18397,27246.0979,30545,44505.770899999996,338792.05805468274,6299946.429215406,0.2792307115384635,939.1254412964336,official_shapezona777,48942.0,338918.205733317,6299817.8082424095,1117.0,zona777,E22_N419,train
845,5666,8667.1039,11071,16254.0584,337778.93974282563,6301304.279069037,0.2029194140495131,513.2290362091735,official_shapezona777,16737.0,337784.6232299695,6301088.787058612,721.0,zona777,E22_N420,validation
846,11310,17220.7172,6608,9896.358,338311.77609895554,6300818.697540068,0.1671232537803713,503.78431640344206,official_shapezona777,17918.0,338160.426833352,6300939.737191651,465.0,zona777,E22_N420,validation
848,37,42.8481,23,33.0532,337587.3,6310567.966666667,,1066.0,observed_endpoint_support_no_official_polygon,60.0,337587.3,6310567.966666667,1066.0,zona777,E22_N420,validation
849,0,0.0,5,8.2788,333821.8,6285314.0,,866.0,observed_endpoint_support_no_official_polygon,5.0,333821.8,6285314.0,866.0,zona777,E22_N419,train
85,33268,48936.7341,19616,28798.0436,340533.36421255383,6295001.043433591,0.6762004386707702,1240.5744335623458,official_shapezona777,52884.0,340402.9409651312,6294914.986158384,1335.0,zona777,E22_N419,train
852,1230,2031.764,620,1045.0951,338086.7443243243,6271367.788108109,,2564.0,observed_endpoint_support_no_official_polygon,1850.0,338086.7443243243,6271367.788108109,2564.0,zona777,E22_N418,train
86,36699,54717.4485,30581,44061.6345,341334.9701036532,6294758.352013563,1.211415547983099,1555.7842180766163,official_shapezona777,67280.0,341470.6604488704,6294997.877170036,1715.0,zona777,E22_N419,train
87,12847,18889.1921,9832,14274.365099999999,341970.8880045034,6294988.032634406,0.430902422908181,1046.0982067827135,official_shapezona777,22679.0,342070.19559945323,6295049.421976278,1176.0,zona777,E22_N419,train
88,22942,33987.7742,17094,25094.6513,342701.5265544891,6295160.225883467,0.64328005897103,931.8351843161508,official_shapezona777,40036.0,342668.713557798,6295295.431911279,1132.0,zona777,E22_N419,train
89,18260,26327.7382,19201,28450.1738,343554.67001564393,6295382.156152059,1.1809332138357014,1566.74832618027,official_shapezona777,37461.0,343570.52740183123,6295152.09444489,1940.0,zona777,E22_N419,train
9,12478,18671.3399,12292,18144.3697,345209.3672524815,6300270.537622855,0.345146519581672,912.2299047335982,official_shapezona777,24770.0,345313.4854259184,6300553.207589827,1157.0,zona777,E23_N420,test
90,22763,32114.215,15164,22547.8839,342699.83815410576,6294579.881898223,0.6312533246306772,1523.902014454652,official_shapezona777,37927.0,342678.00870092545,6294658.051071796,1842.0,zona777,E22_N419,train
91,16061,24206.2707,15883,23189.0697,340301.67689132615,6301748.836297075,0.2421528918048231,842.6795327796135,official_shapezona777,31944.0,340418.6438767844,6301411.316272226,988.0,zona777,E22_N420,validation
92,18373,27290.1201,19720,28526.0406,340795.3727781116,6301635.625301822,0.4150257102002979,1102.1775419106707,official_shapezona777,38093.0,340925.24692200666,6301405.064998819,1212.0,zona777,E22_N420,validation
93,7871,12133.677599999999,4376,6482.446,341244.7011891656,6301567.282140294,0.2784980982823601,1186.8267654674128,official_shapezona777,12247.0,341277.29256144364,6301731.035763861,1156.0,zona777,E22_N420,validation
94,11944,18991.9194,15918,23284.5398,341563.7445655872,6301905.212509563,0.368436748802495,836.0059696654789,official_shapezona777,27862.0,341563.6267676405,6301706.504594071,1521.0,zona777,E22_N420,validation
95,7628,12251.255000000001,11332,16377.6304,341683.4347480474,6301068.227084238,0.464975534309316,825.8672250658274,official_shapezona777,18960.0,341653.8832278481,6301019.929746836,1262.0,zona777,E22_N420,validation
96,39935,58982.9347,36458,52364.371100000004,342263.2548895483,6300950.543880736,0.4411142798696819,1262.7478484604508,official_shapezona777,76393.0,342263.81431544776,6300929.914442423,1827.0,zona777,E22_N420,validation
97,19002,28108.703,11171,16633.1212,342919.6920752344,6300720.184149648,0.4916366718086756,1087.6327991766157,official_shapezona777,30173.0,342830.73028866865,6300521.046498525,1126.0,zona777,E22_N420,validation
98,1533,2243.6258,941,1352.0078,343957.4194273173,6300360.866119661,0.4953032706909316,1319.5989614534774,official_shapezona777,2474.0,344161.30153597414,6300087.22392886,710.0,zona777,E22_N420,validation
99,31428,46901.729699999996,42414,61400.514800000004,340501.0128104121,6300840.771894325,0.4698089817254209,1243.1816226281226,official_shapezona777,73842.0,340378.70519487554,6300836.67354622,1708.0,zona777,E22_N420,validation
