unit_id,origin_trip_count,origin_expanded_mass,destination_trip_count,destination_expanded_mass,unit_x_32719,unit_y_32719,unit_area_km2,unit_bbox_span_m,representation,tile_id,partition
88b2c50801fffff,974,1507.462,973,1356.9823999999999,357817.6696743645,6292635.091174544,0.6362477919215906,941.7072691718349,h3_r8,E23_N419,train
88b2c50803fffff,2368,3743.3535,2176,3024.9762,358354.29997374676,6292025.250379629,0.6361277209218209,941.6165017923922,h3_r8,E23_N419,train
88b2c50805fffff,604,952.4336,60,83.975,356941.7510638955,6292445.748082794,0.6362915846484025,941.7820416517789,h3_r8,E23_N419,train
88b2c50807fffff,1740,2719.7598,1823,2524.5471000000002,357478.4506142206,6291835.903749632,0.636171519188931,941.6912743829889,h3_r8,E23_N419,train
88b2c50809fffff,3,5.663600000000001,41,65.4627,358156.9174217882,6293434.3395787645,0.6363240412548119,941.7232495508506,h3_r8,E23_N419,train
88b2c5080dfffff,1008,1585.3293,492,681.3623,357280.97247762536,6293245.010308456,0.6363678620539558,941.7980320106144,h3_r8,E23_N419,train
88b2c50815fffff,825,1227.2406,638,927.9174,358890.86336968455,6291415.487919785,0.6360076490763076,941.525729882298,h3_r8,E23_N419,train
88b2c50823fffff,3930,6267.082,2650,3811.4272,356263.39436420915,6290847.406613413,0.6361389596807696,941.7500177030452,h3_r8,E23_N419,train
88b2c50825fffff,32263,48883.4551,25152,36581.3125,354850.6451999681,6291267.802210009,0.6363027123179326,941.9155315861572,h3_r8,E23_N419,train
88b2c50827fffff,20566,32023.4933,15177,22172.591,355387.4856058418,6290658.02563053,0.6361826626704112,941.824760121468,h3_r8,E23_N419,train
88b2c50829fffff,5578,8544.839,5355,7465.643099999999,356065.7895531341,6292256.394714886,0.6363353437591974,941.8568040376995,h3_r8,E23_N419,train
88b2c5082bfffff,2829,4381.9617,3545,4945.2585,356602.5583549562,6291646.546845046,0.6362152838515079,941.7660368825891,h3_r8,E23_N419,train
88b2c5082dfffff,8908,13735.9018,8964,12739.4542,355189.78515777865,6292067.031070291,0.6363790692384976,941.9315563214477,h3_r8,E23_N419,train
88b2c50831fffff,2457,3633.0159,2586,3617.5543000000002,357675.89524647675,6290427.086142506,0.6359751614524485,941.5844889660948,h3_r8,E23_N419,train
88b2c50835fffff,69,108.2453,97,138.0922,356800.09860939573,6290237.711910548,0.6360189036037193,941.6592415889609,h3_r8,E23_N419,train
88b2c50839fffff,1119,1609.5628,664,936.8803,358015.0832618196,6291226.137757516,0.6360514528717666,941.6005025806953,h3_r8,E23_N419,train
88b2c5083bfffff,1844,2683.8384,1645,2317.2374,358551.64900060836,6290616.450102506,0.6359313857134437,941.5097262491472,h3_r8,E23_N419,train
88b2c5083dfffff,3975,5994.98,3916,5552.173400000001,357139.2602547647,6291036.777322234,0.6360952230759037,941.6752651875722,h3_r8,E23_N419,train
88b2c50841fffff,67398,100319.48640000001,68563,98991.40460000001,357959.5013658145,6294843.717650648,0.6365203466100193,941.829969489132,h3_r8,E23_N419,train
88b2c50843fffff,28952,46334.1591,29315,43058.4209,358496.1938430746,6294233.648944078,0.6364002671747668,941.7392155244015,h3_r8,E23_N419,train
88b2c50845fffff,73970,112063.466,82092,114837.77840000001,357083.4608578065,6294654.405769737,0.6365641899414964,941.9047618054319,h3_r8,E23_N419,train
88b2c50847fffff,5245,8632.2354,4092,6259.187,357620.22258273757,6294044.333503815,0.6364441160467481,941.8140079579898,h3_r8,E23_N419,train
88b2c50849fffff,14096,20788.1836,11553,16574.7859,358298.80881342717,6295643.162730716,0.6365965537245135,941.845916603168,h3_r8,E23_N419,train
88b2c5084bfffff,2,3.074,0,0.0,358835.4989248041,6295033.019252263,0.6364764696553609,941.7551670823013,h3_r8,E23_N419,train
88b2c5084dfffff,42300,62719.3358,38554,56091.327900000004,357422.7420080509,6295453.864696016,0.6366404251409297,941.9207188904402,h3_r8,E23_N419,train
88b2c50855fffff,0,0.0,2,2.8262,359032.8194337309,6293623.658572396,0.6362801868525305,941.6484570078319,h3_r8,E23_N419,train
88b2c50861fffff,12130,18624.3851,10624,15244.164799999999,355868.1512794333,6293665.671788009,0.6365317129165469,941.9635625428054,h3_r8,E23_N419,train
88b2c50863fffff,832,1271.9637,453,612.1306,356404.9846169309,6293055.670760943,0.6364116492306037,941.8728043755982,h3_r8,E23_N419,train
88b2c50865fffff,18121,27693.2201,17966,25824.657,354992.05126785836,6293476.325511412,0.6365754608881722,942.0383246827405,h3_r8,E23_N419,train
88b2c50867fffff,2544,3892.0587,2607,3606.2985,355528.95385539974,6292866.320935697,0.6364554027757209,941.9475666410872,h3_r8,E23_N419,train
88b2c50869fffff,7266,13062.6962,6621,9770.903,356207.3774164745,6294465.083609005,0.6366079996363964,941.9795440253802,h3_r8,E23_N419,train
88b2c5086bfffff,1348,2466.8623000000002,579,851.6031,356744.208389627,6293855.007785303,0.6364879312991675,941.8887903004652,h3_r8,E23_N419,train
88b2c5086dfffff,13148,19719.9997,13336,19089.6857,355331.2510575148,6294275.751167923,0.6366517756841676,942.054316143156,h3_r8,E23_N419,train
88b2c50901fffff,27813,39721.7873,20142,28589.703,351685.3390444539,6291309.473714482,0.6365536346057485,942.2304643185926,h3_r8,E23_N419,train
88b2c50903fffff,51955,73891.5311,33412,49546.7017,352222.454111857,6290699.608184872,0.6364336026806361,942.1396978015546,h3_r8,E23_N419,train
88b2c50905fffff,294698,412145.9296,328701,468286.484,350809.12046171335,6291120.058678534,0.6365971917467262,942.3051660035271,h3_r8,E23_N419,train
88b2c50907fffff,15162,20439.1965,12131,17717.6615,351346.30478382297,6290510.189621695,0.6364771654631804,942.2143996292143,h3_r8,E23_N419,train
88b2c50909fffff,29793,41450.453499999996,30366,43847.8527,352024.4021149333,6292108.818846818,0.6366300803906543,942.2465145853348,h3_r8,E23_N419,train
88b2c5090bfffff,302030,418742.2046,315682,447639.52799999993,352561.51482115197,6291498.878471104,0.6365100437703742,942.1557525029639,h3_r8,E23_N419,train
88b2c5090dfffff,18227,24604.4117,10015,14130.8991,351148.15708478855,6291919.417624984,0.6366736655874836,942.3212262582965,h3_r8,E23_N419,train
88b2c50911fffff,11549,17097.4511,7057,10289.202800000001,353635.53954846924,6290279.23284045,0.6362699677612181,941.9742146374774,h3_r8,E23_N419,train
88b2c50913fffff,17590,26146.7941,19386,27427.9085,354172.4515573437,6289669.527577609,0.6361499284094588,941.8834388726973,h3_r8,E23_N419,train
88b2c50915fffff,35669,50360.6334,29815,42869.7897,352759.5022808709,6290089.821032204,0.6363135698343029,942.04892671993,h3_r8,E23_N419,train
88b2c50917fffff,62233,91736.40550000001,58351,83639.5315,353296.48354538257,6289480.112252521,0.6361935360881293,941.9581510816934,h3_r8,E23_N419,train
88b2c50919fffff,23517,35139.3364,19802,28799.5959,353974.6243356433,6291078.414478499,0.6363463760973563,941.9902637760388,h3_r8,E23_N419,train
88b2c5091bfffff,23839,35764.0089,16793,24161.676999999996,354511.5339953628,6290468.634373048,0.6362263320352834,941.8994924348663,h3_r8,E23_N419,train
88b2c5091dfffff,34098,50030.3259,24890,36027.3349,353098.56063436903,6290889.016470297,0.6363900062202023,942.0649858486722,h3_r8,E23_N419,train
88b2c50921fffff,20160,30504.3741,11660,16838.4661,349593.87777407974,6290131.321659982,0.6365641899425559,942.3637728721369,h3_r8,E23_N419,train
88b2c50923fffff,9424,13927.393100000001,7386,10726.2993,350131.133710981,6289521.523948308,0.6364441740252372,942.2730022079195,h3_r8,E23_N419,train
88b2c50925fffff,15735,24398.0059,10803,15897.9221,348717.60012382665,6289941.872260389,0.6366076516143676,942.4384442759911,h3_r8,E23_N419,train
88b2c50927fffff,21099,31682.7875,20750,30100.226599999998,349254.9253177312,6289332.0710322,0.6364876413710461,942.3476737607853,h3_r8,E23_N419,train
88b2c50929fffff,118583,168506.4191,122014,174646.1808,349932.8590886476,6290930.633362731,0.6366407151841188,942.3798575507244,h3_r8,E23_N419,train
88b2c5092bfffff,18313,25645.0949,17012,24728.8544,350470.11266598845,6290320.760780241,0.6365206945525165,942.2890913184383,h3_r8,E23_N419,train
88b2c5092dfffff,9754,14250.5833,8211,11770.3921,349056.55494098895,6290741.197766548,0.6366842049016368,942.4545389507548,h3_r8,E23_N419,train
88b2c50931fffff,324516,434948.97630000004,315978,445064.8861,351544.41912378103,6289101.250778027,0.6362806504847602,942.1075451382785,h3_r8,E23_N419,train
88b2c50933fffff,110655,157199.2597,128746,182499.3286,352081.471991994,6288491.61335038,0.636160627087338,942.0167652109521,h3_r8,E23_N419,train
88b2c50935fffff,69530,101375.4998,83383,120918.21949999999,350668.32274557324,6288911.804627566,0.6363241571780243,942.1822269721888,h3_r8,E23_N419,train
88b2c50937fffff,14520,20348.6094,11885,17647.7237,351205.44487172586,6288302.163693786,0.6362041394166753,942.0914471774595,h3_r8,E23_N419,train
88b2c50939fffff,737049,1018990.5479,810425,1160640.7825,351883.42220827803,6289900.398947781,0.6363571382445531,942.1236286800122,h3_r8,E23_N419,train
88b2c5093bfffff,15126,21445.7362,9084,13085.124099999999,352420.4727289571,6289290.686652835,0.636237110117455,942.0328531723935,h3_r8,E23_N419,train
88b2c5093dfffff,37788,52166.8179,36891,53788.7436,351007.29934640846,6289710.966586661,0.636400672980076,942.1983205120778,h3_r8,E23_N419,train
88b2c50941fffff,23482,33985.1555,17766,25274.5661,351826.3167595047,6293518.318589503,0.6368265431406875,942.3533034741413,h3_r8,E23_N419,train
88b2c50943fffff,25049,35161.5036,17960,25673.232099999997,352363.4939818796,6292908.225000491,0.6367065027984138,942.2625504209427,h3_r8,E23_N419,train
88b2c50945fffff,33288,48549.3563,32994,46916.0286,350949.97604802984,6293328.934738731,0.6368701507589698,942.4280249883304,h3_r8,E23_N419,train
88b2c50947fffff,36934,52509.9353,31691,45619.6244,351487.22252184636,6292718.83760138,0.6367501160587887,942.3372720819898,h3_r8,E23_N419,train
88b2c50949fffff,23877,33990.4846,16597,23839.3461,352165.43978437537,6294317.860571115,0.6369029468113994,942.3693204256124,h3_r8,E23_N419,train
88b2c5094bfffff,15696,22540.7014,17616,24991.4812,352702.6146319092,6293707.692157276,0.6367829018104683,942.2785718231462,h3_r8,E23_N419,train
88b2c5094dfffff,84196,121572.5494,80393,113704.76729999999,351289.072661803,6294128.490559244,0.6369465825019462,942.4440519249765,h3_r8,E23_N419,train
88b2c50951fffff,395,557.6844,464,668.6436,353776.76369261893,6292487.590449894,0.6365428089235006,942.0970608499483,h3_r8,E23_N419,train
88b2c50953fffff,13653,20468.6559,10247,14961.299,354313.73789352423,6291877.657148482,0.6364227610743622,942.0062984973192,h3_r8,E23_N419,train
88b2c50955fffff,149183,210031.04570000002,167876,239144.1925,352900.60432278365,6292298.209788278,0.6365864614984044,942.1717927794671,h3_r8,E23_N419,train
88b2c50957fffff,48770,72198.5705,35174,50978.7488,353437.6477760788,6291688.272948928,0.6364664192560519,942.0810305598425,h3_r8,E23_N419,train
88b2c50959fffff,906,1454.4873,625,868.1158,354115.9083705997,6293286.968954977,0.6366191751987237,942.1130767120048,h3_r8,E23_N419,train
88b2c5095bfffff,2336,3401.4798,2327,3282.1962,354652.88020872767,6292676.960832188,0.6364991226781531,942.0223188003292,h3_r8,E23_N419,train
88b2c5095dfffff,197767,272966.8832,203015,284520.8614,353239.722603371,6293097.602118179,0.6366628558406479,942.1878186275135,h3_r8,E23_N419,train
88b2c50961fffff,437688,560676.6413999998,494154,668126.7937,349734.5511490477,6292340.031956786,0.6368372414422862,942.4866849997779,h3_r8,E23_N419,train
88b2c50963fffff,1470,2113.9301,2749,3753.7338,350271.86924807297,6291730.00612225,0.6367172170811194,942.3959277987597,h3_r8,E23_N419,train
88b2c50965fffff,19773,30080.9353,15162,21938.2762,348858.15126774495,6292150.613710245,0.6368807535409984,942.5613762402791,h3_r8,E23_N419,train
88b2c50967fffff,24037,35699.9057,20209,29086.3379,349395.5386205156,6291540.584338082,0.6367607348543279,942.4706191947917,h3_r8,E23_N419,train
88b2c50969fffff,214538,289861.06169999996,226518,314775.5285,350073.5925132127,6293139.540604438,0.6369137246545764,942.5027363646659,h3_r8,E23_N419,train
88b2c5096bfffff,2471,3415.2499000000003,921,1281.5535,350610.90823899256,6292529.439920321,0.6367936956109663,942.4119836104801,h3_r8,E23_N419,train
88b2c5096dfffff,5164,7999.3533,3551,5136.684200000001,349197.166170786,6292950.13618609,0.6369572648126873,942.5774375949986,h3_r8,E23_N419,train
88b2c50985fffff,16068,24785.0494,17330,25769.7283,354568.00565193105,6286852.621183446,0.635756988882403,941.6697057570564,h3_r8,E23_N419,train
88b2c50987fffff,29773,45022.86,25770,38967.4115,355104.7215623363,6286243.300723832,0.6356369564940718,941.5789076120127,h3_r8,E23_N419,train
88b2c50989fffff,4058,6265.7188,7161,10262.4702,355782.78609170334,6287840.881951531,0.6357898052104839,941.6110843907809,h3_r8,E23_N419,train
88b2c5098dfffff,3557,5080.643,2083,3025.4993,354907.0258509413,6287651.456111789,0.6358334296385523,941.6857969480334,h3_r8,E23_N419,train
88b2c50995fffff,12246,18486.6455,7492,10944.6421,356516.9657969618,6285823.505185133,0.6354733157910559,941.41340221063,h3_r8,E23_N419,train
88b2c50997fffff,2915,4432.861,2676,3811.3514999999998,357053.4785597109,6285214.344905248,0.6353532762914176,941.3225949920597,h3_r8,E23_N419,train
88b2c509a1fffff,27721,39615.7491,18835,27306.1704,353353.26417001244,6285864.383748863,0.635724059638197,941.7282826197916,h3_r8,E23_N419,train
88b2c509a3fffff,34650,50915.3488,28078,40868.5134,353890.051662599,6285255.134690272,0.6356040376110027,941.6374801913626,h3_r8,E23_N419,train
88b2c509a5fffff,12603,17634.6784,18383,26872.447300000003,352477.4713339736,6285674.9098592065,0.6357675607957256,941.8029549545608,h3_r8,E23_N419,train
88b2c509a7fffff,132291,179998.7976,136049,194131.57390000002,353014.3280885813,6285065.657325927,0.6356475443656028,941.7121526362607,h3_r8,E23_N419,train
88b2c509a9fffff,21028,30566.48,15175,22131.1133,353692.2290807057,6286663.1713136565,0.63580055167698,941.7443982088007,h3_r8,E23_N419,train
88b2c509abfffff,21140,30302.596,6870,10119.1916,354229.0142513673,6286053.8473702315,0.6356805248677481,941.6536001707427,h3_r8,E23_N419,train
88b2c509adfffff,154841,214545.63179999997,157650,224194.0894,352816.4097385609,6286473.711174525,0.6358440808530796,941.8190805442864,h3_r8,E23_N419,train
88b2c509b1fffff,36694,56494.6709,33118,49078.5297,355302.38376795757,6284835.434562687,0.6354404688585664,941.4719906072132,h3_r8,E23_N418,validation
88b2c509b3fffff,43786,69769.6894,37664,57732.4224,355838.9681018026,6284226.345690584,0.6353204396969789,941.3811791003682,h3_r8,E23_N418,validation
88b2c509b5fffff,43831,63162.2091,42726,60785.89849999998,354426.7722102708,6284645.963994756,0.6354840147875969,941.5466732671484,h3_r8,E23_N418,validation
88b2c509b7fffff,37935,55540.353800000004,25654,37632.6595,354963.42580698314,6284036.871658318,0.6353639911909311,941.4558618575102,h3_r8,E23_N418,validation
88b2c509b9fffff,38750,59844.0475,34466,50788.6757,355641.370532486,6285634.05861935,0.6355169233112875,941.4881049729302,h3_r8,E23_N419,train
88b2c509bdfffff,23976,36095.1613,16424,23718.816799999997,354765.73248246725,6285444.601787904,0.635560497254402,941.5627976353862,h3_r8,E23_N419,train
88b2c509c1fffff,2828,4010.704,86,127.83709999999999,355585.15259086934,6289249.309241269,0.6359862412938967,941.7179361312883,h3_r8,E23_N419,train
88b2c509c3fffff,9335,13672.2651,5087,7196.5639,356121.86151448434,6288639.764207026,0.6358661946517601,941.627151189372,h3_r8,E23_N419,train
88b2c509c5fffff,22404,32444.9886,18947,27136.1727,354709.2966548973,6289059.900677817,0.6360298881885007,941.7926585717942,h3_r8,E23_N419,train
88b2c509c7fffff,28289,40259.2681,27668,39590.4151,355246.07483504195,6288450.352137113,0.6359098471158008,941.7018737402977,h3_r8,E23_N419,train
88b2c509c9fffff,20283,31434.332,14719,21480.3403,355924.25910505117,6290048.3274060935,0.6360626121548764,941.7339841201319,h3_r8,E23_N419,train
88b2c509cdfffff,35308,52635.129,31322,44845.155099999996,355048.3767491351,6289858.932628622,0.6361062870953531,941.8087165502366,h3_r8,E23_N419,train
88b2c509d5fffff,10827,15888.1686,9598,13984.0246,356658.5035139114,6288030.29752193,0.6357461471893466,941.5363617349649,h3_r8,E23_N419,train
88b2c509e1fffff,20491,31271.8861,29415,42061.7538,353494.37303456804,6288071.497184003,0.6359970512044562,941.8512885209057,h3_r8,E23_N419,train
88b2c509e3fffff,36667,54341.2812,31475,45318.4592,354031.22280732007,6287462.020002175,0.6358770204609593,941.7604993975256,h3_r8,E23_N419,train
88b2c509e5fffff,19659,28651.5851,15806,22609.378800000002,352618.457944944,6287882.054299753,0.6360406028061453,941.9259807391791,h3_r8,E23_N419,train
88b2c509e7fffff,13415,18898.3525,9828,14011.0812,353155.3769765424,6287272.573622171,0.6359205776623056,941.8351917347172,h3_r8,E23_N419,train
88b2c509e9fffff,20962,30669.8657,18741,26674.090200000002,353833.3978992897,6288870.481841868,0.6360735014596981,941.8673709005816,h3_r8,E23_N419,train
88b2c509ebfffff,30161,44116.3004,15893,23131.521800000002,354370.24533650256,6288260.929796279,0.635953465970565,941.7765861870721,h3_r8,E23_N419,train
88b2c509edfffff,11403,16104.1351,6805,9631.8675,352957.45633975265,6288681.0527329,0.6361170810973665,941.942073116661,h3_r8,E23_N419,train
88b2c50a21fffff,11658,17453.4171,8859,12640.2187,358101.390301017,6297052.965301102,0.6367928251323136,941.9525897973217,h3_r8,E23_N419,train
88b2c50a23fffff,2146,3034.2885,1820,2577.7703,358638.14491214557,6296442.668725774,0.636672737369192,941.8618492998648,h3_r8,E23_N419,train
88b2c50a25fffff,34057,51337.424100000004,38565,55093.53,357225.22797144554,6296863.68470169,0.636836719095672,942.0274019280914,h3_r8,E23_N419,train
88b2c50a27fffff,16003,23992.6866,16994,24354.8912,357762.0518269318,6296253.384545889,0.6367166368767495,941.9366615567706,h3_r8,E23_N419,train
88b2c50a29fffff,3,4.4808,1,1.3559,358440.75741685845,6297852.60694339,0.63686898988763,941.9685036122683,h3_r8,E23_N419,train
88b2c50a2bfffff,2759,4100.1094,1734,2496.2313,358977.5096485284,6297242.235617565,0.6367488975280419,941.8777675759629,h3_r8,E23_N419,train
88b2c50a2dfffff,25643,37215.2297,22176,31420.8504,357564.56882628496,6297663.340214966,0.636912911951749,942.0433257088298,h3_r8,E23_N419,train
88b2c50a4dfffff,381,573.3651,450,626.5462,359798.51202868356,6301051.782017562,0.6371734135290661,942.0320145803271,h3_r8,E23_N420,test
88b2c50a61fffff,622,892.2748,952,1281.7297,358243.3364600772,6299262.833855439,0.6370652271043807,942.0751299781259,h3_r8,E23_N419,train
88b2c50a63fffff,0,0.0,462,625.9433,358780.15316100826,6298652.309454472,0.6369451311240718,941.9844030003878,h3_r8,E23_N419,train
88b2c50a65fffff,20936,30038.375500000002,19337,27056.771099999998,357367.0523850431,6299073.584608215,0.6371091717270072,942.1499619061942,h3_r8,E23_N419,train
88b2c50a67fffff,1086,1586.7753,2620,3565.2687,357903.9383269805,6298463.056605643,0.6369890812940548,942.0592350610532,h3_r8,E23_N419,train
88b2c50a6bfffff,0,0.0,428,569.7473,359119.5775200083,6299452.072816063,0.637021248822069,942.0002879584208,h3_r8,E23_N419,train
88b2c50a6dfffff,1576,2340.7584,1108,1589.9757,357706.4529124907,6299873.436594605,0.6371853221015873,942.1658523483202,h3_r8,E23_N419,train
88b2c50b01fffff,470650,638330.1911,519068,728993.1869999999,354059.3847948782,6296906.170450758,0.6370882635223787,942.3425130891846,h3_r8,E23_N419,train
88b2c50b03fffff,20532,30182.5935,20039,28769.680900000003,354596.48324734217,6296295.781200455,0.6369681990101734,942.2517777194153,h3_r8,E23_N419,train
88b2c50b05fffff,9209,12473.0077,10658,14548.3179,353182.98144827073,6296716.852294428,0.6371320171808874,942.4172846506117,h3_r8,E23_N419,train
88b2c50b07fffff,84394,113527.3729,92062,128810.4489,353720.1491465247,6296106.459463943,0.6370119582838866,942.32654942933,h3_r8,E23_N419,train
88b2c50b09fffff,41425,55606.2096,32862,46699.6151,354398.64915926947,6297705.942349415,0.6371645452716393,942.3584623052739,h3_r8,E23_N419,train
88b2c50b0bfffff,12968,18531.6011,11120,15817.8195,354935.7452216917,6297095.478320446,0.6370444761590631,942.2677314075409,h3_r8,E23_N419,train
88b2c50b0dfffff,33758,45476.889800000004,24470,34491.073,353522.21948796103,6297516.6380674755,0.6372083270284894,942.4332438384881,h3_r8,E23_N419,train
88b2c50b11fffff,29860,44368.9737,30474,44165.4659,356009.7367747617,6295874.785339869,0.6368043349618608,942.0862557859509,h3_r8,E23_N419,train
88b2c50b13fffff,92925,137809.6904,90240,128094.4069,356546.63225310575,6295264.556380451,0.636684262919799,941.9955110852607,h3_r8,E23_N419,train
88b2c50b15fffff,49845,71927.9978,36358,51953.6603,355133.5148391981,6295685.47031267,0.6368481335119108,942.1610377468751,h3_r8,E23_N419,train
88b2c50b17fffff,55332,80372.0762,59366,84342.4554,355670.4795642891,6295075.23778349,0.6367280670479852,942.0702931772103,h3_r8,E23_N419,train
88b2c50b19fffff,15917,24829.0657,15807,22665.5242,356349.02267550986,6296674.393818799,0.636880579404005,942.1022039636155,h3_r8,E23_N419,train
88b2c50b1bfffff,20146,30192.6107,20631,29408.1879,356885.9157759062,6296064.090084097,0.6367605027439909,942.0114637191873,h3_r8,E23_N419,train
88b2c50b1dfffff,38378,56593.1091,35803,51604.1426,355472.7744289086,6296485.092651897,0.636924406046378,942.1769958948134,h3_r8,E23_N419,train
88b2c50b21fffff,54498,72696.9628,46439,64028.1979,351967.35224998475,6295727.7851336,0.6370993757032717,942.4760624745395,h3_r8,E23_N419,train
88b2c50b23fffff,24330,33310.4434,18203,26046.2238,352504.5915830636,6295117.463527976,0.6369793270540555,942.3853229387896,h3_r8,E23_N419,train
88b2c50b25fffff,64170,90138.20629999999,48481,68106.6805,351090.8894857054,6295538.432538703,0.6371430338264885,942.5508038019179,h3_r8,E23_N419,train
88b2c50b27fffff,66098,97458.1418,57968,82635.8176,351628.1980669205,6294928.107363617,0.6370229908243139,942.4600644231541,h3_r8,E23_N419,train
88b2c50b29fffff,4171,5387.4605,5752,7833.6693000000005,352306.5351975906,6296527.523850927,0.6371757371240238,942.4920460860594,h3_r8,E23_N419,train
88b2c50b2bfffff,36827,49886.9034,40179,55839.5242,352843.7721421664,6295917.127441835,0.6370556838520056,942.4013110148953,h3_r8,E23_N419,train
88b2c50b2dfffff,213338,291016.3182,217299,300357.6079,351430.0460585589,6296338.185119724,0.6372194233341703,942.5667973898817,h3_r8,E23_N419,train
88b2c50b31fffff,17477,24947.790399999998,15636,23015.4916,353918.0454478423,6294696.569743268,0.6368155743043661,942.2198270376539,h3_r8,E23_N419,train
88b2c50b33fffff,18409,26037.3171,10873,15992.5428,354455.08179662965,6294086.408445961,0.636695518069805,942.1290781520656,h3_r8,E23_N419,train
88b2c50b35fffff,124611,176407.4906,120128,172085.0065,353041.7640516279,6294507.220298948,0.6368592774081306,942.2945787945646,h3_r8,E23_N419,train
88b2c50b37fffff,2420,3338.8756,2919,4345.5469,353578.8696495237,6293897.055442588,0.6367392267831513,942.203830049606,h3_r8,E23_N419,train
88b2c50b39fffff,40026,57082.9579,36563,52530.0737,354257.2499849191,6295496.145001973,0.6368918983864518,942.2358095973032,h3_r8,E23_N419,train
88b2c50b3bfffff,57830,84973.4531,57992,83199.0747,354794.28395729937,6294885.908904605,0.6367718375138889,942.1450651639607,h3_r8,E23_N419,train
88b2c50b3dfffff,257624,345434.51790000004,263238,374106.50179999997,353380.9422276372,6295306.809407253,0.6369356295726557,942.310571330192,h3_r8,E23_N419,train
88b2c50b41fffff,22365,30573.264,14842,21299.384,354200.78171438223,6299116.392301798,0.6373608761911784,942.4651188766584,h3_r8,E23_N419,train
88b2c50b43fffff,5599,7772.4306,10124,14032.6517,354737.94222626986,6298505.775141632,0.6372408035115028,942.3743970800424,h3_r8,E23_N419,train
88b2c50b45fffff,145100,199202.4204,160079,220923.2677,353324.25649349036,6298927.105504187,0.6374046804348213,942.5399102253723,h3_r8,E23_N419,train
88b2c50b47fffff,99454,135223.7309,110447,153112.4347,353861.4862478095,6298316.484742697,0.6372846133712197,942.4491885824827,h3_r8,E23_N419,train
88b2c50b49fffff,25812,35038.9595,23835,32866.7188,354540.1058742376,6299916.36072647,0.6374371154679509,942.481034721015,h3_r8,E23_N419,train
88b2c50b4bfffff,12662,17829.9147,4693,6638.3469000000005,355077.2639824401,6299305.668809114,0.6373170382228976,942.3903174089501,h3_r8,E23_N419,train
88b2c50b4dfffff,48057,66045.6626,45719,63689.4264,353663.5543650547,6299727.087828052,0.6374809478246829,942.5558360362193,h3_r8,E23_N419,train
88b2c50b51fffff,6009,8404.6726,6541,9091.7896,356151.3796780455,6298084.520050773,0.6370768806479112,942.208868893329,h3_r8,E23_N419,train
88b2c50b53fffff,69164,99042.564,68959,96608.2433,356688.3372531013,6297474.063202022,0.6369568003589611,942.1181377103785,h3_r8,E23_N419,train
88b2c50b55fffff,117630,156792.86210000003,109414,151376.0543,355275.0358945348,6297895.2363436725,0.63712072980785,942.2836706546368,h3_r8,E23_N419,train
88b2c50b57fffff,18462,26024.437299999998,17375,24501.0748,355812.0627130029,6297284.775904024,0.6370006550988327,942.1929396115011,h3_r8,E23_N419,train
88b2c50b59fffff,18168,25885.6778,15456,21363.3172,356490.7253105948,6298884.325073861,0.6371530826776397,942.2247837355826,h3_r8,E23_N419,train
88b2c50b5bfffff,7739,10856.6181,6943,9743.4726,357027.6804940952,6298273.793471254,0.6370329978057659,942.1340570261236,h3_r8,E23_N419,train
88b2c50b5dfffff,31824,45847.9062,30148,42167.3189,355614.355252438,6298695.055251842,0.6371969599427133,942.2995954616927,h3_r8,E23_N419,train
88b2c50b61fffff,19468,27177.9859,15059,20757.9052,352108.44549686776,6297937.873076537,0.6373721319102346,942.5987412141403,h3_r8,E23_N419,train
88b2c50b63fffff,216836,285594.2352,216862,300688.49069999997,352645.74689632666,6297327.323497325,0.637252075066187,942.5080152497394,h3_r8,E23_N419,train
88b2c50b65fffff,50853,71532.1391,37451,52511.6218,351231.86075583484,6297748.551808247,0.6374158405659075,942.6735023317742,h3_r8,E23_N419,train
88b2c50b67fffff,384462,514152.60059999995,403803,560903.3265,351769.23140008526,6297137.998638429,0.637295789368043,942.5827765260474,h3_r8,E23_N419,train
88b2c50b69fffff,3949,5602.3067,2270,3104.9908,352447.6883354818,6298737.80841575,0.6374484509415688,942.6146914481069,h3_r8,E23_N419,train
88b2c50b6bfffff,12517,17088.541,10157,14015.3871,352984.9873327683,6298127.18405451,0.6373283895079497,942.523969962087,h3_r8,E23_N419,train
88b2c50b6dfffff,26737,37444.2927,21727,30290.689,351571.0772560872,6298548.5010359585,0.6374921876995747,942.6894625367713,h3_r8,E23_N419,train
88b2c51801fffff,30356,45527.9789,45944,63706.7698,358811.69293414615,6308108.511675894,0.6381540617637745,942.5644870582619,h3_r8,E23_N420,test
88b2c51803fffff,46467,70297.1516,53238,75662.2283,359348.75755250413,6307497.076408168,0.6380339340184513,942.4738146914751,h3_r8,E23_N420,test
88b2c51805fffff,191,285.5742,691,955.2877,357934.9226407001,6307919.388545003,0.6381982093008087,942.6393979705754,h3_r8,E23_N420,test
88b2c51807fffff,10,15.494,0,0.0,358472.05648630497,6307307.949590998,0.6380780871137619,942.5487257637433,h3_r8,E23_N420,test
88b2c51809fffff,3545,5528.067,10770,15248.8311,359151.3579092858,6308909.134415692,0.6382300126576858,942.580233884044,h3_r8,E23_N420,test
88b2c5180bfffff,41378,65051.8413,29251,42418.5122,359688.4200802216,6308297.624505636,0.638109880496193,942.4895660543116,h3_r8,E23_N420,test
88b2c5180dfffff,18264,29440.7073,11081,15759.3722,358274.56153732305,6308720.02527982,0.6382741883732099,942.6551547314739,h3_r8,E23_N420,test
88b2c51811fffff,21856,31778.8281,21261,30432.8671,360762.34407806676,6307074.839672249,0.6378696128080585,942.3082163260551,h3_r8,E24_N420,train
88b2c51815fffff,42637,62641.8064,36302,50883.5953,359885.7553861586,6306885.719472837,0.6379138051553261,942.3831376370508,h3_r8,E23_N420,test
88b2c51819fffff,955,1634.9427,1733,2569.8151000000003,361102.0302287778,6307875.299144294,0.6379455266886691,942.3239622875117,h3_r8,E24_N420,train
88b2c5181dfffff,19074,30621.4601,17331,25436.0779,360225.4154718901,6307686.192925757,0.6379897472051044,942.3988935308298,h3_r8,E24_N420,train
88b2c51821fffff,4214,6199.2126,4213,5865.6463,356718.52497627784,6306929.6650557695,0.6381662921016213,942.6985176100861,h3_r8,E23_N420,test
88b2c51823fffff,0,0.0,67,88.4914,357255.730495734,6306318.297084357,0.6380461799275557,942.6078410342452,h3_r8,E23_N420,test
88b2c51825fffff,20,29.565,7,9.8016,355841.6945638616,6306740.507336643,0.6382103439706377,942.7733983787475,h3_r8,E23_N420,test
88b2c51827fffff,20,29.8154,50,66.961,356378.9693130259,6306129.135689668,0.6380902373863822,942.6827219687984,h3_r8,E23_N420,test
88b2c51829fffff,13,18.8882,0,0.0,357058.10921558726,6307730.255112432,0.6382423230940618,942.7142987819389,h3_r8,E23_N420,test
88b2c5182dfffff,8435,12409.819,9145,12518.4426,356181.25267451257,6307541.111377642,0.6382864031280867,942.789189485542,h3_r8,E23_N420,test
88b2c51831fffff,19094,28341.5981,30822,42724.056000000004,358669.5180802452,6305896.1622257605,0.637881969855633,942.4422685735044,h3_r8,E23_N420,test
88b2c51833fffff,425,682.2941999999999,357,504.6225,359206.5207856206,6305284.9546089005,0.6377618498854613,942.3515824734932,h3_r8,E23_N420,test
88b2c51835fffff,43941,62052.7443,44996,61551.7049,357792.86922663846,6305707.007459586,0.637926066622779,942.5171597683802,h3_r8,E23_N420,test
88b2c51837fffff,2,3.0764,0,0.0,358329.94116275595,6305095.796177633,0.6378059522078525,942.4264738204656,h3_r8,E23_N420,test
88b2c51839fffff,85746,126440.7628,79175,110925.3809,359009.12354800245,6306696.588975406,0.63795796379859,942.4580488625797,h3_r8,E23_N420,test
88b2c5183bfffff,914,1530.138,66,92.0704,359546.1238195576,6306085.306694416,0.6378378393748639,942.3673672834411,h3_r8,E23_N420,test
88b2c5183dfffff,14,20.3965,6,9.1432,358132.4485792951,6306507.448179424,0.6380020887275442,942.5329499992658,h3_r8,E23_N420,test
88b2c51841fffff,23,33.775800000000004,72,105.3152,358953.9249111833,6310321.480666285,0.6384260751904853,942.6866248244187,h3_r8,E23_N420,test
88b2c51843fffff,2628,4013.258,2750,3853.2957,359491.0513981859,6309709.817791965,0.6383059397809907,942.5959662413807,h3_r8,E23_N420,test
88b2c51845fffff,5014,7775.2522,4668,6604.1763,358077.0332546162,6310132.389241537,0.6384702735258044,942.7615554331569,h3_r8,E23_N420,test
88b2c51847fffff,4666,7695.2349,4135,5963.0851,358614.22896533227,6309520.722659728,0.6383501436756067,942.6708970153704,h3_r8,E23_N420,test
88b2c51849fffff,3981,6355.7067,3684,5186.5516,359293.6493613298,6311122.299281041,0.6385019829001563,942.7023381566396,h3_r8,E23_N420,test
88b2c5184bfffff,7689,11633.688400000001,6487,9309.5868,359830.77338729776,6310510.561786262,0.6383818431062935,942.6116841244511,h3_r8,E23_N420,test
88b2c5184dfffff,3568,5837.9284,3951,5673.7495,358416.7316628729,6310933.221876144,0.6385462094249466,942.7772786891437,h3_r8,E23_N420,test
88b2c51851fffff,288,434.7598,289,410.4046,360904.8211466193,6309287.321781438,0.6381415600447676,942.4303619285929,h3_r8,E24_N420,train
88b2c51855fffff,394,609.154,562,809.3805,360028.1111176169,6309098.233249388,0.6381858032123766,942.505302950216,h3_r8,E24_N420,train
88b2c51857fffff,5091,8891.861,2608,3940.6832,360565.1040632253,6308486.7270347625,0.6380656655079937,942.4146349624498,h3_r8,E24_N420,train
88b2c5185dfffff,4499,6954.4478,4036,5675.946,360367.83065114624,6309898.902620991,0.6382617021484238,942.5210253791302,h3_r8,E24_N420,train
88b2c51861fffff,3869,5670.8203,6129,8475.1625,356860.4546227583,6309142.501483498,0.6384384502100953,942.82072826894,h3_r8,E23_N420,test
88b2c51863fffff,9385,13781.668899999999,6132,8910.309,357397.72201743093,6308530.905841235,0.6383183303395842,942.730065474927,h3_r8,E23_N420,test
88b2c51865fffff,2925,4331.1032,192,270.6988,355983.5027444536,6308953.375438429,0.6384825528245647,942.8956287383335,h3_r8,E23_N420,test
88b2c51867fffff,23421,34441.9513,26956,37293.151300000005,356520.83936531865,6308341.7760994015,0.6383624385479824,942.804966119118,h3_r8,E23_N420,test
88b2c5186dfffff,15733,23074.3194,17574,24631.4145,356323.1204629438,6309754.175475588,0.6385585688930399,942.9113863399834,h3_r8,E23_N420,test
88b2c518a5fffff,3056,4552.735,2809,3789.4393,359601.215047166,6302462.551079678,0.6373695746425931,942.1385652868194,h3_r8,E23_N420,test
88b2c518a7fffff,3772,5602.3777,2303,3145.1519,360138.0221514035,6301851.727820847,0.6372494605002786,942.0478562374483,h3_r8,E24_N420,train
88b2c518adfffff,66543,95156.3846,59302,79391.665,359940.75614021276,6303262.632350385,0.6374456025081601,942.1543880120735,h3_r8,E23_N420,test
88b2c518e1fffff,8637,12481.5096,6633,9003.1188,360619.9239673675,6304862.977120964,0.6375975872836729,942.1859901300049,h3_r8,E24_N420,train
88b2c518e5fffff,4879,6783.079,4098,5533.0361,359743.45668920054,6304673.825325011,0.637641728836169,942.2608917094767,h3_r8,E23_N420,test
88b2c518e7fffff,37713,54459.1852,33889,45608.740099999995,360280.3257847822,6304062.774370266,0.6375216067283214,942.1701962943189,h3_r8,E24_N420,train
88b2c518edfffff,2249,3365.7633,984,1439.19,360083.057294751,6305474.10274421,0.637717713862694,942.2766810354078,h3_r8,E24_N420,train
88b2c51907fffff,1,1.5063,0,0.0,352333.9422315698,6305983.773437595,0.638386213639175,943.0728202435421,h3_r8,E23_N420,test
88b2c51911fffff,6543,9621.961,6747,9395.2509,354625.31771301327,6305750.7819992965,0.6381782510328906,942.8324535007123,h3_r8,E23_N420,test
88b2c51913fffff,25094,36852.1345,22631,32132.654000000002,355162.66413707787,6305139.481370602,0.6380581545138452,942.7417727329303,h3_r8,E23_N420,test
88b2c51915fffff,38683,54163.6233,34352,47106.4804,353748.42732714413,6305561.589702547,0.6382222071943616,942.9073040875373,h3_r8,E23_N420,test
88b2c51917fffff,34450,50895.3386,29976,42400.5255,354285.84298335225,6304950.285409011,0.6381021163007854,942.8166234967066,h3_r8,E23_N420,test
88b2c51919fffff,4,7.1796999999999995,0,0.0,354964.8210674606,6306551.339315796,0.6382543620700176,942.8482690309174,h3_r8,E23_N420,test
88b2c5191bfffff,8034,11802.2824,7294,9859.975299999998,355502.16504688025,6305939.963994827,0.6381342610927347,942.7575927925063,h3_r8,E23_N420,test
88b2c5191dfffff,2,3.3781,0,0.0,354087.90450279525,6306362.160992693,0.6382983463910006,942.9231295634527,h3_r8,E23_N420,test
88b2c51923fffff,2615,4366.3007,825,1243.5238,351117.4980148047,6304993.950999627,0.6383538728848498,943.1317950550583,h3_r8,E23_N420,test
88b2c51925fffff,5391,7923.4956,3568,5096.7495,349702.67620602413,6305416.114824684,0.6385177608453797,943.2972802083241,h3_r8,E23_N420,test
88b2c51927fffff,2242,3134.8637,3448,4776.2273000000005,350240.4355782349,6304804.717492655,0.6383976938065794,943.2066050915164,h3_r8,E23_N420,test
88b2c5192bfffff,1,1.5063,0,0.0,351456.8965564767,6305794.564204527,0.6384300965429335,943.1476503770682,h3_r8,E23_N420,test
88b2c51931fffff,4973,7315.6295,2746,3808.8259,352532.0715844055,6304571.8625847325,0.6381899385300985,942.9662946450408,h3_r8,E23_N420,test
88b2c51933fffff,29543,43903.2168,26224,37167.2024,353069.55891650694,6303960.629345149,0.6380698577556955,942.8756097028381,h3_r8,E23_N420,test
88b2c51935fffff,7691,10948.765300000001,8318,11554.030499999999,351655.1213706458,6304382.635720978,0.63823379894858,943.0411150133004,h3_r8,E23_N420,test
88b2c51937fffff,60278,83522.9325,51450,71325.2607,352192.67793729564,6303771.398827279,0.6381137238320481,942.9504302577698,h3_r8,E23_N420,test
88b2c51939fffff,10266,14635.355,8445,11661.3496,352871.4939049975,6305372.387104041,0.6382661295665111,942.9821445460548,h3_r8,E23_N420,test
88b2c5193bfffff,22274,31575.256,19619,26829.2833,353408.9787938851,6304761.079147233,0.6381460443094801,942.891464134038,h3_r8,E23_N420,test
88b2c5193dfffff,4668,6896.3272,4608,6560.643,351994.51746230584,6305183.174203245,0.6383100181332915,943.0569748716662,h3_r8,E23_N420,test
88b2c51981fffff,387034,525888.0291,326995,449908.0095,356434.8376297568,6302505.8518654145,0.6376217414063954,942.453854230349,h3_r8,E23_N420,test
88b2c51983fffff,50204,71446.69039999999,53538,75714.4031,356971.91926561104,6301894.939367936,0.6375016449534302,942.3631502477219,h3_r8,E23_N420,test
88b2c51985fffff,206583,276215.2822,220241,301144.7502,355558.25037897006,6302316.631010713,0.6376656918660407,942.5286955382908,h3_r8,E23_N420,test
88b2c51987fffff,6872,9475.1921,6414,8871.375900000001,356095.40125145763,6301705.71488004,0.6375456009973764,942.4379917061306,h3_r8,E23_N420,test
88b2c51989fffff,4037,5620.9452,3634,5026.8112,356774.302629914,6303306.049634422,0.6376978581915295,942.469702303235,h3_r8,E23_N420,test
88b2c5198bfffff,9420,13321.0911,8657,11826.9867,357311.3818469753,6302695.0624262,0.637577757229644,942.3790028214571,h3_r8,E23_N420,test
88b2c5198dfffff,10168,13782.8213,10979,14946.0496,355897.68917738646,6303116.842714414,0.6377418367877634,942.5445535604376,h3_r8,E23_N420,test
88b2c51991fffff,1,1.4737,0,0.0,358385.33982302505,6301473.323042434,0.637337552138712,942.1975899134995,h3_r8,E23_N420,test
88b2c51995fffff,49780,70829.4538,45516,63893.5761,357508.9340787461,6301284.105218124,0.6373815474487174,942.2724416155834,h3_r8,E23_N420,test
88b2c51997fffff,35400,51305.4512,31369,44794.0738,358045.88206297485,6300673.349412117,0.6372614489114569,942.181728350406,h3_r8,E23_N420,test
88b2c51999fffff,5649,8160.7958,3639,5086.4167,358724.8261791634,6302273.357467227,0.6374136317643754,942.2134370317217,h3_r8,E23_N420,test
88b2c5199bfffff,5385,8086.0309,2979,4153.3308,359261.702519141,6301662.530576497,0.6372935231522514,942.1227281184401,h3_r8,E23_N420,test
88b2c5199dfffff,3033,4356.0009,2682,3671.5321,357848.39424674516,6302084.153563489,0.6374576552050019,942.2882986876648,h3_r8,E23_N420,test
88b2c519a1fffff,48330,65926.2165,51599,71693.1061,354342.2361869279,6301327.2350250725,0.6376334119234788,942.5876442900626,h3_r8,E23_N420,test
88b2c519a3fffff,21281,29924.7453,13579,18724.4387,354879.4587139272,6300716.389998401,0.6375133311866203,942.4969361143885,h3_r8,E23_N420,test
88b2c519a5fffff,37731,49889.9665,31904,44334.370800000004,353465.5891679815,6301137.979656942,0.6376772667775991,942.6624554016744,h3_r8,E23_N420,test
88b2c519a7fffff,29,44.9164,1,1.4758,354002.88093401905,6300527.131007791,0.6375571916610405,942.5717473898549,h3_r8,E23_N420,test
88b2c519a9fffff,829906,1083281.7443,939227,1272196.6561000003,354681.6201103277,6302127.399861565,0.6377096085923734,942.6035267261323,h3_r8,E23_N420,test
88b2c519abfffff,33705,47656.0616,30556,42703.1325,355218.84021999326,6301516.480099262,0.6375895233242483,942.5128230535192,h3_r8,E23_N420,test
88b2c519adfffff,162326,214604.5532,70575,98090.8731,353804.94683954306,6301938.158417439,0.6377534915738687,942.6783477976569,h3_r8,E23_N420,test
88b2c519b1fffff,27206,38814.314,19611,27456.2792,356293.07996962534,6300294.875649838,0.637349349592361,942.3314017487573,h3_r8,E23_N420,test
88b2c519b3fffff,25387,37401.2411,21201,30117.3856,356830.0995972015,6299684.19095499,0.637229261164852,942.2406841384363,h3_r8,E23_N419,train
88b2c519b5fffff,49318,69733.5007,42095,58772.07659999999,355416.6144143322,6300105.623333557,0.6373932493863128,942.4062232905999,h3_r8,E23_N420,test
88b2c519b7fffff,27,44.2306,122,176.1833,355953.7032819502,6299494.935026667,0.6372731665439019,942.3155058267876,h3_r8,E23_N419,train
88b2c519b9fffff,34971,50692.5383,26465,37415.2689,356632.4853020001,6301094.877103036,0.6374255090685905,942.3472832227126,h3_r8,E23_N420,test
88b2c519bbfffff,35986,52046.087,44411,62699.6353,357169.50252440816,6300484.117675847,0.6373054160966892,942.256570098456,h3_r8,E23_N420,test
88b2c519bdfffff,45926,65156.1408,48069,66916.6974,355755.9935084931,6300905.638696641,0.6374694369851507,942.4221147241769,h3_r8,E23_N420,test
88b2c519c1fffff,58173,82362.1304,57599,80327.4185,356576.6526386114,6304717.448425108,0.6378940557049522,942.5762262248318,h3_r8,E23_N420,test
88b2c519c3fffff,74,107.8017,107,151.8596,357113.79623844335,6304106.3081687,0.6377739513363895,942.4855359198991,h3_r8,E23_N420,test
88b2c519c5fffff,30190,43358.932,37043,52221.3115,355699.94376874174,6304528.259102782,0.6379380568552825,942.6510872717481,h3_r8,E23_N420,test
88b2c519c7fffff,130867,180910.7088,132135,182048.8289,356237.156601763,6303917.115192001,0.6378179580739999,942.5603971250821,h3_r8,E23_N420,test
88b2c519c9fffff,13086,19439.6452,10799,15157.2342,356916.177274436,6305517.842395356,0.6379701296626514,942.5920408635866,h3_r8,E23_N420,test
88b2c519cbfffff,80185,112791.5754,79209,109068.5659,357453.3184418522,6304906.62744988,0.6378500208190754,942.5013550732983,h3_r8,E23_N420,test
88b2c519cdfffff,32582,48184.267,35620,50257.8244,356039.4422393452,6305328.667032538,0.6380141589644956,942.6669118556892,h3_r8,E23_N420,test
88b2c519d1fffff,6243,8867.2961,4888,6756.4069,358527.4003697966,6303684.432590116,0.6376097998505097,942.3199694827199,h3_r8,E23_N420,test
88b2c519d3fffff,29316,41857.5712,29488,40876.9859,359064.34111790115,6303073.452668153,0.637489687768453,942.2292697065859,h3_r8,E23_N420,test
88b2c519d5fffff,7454,10521.3653,7051,9636.7247,357650.8730326183,6303495.246259479,0.6376538458762637,942.3948409440345,h3_r8,E23_N420,test
88b2c519d7fffff,6090,8622.3662,6666,9116.4745,358187.88301492564,6302884.262693601,0.637533739345576,942.3041413112078,h3_r8,E23_N420,test
88b2c519d9fffff,3461,4913.9953,3362,4585.75,358866.9462978622,6304484.6632346725,0.6376858367046206,942.3357832056936,h3_r8,E23_N420,test
88b2c519dbfffff,9754,13728.295,9039,12318.8967,359403.8846257457,6303873.6086268695,0.6375657201329914,942.2450879332027,h3_r8,E23_N420,test
88b2c519ddfffff,3929,5580.2011,4396,5972.4383,357990.39280904364,6304295.490849411,0.6377299108753983,942.4106646107975,h3_r8,E23_N420,test
88b2c519e1fffff,7678,11918.7732,28156,39031.9041,354483.74819300405,6303538.698348513,0.6379058703324385,942.7100892026792,h3_r8,E23_N420,test
88b2c519e3fffff,31252,41372.2923,40178,53946.84139999999,355021.03269074485,6302927.625498923,0.637785781649681,942.6193947063293,h3_r8,E23_N420,test
88b2c519e5fffff,84819,120491.79239999999,82043,114611.63949999999,353606.979452356,6303349.474480657,0.6379497758265784,942.7849200635683,h3_r8,E23_N420,test
88b2c519e7fffff,19829,26891.7039,43161,60114.1737,354144.3331857061,6302738.397987414,0.6378296927653626,942.6942257340997,h3_r8,E23_N420,test
88b2c519e9fffff,30900,43282.9784,9728,13503.1416,354823.1918479563,6304339.059482369,0.6379820242544892,942.7259382033953,h3_r8,E23_N420,test
88b2c519ebfffff,13621,19368.2026,9332,12763.5086,355360.47391471313,6303727.911918784,0.6378619310775726,942.635248222854,h3_r8,E23_N420,test
88b2c519edfffff,75405,110866.6315,78979,109975.8902,353946.39689197054,6304149.849563335,0.6380259578925481,942.8007790165138,h3_r8,E23_N420,test
88b2c51a27fffff,6370,10262.5577,6830,9865.7275,358756.4585795075,6311734.115109108,0.6386221215061676,942.7929874643451,h3_r8,E23_N420,test
88b2c51a37fffff,2,2.9324,19,26.8736,360707.578667257,6310699.632602004,0.6383375772864357,942.5367333351169,h3_r8,E24_N420,train
88b2c51b01fffff,1,1.715,2,2.8182,355050.37115942664,6312390.75217622,0.6389949230119862,943.1990615127725,h3_r8,E23_N420,test
88b2c51b03fffff,3587,5338.0187,3602,4873.104,355587.9030953951,6311778.768475398,0.6388748036500332,943.1084222533973,h3_r8,E23_N420,test
88b2c51b05fffff,4442,6633.5526,4697,6381.276,354173.1162980001,6312201.655018074,0.6390390313407307,943.2739711601171,h3_r8,E23_N420,test
88b2c51b07fffff,3,4.4134,4,5.5344,354710.71745548816,6311589.667588763,0.6389189176114318,943.1833320962032,h3_r8,E23_N420,test
88b2c51b0bfffff,5320,7866.4777,2858,3857.6061,355927.5828696238,6312579.839022264,0.6389507808505244,943.1241417441051,h3_r8,E23_N420,test
88b2c51b13fffff,3584,5449.2571,3137,4413.021,357539.7707834026,6310744.134164914,0.6385904021871778,942.8522091258201,h3_r8,E23_N420,test
88b2c51b15fffff,11792,17910.2587,12181,17039.921299999998,356125.36829056405,6311166.863133522,0.6387546830296396,943.0177782298997,h3_r8,E23_N420,test
88b2c51b17fffff,9406,14093.7708,9374,12909.406500000001,356662.7667386292,6310555.03614681,0.6386345611711672,942.9271294540958,h3_r8,E23_N420,test
88b2c51b1dfffff,261,389.6366,3490,4748.995199999999,356465.0455846129,6311967.859051497,0.6388306558703858,943.0335022923537,h3_r8,E23_N420,test
88b2c51b2bfffff,5,7.3786000000000005,16,21.5362,353833.48868062557,6311400.5563910585,0.6389629977395839,943.2582318091881,h3_r8,E23_N420,test
88b2c51b31fffff,2,3.7514000000000003,0,0.0,354908.6292160306,6310176.809187852,0.6387227777610881,943.0769397760159,h3_r8,E23_N420,test
88b2c51b33fffff,504,834.2151,294,435.4016,355446.0993592641,6309565.053133313,0.6386026659016767,942.9862866265466,h3_r8,E23_N420,test
88b2c51b39fffff,29,48.193400000000004,26,39.7733,355248.2518730146,6310977.758524433,0.6387988026127167,943.0926882616477,h3_r8,E23_N420,test
88b2c51b3bfffff,11930,18082.2958,11662,16064.2037,355785.7195442659,6310365.927821304,0.6386786863669726,943.0020396727487,h3_r8,E23_N420,test
88b2c54003fffff,1315,2379.4743,1016,1537.5673,330042.962485526,6290990.88288697,0.6381806778104255,944.3415397075587,h3_r8,E22_N419,train
88b2c5400bfffff,904,1753.5908000000002,597,907.127,330381.4811856779,6291790.967882836,0.6382577408190602,944.357773303811,h3_r8,E22_N419,train
88b2c54013fffff,95,189.0408,0,0.0,331998.18545310025,6289959.747365335,0.6378980132730293,944.0855694109341,h3_r8,E22_N419,train
88b2c54015fffff,3447,6423.6528,2482,3774.7125,330581.9331696746,6290380.472517511,0.6380607746123216,944.2508053292404,h3_r8,E22_N419,train
88b2c54019fffff,696,1325.7735,488,764.8266,331797.8939206678,6291370.071854692,0.6380949539694656,944.192536848248,h3_r8,E22_N419,train
88b2c5401bfffff,2739,5370.316,2696,4087.4649999999997,332336.72608609556,6290759.668550039,0.6379750388054308,944.1018019600306,h3_r8,E22_N419,train
88b2c5401dfffff,172,328.8968,150,220.5057,330920.44944969204,6291180.482520513,0.6381378329024088,944.2670434159227,h3_r8,E22_N419,train
88b2c54039fffff,1212,2236.1116,847,1279.4531,329704.47298816894,6290190.859054042,0.6381035914849436,944.3252915935591,h3_r8,E21_N419,train
88b2c54057fffff,644,1192.2569,478,738.0074,331258.994914983,6291980.55367782,0.638214867872831,944.2832669924828,h3_r8,E22_N419,train
88b2c54081fffff,400,604.7407000000001,341,515.5679,333275.7837908103,6287329.5984884575,0.6374612400836203,943.7970625425223,h3_r8,E22_N419,train
88b2c54083fffff,3641,5862.6498,5599,8096.1658,333814.3533112157,6286719.659218446,0.6373413296093121,943.706299884594,h3_r8,E22_N419,train
88b2c54087fffff,4369,7156.9038,2098,3152.1951000000004,332937.30870662985,6286530.024700699,0.6373841822910683,943.7807876145234,h3_r8,E22_N419,train
88b2c54089fffff,23913,36619.5695,12368,18428.7184,333614.2880523425,6288129.233496727,0.6375382746385723,943.8133229887462,h3_r8,E22_N419,train
88b2c5408bfffff,54607,82184.3303,50704,74981.4786,334152.8551854514,6287519.219221732,0.63741835939015,943.7225647845771,h3_r8,E22_N419,train
88b2c5408dfffff,1,1.7516,0,0.0,332737.14739412005,6287939.61626509,0.6375811493937188,943.8878205168294,h3_r8,E22_N419,train
88b2c54091fffff,1,1.7285,87,132.1491,335229.7888142312,6286299.426169647,0.6371785254543726,943.5410343378899,h3_r8,E22_N419,train
88b2c54095fffff,5,9.1965,0,0.0,334352.85594910086,6286109.79845106,0.6372214179924475,943.6155325463624,h3_r8,E22_N419,train
88b2c54097fffff,7720,11198.6855,6732,9690.1476,334891.2916982345,6285500.016182304,0.6371015052530056,943.5247605475597,h3_r8,E22_N419,train
88b2c54099fffff,24379,36239.5425,21782,32096.1862,335568.3150816354,6287098.897387998,0.6372555224445297,943.5572936613462,h3_r8,E22_N419,train
88b2c5409bfffff,51443,78011.81,43397,63800.6996,336106.67918967316,6286489.043601517,0.6371355990090485,943.4665258860332,h3_r8,E22_N419,train
88b2c5409dfffff,31843,48558.6166,34366,50460.1915,334691.3554414924,6286909.28344737,0.6372984429898667,943.6318018974853,h3_r8,E22_N419,train
88b2c540b9fffff,38830,59474.945999999996,30426,45260.8228,333475.88061010104,6285920.160445234,0.6372642766054226,943.6900205030106,h3_r8,E22_N419,train
88b2c540bbfffff,36422,54178.8119,31656,46916.7793,334014.38562560035,6285310.374694386,0.6371443697859805,943.5992487221956,h3_r8,E22_N419,train
88b2c540c1fffff,58353,91589.4439,46107,67576.6496,333414.18987102294,6289539.097480318,0.6377352047712761,943.920318001532,h3_r8,E22_N419,train
88b2c540c3fffff,29384,45231.7865,27370,39711.4537,333952.8214779688,6288928.929707309,0.6376152859415323,943.829568950925,h3_r8,E22_N419,train
88b2c540c5fffff,571,1129.5964,897,1320.9524999999999,332536.9531799081,6289349.4975645505,0.6377781016008723,943.9948253147886,h3_r8,E22_N419,train
88b2c540c7fffff,15761,24378.2784,15085,22291.140199999998,333075.6540484103,6288739.32627634,0.6376581887172951,943.9040765055688,h3_r8,E22_N419,train
88b2c540c9fffff,28172,45281.885,16393,24726.3115,333752.7548486813,6290338.929858796,0.6378121975386744,943.9365450023906,h3_r8,E22_N419,train
88b2c540cbfffff,31100,47640.571299999996,25935,37523.2902,334291.3840544075,6289728.687101988,0.6376922739700995,943.8458004229469,h3_r8,E22_N419,train
88b2c540cdfffff,7923,13048.5887,4154,6307.4274,332875.49140497355,6290149.343759903,0.6378551223992333,944.0110623398796,h3_r8,E22_N419,train
88b2c540d1fffff,39825,60120.354999999996,37043,54955.0565,335368.44187990937,6288508.437086155,0.6374524232809349,943.6642971677938,h3_r8,E22_N419,train
88b2c540d3fffff,16929,25535.9267,19237,28220.087,335906.8704871853,6287898.429819179,0.6373324961987858,943.5735385109438,h3_r8,E22_N419,train
88b2c540d5fffff,19604,30023.1647,23469,34458.1844,334491.3862195488,6288318.8404369075,0.6374953659308814,943.7388152053463,h3_r8,E22_N419,train
88b2c540d7fffff,58191,87480.1795,43392,64463.46,335029.88408951776,6287708.829665132,0.637375444759076,943.6480567720719,h3_r8,E22_N419,train
88b2c540d9fffff,30584,45658.67,24265,35297.9281,335707.0287993917,6289308.105692238,0.6375293785358198,943.6805230798782,h3_r8,E22_N419,train
88b2c540dbfffff,27798,41484.3391,23180,33951.3951,336245.45501760475,6288698.023444999,0.6374094467008882,943.5897688819095,h3_r8,E22_N419,train
88b2c540ddfffff,36812,56527.5849,31725,46720.0939,334829.94640023645,6289118.522845766,0.6375723492108217,943.7550511411391,h3_r8,E22_N419,train
88b2c54205fffff,2199,3068.1229,1985,2743.9132,330996.39965336374,6297014.265588958,0.6388825640702694,944.620123895118,h3_r8,E22_N419,train
88b2c54209fffff,463,819.5936,296,487.7148,332212.9106496944,6298004.362437008,0.6389164667011352,944.5616954840953,h3_r8,E22_N419,train
88b2c5420dfffff,264,433.5447,97,147.5359,331335.09819883335,6297814.867042201,0.6389594960454391,944.6362613190431,h3_r8,E22_N419,train
88b2c54219fffff,2871,4660.7228,860,1198.7597,334168.51119775674,6296971.756114215,0.6386335115594323,944.3057269791025,h3_r8,E22_N419,train
88b2c54229fffff,4,5.2476,22,29.8732,330118.57128395065,6296824.745979248,0.6389255312528396,944.6946694437647,h3_r8,E22_N419,train
88b2c5422bfffff,2748,3799.8624,2670,3689.3694,330657.7302393784,6296213.725169549,0.6388056086422006,944.6039719363907,h3_r8,E22_N419,train
88b2c54247fffff,1,1.9188,48,66.6648,331673.8258624547,6298615.529510932,0.6390364045447129,944.6523842065362,h3_r8,E22_N419,train
88b2c5424bfffff,1568,2472.6226,709,987.5788,332890.44834371214,6299605.720534569,0.6390702040257886,944.5939067224972,h3_r8,E22_N419,train
88b2c54251fffff,987,1651.6065,2205,3256.0326999999997,333968.4077114913,6298383.322297584,0.6388303058196355,944.4125329942908,h3_r8,E22_N419,train
88b2c54253fffff,21537,34729.4408,19046,27544.7192,334507.28721363674,6297772.240939677,0.6387103546724516,944.321838926815,h3_r8,E22_N419,train
88b2c54255fffff,16,27.037300000000002,43,62.4602,333090.68049252825,6298193.847521957,0.6388734032890852,944.4871193745639,h3_r8,E22_N419,train
88b2c54259fffff,21761,34654.0652,20355,29057.9516,334307.21524555306,6299183.943020589,0.6389071300496102,944.4286258841748,h3_r8,E22_N419,train
88b2c5425bfffff,502,791.9827,1706,2553.0775,334846.0922907371,6298572.786764415,0.6387871743058986,944.3379363476997,h3_r8,E22_N419,train
88b2c5425dfffff,1465,2324.8071,795,1100.4488,333429.46141939703,6298994.482161248,0.6389502556119341,944.5032222618465,h3_r8,E22_N419,train
88b2c54261fffff,185,285.522,91,126.9397,329918.0198716775,6298236.535614882,0.6391224171415983,944.801505026815,h3_r8,E21_N419,train
88b2c54263fffff,1157,1604.8084999999999,1024,1450.9877999999999,330457.2431557978,6297625.361337004,0.6390024913065662,944.7108168721315,h3_r8,E22_N419,train
88b2c54265fffff,3,5.1715,6,8.360299999999999,329040.05300324556,6298047.023198377,0.6391653722828082,944.8760500011849,h3_r8,E21_N419,train
88b2c54267fffff,1,1.2505,0,0.0,329579.3455364463,6297435.845320886,0.6390454524717778,944.785362132825,h3_r8,E21_N419,train
88b2c54269fffff,2840,4767.7076,2537,3788.4962,330256.72334687423,6299037.286923295,0.6391993583276351,944.8176333746524,h3_r8,E22_N419,train
88b2c5426bfffff,58,95.4505,99,142.72310000000002,330795.94416336657,6298426.037718892,0.6390794278900574,944.7269497591187,h3_r8,E22_N419,train
88b2c5426dfffff,84,126.6298,112,155.4776,329378.7298073862,6298847.788426499,0.6392423415566979,944.8921883512521,h3_r8,E21_N419,train
88b2c54281fffff,40032,57513.0352,50932,74021.1209,335645.9256026342,6292928.328157089,0.637999992968163,943.9105813907227,h3_r8,E22_N419,train
88b2c54283fffff,10569,16211.9196,7392,11030.0042,336184.4783232231,6292317.864053635,0.637880049347136,943.8198500141734,h3_r8,E22_N419,train
88b2c54285fffff,32797,46655.5478,16891,24371.2608,334768.62457907887,6292738.793858889,0.6380430359316013,943.985139030905,h3_r8,E22_N419,train
88b2c54287fffff,22547,34608.72,22160,32699.3668,335307.24655579985,6292128.326208344,0.6379230982250484,943.8944078910863,h3_r8,E22_N419,train
88b2c54289fffff,32191,46002.8192,26037,37691.0734,335984.63373381214,6293728.391198718,0.6380768643445238,943.9267403895501,h3_r8,E22_N419,train
88b2c5428bfffff,24301,34733.98,21184,31111.4571,336523.18403754506,6293117.852157521,0.6379569160387075,943.8360135005787,h3_r8,E22_N419,train
88b2c5428dfffff,5081,7044.8657,3815,5754.4527,335107.30604402843,6293538.87075296,0.6381199353626699,944.0013080406934,h3_r8,E22_N419,train
88b2c54291fffff,25628,39356.4279,21675,32046.4344,337600.08412226377,6291897.009530431,0.6377170157951133,943.6545455709565,h3_r8,E22_N419,train
88b2c54293fffff,16664,25486.4408,10840,16110.4951,338138.4338907165,6291286.705936647,0.6375970638969966,943.5638045512023,h3_r8,E22_N419,train
88b2c54295fffff,74294,104986.2935,61766,89432.5588,336722.96419951366,6291707.478438655,0.6377601045151738,943.7291139201843,h3_r8,E22_N419,train
88b2c54297fffff,424052,574772.0375,367241,515565.6462,337261.3832252431,6291097.171308197,0.6376401584961705,943.6383731228998,h3_r8,E22_N419,train
88b2c54299fffff,29923,45117.9622,23101,33964.9923,337938.81407767464,6292696.908856185,0.6377938497460577,943.6707035308937,h3_r8,E22_N419,train
88b2c5429bfffff,23730,36140.7254,18362,27022.7795,338477.1614414614,6292086.530328127,0.6376738931475027,943.5799669852713,h3_r8,E22_N419,train
88b2c5429dfffff,150287,210846.4276,169174,242038.74910000002,337061.66750245146,6292507.391602738,0.6378369665158057,943.745281889278,h3_r8,E22_N419,train
88b2c542a1fffff,4,7.3622,1,1.4677,333552.65531966195,6291749.219627071,0.6380090940770176,944.0434928942705,h3_r8,E22_N419,train
88b2c542a3fffff,73417,114218.2022,65745,97693.7308,334091.34896810376,6291138.823393548,0.6378891670008108,943.9527575094253,h3_r8,E22_N419,train
88b2c542a7fffff,59819,93204.9455,47654,70466.746,333214.0587893214,6290949.251120157,0.6379321198966854,944.0272848659661,h3_r8,E22_N419,train
88b2c542a9fffff,7798,11023.7858,6114,8686.5818,333891.2809827041,6292549.249262391,0.6380860449164157,944.0596864176914,h3_r8,E22_N419,train
88b2c542abfffff,2869,4283.5535,2168,3069.795,334429.9722160034,6291938.77806633,0.6379661131383393,943.9689555190271,h3_r8,E22_N419,train
88b2c542b1fffff,75904,116724.6884,75593,110923.4684,335507.1541482636,6290718.071171673,0.6377262459130953,943.7874795561074,h3_r8,E22_N419,train
88b2c542b3fffff,19612,29098.4826,16189,23768.5793,336045.6448346812,6290107.835465165,0.637606310506971,943.6967345143203,h3_r8,E22_N419,train
88b2c542b5fffff,17725,27933.568600000002,15132,22894.8558,334629.97576838685,6290528.505662544,0.6377692387065704,943.8620174058597,h3_r8,E22_N419,train
88b2c542b7fffff,24608,38321.7406,24126,35460.7065,335168.53571423533,6289918.266430095,0.6376493092116626,943.771272592945,h3_r8,E22_N419,train
88b2c542b9fffff,7381,11322.9577,4554,6787.5232,335845.8016890251,6291517.937052268,0.6378031592980338,943.8036720318487,h3_r8,E22_N419,train
88b2c542bbfffff,208173,290348.25289999996,215511,319760.1253,336384.2899724884,6290907.626386715,0.6376832191730852,943.7129314591875,h3_r8,E22_N419,train
88b2c542bdfffff,15207,23014.6716,12262,18106.8809,334968.5966066163,6291328.385370741,0.6378461801304859,943.87821989652,h3_r8,E22_N419,train
88b2c542c1fffff,79,120.7514,118,166.4218,335784.75622628164,6295139.207772533,0.6382736640596777,944.0336025463184,h3_r8,E22_N419,train
88b2c542c3fffff,4469,6659.0489,3775,5703.4425,336323.3709360127,6294528.515314957,0.6381537123321943,943.9428848888492,h3_r8,E22_N419,train
88b2c542c9fffff,37596,55816.1827,44186,64746.3364,336123.524916942,6295939.467861457,0.6383504932883673,944.0497280396521,h3_r8,E22_N419,train
88b2c542cbfffff,38035,55249.9409,36095,52156.1582,336662.1371959104,6295328.700487517,0.638230536913249,943.9590148836724,h3_r8,E22_N419,train
88b2c542d1fffff,201064,275841.95530000003,229485,330994.0861,337739.16128280497,6294107.401194315,0.6379906204136006,943.7775743562961,h3_r8,E22_N419,train
88b2c542d3fffff,33696,47670.7336,27176,39808.3595,338277.5730781559,6293496.8692672,0.6378706603294518,943.6868470038171,h3_r8,E22_N419,train
88b2c542d5fffff,66318,95911.599,54939,82098.2691,336861.91881867836,6293917.90134566,0.638033759357322,943.8521624936839,h3_r8,E22_N419,train
88b2c542d7fffff,127646,191378.4546,147677,211483.90840000001,337400.3998679907,6293307.365860715,0.6379138051543124,943.7614353687968,h3_r8,E22_N419,train
88b2c542d9fffff,171999,229585.03840000002,173053,245853.30479999998,338077.9517335673,6294907.497585267,0.6380674122712501,943.7936988461297,h3_r8,E22_N419,train
88b2c542dbfffff,35332,50565.6192,38131,55193.1942,338616.3611103825,6294296.890745215,0.6379474475262609,943.7029759873985,h3_r8,E22_N419,train
88b2c542ddfffff,20192,29239.2254,19074,27634.8672,337200.68265329546,6294718.011599777,0.6381105792806021,943.8682969861547,h3_r8,E22_N419,train
88b2c542e1fffff,713,1094.3756,582,880.7180999999999,333691.180120303,6293959.964659185,0.6382829076102574,944.1665871026926,h3_r8,E22_N419,train
88b2c542e3fffff,144,220.30939999999998,102,156.3159,334229.93576515035,6293349.340007855,0.6381629724007863,944.0758654387319,h3_r8,E22_N419,train
88b2c54303fffff,126,187.1039,998,1377.6838,326268.29656948464,6295265.95454802,0.6390199631569726,944.976546654827,h3_r8,E21_N419,train
88b2c5430bfffff,687,936.5287999999999,86,122.5463,326606.8323646717,6296066.564436333,0.6390970589323858,944.9927486660308,h3_r8,E21_N419,train
88b2c5431dfffff,4829,6842.825,3319,4669.7121,327146.2683274739,6295455.529292113,0.6389771604823233,944.9020523182116,h3_r8,E21_N419,train
88b2c54351fffff,5450,7909.9846,6772,9498.6065,327823.4226322542,6297056.782353761,0.6391312724743244,944.9344217706239,h3_r8,E21_N419,train
88b2c54353fffff,8492,11893.7948,5337,7407.4374,328362.78688090097,6296445.675829669,0.6390113633263537,944.8437296602642,h3_r8,E21_N419,train
88b2c54357fffff,1960,2787.3801,2899,4047.0714,327484.8308789969,6296256.125288737,0.6390542281942121,944.9182443196769,h3_r8,E21_N419,train
88b2c54359fffff,857,1261.0628,2267,3219.4798,328162.0435739381,6297857.500468839,0.6392082933041903,944.9505846785614,h3_r8,E21_N419,train
88b2c5435bfffff,15149,22113.016,12349,17300.7131,328701.4053566423,6297246.318993315,0.6390883795329908,944.8598971033352,h3_r8,E21_N419,train
88b2c54401fffff,11271,16976.0931,8582,13051.034099999999,343179.5785900475,6284388.9717171425,0.6363206795516114,942.6399169641663,h3_r8,E22_N418,train
88b2c54403fffff,3827,5704.0629,2763,4144.742,343717.19492427073,6283779.606091122,0.63620072082388,942.5491205623257,h3_r8,E22_N418,train
88b2c54405fffff,88365,127608.89020000001,81848,123569.89520000001,342303.247223453,6284199.388304906,0.6363638043605914,942.7144774511689,h3_r8,E22_N418,train
88b2c54407fffff,30609,47240.4311,27902,43456.1304,342840.93282455765,6283590.019215608,0.6362438514026304,942.6236812162097,h3_r8,E22_N418,train
88b2c54409fffff,6803,10505.6203,5455,8313.8841,343518.2533810858,6285187.9854456745,0.6363974845150354,942.6561382802902,h3_r8,E22_N419,train
88b2c5440bfffff,16442,24671.3366,8470,12816.4393,344055.86737454036,6284578.54485373,0.6362775209758429,942.5653462872724,h3_r8,E22_N418,train
88b2c5440dfffff,2292,3512.6622,2564,3725.8412000000003,342641.8953309246,6284998.415779918,0.6364406373274591,942.7307087915251,h3_r8,E22_N418,train
88b2c54411fffff,11754,17390.4496,6865,10180.8268,345130.89457844367,6283359.8989581745,0.6360375910994642,942.3837486061966,h3_r8,E23_N418,validation
88b2c54413fffff,41609,64810.4483,31280,47072.3857,345668.30777666764,6282750.693646538,0.6359176248020972,942.2929429400247,h3_r8,E23_N418,validation
88b2c54415fffff,288164,419233.90839999996,269237,393409.50430000003,344254.74432746955,6283170.31889784,0.6360807611694418,942.4583195972955,h3_r8,E22_N418,train
88b2c54417fffff,11241,17132.8959,7056,10912.6296,344792.2267935315,6282561.110133287,0.6359608006042815,942.3675140828709,h3_r8,E22_N418,train
88b2c54419fffff,19397,27951.1634,13483,19844.6806,345469.5913630873,6284158.749020472,0.6361143584310134,942.3999687100295,h3_r8,E23_N418,validation
88b2c5441bfffff,27184,41981.0571,27059,40601.5239,346007.0022325356,6283549.4687465485,0.6359943873043256,942.309167440515,h3_r8,E23_N418,validation
88b2c5441dfffff,133442,191199.9479,139011,202513.35249999998,344593.4144423668,6283969.182692567,0.6361575564967029,942.4745497249532,h3_r8,E22_N418,train
88b2c54421fffff,7430,11857.8743,4914,7606.0708,341088.2809433417,6283210.81464028,0.6363300112537933,942.7727719506365,h3_r8,E22_N418,train
88b2c54423fffff,3605,5826.0346,3394,5190.2545,341626.03815081343,6282601.517079828,0.6362100689105892,942.6819714761223,h3_r8,E22_N418,train
88b2c54427fffff,1819,2937.7555,586,877.515,340749.71766990144,6282411.895926404,0.6362531039602092,942.7565017159213,h3_r8,E22_N418,train
88b2c54429fffff,6233,9816.9553,2011,3077.2841,341426.87329052435,6284009.7946165,0.6364068953941396,942.7890277504921,h3_r8,E22_N418,train
88b2c5442bfffff,8438,13119.9815,5098,7847.0594,341964.6281589916,6283400.422065504,0.636286948216241,942.6982316809008,h3_r8,E22_N418,train
88b2c5442dfffff,550,941.7076,913,1328.9732999999999,340550.45680703514,6283820.19065139,0.6364499526371667,942.8635678455466,h3_r8,E22_N418,train
88b2c54431fffff,9888,14678.7319,5912,9097.1264,343039.93710110115,6282181.912293546,0.6360470510279932,942.5166258362588,h3_r8,E22_N418,train
88b2c54433fffff,7481,11881.6349,6035,9443.0409,343577.49116250616,6281572.775064539,0.6359271010564601,942.4258160793106,h3_r8,E22_N418,train
88b2c54435fffff,37141,62901.393599999996,19141,30284.3957,342163.7284233209,6281992.297966011,0.6360901256267905,942.591166434926,h3_r8,E22_N418,train
88b2c54437fffff,141973,207398.66579999993,138960,207956.32299999995,342701.351754745,6281383.157294799,0.63597018141967,942.5003568374086,h3_r8,E22_N418,train
88b2c54439fffff,16100,24162.5925,10184,15478.634900000001,343378.551495365,6282980.728565022,0.6361238975024137,942.5328804103192,h3_r8,E22_N418,train
88b2c5443bfffff,8237,13244.0756,10253,15719.0141,343916.1032297569,6282371.516349129,0.6360039426820665,942.4420750486315,h3_r8,E22_N418,train
88b2c5443dfffff,69936,102886.7676,70081,104621.71620000001,342502.3160978905,6282791.127959193,0.6361670000871366,942.6074310386321,h3_r8,E22_N418,train
88b2c54441fffff,22117,33051.364,19130,28353.21,343319.2786217731,6286596.654364208,0.6365942336476773,942.7631281565991,h3_r8,E22_N419,train
88b2c54443fffff,1127,1692.7647,540,786.5306,343856.9571843818,6285987.060383063,0.6364742662764916,942.6723451632424,h3_r8,E22_N419,train
88b2c54445fffff,5137,8938.1251,2894,4326.0656,342442.8246418109,6286407.1019379115,0.636637408698838,942.8377085182583,h3_r8,E22_N419,train
88b2c54447fffff,9317,15023.3618,8045,12011.086299999999,342980.57246812887,6285797.504472401,0.6365174470966929,942.7469256949262,h3_r8,E22_N419,train
88b2c54449fffff,19762,29628.1996,18026,26715.0962,343658.01377856283,6287395.865437186,0.6366709969644637,942.7793161812588,h3_r8,E22_N419,train
88b2c5444bfffff,4230,6412.5956,4642,6810.0741,344195.6899866464,6286786.196511167,0.6365510248140535,942.6885376070859,h3_r8,E22_N419,train
88b2c5444dfffff,3,5.0374,55,88.78349999999999,342781.5331512104,6287206.32678215,0.6367142000317503,942.8539065560908,h3_r8,E22_N419,train
88b2c54451fffff,117941,165953.75890000002,121023,176143.7442,345270.8416705864,6285567.093947596,0.6363110776016596,942.5069667039206,h3_r8,E23_N419,train
88b2c54453fffff,18341,28262.165,17560,26323.8831,345808.3171341757,6284957.660302061,0.6361911025795997,942.4161743946024,h3_r8,E23_N418,validation
88b2c54455fffff,9295,14245.7459,8769,13289.4947,344394.56883289304,6285377.544834725,0.6363542979364056,942.5815575828892,h3_r8,E22_N419,train
88b2c54457fffff,16300,23257.3919,7928,11747.7348,344932.11356116855,6284768.107715194,0.6362343286469491,942.490765427181,h3_r8,E22_N418,train
88b2c54459fffff,11303,15850.6397,11679,16941.9139,345609.5987573229,6286366.141371638,0.6363878033406555,942.5231535527855,h3_r8,E23_N419,train
88b2c5445bfffff,28860,42337.6757,20688,30557.784,346147.0718784102,6285756.6327848155,0.6362678235250124,942.43236565392,h3_r8,E23_N419,train
88b2c5445dfffff,46395,68709.7634,37611,56120.5561,344733.2992860348,6286176.606015966,0.636431051687224,942.5977544468478,h3_r8,E22_N419,train
88b2c54461fffff,13338,21632.4491,7851,11622.1352,341227.67525488447,6285418.361815695,0.6366037073783443,942.8960561818676,h3_r8,E22_N419,train
88b2c54463fffff,9421,14206.5577,4908,7524.8272,341765.4946981815,6284808.835836933,0.6364837563593324,942.805269111821,h3_r8,E22_N418,train
88b2c54465fffff,522,906.3575999999999,317,468.1467,340351.16278943897,6285228.7750686,0.6366467868178552,942.9706061256584,h3_r8,E22_N419,train
88b2c54467fffff,10122,15663.9734,6645,10072.4926,340889.0514986248,6284619.245616193,0.636526841600332,942.8798192355316,h3_r8,E22_N418,train
88b2c54469fffff,994,1744.7713,867,1269.3504,341566.32806253224,6286217.539231747,0.6366805499526909,942.9122786825756,h3_r8,E22_N419,train
88b2c5446bfffff,3,6.0166,12,17.804,342104.145153039,6285607.938283452,0.6365605941350774,942.8214960359037,h3_r8,E22_N419,train
88b2c5446dfffff,1163,2021.4257,694,1027.0774999999999,340689.7888997089,6286027.966245193,0.6367236573988876,942.9868386499002,h3_r8,E22_N419,train
88b2c54481fffff,2,3.1974,1,1.2865,346941.4871645499,6280125.059281843,0.6354809496390939,942.0042467191233,h3_r8,E23_N418,validation
88b2c54483fffff,392,719.1386,115,177.2135,347478.63485362416,6279516.242600514,0.6353609848200582,941.9134186056908,h3_r8,E23_N418,validation
88b2c54485fffff,0,0.0,24,35.1035,346065.640681204,6279935.451751992,0.6355241145961251,942.07880824944,h3_r8,E23_N418,validation
88b2c5448bfffff,0,0.0,2,3.3074,347817.29106924246,6280314.65654712,0.6354377510173135,941.9296750312205,h3_r8,E23_N418,validation
88b2c54491fffff,11810,21814.4006,10671,16016.582699999999,348891.38093040924,6279097.108429246,0.6351978092424313,941.7480140799307,h3_r8,E23_N418,validation
88b2c54493fffff,13926,24468.5001,8775,13217.351200000001,349428.325393558,6278488.451964127,0.6350778372049039,941.6571768932045,h3_r8,E23_N418,validation
88b2c54495fffff,933,1802.9309,696,1030.7235,348015.71556911455,6278907.50432372,0.635241019212463,941.8225860086386,h3_r8,E23_N418,validation
88b2c54497fffff,5083,9229.0159,4401,6624.1285,348552.72930498514,6278298.844447408,0.6351210528320897,941.7317489358829,h3_r8,E23_N418,validation
88b2c54499fffff,9746,17212.6245,6981,10476.6805,349230.061526414,6279895.433714807,0.6352745425805323,941.7642648371984,h3_r8,E23_N418,validation
88b2c5449bfffff,12712,22134.0709,7162,10954.2248,349767.00369833095,6279286.7022738885,0.6351545656489872,941.6734320078976,h3_r8,E23_N418,validation
88b2c5449dfffff,408,774.8818,298,455.31,348354.36948696023,6279705.843288895,0.6353177805195355,941.8388467964251,h3_r8,E23_N418,validation
88b2c544a5fffff,9993,16184.459200000001,7499,11882.0763,343975.2706961266,6278757.737211851,0.6355334653984643,942.211604261538,h3_r8,E22_N418,train
88b2c544a7fffff,6237,9865.3089,5047,7675.0713,344512.62850478484,6278148.9852823,0.6354135226083952,942.1207721800893,h3_r8,E22_N418,train
88b2c544a9fffff,23,39.3815,32,46.8686,345189.7516349406,6279745.833957043,0.6355672458767863,942.1533596150693,h3_r8,E23_N418,validation
88b2c544adfffff,9473,14498.3513,4722,7030.7609,344313.82004150806,6279556.205896474,0.6356103434691652,942.2279008139158,h3_r8,E22_N418,train
88b2c544b9fffff,67,125.4105,12,19.474600000000002,347140.0076301695,6278717.889956782,0.6352841955453914,941.8971477893647,h3_r8,E23_N418,validation
88b2c544bbfffff,66,121.8492,8,12.0854,347677.0906392699,6278109.226670863,0.63516423483664,941.8063108349452,h3_r8,E23_N418,validation
88b2c544c1fffff,15952,26047.3352,13229,19753.5669,347081.6231496271,6282331.143445046,0.6357544424087631,942.1275512897992,h3_r8,E23_N418,validation
88b2c544c3fffff,574,1017.6928,410,615.9308,347618.8331850977,6281722.098409431,0.6356344686750562,942.0367364279227,h3_r8,E23_N418,validation
88b2c544c5fffff,1887,3141.3736,2069,3138.3147,346205.65403093834,6282141.566753639,0.6357976576255088,942.2021327379625,h3_r8,E23_N418,validation
88b2c544c7fffff,5,7.7956,18,26.2086,346742.93333517225,6281532.518275457,0.6356776895888672,942.11131801171,h3_r8,E23_N418,validation
88b2c544c9fffff,13028,20783.4927,9043,13533.0238,347420.3419380246,6283129.829862429,0.6358311720824792,942.1437701575342,h3_r8,E23_N418,validation
88b2c544cbfffff,20595,34023.592,18825,28400.952699999998,347957.54965668183,6282520.70986818,0.6357111935070369,942.0529596803244,h3_r8,E23_N418,validation
88b2c544cdfffff,23692,37429.8742,20309,30429.2573,346544.34616341343,6282940.266889412,0.6358744152916836,942.2183616315015,h3_r8,E23_N418,validation
88b2c544d1fffff,4979,8220.4897,3978,6049.5783,349031.7642335925,6281302.705084012,0.6354712338598567,941.8713251955342,h3_r8,E23_N418,validation
88b2c544d3fffff,0,0.0,1,1.4339,349568.77107972867,6280693.820286042,0.6353512528281737,941.7805012075696,h3_r8,E23_N418,validation
88b2c544d7fffff,1461,2599.344,1201,1806.4253,348693.0523795442,6280504.243548343,0.6353945187433374,941.8550931924256,h3_r8,E23_N418,validation
88b2c544d9fffff,12526,20086.5605,5963,9363.8413,349370.5050358216,6282101.227877831,0.6355479258532534,941.8875428030733,h3_r8,E23_N418,validation
88b2c544dbfffff,4059,6506.8745,2342,3550.3538,349907.5095770728,6281492.268124895,0.6354279399639833,941.7967231887742,h3_r8,E23_N418,validation
88b2c544ddfffff,4111,6885.9384,4620,6836.2244,348494.69042389275,6281911.668276714,0.6355912140919808,941.9621446894016,h3_r8,E23_N418,validation
88b2c544e1fffff,8867,13332.0406,3497,5227.8006000000005,344991.00586488046,6281153.327205337,0.6357640303618737,942.2604506968637,h3_r8,E22_N418,train
88b2c544e5fffff,35856,54575.481999999996,16804,25097.0568,344114.9782760052,6280963.716268143,0.635807150196856,942.3350017854827,h3_r8,E22_N418,train
88b2c544e7fffff,1051,1641.8178,566,895.8076,344652.3984355129,6280354.735900324,0.6356871984612091,942.2441829589661,h3_r8,E22_N418,train
88b2c544e9fffff,7933,11812.391599999999,5351,8301.440700000001,345329.64231635653,6281951.979793436,0.6358408391485671,942.276704024931,h3_r8,E23_N418,validation
88b2c544ebfffff,1,2.2595,0,0.0,345866.990889853,6281342.927874265,0.6357208768225244,942.1858894384932,h3_r8,E23_N418,validation
88b2c544edfffff,29548,43755.4862,14463,22318.5069,344453.5880216289,6281762.382563911,0.635883986962755,942.3512651415076,h3_r8,E22_N418,train
88b2c54541fffff,0,0.0,1,1.7839,337183.20672865934,6285269.571484537,0.6368957488525437,943.2849763847189,h3_r8,E22_N419,train
88b2c54561fffff,9983,14953.5583,8861,13189.7878,335091.1949677997,6284091.0386905065,0.6369045528260894,943.4176911950926,h3_r8,E22_N418,train
88b2c54569fffff,10079,14784.4843,9377,13788.02,335429.66055240144,6284890.312408174,0.6369815914085418,943.4339838894666,h3_r8,E22_N418,train
88b2c5456dfffff,20315,30817.147,19020,28275.8266,334552.8237469031,6284700.667444145,0.6370244618525838,943.5084722823813,h3_r8,E22_N418,train
88b2c54581fffff,1906,3167.9659,1189,1946.3281,340809.6685111392,6278797.5909875315,0.6357823966920234,942.5259637838462,h3_r8,E22_N418,train
88b2c54583fffff,8,11.9786,14,22.2624,341347.3011135229,6278188.750388814,0.6356624720297432,942.4351366569754,h3_r8,E22_N418,train
88b2c54589fffff,3961,5858.3923,2872,4515.2967,341148.13984477427,6279596.175746847,0.6358593635518025,942.5422860761755,h3_r8,E22_N418,train
88b2c5458bfffff,13945,20415.5988,8009,12407.2604,341685.7701357078,6278987.260115813,0.6357394339823788,942.4514633266954,h3_r8,E22_N418,train
88b2c54591fffff,605,919.5846,432,691.5614,342760.8298214969,6277769.664182689,0.635499572240732,942.2698042494012,h3_r8,E22_N418,train
88b2c54593fffff,379,646.1032,272,458.2022,343298.25920420035,6277160.983872483,0.6353796401098628,942.1789679435315,h3_r8,E22_N418,train
88b2c54595fffff,132098,189758.7073,115079,170837.1709,341884.8667471968,6277579.98823633,0.6355425464995597,942.344305008417,h3_r8,E22_N418,train
88b2c54597fffff,1,1.2207,0,0.0,342422.3654060849,6276971.304526022,0.6354226201265675,942.2534688476007,h3_r8,E22_N418,train
88b2c54599fffff,16350,25088.2517,10045,16317.7894,343099.3233294302,6278568.085203284,0.635576501324721,942.2861252462026,h3_r8,E22_N418,train
88b2c5459bfffff,1342,2276.5336,975,1672.6108,343636.75041261036,6277959.329864506,0.6354565642723615,942.1952933031134,h3_r8,E22_N418,train
88b2c5459dfffff,78629,108106.39600000001,79652,118601.1029,342223.33346331,6278378.422929112,0.6356195035391065,942.3606360449921,h3_r8,E22_N418,train
88b2c545a3fffff,494,844.088,438,721.3122,339256.7227828337,6277010.898804765,0.6356712668942517,942.567746115732,h3_r8,E22_N418,train
88b2c545b1fffff,180,311.9524,72,122.06479999999999,340670.450424782,6276591.91504213,0.6355084790245343,942.4024400875205,h3_r8,E22_N418,train
88b2c545b3fffff,1928,3589.666,1196,1953.8763999999999,341208.0206580153,6275983.302986383,0.6353885633651745,942.3115997146815,h3_r8,E22_N418,train
88b2c545b5fffff,1,1.5063,0,0.0,339794.42927312764,6276402.20490366,0.6355513578818095,942.4769104116131,h3_r8,E22_N418,train
88b2c545b9fffff,117,242.84060000000002,100,171.77179999999998,341008.8612054739,6277390.302024905,0.635585487037594,942.4187955778907,h3_r8,E22_N418,train
88b2c545bbfffff,2514,4669.4142,2543,4191.6137,341546.4291410255,6276781.614916078,0.6354655664358801,942.3279595642234,h3_r8,E22_N418,train
88b2c545bdfffff,98,173.7163,59,98.5412,340132.81321209593,6277200.60554789,0.6356283938399407,942.4932759508956,h3_r8,E22_N418,train
88b2c545c1fffff,3070,5293.5723,2710,4197.9997,340948.94535636296,6281003.890942112,0.6360562408968102,942.6494077782845,h3_r8,E22_N418,train
88b2c545c3fffff,8154,13222.3789,4865,7548.6617,341486.6402835107,6280394.821841748,0.6359363073388165,942.5585939531447,h3_r8,E22_N418,train
88b2c545c7fffff,1932,3175.4237,1749,2737.8561,340610.4425965976,6280205.169826266,0.6359792922270198,942.6331042911042,h3_r8,E22_N418,train
88b2c545c9fffff,21266,36666.6788,31321,48153.3112,341287.47721218446,6281802.673365996,0.6361331664654721,942.6656968403258,h3_r8,E22_N418,train
88b2c545cbfffff,41953,72008.9109,33136,51240.960399999996,341825.16981410934,6281193.529254164,0.6360132280370312,942.5748874029377,h3_r8,E22_N418,train
88b2c545d1fffff,84417,120402.79640000004,81755,118901.3404,342900.3541724405,6279975.476360086,0.6357733484641043,942.3932548912708,h3_r8,E22_N418,train
88b2c545d3fffff,14065,20088.0925,11140,17890.9564,343437.84591665503,6279366.567569762,0.6356534073568006,942.3024318318348,h3_r8,E22_N418,train
88b2c545d5fffff,14114,22600.386899999998,16434,25813.1519,342024.2682588011,6279785.831187856,0.6358163728776753,942.4677755791927,h3_r8,E22_N418,train
88b2c545d7fffff,9721,15008.8099,9576,15048.8948,342561.82927613467,6279176.918976383,0.635696437532941,942.3769526749384,h3_r8,E22_N418,train
88b2c545d9fffff,4364,7215.6224,5633,8985.9179,343238.9081389798,6280774.0950621655,0.6358502363116751,942.4095426938729,h3_r8,E22_N418,train
88b2c545dbfffff,28033,41835.9639,21687,33748.3883,343776.3975699307,6280165.11126407,0.6357302903201991,942.3187240159023,h3_r8,E22_N418,train
88b2c545ddfffff,1768,2898.3523999999998,2190,3472.9065,342362.79546956095,6280584.463586874,0.6358932886958678,942.4840734176105,h3_r8,E22_N418,train
88b2c54601fffff,334080,470580.1208,327708,473742.1664,345550.91091921716,6289983.35256744,0.6368578263613365,942.7531629955629,h3_r8,E23_N419,train
88b2c54603fffff,164258,235079.48900000003,162394,232610.1481,346088.5107803931,6289373.462380342,0.6367378342160895,942.6623975549592,h3_r8,E23_N419,train
88b2c54605fffff,5469,8429.2253,4663,6808.9129,344674.3931347283,6289793.865561431,0.6369011473094499,942.8277935854276,h3_r8,E22_N419,train
88b2c54607fffff,12808,18788.0531,14131,20406.4927,345212.0622541802,6289183.971858145,0.6367811609037924,942.7370283138589,h3_r8,E23_N419,train
88b2c54609fffff,252857,355847.8429,271947,389380.2043,345889.7885166333,6290782.794376561,0.6369344685019045,942.7692832323955,h3_r8,E23_N419,train
88b2c5460bfffff,5533,7923.6501,11135,16424.219,346427.3860078386,6290172.829290427,0.6368144716349408,942.6785222321632,h3_r8,E23_N419,train
88b2c5460dfffff,44448,62549.5187,32289,47032.6453,345013.244170984,6290593.321177327,0.63697781749201,942.8439238257124,h3_r8,E23_N419,train
88b2c54611fffff,21191,32214.1998,19144,27661.4451,347502.3803206762,6288953.134364611,0.6365744749079206,942.4969864184386,h3_r8,E23_N419,train
88b2c54613fffff,31677,48449.3937,25572,37885.4039,348039.7771300039,6288343.404516999,0.6364544750880715,942.4062116234563,h3_r8,E23_N419,train
88b2c54615fffff,17143,24570.0054,11999,17424.5359,346626.04374835396,6288763.650612074,0.6366178410746872,942.5716275071609,h3_r8,E23_N419,train
88b2c54617fffff,11656,16850.122199999998,7800,11515.6154,347163.5098169475,6288153.917258661,0.636497846959886,942.4808528720168,h3_r8,E23_N419,train
88b2c54619fffff,26984,42251.4623,24488,35755.2539,347841.27973096655,6289752.412580935,0.6366510795587987,942.5131055279635,h3_r8,E23_N419,train
88b2c5461bfffff,29621,46004.8823,25645,37735.1776,348378.6741823828,6289142.607837811,0.6365310750022939,942.4223351645633,h3_r8,E23_N419,train
88b2c5461dfffff,11160,16590.8333,9269,13298.723,346964.9166112385,6289562.942621097,0.6366944737642838,942.5877566244453,h3_r8,E23_N419,train
88b2c54621fffff,7316,12097.2403,7268,11220.1998,343459.0371786826,6288804.959967315,0.6368677129344102,942.8862592966761,h3_r8,E22_N419,train
88b2c54623fffff,8149,12167.644,8325,12499.8031,343996.7779251938,6288195.1376731675,0.6367477370256179,942.7954897608142,h3_r8,E22_N419,train
88b2c54625fffff,13428,21691.351599999998,10518,15855.6505,342582.4606609271,6288615.438597629,0.6369109382521996,942.9608595090685,h3_r8,E22_N419,train
88b2c54627fffff,3563,6114.8896,2607,3803.7705,343120.2706679363,6288005.612798013,0.6367909681160718,942.8700901486445,h3_r8,E22_N419,train
88b2c54629fffff,28671,44533.212999999996,20184,30112.3173,343797.8326701367,6289604.368271875,0.6369444344641686,942.9024139922112,h3_r8,E22_N419,train
88b2c5462bfffff,14770,22207.573,11260,16628.369599999998,344335.5710483565,6288994.47105398,0.6368244538144059,942.8116488963133,h3_r8,E22_N419,train
88b2c5462dfffff,13985,23239.4141,11786,17832.5871,342921.22954120627,6289414.860698244,0.636987687815668,942.9770242136437,h3_r8,E22_N419,train
88b2c54631fffff,658444,957993.6934999999,602015,867967.9410999999,345410.8471234811,6287774.911906602,0.6365844894831368,942.6301048748428,h3_r8,E23_N419,train
88b2c54633fffff,19414,27502.230199999998,15064,22299.0363,345948.38480807224,6287165.2499691695,0.6364645058455023,942.5393259724369,h3_r8,E23_N419,train
88b2c54635fffff,21438,32249.098299999998,14310,21174.6391,344534.45177457505,6287585.3938118275,0.6366277601111411,942.704715617816,h3_r8,E22_N419,train
88b2c54637fffff,135800,193000.03979999997,159119,234170.59860000003,345072.05872066633,6286975.728379311,0.6365077822081637,942.6139368767035,h3_r8,E23_N419,train
88b2c54639fffff,18371,26562.2362,13040,18972.909,345749.66448116384,6288574.156579671,0.6366611734928989,942.6462584342808,h3_r8,E23_N419,train
88b2c5463bfffff,9781,14056.1893,5510,8131.5441,346287.1998095225,6287964.419722038,0.6365411850969929,942.5554839585093,h3_r8,E23_N419,train
88b2c5463dfffff,7661,11902.9509,5806,8626.8106,344873.2425348591,6288384.6522668805,0.6367044721474285,942.7208791859448,h3_r8,E22_N419,train
88b2c54641fffff,17525,25180.9587,7903,11631.2121,345691.03303979937,6292192.415661609,0.63713108784946,942.8761409532162,h3_r8,E23_N419,train
88b2c54643fffff,234451,332074.2385000001,240610,343049.8662,346228.69503309147,6291582.297267306,0.6370110873057188,942.7853890208644,h3_r8,E23_N419,train
88b2c54645fffff,29637,45414.4355,27445,40163.5432,344814.39289548446,6292002.95981507,0.6371744591439379,942.9507913633715,h3_r8,E22_N419,train
88b2c54647fffff,10206,14529.211299999999,7469,10807.9238,345352.12414378935,6291392.837883458,0.6370544643467063,942.8600396150723,h3_r8,E23_N419,train
88b2c54649fffff,11619,17205.2281,8368,12164.5918,346029.97084566765,6292992.054493546,0.6372076879845672,942.8922278319951,h3_r8,E23_N419,train
88b2c5464bfffff,198249,277491.04079999996,211793,300399.1575,346567.6304552435,6292381.861221448,0.6370876827560534,942.8014803597471,h3_r8,E23_N419,train
88b2c5464dfffff,26170,38828.2541,20742,29703.2391,345153.3041764725,6292802.61247858,0.6372510873377389,942.966888244031,h3_r8,E23_N419,train
88b2c54651fffff,28557,44063.8098,26655,39278.4857,347642.74905581935,6291161.709923349,0.6368476691910644,942.6199715354014,h3_r8,E23_N419,train
88b2c54653fffff,18995,29523.0963,17264,25099.5149,348180.2080344738,6290551.751889452,0.6367276608938864,942.5292102050735,h3_r8,E23_N419,train
88b2c54655fffff,4237,6288.4714,1667,2409.8577,346766.29015016416,6290972.257291727,0.6368910857318111,942.6946324682795,h3_r8,E23_N419,train
88b2c54657fffff,29255,42517.1066,18380,26665.5869,347303.8183848405,6290362.295730922,0.6367710831407091,942.6038712984882,h3_r8,E23_N419,train
88b2c54659fffff,22385,33983.8348,18151,26354.0918,347981.70861081977,6291961.18518017,0.6369242318915186,942.6360573278507,h3_r8,E23_N419,train
88b2c5465bfffff,28892,43096.8494,24726,35723.2343,348519.16521785187,6291351.15227196,0.6368042188944183,942.5453004418523,h3_r8,E23_N419,train
88b2c5465dfffff,11726,17088.0286,6941,10057.1734,347105.22319402127,6291771.7463660315,0.6369676764845618,942.7107282573124,h3_r8,E23_N419,train
88b2c54661fffff,25120,38112.9025,24079,35467.5323,343598.85424309835,6291013.888258296,0.6371411170246556,943.0093102621031,h3_r8,E22_N419,train
88b2c54663fffff,13083,19051.1301,10454,15390.679,344136.65712897514,6290403.837693492,0.6370211326885071,942.9185542387422,h3_r8,E22_N419,train
88b2c54665fffff,23329,38372.2568,16538,25084.119,342722.1552632465,6290824.398015922,0.6371843926382122,943.083930305671,h3_r8,E22_N419,train
88b2c54667fffff,80319,116051.13019999999,80873,122657.2608,343260.02740637213,6290214.343924535,0.6370644140795293,942.9931744642672,h3_r8,E22_N419,train
88b2c54669fffff,23193,34483.0462,15233,21858.5335,343937.7100380589,6291813.493681306,0.637217796630222,943.0254315987695,h3_r8,E22_N419,train
88b2c5466bfffff,31363,47614.4155,27278,39978.0691,344475.5105418705,6291203.368213965,0.6370978075892326,942.9346800291678,h3_r8,E22_N419,train
88b2c5466dfffff,35824,54693.793600000005,30756,45216.0241,343060.98448329064,6291624.017259793,0.6372611002933675,943.1000616439269,h3_r8,E22_N419,train
88b2c54681fffff,35347,55458.575899999996,17716,26673.403,349312.704974997,6285715.767914058,0.636017861146786,942.1177086292882,h3_r8,E23_N419,train
88b2c54683fffff,9015,13549.7342,5943,8763.1215,349849.8364548641,6285106.42657524,0.6358978624536221,942.0269111959497,h3_r8,E23_N419,train
88b2c54685fffff,50067,77898.9481,48320,71643.1201,348436.6720139554,6285526.256420327,0.6360612220525467,942.1923403002438,h3_r8,E23_N419,train
88b2c54687fffff,34904,55388.8071,25945,38409.0362,348973.8727572224,6284916.9116071705,0.6359412290275404,942.1015430052648,h3_r8,E23_N418,validation
88b2c54689fffff,6008,9468.7424,2787,3994.8341,349651.5660960472,6286514.685387684,0.6360944700397968,942.1338598373113,h3_r8,E23_N419,train
88b2c5468bfffff,43449,68036.5468,34134,50732.4454,350188.69524370146,6285905.269135816,0.6359744665600624,942.0430668108747,h3_r8,E23_N419,train
88b2c5468dfffff,56345,84504.1059,47628,70302.4852,348775.50656516897,6286325.187647817,0.6361378589618204,942.2085015209741,h3_r8,E23_N419,train
88b2c54691fffff,6182,9626.726,5323,8089.3011,351262.752740912,6284686.671795002,0.6357344570253036,941.8614671661635,h3_r8,E23_N418,validation
88b2c54693fffff,19240,28544.3335,11941,17712.5933,351799.6810783181,6284077.490698062,0.6356144510089089,941.7706605744315,h3_r8,E23_N418,validation
88b2c54695fffff,22846,35219.5708,16928,25005.6214,350386.9009986858,6284497.163627371,0.6357778629049872,941.9361092410982,h3_r8,E23_N418,validation
88b2c54697fffff,34803,51715.3041,17432,25276.973,350923.8986003876,6283887.979066446,0.6356578625208713,941.8453027665964,h3_r8,E23_N418,validation
88b2c54699fffff,30392,44560.8983,16212,24255.7557,351601.6357589592,6285485.4257007325,0.6358110283248433,941.8776171649806,h3_r8,E23_N419,train
88b2c5469bfffff,19692,28222.2065,7723,11521.469,352138.5617761146,6284876.169694345,0.6356910175086216,941.78681496426,h3_r8,E23_N418,validation
88b2c5469dfffff,61485,93461.1612,41285,60729.9813,350725.7574606822,6285295.931272921,0.6358544622166211,941.9522692473838,h3_r8,E23_N419,train
88b2c546a1fffff,106,160.8848,255,397.9549,347221.8173493955,6284537.850857753,0.6360278611320856,942.2507761752931,h3_r8,E23_N418,validation
88b2c546a3fffff,2313,3718.4982999999997,1799,2700.9708,347759.0896870764,6283928.577509511,0.6359078785923913,942.1599746161955,h3_r8,E23_N418,validation
88b2c546a5fffff,12845,19345.2332,8626,13040.9921,346345.7256706802,6284348.305075357,0.6360711266384633,942.3253775268677,h3_r8,E23_N418,validation
88b2c546a7fffff,11980,19558.8705,10196,15390.177099999999,346883.06727399665,6283739.028263484,0.6359511497995697,942.234576109855,h3_r8,E23_N418,validation
88b2c546a9fffff,15716,24214.3479,14632,21693.2001,347560.5963763134,6285336.734654101,0.6361045492694081,942.266961825313,h3_r8,E23_N419,train
88b2c546abfffff,4152,6624.5457,1503,2302.4692999999997,348097.8663834882,6284727.386368182,0.6359845619249757,942.176164666831,h3_r8,E23_N418,validation
88b2c546adfffff,21242,32489.2959,15102,22551.8509,346684.4780778048,6285147.202614853,0.6361478427820348,942.3415731915738,h3_r8,E23_N419,train
88b2c546b1fffff,3003,4726.3615,5038,7484.6632,349172.20558788604,6283508.925001001,0.6357445846224564,941.9945567509858,h3_r8,E23_N418,validation
88b2c546b3fffff,9129,14922.1786,9663,14350.9405,349709.2747729466,6282899.811911724,0.6356245947052164,941.9037460155087,h3_r8,E23_N418,validation
88b2c546b5fffff,21402,34283.2742,18064,26903.8309,348296.29508476006,6283319.382566119,0.6357878951891031,942.0691685307538,h3_r8,E23_N418,validation
88b2c546b7fffff,32167,53352.9535,30424,46450.8616,348833.4335363647,6282710.266023564,0.6356679109358653,941.978357920947,h3_r8,E23_N418,validation
88b2c546bbfffff,5,7.445600000000001,6,8.1488,350048.07343166985,6283698.457167604,0.6357012403948004,941.9199348265538,h3_r8,E23_N418,validation
88b2c546bdfffff,14786,20820.8639,14947,20476.6085,348635.0694560417,6284118.116485152,0.6358645737012656,942.0853629712365,h3_r8,E23_N418,validation
88b2c546c1fffff,12576,20058.322,7898,11740.857,349453.262376547,6287923.233556269,0.6362910630478095,942.2407807057025,h3_r8,E23_N419,train
88b2c546c3fffff,94849,136152.453,114646,166922.7524,349990.4561070471,6287313.664009912,0.6361710556893427,942.1499966330593,h3_r8,E23_N419,train
88b2c546c5fffff,19041,30181.2599,29706,44404.8073,348577.1070330906,6287733.753074293,0.6363344743231392,942.3154322567862,h3_r8,E23_N419,train
88b2c546c7fffff,14051,21589.3019,9666,14289.3162,349114.37002380827,6287124.180032516,0.6362144726335535,942.2246483230847,h3_r8,E23_N419,train
88b2c546c9fffff,11132,16277.0492,8423,12167.8271,349792.18361005327,6288722.348200923,0.6363676301833051,942.2568986671395,h3_r8,E23_N419,train
88b2c546cbfffff,13333,20116.355,9101,13388.3014,350329.3749946693,6288112.703762593,0.6362476180736435,942.166119012807,h3_r8,E23_N419,train
88b2c546cdfffff,8140,12383.7979,6457,9488.1737,348916.001732953,6288532.881497578,0.6364110694911054,942.3315602210932,h3_r8,E23_N419,train
88b2c546d1fffff,28924,45165.165,26289,38546.1391,351403.5570163415,6286893.650048871,0.6360075911633816,941.9845460480428,h3_r8,E23_N419,train
88b2c546d3fffff,8201,12934.5452,3725,5625.1275,351940.5476412043,6286284.240765525,0.6358875764020843,941.8937527628732,h3_r8,E23_N419,train
88b2c546d5fffff,40941,62795.6746,29991,43948.9724,350527.5829183443,6286704.172854526,0.6360510474356496,942.0592080114293,h3_r8,E23_N419,train
88b2c546d7fffff,40236,61968.9651,29879,44442.7361,351064.6428043443,6286094.760086129,0.635931038307302,941.9684148512315,h3_r8,E23_N419,train
88b2c546d9fffff,15417,22465.9053,8339,11988.1721,351742.5000833371,6287692.601143004,0.6360841207625894,942.0006628353149,h3_r8,E23_N419,train
88b2c546dbfffff,50570,71157.1372,66561,95013.2465,352279.4883743125,6287083.116971243,0.6359641012345613,941.9098739537876,h3_r8,E23_N419,train
88b2c546ddfffff,33306,48198.3673,28728,41950.7898,350866.4994654661,6287503.137713233,0.6361276050605043,942.0753348022699,h3_r8,E23_N419,train
88b2c546e1fffff,6663,9753.8935,1309,1956.8057000000001,347362.0697457922,6286745.181253385,0.6363012054269329,942.3739212580258,h3_r8,E23_N419,train
88b2c546e3fffff,27527,41457.2193,14389,21297.8304,347899.4043414454,6286135.6796344,0.6361812141941421,942.2831330554327,h3_r8,E23_N419,train
88b2c546e5fffff,19541,28323.3142,13718,20377.639,346485.85558249254,6286555.666450601,0.6363445212482968,942.4485424867016,h3_r8,E23_N419,train
88b2c546e7fffff,29495,44543.4598,19243,28683.381800000003,347023.2594406118,6285946.1613469105,0.6362245357184526,942.3577544373111,h3_r8,E23_N419,train
88b2c546e9fffff,90864,128899.5489,104090,150760.0017,347700.9089800313,6287544.262316136,0.636377851890194,942.3900736561627,h3_r8,E23_N419,train
88b2c546ebfffff,221824,317713.03959999996,217880,314899.29579999996,348238.2412314777,6286934.685780514,0.6362578558848844,942.299289867864,h3_r8,E23_N419,train
88b2c546edfffff,14156,20797.6629,11394,17067.971,346824.6682331105,6287354.761281269,0.6364211957350273,942.4647048966726,h3_r8,E23_N419,train
88b2c54701fffff,2025,3526.7617999999998,1397,2120.8296,339414.39069760207,6288656.727552416,0.6371603629341284,943.275363103894,h3_r8,E22_N419,train
88b2c54705fffff,2,6.918,0,0.0,338537.57448364736,6288467.168550495,0.6372034470799853,943.349922297115,h3_r8,E22_N419,train
88b2c54707fffff,978,1695.1081,765,1108.3141,339075.72842460056,6287857.250278097,0.6370835012589222,943.2591583392932,h3_r8,E22_N419,train
88b2c54709fffff,1159,1898.6632,1629,2433.0855,339753.0820254862,6289456.265986887,0.6372372013335691,943.2915534014464,h3_r8,E22_N419,train
88b2c5470bfffff,1465,2418.0902,1207,1774.593,340291.16432612203,6288846.2762676235,0.6371172449222201,943.2007936926093,h3_r8,E22_N419,train
88b2c5470dfffff,5120,8709.4498,4738,6906.2678000000005,338876.2391365622,6289266.720784383,0.6372803135070287,943.3661226098775,h3_r8,E22_N419,train
88b2c54711fffff,1362,2360.2921,658,986.6344,341367.1282737099,6287626.532201258,0.6368773288877169,943.0192603519536,h3_r8,E22_N419,train
88b2c54713fffff,30,51.2647,35,56.4337,341905.00990828336,6287016.7778462,0.6367573693010458,942.9284867410315,h3_r8,E22_N419,train
88b2c54717fffff,349,611.2685,126,188.5109,341028.4440655621,6286827.218628803,0.6368005047613574,943.00305672572,h3_r8,E22_N419,train
88b2c54719fffff,10854,18029.6428,8348,12463.2264,341705.84151086165,6288425.90694439,0.636954129757182,943.0354495239444,h3_r8,E22_N419,train
88b2c5471bfffff,3805,6385.74,3328,4981.0223,342243.72077885177,6287816.0776408855,0.6368341654086735,942.9446803490864,h3_r8,E22_N419,train
88b2c5471dfffff,1,3.459,0,0.0,340829.1797442619,6288236.365007075,0.636997287432964,943.1100293380441,h3_r8,E22_N419,train
88b2c54721fffff,64,111.9064,53,83.9826,337322.1068282579,6287478.094406476,0.6371695796293139,943.4082464646781,h3_r8,E22_N419,train
88b2c54725fffff,4570,6684.5575,1736,2562.8649,336445.2322158277,6287288.501040857,0.637212567988165,943.4827751822304,h3_r8,E22_N419,train
88b2c54727fffff,11129,16978.5224,10610,15782.2659,336983.5270596192,6286678.650747202,0.6370926386638325,943.392007194343,h3_r8,E22_N419,train
88b2c54729fffff,1511,2654.7259,1202,1777.6582,337660.71570005803,6288277.599261332,0.6372464973468994,943.4244712663931,h3_r8,E22_N419,train
88b2c5472bfffff,4880,8542.9521,3831,5700.1737,338198.93890311534,6287667.677485378,0.6371265573814485,943.3337075136369,h3_r8,E22_N419,train
88b2c5472dfffff,1168,2063.9277,449,709.363,336783.81436263485,6288088.019684404,0.6372895137237413,943.4990100059076,h3_r8,E22_N419,train
88b2c54733fffff,418,719.0074,95,139.7072,339813.2071691228,6285838.382977722,0.6367667310237297,943.061388407019,h3_r8,E22_N419,train
88b2c54741fffff,28211,45997.0833,26154,38597.7553,339553.65560633957,6290866.008685637,0.6374339764741543,943.3984798266902,h3_r8,E22_N419,train
88b2c54743fffff,4353,7279.749000000001,4985,7555.0729,340091.80239495425,6290255.865563303,0.6373140164354689,943.3077292320086,h3_r8,E22_N419,train
88b2c54745fffff,24304,38515.2718,23485,35144.6038,338676.71680156124,6290676.480817433,0.6374771108400702,943.4730588417151,h3_r8,E22_N419,train
88b2c54747fffff,1324,2151.4939,1891,2693.02,339214.9328485606,6290066.334168836,0.6373571566450223,943.3823084542528,h3_r8,E22_N419,train
88b2c54749fffff,13364,20955.3933,11049,16369.178,339892.4073965887,6291665.744316569,0.6375107729755796,943.4146367236972,h3_r8,E22_N419,train
88b2c5474bfffff,18987,28946.3536,15480,22483.9931,340430.5517926941,6291055.526263449,0.6373908082245477,943.3238905933686,h3_r8,E22_N419,train
88b2c5474dfffff,27514,43183.3435,25032,37686.5075,339015.441953097,6291476.230272594,0.6375539353861969,943.4892257487518,h3_r8,E22_N419,train
88b2c54751fffff,6601,10129.9872,6464,9707.0613,341506.6399824652,6289835.32552913,0.6371508753920581,943.1423843395896,h3_r8,E22_N419,train
88b2c54753fffff,37054,62549.212400000004,33810,51303.9021,342044.58376370894,6289225.34284001,0.6370309073509008,943.0516242404119,h3_r8,E22_N419,train
88b2c54755fffff,8301,13569.0493,4771,7362.3924,340629.8823127181,6289645.800901627,0.6371940552902771,943.2169739751844,h3_r8,E22_N419,train
88b2c54757fffff,2387,4110.8207999999995,1905,2877.0026,341167.89535342075,6289035.814696645,0.6370740930571046,943.126214068965,h3_r8,E22_N419,train
88b2c54759fffff,18301,28367.3641,14493,21157.4705,341845.4136180832,6290634.89748632,0.6372276344209509,943.1585401507327,h3_r8,E22_N419,train
88b2c5475bfffff,20853,33762.0964,17255,25832.196,342383.35501894384,6290024.839869923,0.6371076616512034,943.0677845013561,h3_r8,E22_N419,train
88b2c5475dfffff,40634,63504.5847,42743,65277.477100000004,340968.62932339084,6290445.386668956,0.6372708423574757,943.2331397936796,h3_r8,E22_N419,train
88b2c54761fffff,12297,19831.7309,10070,15125.7026,337461.065965089,6289687.240511337,0.6374433354039705,943.5314362323843,h3_r8,E22_N419,train
88b2c54763fffff,6,11.267399999999999,0,0.0,337999.3536617394,6289077.165293584,0.6373233918018721,943.4406815982657,h3_r8,E22_N419,train
88b2c54765fffff,33558,50469.809499999996,34972,51247.1664,336584.06865961355,6289497.678247252,0.6374863739297625,943.6059847765719,h3_r8,E22_N419,train
88b2c54767fffff,10784,16977.07,9243,13781.2413,337122.42561681767,6288887.599513966,0.6373664362040153,943.5152303572395,h3_r8,E22_N419,train
88b2c54769fffff,43153,66416.8504,36645,54741.7623,337799.7353941548,6290486.942658305,0.6375202113086481,943.5476276315749,h3_r8,E22_N419,train
88b2c5476bfffff,7928,12787.5605,7780,11264.5369,338338.02070000704,6289876.792485023,0.6374002629712112,943.4568774567451,h3_r8,E22_N419,train
88b2c5476dfffff,82851,120107.2384,135581,208124.6474,336922.7113999262,6290297.394207726,0.6375632778682319,943.6221861914964,h3_r8,E22_N419,train
88b2c55011fffff,173,345.3304,201,320.6906,332428.13093216653,6306057.418483882,0.6399340054610118,945.0367785300477,h3_r8,E22_N420,validation
88b2c55017fffff,137,260.5478,109,176.2783,332089.19231087907,6305256.104875831,0.6398572483292365,945.0207711994881,h3_r8,E22_N420,validation
88b2c55019fffff,392,748.0007,401,619.9799,332767.0985773597,6306858.792930887,0.6400107389274174,945.0527712905314,h3_r8,E22_N420,validation
88b2c5501bfffff,31,61.4171,31,52.9504,333306.36371946905,6306246.791314298,0.6398907691820639,944.96213364898,h3_r8,E22_N420,validation
88b2c5501dfffff,361,693.9098,374,581.7953,331888.79655492096,6306669.423782162,0.6400539692068417,945.127415867406,h3_r8,E22_N420,validation
88b2c55031fffff,17,33.6518,28,45.8982,330332.65165489994,6304877.300252227,0.6399435621739382,945.1700101449969,h3_r8,E22_N420,validation
88b2c55033fffff,3895,7192.54,3911,6119.186,330872.06029130414,6304265.440987025,0.6398236134161448,945.0793639394105,h3_r8,E22_N420,validation
88b2c55035fffff,130,238.4239,126,196.40279999999998,329454.31730530056,6304687.882455488,0.6399866678560522,945.2446141804685,h3_r8,E21_N420,train
88b2c55037fffff,3,7.313400000000001,3,4.4534,329993.7951803568,6304076.019526962,0.639866725131901,945.1539682822768,h3_r8,E21_N420,train
88b2c55081fffff,25,43.8919,33,46.56,334245.87251153775,6302809.168224149,0.6393773963002256,944.6581547140377,h3_r8,E22_N420,validation
88b2c55083fffff,431,736.1256,124,188.4926,334784.8756899374,6302197.630333241,0.6392574296570398,944.5674884566106,h3_r8,E22_N420,validation
88b2c55087fffff,356,612.1074,301,435.65,333906.97290551406,6302008.214910906,0.6393006335771256,944.6421145312488,h3_r8,E22_N420,validation
88b2c5508bfffff,30,53.1721,69,102.17660000000001,335123.801831505,6302998.569688039,0.6393341642626089,944.5835186550394,h3_r8,E22_N420,validation
88b2c55091fffff,8741,13580.2153,7184,10598.7956,336201.6029442342,6301775.579689101,0.6390942176736347,944.4021807576064,h3_r8,E22_N420,validation
88b2c55093fffff,32270,49821.5903,29184,43308.1024,336740.4033506679,6301164.2024283465,0.6389742422922511,944.3115045752493,h3_r8,E22_N420,validation
88b2c55095fffff,247,433.28389999999996,102,166.51319999999998,335323.81210682704,6301586.170943418,0.6391374615975552,944.4768173653865,h3_r8,E22_N420,validation
88b2c55097fffff,42245,65387.4663,36855,54767.7403,335862.6817558288,6300974.790050803,0.6390174921453863,944.3861414521234,h3_r8,E22_N420,validation
88b2c55099fffff,157,288.5386,54,86.0634,336540.55312702863,6302576.430234842,0.639170919627945,944.4182055281708,h3_r8,E22_N420,validation
88b2c5509bfffff,30,44.9495,75,113.4441,337079.351060951,6301964.978122357,0.6390509397072752,944.3275338980602,h3_r8,E22_N420,validation
88b2c5509dfffff,1636,2848.0475,1237,1861.3804,335662.7357690546,6302387.035441043,0.6392141916694875,944.4928521186812,h3_r8,E22_N420,validation
88b2c550abfffff,19224,37369.299100000004,12289,17922.7749,333029.0274316331,6301818.7891735025,0.6393438034162293,944.7167303401511,h3_r8,E22_N420,validation
88b2c550b1fffff,1,2.353,10,15.0519,334107.11046877544,6300595.934361028,0.6391038897210065,944.5353844352067,h3_r8,E22_N420,validation
88b2c550b3fffff,19009,30931.9435,17952,26104.3512,334646.0518317041,6299984.624714807,0.6389839307689118,944.4447042469401,h3_r8,E22_N419,train
88b2c550b5fffff,0,0.0,6,8.1472,333229.2608082326,6300406.491047725,0.6391470374204028,944.6099905343726,h3_r8,E22_N420,validation
88b2c550b7fffff,8,13.273,97,137.4396,333768.2714159295,6299795.1777803935,0.6390270844274129,944.5193106168299,h3_r8,E22_N419,train
88b2c550b9fffff,4,6.4951,36,50.666799999999995,334445.9785645669,6301396.7518847715,0.6391806714693663,944.5514437155216,h3_r8,E22_N420,validation
88b2c550bdfffff,0,0.0,6,9.4457,333568.10233329155,6301207.322512632,0.6392238472763303,944.626059803064,h3_r8,E22_N420,validation
88b2c550c9fffff,776,1418.3473,793,1128.0924,334723.6829488642,6305824.234394567,0.6397275215442275,944.7968356701313,h3_r8,E22_N420,validation
88b2c550cbfffff,4634,8726.5929,4211,6290.1268,335262.7453985301,6305212.393469567,0.6396075428292921,944.7061879737303,h3_r8,E22_N420,validation
88b2c550cdfffff,8,14.3621,13,18.8317,333845.5621368077,6305634.86820983,0.6397707979242343,944.871491117694,h3_r8,E22_N420,validation
88b2c550d1fffff,5005,8693.8309,3302,4884.6752,336340.6700759162,6303988.947110945,0.6393675810312208,944.5248780087568,h3_r8,E22_N420,validation
88b2c550d3fffff,32964,56293.562,20016,31206.0151,336879.53229082725,6303377.34166963,0.6392475979880669,944.4342157600913,h3_r8,E22_N420,validation
88b2c550d5fffff,14902,27588.758,13102,19803.549899999998,335462.75697588513,6303799.569930757,0.6394108752676284,944.5995343084214,h3_r8,E22_N420,validation
88b2c550d7fffff,4364,7617.2985,6142,9143.4714,336001.6884298795,6303187.960836355,0.6392908981542299,944.5088723354856,h3_r8,E22_N420,validation
88b2c550d9fffff,5919,10844.354,7370,10917.9148,336679.68069376005,6304789.994246397,0.6394442402847692,944.5408691384946,h3_r8,E22_N420,validation
88b2c550dbfffff,17,29.3623,83,125.9834,337218.5404222296,6304178.313975057,0.6393242527385353,944.4502114570932,h3_r8,E22_N420,validation
88b2c550ddfffff,3140,5959.9617,3633,5579.6896,335801.74110968434,6304600.631042976,0.6394875626531904,944.6155354192015,h3_r8,E22_N420,validation
88b2c550edfffff,2554,4772.2546,2743,4366.7037,331750.28272689774,6304454.85212519,0.6397804675491728,945.0047493022867,h3_r8,E22_N420,validation
88b2c55111fffff,1675,3117.5829,1684,2565.6241,326279.3060429655,6304731.519584721,0.6402357027483734,945.5590044712881,h3_r8,E21_N420,train
88b2c55113fffff,1472,2713.858,1445,2211.1696,326819.0583605621,6304119.567119084,0.6401157797943443,945.4683644521283,h3_r8,E21_N420,train
88b2c55117fffff,1006,1871.5399,824,1257.0982000000001,325940.5534666125,6303930.108023106,0.640158748693105,945.5429272396723,h3_r8,E21_N420,train
88b2c55181fffff,296,513.1814,279,434.25329999999997,328099.17239850305,6301483.069095971,0.6396790655868688,945.1803193558007,h3_r8,E21_N420,train
88b2c55183fffff,135,215.11860000000001,62,89.9401,328638.66027513635,6300871.505741767,0.639559140985842,945.08965515421,h3_r8,E21_N420,train
88b2c5518dfffff,1559,2976.3703,1518,2430.6627,327559.61777288554,6302094.710997336,0.6397989886778984,945.2709786761552,h3_r8,E21_N420,train
88b2c55191fffff,1,1.8964,0,0.0,330056.1708349617,6300449.501878459,0.6393962096033395,944.9244214035571,h3_r8,E22_N420,validation
88b2c55195fffff,406,655.5713000000001,481,703.3989,329178.08139635366,6300260.020930845,0.6394392148946737,944.9989860809292,h3_r8,E21_N420,train
88b2c55197fffff,1190,2001.1336000000001,1002,1491.9993,329717.43575573567,6299648.614659317,0.6393192873354885,944.9083121513249,h3_r8,E21_N419,train
88b2c551c1fffff,319,589.1924,317,507.7798,328237.13699588075,6303697.145639004,0.6399528460662097,945.3031460745842,h3_r8,E21_N420,train
88b2c551c5fffff,1,1.7798,0,0.0,327358.7439541058,6303507.693210039,0.639995855258359,945.3777195105213,h3_r8,E21_N420,train
88b2c551c9fffff,537,1027.8137,539,880.8428,328575.9402957922,6304498.4543347405,0.6400297393618543,945.3192079124856,h3_r8,E21_N420,train
88b2c551cdfffff,260,566.4254,249,397.375,327697.5206422524,6304309.01588945,0.6400727766775905,945.3937913371483,h3_r8,E21_N420,train
88b2c551e1fffff,3773,7004.3991000000005,3756,5820.2402,326141.5873967814,6302516.9547227435,0.6399618571175549,945.4361862309743,h3_r8,E21_N420,train
88b2c551ebfffff,1737,3281.9594,1879,2946.1496,327019.99640472815,6302706.431449734,0.6399189102397802,945.3616331050871,h3_r8,E21_N420,train
88b2c551edfffff,2708,5064.189,2886,4476.612,325601.8300508986,6303128.757379458,0.6400817710331599,945.5268354309374,h3_r8,E21_N420,train
88b2c55281fffff,4594,6744.1195,2533,3721.8343,336618.9815750056,6308417.545488445,0.6399140736535296,944.7700285706669,h3_r8,E22_N420,validation
88b2c55283fffff,47408,72765.4472,39739,58770.827,337157.9672709071,6307805.483818129,0.639794075618022,944.6793943471275,h3_r8,E22_N420,validation
88b2c55287fffff,14531,22880.4123,9033,13266.4017,336279.8791075098,6307616.166286413,0.6398374764922958,944.754090256989,h3_r8,E22_N420,validation
88b2c5528bfffff,8971,13957.7039,5001,7402.4242,337497.09615061537,6308606.849001211,0.6398706446189274,944.6953226951882,h3_r8,E22_N420,validation
88b2c55291fffff,46444,71682.6404,32141,47546.7621,338574.8623556722,6307382.811534598,0.6396306352329816,944.5140488144825,h3_r8,E22_N420,validation
88b2c55293fffff,281015,402589.53419999994,271840,396158.5063,339113.645366304,6306770.910517034,0.6395106283547111,944.423404583591,h3_r8,E22_N420,validation
88b2c55295fffff,69880,108268.0917,64412,96261.85770000001,337696.8862440386,6307193.50063356,0.6396740761012021,944.5887552511995,h3_r8,E22_N420,validation
88b2c55297fffff,44962,73202.6051,52086,79126.2386,338235.73848797614,6306581.595930918,0.6395540751225418,944.4981112937676,h3_r8,E22_N420,validation
88b2c55299fffff,51683,77963.1349,46442,68006.9827,338914.0151238708,6308184.087916716,0.639707171636126,944.529971786309,h3_r8,E22_N420,validation
88b2c5529bfffff,17757,25706.2949,16540,24187.446799999998,339452.7956326065,6307572.112115949,0.6395871603112978,944.4393321403768,h3_r8,E22_N420,validation
88b2c5529dfffff,65688,99627.56940000001,43948,65167.8014,338036.01261496975,6307994.791028052,0.6397506406614633,944.6046881893417,h3_r8,E22_N420,validation
88b2c552a7fffff,8,14.4419,5,7.9795,334184.5537671064,6306436.153821812,0.639847498775239,944.887478495657,h3_r8,E22_N420,validation
88b2c552abfffff,356,575.8265,245,347.5726,335401.7481406139,6307426.838432366,0.6398808432727218,944.8287759132218,h3_r8,E22_N420,validation
88b2c552b1fffff,14144,23021.0276,13222,19378.9456,336479.79629192105,6306202.935802191,0.6396408664891515,944.6474939854816,h3_r8,E22_N420,validation
88b2c552b3fffff,17903,29654.677799999998,15257,22918.2654,337018.7202700059,6305591.102224279,0.6395208758929327,944.556845725805,h3_r8,E22_N420,validation
88b2c552b7fffff,4224,7009.8364,3016,4520.3631,336140.7542194983,6305401.753006266,0.6395642263993628,944.6315219765529,h3_r8,E22_N420,validation
88b2c552b9fffff,63999,103951.77879999999,55371,83532.0978,336818.8673135309,6307004.179412299,0.6397174829014733,944.6634514434263,h3_r8,E22_N420,validation
88b2c552bbfffff,14806,23835.4116,14010,21192.9381,337357.78879123996,6306392.271026149,0.639597487838743,944.5728077626554,h3_r8,E22_N420,validation
88b2c552bdfffff,13400,21789.0907,11904,18077.6957,335940.80557998264,6306814.847870278,0.6397608556222688,944.7381373875542,h3_r8,E22_N420,validation
88b2c552c3fffff,4,4.0011,4,5.3284,337297.2732761486,6310020.486176269,0.6400671967709437,944.8018615080509,h3_r8,E22_N420,validation
88b2c552cbfffff,33,38.847,18,26.4569,337636.4624829048,6310822.047625065,0.6401437226919708,944.8177561305929,h3_r8,E22_N420,validation
88b2c552d1fffff,3,4.4916,0,0.0,338714.3520574783,6309597.554104374,0.6399036986007827,944.6365103975404,h3_r8,E22_N420,validation
88b2c552d3fffff,1348,1970.763,720,1085.4843,339253.1967791272,6308985.425058798,0.6397836843132491,944.5458802078501,h3_r8,E22_N420,validation
88b2c552d5fffff,7,9.6796,4,5.5885,337836.25393921515,6309408.274943065,0.639947189887197,944.71123648301,h3_r8,E22_N420,validation
88b2c552d7fffff,3867,5995.2401,13140,19008.2797,338375.1678905994,6308796.14219115,0.6398271814999259,944.6206065710867,h3_r8,E22_N420,validation
88b2c552d9fffff,2299,3431.4755,2114,3087.177,339053.56510215387,6310399.026749235,0.6399801919439575,944.6523996688775,h3_r8,E22_N420,validation
88b2c552dbfffff,2780,4129.4941,2431,3497.838,339592.4073079932,6309786.822942363,0.6398601732438072,944.5617740768939,h3_r8,E22_N420,validation
88b2c55401fffff,35960,53622.2783,16521,24148.9626,344158.707219383,6299855.822911156,0.6382339737027922,943.5007100042421,h3_r8,E22_N419,train
88b2c55403fffff,68894,101550.1841,59245,85925.917,344696.7582162259,6299244.8596917875,0.6381139567615888,943.4100085587124,h3_r8,E22_N419,train
88b2c55405fffff,101952,145162.8947,50070,72819.649,343281.5191505831,6299666.457885763,0.6382774507804967,943.57540917187,h3_r8,E22_N419,train
88b2c55407fffff,310801,436914.4258,376420,535005.6966,343819.6393913196,6299055.491055189,0.6381574396286286,943.4847079415922,h3_r8,E22_N419,train
88b2c55409fffff,47482,72352.3074,38417,55764.897899999996,344497.8039153969,6300656.2156714555,0.6383104842332814,943.5166975717293,h3_r8,E22_N420,validation
88b2c5540bfffff,4312,7012.0417,6826,9916.1769,345035.85247502814,6300045.177635187,0.6381904627283622,943.4260006420664,h3_r8,E23_N420,test
88b2c5540dfffff,11,17.427500000000002,184,269.4031,343620.58941716125,6300466.864566216,0.6383539894224469,943.591406718595,h3_r8,E22_N420,validation
88b2c55411fffff,1452152,1988699.8907999997,1572567,2182309.7158,346111.7491694482,6298823.3368478045,0.637950416113312,943.2445926212822,h3_r8,E23_N419,train
88b2c55413fffff,1796923,2396166.0954,2000780,2768245.2781,346649.5972917045,6298212.534088921,0.6378303910398134,943.1538815484382,h3_r8,E23_N419,train
88b2c55415fffff,222915,314144.38590000005,255476,362762.32509999996,345234.74240141304,6298633.97490423,0.6379939386212389,943.319302394928,h3_r8,E23_N419,train
88b2c55417fffff,1314547,1785148.784600002,1485992,2045603.4627,345772.65976867755,6298023.1685445905,0.6378739192993449,943.2285915209213,h3_r8,E23_N419,train
88b2c55419fffff,759248,1079792.9409,852915,1226064.2617,346450.8674122773,6299623.566066142,0.6380268894018676,943.2605792368413,h3_r8,E23_N419,train
88b2c5541bfffff,373563,515389.0535,379699,533461.8793,346988.7131095469,6299012.688493691,0.6379068597503029,943.1698726676404,h3_r8,E23_N419,train
88b2c5541dfffff,64102,99917.8294,65788,96365.5196,345573.8342284699,6299434.218028597,0.6380704400146552,943.3352989881532,h3_r8,E23_N419,train
88b2c55421fffff,59051,85307.27440000001,42504,61583.158,342065.27336663415,6298676.722880483,0.6382443036734712,943.6340761170723,h3_r8,E22_N419,train
88b2c55423fffff,23165,33357.8373,18285,26489.0901,342603.46528739366,6298065.827282064,0.6381243029066819,943.5433705908945,h3_r8,E22_N419,train
88b2c55425fffff,161327,225523.28089999998,169778,243544.84949999998,341188.02619842655,6298487.323341316,0.6382876848247895,943.7087448968668,h3_r8,E22_N419,train
88b2c55427fffff,31050,44382.1127,25266,36617.76,341726.2873653481,6297876.424142421,0.638167689880495,943.6180395934498,h3_r8,E22_N419,train
88b2c55429fffff,48952,70572.493,54631,79399.9969,342404.288284409,6299477.08255847,0.6383208939537708,943.6500981415156,h3_r8,E22_N419,train
88b2c5542bfffff,213547,304601.2318,265662,379543.0957,342942.4777695278,6298866.112118265,0.6382008886021766,943.5593971273047,h3_r8,E22_N419,train
88b2c5542dfffff,30566,44773.3767,29447,42604.1717,341527.01463664847,6299287.696928747,0.6383643032088816,943.724776909803,h3_r8,E22_N419,train
88b2c55431fffff,1251588,1841483.7696000005,1368947,1930024.2262000002,344018.65630337433,6297644.406565458,0.6379608742575436,943.377980922698,h3_r8,E22_N419,train
88b2c55433fffff,35814,51129.5557,28513,40954.7995,344556.6453395578,6297033.671445068,0.6378408653023967,943.2872657568078,h3_r8,E22_N419,train
88b2c55435fffff,500519,875854.039,508735,720020.0089000001,343141.5903926465,6297455.010129593,0.6380043009281372,943.4526603403501,h3_r8,E22_N419,train
88b2c55437fffff,13010,20395.5917,14067,20344.3537,343679.6486761188,6296844.271419173,0.6378842977587097,943.3619453771971,h3_r8,E22_N419,train
88b2c55439fffff,31455,44127.099500000004,16926,24316.6611,344357.6928212085,6298444.602662437,0.6380374272646316,943.3940019840375,h3_r8,E22_N419,train
88b2c5543bfffff,880861,1193638.1775,972851,1353518.6857,344895.6794339762,6297833.792703614,0.6379174137100379,943.303291316668,h3_r8,E22_N419,train
88b2c5543dfffff,48340,66686.2017,41699,59106.1264,343480.6004446094,6298255.22012189,0.638080882031094,943.4686913873884,h3_r8,E22_N419,train
88b2c55441fffff,14172,22199.6004,9847,14333.350699999999,344298.8165532623,6302067.860592585,0.638506996019797,943.623358312936,h3_r8,E22_N420,validation
88b2c55443fffff,14395,22641.0457,5969,8874.7307,344836.9294659525,6301456.66931773,0.6383869712020842,943.5326706453343,h3_r8,E22_N420,validation
88b2c55445fffff,5870,9193.2019,6462,9610.7598,343421.5064027072,6301878.52704853,0.6385505235341811,943.6980772145907,h3_r8,E22_N420,validation
88b2c55447fffff,39659,60485.2131,35506,51638.9439,343959.68855585874,6301267.332141278,0.6384305045076297,943.6073897651513,h3_r8,E22_N420,validation
88b2c55449fffff,16095,24242.0755,11808,17960.1837,344637.9733959538,6302868.449901765,0.6385834639356361,943.6393123572343,h3_r8,E22_N420,validation
88b2c5544bfffff,194412,279359.6132,214984,309542.4332,345176.0838576288,6302257.183831625,0.6384634345913478,943.5486292192945,h3_r8,E23_N420,test
88b2c5544dfffff,34228,56003.813,28273,41941.1589,343760.6368524404,6302679.130302715,0.6386270195765522,943.7140412290464,h3_r8,E22_N420,validation
88b2c55451fffff,447832,629617.8349,516518,724130.7017999999,346252.10440781544,6301034.886975246,0.6382233721793643,943.3672487158328,h3_r8,E23_N420,test
88b2c55453fffff,142649,203674.9873,150602,213146.9197,346790.0144837521,6300423.856181277,0.6381033391521898,943.276551368821,h3_r8,E23_N420,test
88b2c55455fffff,58130,90616.4921,33203,49445.4344,345374.97558420827,6300845.556474286,0.6382669451483856,943.4419782356126,h3_r8,E23_N420,test
88b2c55457fffff,47929,68593.4431,32992,48510.2876,345912.95490174135,6300234.522058384,0.6381469178747357,943.3512810962275,h3_r8,E23_N420,test
88b2c55459fffff,11,17.8027,1,1.619,346591.282733271,6301835.312760832,0.6382998029124456,943.3832018433604,h3_r8,E23_N420,test
88b2c5545bfffff,98026,141980.9595,107205,156186.7743,347129.19037045236,6301224.207174862,0.6381797653398159,943.2925090161152,h3_r8,E23_N420,test
88b2c5545dfffff,9578,14791.5574,8308,12285.633,345714.12753034837,6301645.996190738,0.6383434040003543,943.4579413365573,h3_r8,E23_N420,test
88b2c55461fffff,30367,45109.5831,33908,48753.7834,342205.0782617058,6300888.626875909,0.6385174693748088,943.756797416776,h3_r8,E22_N420,validation
88b2c55463fffff,55149,80657.5578,46396,67413.94,342743.3321052806,6300277.503158042,0.6383974607048445,943.6661056691082,h3_r8,E22_N420,validation
88b2c55465fffff,34407,52269.6599,24459,35916.7127,341327.70890922134,6300699.258785924,0.638560900913138,943.8314859367674,h3_r8,E22_N420,validation
88b2c55467fffff,29160,45754.6817,22906,33860.1275,341866.0319955399,6300088.131446395,0.6384408980632051,943.7407944136066,h3_r8,E22_N420,validation
88b2c55469fffff,28803,46360.7752,24401,36557.4928,342544.1534217441,6301689.183198927,0.6385940171232053,943.7727859121514,h3_r8,E22_N420,validation
88b2c5546bfffff,5244,8174.1773,3964,5919.6168,343082.4048158489,6301077.98466085,0.6384740039043287,943.6820986948442,h3_r8,E22_N420,validation
88b2c5546dfffff,20827,32538.4042,18578,27147.1242,341666.75762616267,6301499.829043238,0.6386374767777809,943.8474844107404,h3_r8,E22_N420,validation
88b2c55481fffff,16298,23156.1077,16084,22800.7395,347923.6609335578,6295580.727307302,0.6373938306195607,942.8657011709874,h3_r8,E23_N419,train
88b2c55483fffff,27775,39879.3755,18926,27112.6141,348461.2441175942,6294970.313028772,0.6372738056984636,942.7749669221812,h3_r8,E23_N419,train
88b2c55485fffff,85420,120160.4077,68268,98519.4141,347046.9575887921,6295391.337129643,0.6374373479884281,942.9404017246561,h3_r8,E23_N419,train
88b2c55487fffff,134101,189196.3653,161326,235686.3036,347584.610022265,6294780.919281947,0.6373173287796463,942.8496676552459,h3_r8,E23_N419,train
88b2c55489fffff,28664,39634.1457,16076,22959.6504,348262.74068368983,6296380.596304804,0.6374703090062968,942.8817202278879,h3_r8,E23_N419,train
88b2c5548bfffff,335011,467335.5698,360843,508424.2988,348800.3214686629,6295770.107194608,0.6373502794561563,942.790990454203,h3_r8,E23_N419,train
88b2c5548dfffff,46368,67162.9697,39804,57358.0697,347386.0109004313,6296191.219994239,0.6375138544585986,942.9564307651599,h3_r8,E23_N419,train
88b2c55491fffff,4161,5715.7929,2992,4193.7033,349875.2824828263,6294549.364177525,0.6371102171668958,942.6095169734326,h3_r8,E23_N419,train
88b2c55493fffff,18103,25851.5629,17026,23935.5174,350412.6626996358,6293939.110262804,0.636990184467612,942.5187732881168,h3_r8,E23_N419,train
88b2c55495fffff,135285,185891.9431,153906,215436.0122,348998.76044634095,6294359.977154734,0.6371537797174792,942.6842280325363,h3_r8,E23_N419,train
88b2c55497fffff,112195,153131.95609999998,121479,171586.6608,349536.2099136055,6293749.719681265,0.6370337526946586,942.5934845067095,h3_r8,E23_N419,train
88b2c55499fffff,18092,25155.7245,11479,16253.51,350214.38386505714,6295349.06965662,0.6371866582080573,942.6255349891144,h3_r8,E23_N419,train
88b2c5549bfffff,31414,45563.6716,26072,36607.6155,350751.76169493084,6294738.740913643,0.6370666208642921,942.5347957679769,h3_r8,E23_N419,train
88b2c5549dfffff,21124,30112.7025,13280,18712.024699999998,349337.8354037735,6295159.69648682,0.6372302488360851,942.7002560315304,h3_r8,E23_N419,train
88b2c554a1fffff,13987,19219.9403,12235,17724.2489,345831.21346715366,6294402.100919852,0.6374042735600113,942.9990386181162,h3_r8,E23_N419,train
88b2c554a3fffff,262033,369605.97140000004,284069,399763.2073,346368.93754803407,6293791.754361029,0.6372842647315606,942.9083002574625,h3_r8,E23_N419,train
88b2c554a5fffff,110321,151393.8584,116261,164744.728,344954.4510388893,6294212.676303522,0.6374476952328989,943.0737088400638,h3_r8,E22_N419,train
88b2c554a7fffff,18914,28212.2592,13709,19873.4782,345492.24437148357,6293602.326186257,0.637327692150119,942.9829706638702,h3_r8,E23_N419,train
88b2c554a9fffff,238759,329838.5988,267976,374582.0341,346170.21145012166,6295201.936661106,0.637480831551335,943.0150921117747,h3_r8,E23_N419,train
88b2c554abfffff,265543,371653.15369999997,287085,412286.099,346707.9331335338,6294591.515245818,0.6373608180736204,942.9243582224008,h3_r8,E23_N419,train
88b2c554adfffff,11031,15660.3974,10715,15350.7487,345293.4225333007,6295012.5259011565,0.6375242812977991,943.0897723240778,h3_r8,E23_N419,train
88b2c554b1fffff,17394,27415.1097,16408,23911.072500000002,347783.1759329124,6293370.907660774,0.6371207878895722,942.742876494769,h3_r8,E23_N419,train
88b2c554b3fffff,21931,33735.8274,17801,25944.7762,348320.6970364876,6292760.721483164,0.6370007712262358,942.6521286760108,h3_r8,E23_N419,train
88b2c554b5fffff,321639,448862.8225,348515,493252.1826,346906.59476973256,6293181.486220768,0.6371642548304274,942.8175572466571,h3_r8,E23_N419,train
88b2c554b7fffff,22118,34540.5288,19363,28344.5951,347444.1851260572,6292571.296495127,0.6370442438768689,942.726809599495,h3_r8,E23_N419,train
88b2c554b9fffff,11594,16800.8084,10324,14855.1232,348122.19560121594,6294170.579844739,0.6371973085018336,942.7589289348107,h3_r8,E23_N419,train
88b2c554bbfffff,17613,26610.31,13610,19820.6126,348659.7143194514,6293560.318814097,0.637077287173423,942.6681855775532,h3_r8,E23_N419,train
88b2c554bdfffff,13054,20156.5713,18904,27733.4023,347245.587963197,6293981.172247016,0.6372408035112456,942.8336196779856,h3_r8,E23_N419,train
88b2c554c1fffff,344622,482174.4747000001,363261,511760.45949999994,348064.20403928147,6297791.168592601,0.6376667969920736,942.9884454500861,h3_r8,E23_N419,train
88b2c554c3fffff,502680,686379.5689999999,556455,780391.9655999999,348601.84925926494,6297180.526256179,0.6375467639239714,942.8977248176816,h3_r8,E23_N419,train
88b2c554c5fffff,60041,87585.4874,41805,60119.211,347187.37858898717,6297601.809748061,0.6377103648173882,943.063165784697,h3_r8,E23_N419,train
88b2c554c7fffff,262542,366779.6101,298060,417374.00619999995,347725.0930550586,6296991.163821322,0.6375903374677566,942.9724453419913,h3_r8,E23_N419,train
88b2c554c9fffff,274751,381385.89840000006,314107,435425.38169999997,348403.343839693,6298591.234289773,0.6377432330171732,943.0044310883968,h3_r8,E23_N419,train
88b2c554cbfffff,35877,49485.6703,28206,39099.6373,348940.98664688424,6297980.517143128,0.6376231953538573,942.9137149497983,h3_r8,E23_N419,train
88b2c554cdfffff,465166,637555.7434,505756,697126.0449,347526.4919872945,6298401.88933714,0.6377868289411316,943.079161402653,h3_r8,E23_N419,train
88b2c554d1fffff,13108,17866.1854,13341,18326.631,350016.07175670215,6296759.318052286,0.6373831167267944,942.7322686744737,h3_r8,E23_N419,train
88b2c554d3fffff,209628,295229.7885,264208,373417.59959999996,350553.51404690463,6296148.83610029,0.6372630758013497,942.6415385573637,h3_r8,E23_N419,train
88b2c554d5fffff,24405,33065.1878,28255,39573.1558,349139.42764102865,6296569.962323979,0.6374267297579677,942.806999528897,h3_r8,E23_N419,train
88b2c554d7fffff,30106,40575.716199999995,21709,30310.7252,349676.9391783605,6295959.476792095,0.6373066945130889,942.7162695802981,h3_r8,E23_N419,train
88b2c554d9fffff,214334,287521.73760000005,233934,324607.41769999993,350355.2331253983,6297559.220249111,0.6374595154628809,942.7482533103321,h3_r8,E23_N419,train
88b2c554dbfffff,373641,503207.34060000005,404391,556759.0486,350892.6730149661,6296948.66349026,0.6373394699273874,942.6575276723015,h3_r8,E23_N419,train
88b2c554ddfffff,70496,95662.6497,58128,80917.4596,349478.5626212936,6297369.878398599,0.6375031565871031,942.8229941416648,h3_r8,E23_N419,train
88b2c554e1fffff,235066,332547.5238,262568,379493.7416,345971.452183119,6296612.408072169,0.6376773831102008,943.1218558800174,h3_r8,E23_N419,train
88b2c554e3fffff,71219,100384.7481,49219,70872.218,346509.2383070049,6296001.833391748,0.637557366104347,943.0311311375117,h3_r8,E23_N419,train
88b2c554e5fffff,52703,69668.3572,36139,50950.8982,345094.5675469052,6296423.0147568155,0.6377208551868591,943.1965458916384,h3_r8,E23_N419,train
88b2c554e7fffff,4467,5844.5803000000005,1822,2575.8239,345632.4229191705,6295812.436496799,0.6376008439302744,943.1058213379001,h3_r8,E23_N419,train
88b2c554e9fffff,336606,464011.2928999999,357467,505769.1651,346310.5103117622,6297412.440608978,0.6377538988202485,943.1378759529907,h3_r8,E23_N419,train
88b2c554ebfffff,143230,208779.4076,144121,204704.66629999998,346848.2940244239,6296801.791093495,0.6376338772000757,943.0471556968405,h3_r8,E23_N419,train
88b2c554edfffff,294947,402702.9762,330984,462125.14999999997,345433.59922336345,6297223.061174823,0.6377973989862764,943.2125759451883,h3_r8,E23_N419,train
88b2c55501fffff,8361,12272.5013,9208,13922.2357,338017.4925456762,6298530.051374926,0.6385376007870961,944.0233897984144,h3_r8,E22_N419,train
88b2c55503fffff,344506,476933.89400000003,316403,450068.2584,338556.02825988317,6297919.062910166,0.6384176246609261,943.9326899403823,h3_r8,E22_N419,train
88b2c55505fffff,65788,93861.88369999999,64035,92022.0355,337140.0052269746,6298340.614225078,0.6385808402595726,944.0980174485594,h3_r8,E22_N419,train
88b2c55507fffff,20160,28221.963,21960,31559.851899999998,337678.6101884055,6297729.622160131,0.6384608700241359,944.00731783628,h3_r8,E22_N419,train
88b2c55509fffff,50087,72584.2296,59010,86560.0638,338356.40389389603,6299330.54155446,0.6386143080488254,944.0394472503103,h3_r8,E22_N419,train
88b2c5550bfffff,30301,42995.4948,20958,30561.8851,338894.93716180493,6298719.478219686,0.6384943273324688,943.948751913791,h3_r8,E22_N419,train
88b2c5550dfffff,62484,89189.8316,55083,79387.3058,337478.8900318343,6299141.118317479,0.6386575756170099,944.1140848892974,h3_r8,E22_N419,train
88b2c55511fffff,85089,117196.9512,92518,132066.8878,339971.8032899247,6297497.586961573,0.6382543620703371,943.7673469683505,h3_r8,E22_N419,train
88b2c55513fffff,311515,492729.8315999999,303178,426310.7897,340510.13613752485,6296886.759030441,0.6381343775635596,943.6766373805585,h3_r8,E22_N419,train
88b2c55515fffff,26940,36221.3486,19627,28034.2285,339094.49716814095,6297308.152919303,0.6382976472623129,943.8419853268424,h3_r8,E22_N419,train
88b2c55517fffff,213,289.7245,2795,4009.0821,339632.89926414413,6296697.321398433,0.638177668608092,943.751275966817,h3_r8,E22_N419,train
88b2c55519fffff,87642,120150.67850000001,99762,142712.1159,340310.7362806995,6298297.913500225,0.6383310320505812,943.783403466572,h3_r8,E22_N419,train
88b2c5551bfffff,25114,33396.6117,19509,27764.2929,340849.0666942602,6297687.010702437,0.6382110429392566,943.6926983890589,h3_r8,E22_N419,train
88b2c5551dfffff,351800,471640.12080000003,332792,476971.682,339433.4036292507,6298108.493356688,0.6383743453331074,943.8580518144299,h3_r8,E22_N419,train
88b2c55521fffff,33772,48437.0726,26345,37658.6703,335923.64600238536,6297350.709747391,0.638547258799081,944.1565429058392,h3_r8,E22_N419,train
88b2c55523fffff,70587,100405.8925,48160,68845.439,336462.32265617105,6296739.788978737,0.6384272990758161,944.0658390214667,h3_r8,E22_N419,train
88b2c55525fffff,3585,5632.5693,3427,5130.068,335046.0999194827,6297161.238083623,0.6385904021875286,944.2311400688486,h3_r8,E22_N419,train
88b2c55527fffff,4274,6282.9922,4460,6927.9775,335584.84582269343,6296550.313725521,0.6384704483856534,944.1404364379123,h3_r8,E22_N419,train
88b2c55529fffff,71024,103929.9776,69932,99893.9905,336262.47522151866,6298151.166769607,0.6386240457400376,944.1726348570664,h3_r8,E22_N419,train
88b2c5552bfffff,26151,37956.5638,19286,28018.0588,336801.1494306343,6297540.17110605,0.6385040814074087,944.0819354903069,h3_r8,E22_N419,train
88b2c5552dfffff,47051,69596.1351,46985,67610.3083,335384.90254512907,6297961.709007984,0.6386672172144023,944.2472420181148,h3_r8,E22_N419,train
88b2c55531fffff,46893,64972.8317,36951,53585.3428,337878.2974296559,6296318.415232798,0.6382641488728019,943.9005224707653,h3_r8,E22_N419,train
88b2c55533fffff,189476,259473.85080000001,201464,285928.7183,338416.77120694204,6295707.6550152805,0.6381441807119723,943.8098088402767,h3_r8,E22_N419,train
88b2c55535fffff,103883,147667.2788,106000,152664.3437,337000.9325001696,6296128.946698105,0.6383073380674436,943.9751303765806,h3_r8,E22_N419,train
88b2c55537fffff,36466,50732.0179,27492,39331.552,337539.4755280687,6295518.182901589,0.6381873757932278,943.8844169804361,h3_r8,E22_N419,train
88b2c55539fffff,178795,250448.57210000002,192673,275701.31450000004,338217.1483447131,6297118.708575094,0.638340898502275,943.9166134593543,h3_r8,E22_N419,train
88b2c5553bfffff,19687,27786.0218,20343,29803.905600000002,338755.61968958506,6296507.873466061,0.6382209257167116,943.8259043366998,h3_r8,E22_N419,train
88b2c5553dfffff,39835,55397.3208,45216,64581.8765,337339.756835453,6296929.2539284155,0.638384115776692,943.9912313592504,h3_r8,E22_N419,train
88b2c55541fffff,82387,129166.7774,78165,115842.7883,338156.7466136386,6300742.309349002,0.6388109757681307,944.1461762166,h3_r8,E22_N420,validation
88b2c55543fffff,44029,66723.2118,34059,50147.8419,338695.3442196945,6300131.092680389,0.6386909917876001,944.0554901849246,h3_r8,E22_N420,validation
88b2c55545fffff,35423,54639.7652,32972,49200.7687,337279.1369819897,6300552.903654906,0.6388542655476712,944.2208235939033,h3_r8,E22_N420,validation
88b2c55547fffff,46843,68535.7873,29376,43701.674,337817.80383184605,6299941.683364907,0.6387342874595363,944.130137812288,h3_r8,E22_N419,train
88b2c55549fffff,15678,25348.0608,24043,35538.7998,338495.71836382477,6301542.996251399,0.6388876405214118,944.1622000961797,h3_r8,E22_N420,validation
88b2c5554bfffff,28840,44783.2547,25414,37586.8289,339034.3135096913,6300931.704734351,0.6387676519878486,944.0715186021989,h3_r8,E22_N420,validation
88b2c5554dfffff,46952,73462.3247,42988,63663.9492,337618.08222527406,6301353.604495034,0.6389309584146838,944.2368574581342,h3_r8,E22_N420,validation
88b2c55551fffff,43428,63396.5874,38647,55781.0204,340111.3034456554,6299709.357110562,0.6385276709720388,943.8901412748382,h3_r8,E22_N419,train
88b2c55553fffff,13614,19698.0363,10347,14928.200499999999,340649.69822309667,6299098.300996065,0.6384076785315739,943.799445461249,h3_r8,E22_N419,train
88b2c55555fffff,43597,63033.578499999996,39263,57423.1732,339233.8750371075,6299519.954485313,0.6385710064946585,943.9647993761464,h3_r8,E22_N419,train
88b2c55557fffff,41288,58007.5375,32623,47585.2875,339772.33905954764,6298908.894759887,0.6384510199093346,943.8741037994623,h3_r8,E22_N419,train
88b2c55559fffff,50368,75885.9272,46719,68429.28110000001,340450.2967741889,6300509.880390365,0.6386042985021909,943.9061642418965,h3_r8,E22_N420,validation
88b2c5555bfffff,16350,25142.033,12847,18779.0508,340988.6891037328,6299898.749430749,0.638484301490132,943.8154729512753,h3_r8,E22_N419,train
88b2c5555dfffff,20976,32856.4294,18114,26724.7824,339572.8418724137,6300320.491688697,0.638647662131768,943.9808323272737,h3_r8,E22_N420,validation
88b2c55561fffff,63642,93001.7983,52704,76730.8946,336062.59491403203,6299562.83381029,0.6388207767989862,944.2794023465831,h3_r8,E22_N419,train
88b2c55563fffff,6551,9422.4275,5454,7932.0351,336601.33346673887,6298951.684773831,0.6387008091925596,944.1887122903718,h3_r8,E22_N419,train
88b2c55565fffff,48802,72970.0142,43937,63524.1836,335184.9264157117,6299373.393570092,0.6388639704423925,944.3540192453656,h3_r8,E22_N419,train
88b2c55567fffff,28705,41711.7735,21568,31182.2931,335723.7342144294,6298762.240922988,0.6387440087591215,944.2633294456173,h3_r8,E22_N419,train
88b2c55569fffff,39025,62060.7181,25352,37754.3826,336401.4846305682,6300363.487651531,0.638897521316508,944.2954607283464,h3_r8,E22_N420,validation
88b2c5556bfffff,33873,50290.8151,40727,59343.5474,336940.2207246865,6299752.263741716,0.6387775491339426,944.2047752022627,h3_r8,E22_N419,train
88b2c5556dfffff,19768,29127.9983,20863,30357.9252,335523.78957519634,6300174.061338343,0.6389407430619701,944.3700876138173,h3_r8,E22_N420,validation
88b2c55581fffff,6873,10077.8597,5287,7704.5215,341785.83939989784,6294254.779936656,0.637697741852913,943.3883913067402,h3_r8,E22_N419,train
88b2c55583fffff,237509,334635.3699,209078,295593.257,342323.90734044026,6293644.340707041,0.6375777572293931,943.2976583852433,h3_r8,E22_N419,train
88b2c55585fffff,663,1046.4342,611,933.3471,340908.8368288998,6294065.317711705,0.6377410223222502,943.4630205532885,h3_r8,E22_N419,train
88b2c55587fffff,5370,7587.3647,4536,6480.695299999999,341446.9740223251,6293454.874923955,0.6376210435144062,943.3722878415138,h3_r8,E22_N419,train
88b2c55589fffff,22304,32294.1989,17337,25248.995199999998,342124.73373907735,6295054.745981853,0.6377744167845268,943.4044802884455,h3_r8,E22_N419,train
88b2c5558bfffff,24891,36036.1873,18323,27444.2951,342662.7992716201,6294444.231867544,0.6376544275039201,943.3137518526055,h3_r8,E22_N419,train
88b2c5558dfffff,26998,40070.2372,21018,30237.9808,341247.7046157411,6294865.297616679,0.6378177253230543,943.4791195318103,h3_r8,E22_N419,train
88b2c55591fffff,47887,71912.0136,46953,72134.1956,343738.72979726404,6293223.438968222,0.637414445532051,943.1322809339617,h3_r8,E22_N419,train
88b2c55593fffff,20240,30490.5816,17277,25565.2342,344276.59477790893,6292613.160175342,0.6372944528799582,943.0415384767693,h3_r8,E22_N419,train
88b2c55595fffff,6921,10782.6788,4968,7421.832,342861.90843113244,6293033.979923903,0.6374577714715794,943.2069207883906,h3_r8,E22_N419,train
88b2c55597fffff,18855,28813.2443,17358,25433.0365,343399.8426657439,6292423.697583305,0.6373377845979946,943.1161785208387,h3_r8,E22_N419,train
88b2c55599fffff,12892,19051.1452,8354,12113.415500000001,344077.64586449997,6294023.241396295,0.6374910830766227,943.1483688799199,h3_r8,E22_N419,train
88b2c5559bfffff,12513,18445.5798,9939,14339.0856,344615.508449303,6293412.887722164,0.6373710857541516,943.057630890049,h3_r8,E22_N419,train
88b2c5559dfffff,15340,23581.4601,13766,20655.4975,343200.79795975983,6293833.796197646,0.63753443707941,943.2230187305831,h3_r8,E22_N419,train
88b2c555a1fffff,48402,79636.5245,45462,67496.0735,339692.9793528486,6293075.912478212,0.6377075144346113,943.5215161246597,h3_r8,E22_N419,train
88b2c555a3fffff,14600,22990.7906,10887,15957.1634,340231.1882059817,6292465.54104339,0.6375875461298536,943.4307791462052,h3_r8,E22_N419,train
88b2c555a5fffff,29255,44245.1426,24134,35224.6876,338815.9180330739,6292886.415814498,0.6377506990479699,943.5961149399518,h3_r8,E22_N419,train
88b2c555a7fffff,14182,22189.4664,11119,16268.4118,339354.19614130177,6292276.040832269,0.6376307365899213,943.5053781775059,h3_r8,E22_N419,train
88b2c555a9fffff,33079,51236.4194,25777,38719.9708,340031.7915744115,6293875.845192166,0.6377842689007226,943.5376395901549,h3_r8,E22_N419,train
88b2c555abfffff,11801,17915.19,9928,14480.8153,340569.998021198,6293265.398847854,0.6376642959197275,943.446907089965,h3_r8,E22_N419,train
88b2c555adfffff,548,811.0603,405,597.9939,339154.7036522309,6293686.362377509,0.6378274815733956,943.612248407735,h3_r8,E22_N419,train
88b2c555b1fffff,20111,30047.1398,14292,20643.6485,341646.2103637038,6292044.741530711,0.6374243465098058,943.2654280315619,h3_r8,E22_N419,train
88b2c555b3fffff,7529,12209.4561,5731,8406.5852,342184.21624695545,6291434.530549998,0.6373043701222177,943.1746814967482,h3_r8,E22_N419,train
88b2c555b5fffff,11376,18027.3049,12646,18462.4031,340769.33020538633,6291855.248069096,0.6374675766811783,943.3400374830235,h3_r8,E22_N419,train
88b2c555b7fffff,6942,10683.6342,6088,8727.4749,341307.4053448285,6291245.033551393,0.6373476061028064,943.2492911489098,h3_r8,E22_N419,train
88b2c555b9fffff,18996,28444.068,15388,22162.136,341985.0443666865,6292844.510588678,0.637501063557258,943.2815504441387,h3_r8,E22_N419,train
88b2c555bbfffff,1,2.102,28,42.290000000000006,342523.0478557499,6292234.224701939,0.6373810824775997,943.1908083751914,h3_r8,E22_N419,train
88b2c555bdfffff,10662,16093.0529,10213,14860.3498,341108.13761970855,6292655.030962016,0.6375443217817242,943.3561698987032,h3_r8,E22_N419,train
88b2c555c1fffff,364852,514375.4203999999,400547,572781.4763999999,341925.52707343997,6296465.440476865,0.6379710610352327,943.5112740387558,h3_r8,E22_N419,train
88b2c555c3fffff,18662,27704.0938,16930,24548.638,342463.6570265044,6295854.773041271,0.6378510682865131,943.420554790413,h3_r8,E22_N419,train
88b2c555c5fffff,8786,14292.8489,23640,33699.0086,341048.40216576867,6296276.0095593855,0.6380143918352615,943.5859230647329,h3_r8,E22_N419,train
88b2c555c7fffff,36859,55335.3875,38531,55907.8667,341586.6013683753,6295665.338544494,0.6378944049016444,943.4952040300705,h3_r8,E22_N419,train
88b2c555c9fffff,58687,88638.1174,55386,82423.403,342264.4817175702,6297265.60339549,0.6380476937111912,943.5273295602528,h3_r8,E22_N419,train
88b2c555cbfffff,446651,658900.6928,470150,678776.906,342802.60924881836,6296654.861096618,0.6379276963414792,943.4366148088593,h3_r8,E22_N419,train
88b2c555cdfffff,559873,754958.6055999997,501904,713626.4796000001,341387.3302939335,6297076.186362617,0.6380910525946077,943.6019885751884,h3_r8,E22_N419,train
88b2c555d1fffff,18818,27468.6604,15652,23049.3832,343878.6638233316,6295433.611827419,0.6376876980711526,943.2551711970591,h3_r8,E22_N419,train
88b2c555d3fffff,9516,14083.8551,7554,10839.7449,344416.59085409704,6294823.104849266,0.6375676972123804,943.1644423549296,h3_r8,E22_N419,train
88b2c555d5fffff,21270,31136.1478,14910,22033.3098,343001.72014686646,6295244.184051923,0.6377310743626468,943.3298308415688,h3_r8,E22_N419,train
88b2c555d7fffff,189576,262568.9953,193816,273216.33879999997,343539.716428278,6294633.673504907,0.6376110792863697,943.2391022003721,h3_r8,E22_N419,train
88b2c555d9fffff,13626,20392.0396,14630,21189.3098,344217.64013154793,6296233.611146903,0.6377642934164974,943.2712257154053,h3_r8,E22_N419,train
88b2c555dbfffff,32753,48521.0921,20779,29882.5536,344755.56475268945,6295623.029308867,0.6376442879239643,943.1805013593403,h3_r8,E22_N419,train
88b2c555ddfffff,9795,14143.8704,7518,11005.8592,343340.66995282297,6296044.197241899,0.637807697786947,943.345895349863,h3_r8,E22_N419,train
88b2c555e1fffff,41484,58938.045,41979,60297.4676,339832.36191983614,6295286.438660365,0.637980976428662,943.6444718775456,h3_r8,E22_N419,train
88b2c555e3fffff,18467,28255.035200000002,15895,23543.1679,340370.63279264944,6294675.838955868,0.6378609999687257,943.5537485679961,h3_r8,E22_N419,train
88b2c555e5fffff,70054,95756.8327,54108,77328.2601,338955.1781610184,6295096.973271953,0.6380242113176864,943.7190904769814,h3_r8,E22_N419,train
88b2c555e7fffff,31970,45992.2721,36491,52710.0547,339493.51828559616,6294486.369998889,0.6379042407071108,943.628367388912,h3_r8,E22_N419,train
88b2c555e9fffff,45387,73241.1203,37753,53580.0949,340171.2345415963,6296086.568343649,0.6380576887211378,943.6605618759058,h3_r8,E22_N419,train
88b2c555ebfffff,28371,40213.2158,26514,38360.8106,340709.5029942216,6295475.8937510345,0.6379377076200233,943.5698430607445,h3_r8,E22_N419,train
88b2c555edfffff,25020,36597.2593,28171,40389.104100000004,339294.0242167215,6295897.116829122,0.6381009516850727,943.7351904701209,h3_r8,E22_N419,train
88b2c55601fffff,310533,435640.6687,296137,418263.14869999996,346532.9895669315,6305459.85019575,0.6387690519609212,943.6123184957542,h3_r8,E23_N420,test
88b2c55603fffff,39349,59806.1757,42109,61507.3211,347071.02341593546,6304848.363462643,0.6386490033528075,943.5216487596044,h3_r8,E23_N420,test
88b2c55605fffff,26060,37793.7273,21256,30863.0389,345655.6168614256,6305270.582792664,0.6388127259330724,943.6870874509914,h3_r8,E23_N420,test
88b2c55607fffff,33170,46862.4097,26502,38639.6048,346193.71994509874,6304659.09239522,0.6386926830852725,943.5964179345756,h3_r8,E23_N420,test
88b2c55609fffff,4559,7099.5307999999995,3053,4435.2946,346872.28796268255,6306260.668771926,0.6388453971625117,943.6282045503613,h3_r8,E23_N420,test
88b2c5560bfffff,33506,50832.2799,28949,41629.9032,347410.3193453759,6305649.107290203,0.6387253440833114,943.537539361685,h3_r8,E23_N420,test
88b2c5560dfffff,16041,24323.954700000002,16190,23355.6478,345994.8889509038,6306071.415349408,0.6388890992844894,943.7029834635905,h3_r8,E23_N420,test
88b2c55611fffff,9468,14964.1896,8087,11855.1285,348486.1818008749,6304426.219566502,0.6384852341169389,943.3561947039561,h3_r8,E23_N420,test
88b2c55613fffff,60606,88932.54980000001,66000,92408.7099,349024.0128610739,6303814.893316852,0.6383651772709884,943.2655152545776,h3_r8,E23_N420,test
88b2c55615fffff,222003,308684.0946,205471,295892.18179999996,347608.99049159506,6304236.955146256,0.638528953478133,943.430974264571,h3_r8,E23_N420,test
88b2c55617fffff,23968,36166.078,13059,18906.8397,348146.8907876091,6303625.625242744,0.6384089023562536,943.3402950185118,h3_r8,E23_N420,test
88b2c55619fffff,18605,30014.0148,15030,21653.0871,348825.50156215986,6305226.8746768385,0.6385615422208204,943.3720798906288,h3_r8,E23_N420,test
88b2c5561bfffff,58960,82770.7096,48471,64965.619300000006,349363.3301683406,6304615.473681792,0.6384414808874906,943.281404976442,h3_r8,E23_N420,test
88b2c5561dfffff,3401,5481.7876,9691,14076.4476,347948.2839602089,6305037.624223005,0.6386052897267661,943.4468694088864,h3_r8,E23_N420,test
88b2c55621fffff,31870,48200.3994,21816,31848.041,344438.98428683577,6304280.519337054,0.6387799408212684,943.7459257347509,h3_r8,E22_N420,validation
88b2c55623fffff,193465,274005.1019,199525,285191.01660000003,344977.1590705026,6303669.1000504345,0.6386599082401644,943.6552518977551,h3_r8,E22_N420,validation
88b2c55625fffff,10658,16527.141,8260,12363.3172,343561.55213096447,6304091.217345247,0.6388235187995795,943.8206643461017,h3_r8,E22_N420,validation
88b2c55627fffff,20309,31177.0544,16472,24464.9361,344099.7961516271,6303479.794405021,0.6387034920114135,943.7299907361739,h3_r8,E22_N420,validation
88b2c55629fffff,43972,67225.1073,42266,62133.437000000005,344778.20124462916,6305081.305080416,0.6388563659869314,943.7618462215178,h3_r8,E22_N420,validation
88b2c5562bfffff,20041,29962.3013,12431,18277.7422,345316.3735634746,6304469.811020201,0.638736328911067,943.6711769278627,h3_r8,E23_N420,test
88b2c5562dfffff,148998,210304.22090000001,167773,239957.85950000002,343900.7427323216,6304892.017058469,0.6388999721037099,943.8365947964485,h3_r8,E22_N420,validation
88b2c55631fffff,20950,30803.4395,14109,20551.5515,346392.51787980844,6303247.058182232,0.6384962509245481,943.4898240460898,h3_r8,E23_N420,test
88b2c55633fffff,184394,261712.4878,195689,279333.6997,346930.48986467737,6302635.799396779,0.6383762100502501,943.3991404789267,h3_r8,E23_N420,test
88b2c55635fffff,8733,12853.7097,7082,10358.1273,345515.26707700314,6303057.759194761,0.6385398743822824,943.5645732957637,h3_r8,E23_N420,test
88b2c55637fffff,7076,9931.5244,4627,6557.2621,346053.3083000245,6302446.496766177,0.6384198392654342,943.4738899415825,h3_r8,E23_N420,test
88b2c55639fffff,11528,15982.6347,12693,18601.754100000002,346731.7562562614,6304047.680420518,0.6385726389604256,943.5057436536881,h3_r8,E23_N420,test
88b2c5563bfffff,132842,185024.36440000002,141270,203692.6499,347269.7257885998,6303436.346864715,0.6384525935787775,943.4150646188064,h3_r8,E23_N420,test
88b2c5563dfffff,39230,56371.3404,25742,37421.388399999996,345854.4791106385,6303858.395388758,0.6386162905520689,943.5805028679897,h3_r8,E23_N420,test
88b2c55643fffff,948,1472.8482999999999,530,777.3059,347211.61511888605,6307061.548105329,0.6389217186695095,943.6440760924015,h3_r8,E23_N420,test
88b2c55653fffff,1109,1813.8926,1114,1673.5535,349164.8500579954,6306027.590555357,0.6386378266515612,943.3879505788791,h3_r8,E23_N420,test
88b2c55655fffff,21304,34239.1084,13517,19373.673300000002,347749.6440311212,6306449.911884781,0.6388016611300812,943.5534154584748,h3_r8,E23_N420,test
88b2c55657fffff,21366,35156.4227,20680,30001.592,348287.60618098435,6305838.354076561,0.6386816023078873,943.4627500532661,h3_r8,E23_N420,test
88b2c5565dfffff,16573,25947.9724,5656,8077.9811,348088.997459705,6307250.777227957,0.6388779544787504,943.5692770480528,h3_r8,E23_N420,test
88b2c55661fffff,19136,28687.6162,22681,32945.1655,344579.2104018382,6306493.798871128,0.6390528077205282,943.8684121449478,h3_r8,E22_N420,validation
88b2c55663fffff,20026,30664.972400000002,18366,26776.6303,345117.4470115599,6305882.151616689,0.6389327674854471,943.7777521936223,h3_r8,E23_N420,test
88b2c55665fffff,77037,111365.8973,69358,102141.2027,343701.65631721687,6306304.5285025,0.639096436189919,943.9431704496383,h3_r8,E22_N420,validation
88b2c55667fffff,29653,46691.3138,22281,33006.7589,344239.9621604304,6305692.877573237,0.6389764017493419,943.8525107297464,h3_r8,E22_N420,validation
88b2c55669fffff,9319,13227.5304,5732,8092.0323,344918.4874430915,6307294.780933706,0.639129189992312,943.8842990408302,h3_r8,E22_N420,validation
88b2c5566bfffff,90,142.2196,69,97.6211,345456.72157417686,6306683.058927452,0.639009145302047,943.7936436480377,h3_r8,E23_N420,test
88b2c5566dfffff,12144,17217.9004,14349,21397.264,344040.9070386017,6307105.524559809,0.639172846618403,943.9590673015919,h3_r8,E22_N420,validation
88b2c55681fffff,991154,1332303.6878,1067852,1466059.3070000003,350297.82404948777,6301181.089680485,0.6379286858163381,942.9775307808886,h3_r8,E23_N420,test
88b2c55683fffff,43110,57121.1189,54842,76261.44069999999,350835.39035308093,6300570.151783578,0.6378086287660687,942.8868279590388,h3_r8,E23_N420,test
88b2c55685fffff,17770,28017.9467,21053,31038.2398,349420.93600391224,6300991.796753474,0.6379723998908435,943.0523011677433,h3_r8,E23_N420,test
88b2c55687fffff,788597,1041346.5603999996,854907,1169452.9745000002,349958.57154786796,6300380.855234359,0.637852348527504,942.9615985309938,h3_r8,E23_N420,test
88b2c55689fffff,6747,9289.1525,7203,10269.7398,350637.10529602796,6301981.38497057,0.6380049995207396,942.9934485568665,h3_r8,E23_N420,test
88b2c5568bfffff,1401876,1863962.9764999992,1567470,2157667.961,351174.66917157895,6301370.372309853,0.6378849379337947,942.9027502440149,h3_r8,E23_N420,test
88b2c5568dfffff,34,56.8054,314,435.0586,349760.190934889,6301792.105970992,0.6380487417202976,943.0682289085817,h3_r8,E23_N420,test
88b2c55691fffff,156551,213743.9357,178083,245899.305,352249.5964810435,6300148.582147323,0.6376448113745964,942.7213395675644,h3_r8,E23_N420,test
88b2c55693fffff,196206,260877.7292,214901,297589.9496,352786.9599025006,6299537.804637767,0.6375247464419257,942.6306272234651,h3_r8,E23_N419,train
88b2c55695fffff,25006,35658.5528,14668,20537.4434,351372.8898394285,6299959.292276403,0.6376885705910593,942.796120457002,h3_r8,E23_N419,train
88b2c55697fffff,40827,54404.5555,32854,44890.4493,351910.32250230166,6299348.5111550875,0.6375685113089581,942.7054082815885,h3_r8,E23_N419,train
88b2c55699fffff,11515,15254.2751,13703,18657.2779,352588.8991788714,6300948.713994338,0.6377210878790278,942.7372563898098,h3_r8,E23_N420,test
88b2c5569bfffff,64445,87875.4206,55375,77002.7322,353126.2601844828,6300337.861724275,0.6376010183945193,942.646548543591,h3_r8,E23_N420,test
88b2c5569dfffff,17261,23456.9649,11737,16312.779,351712.16623532854,6300759.438036729,0.637764875212365,942.8120472438168,h3_r8,E23_N420,test
88b2c556a1fffff,9,13.1753,0,0.0,348204.80523151875,6300002.231245583,0.6379396866246078,943.1111092095962,h3_r8,E23_N420,test
88b2c556a3fffff,511609,693195.8999000001,553049,758258.9309,348742.51244288264,6299391.360894525,0.637819645519996,943.0204022546532,h3_r8,E23_N419,train
88b2c556a5fffff,315487,444444.55979999993,346944,486564.2827,347327.85775188135,6299812.90380496,0.6379833049339036,943.185849307105,h3_r8,E23_N419,train
88b2c556a7fffff,502196,681678.9287,562904,785207.0213,347865.6342059454,6299202.0298424205,0.6378632695498124,943.0951425447129,h3_r8,E23_N419,train
88b2c556abfffff,563999,742167.1858999999,642496,878223.6421000002,349081.7098354309,6300191.548388537,0.6378960344833077,943.0363589466433,h3_r8,E23_N420,test
88b2c556adfffff,6785,10673.094,5419,7915.5024,347667.0312052893,6300613.180004403,0.6380597265710772,943.2018114681123,h3_r8,E23_N420,test
88b2c556b1fffff,299334,402631.2212,371438,509689.8534,350156.9189518835,6298969.893310409,0.637655939738992,942.8549399820622,h3_r8,E23_N419,train
88b2c556b3fffff,23990,33522.209,16551,22916.7336,350694.42327103077,6298359.183364277,0.6375358906952806,942.7642234879895,h3_r8,E23_N419,train
88b2c556b5fffff,78042,106697.7135,60849,83162.8968,349280.15283313766,6298780.568947352,0.6376996032785027,942.9296906125383,h3_r8,E23_N419,train
88b2c556b7fffff,26410,35475.1613,20790,28683.4372,349817.7263960495,6298169.855400177,0.6375795599179677,942.8389742946601,h3_r8,E23_N419,train
88b2c556b9fffff,26354,35893.1365,17310,23907.4541,350496.1402753703,6299769.992110985,0.6377322960284753,942.8708912061993,h3_r8,E23_N419,train
88b2c556bbfffff,85679,119003.9831,67530,93173.0217,351033.6421801836,6299159.207379478,0.637612242410829,942.7801792027312,h3_r8,E23_N419,train
88b2c556bdfffff,73186,97500.45,46748,64276.4004,349619.34780460683,6299580.681650536,0.6377759876763814,942.945651806891,h3_r8,E23_N419,train
88b2c556c1fffff,3,4.3873,76,103.5035,350438.78703055857,6303392.906890343,0.6382013545708503,943.1000409502303,h3_r8,E23_N420,test
88b2c556c3fffff,1167,1676.7541999999999,12954,18237.2527,350976.4152740401,6302781.741086258,0.6380812896254123,943.0093518530484,h3_r8,E23_N420,test
88b2c556c5fffff,2648,4172.0362000000005,2215,3065.0724,349561.7771345143,6303203.645470213,0.6382451192088203,943.1748310713447,h3_r8,E23_N420,test
88b2c556c7fffff,0,0.0,15,22.2184,350099.474614922,6302592.476022735,0.6381250599516716,943.0841421682271,h3_r8,E23_N420,test
88b2c556c9fffff,11,16.3859,149,213.5583,350778.1281683411,6304193.398555435,0.6382776255543852,943.1159252462094,h3_r8,E23_N420,test
88b2c556cbfffff,5103,7007.8506,7036,9695.1723,351315.75397006504,6303582.1580091845,0.6381575561056932,943.0252406754298,h3_r8,E23_N420,test
88b2c556cdfffff,9594,13064.5373,8981,12384.0184,349901.0919932359,6304004.151087571,0.6383214183312738,943.1907253257232,h3_r8,E23_N420,test
88b2c556d1fffff,25440,34729.9595,23514,32667.7013,352390.80518331577,6302359.9120742185,0.6379174137112347,942.8438574161846,h3_r8,E23_N420,test
88b2c556d3fffff,640970,837964.8008000001,654560,893762.4594,352928.2305823394,6301748.906677797,0.6377973408010363,942.7531587472768,h3_r8,E23_N420,test
88b2c556d5fffff,22990,33609.364,16748,23594.5761,351513.976717417,6302170.653671468,0.637961223513388,942.918658057868,h3_r8,E23_N420,test
88b2c556d7fffff,499795,650125.1099,539668,726775.6654,352051.4713544408,6301559.644642115,0.6378411562584111,942.8279595655622,h3_r8,E23_N420,test
88b2c556d9fffff,88706,128140.6106,124037,171529.584,352730.16770849214,6303160.240314687,0.6379936475481375,942.8597407960333,h3_r8,E23_N420,test
88b2c556dbfffff,31459,43521.6896,9381,12853.6412,353267.590677989,6302549.160179357,0.6378735701239383,942.7690466399654,h3_r8,E23_N420,test
88b2c556ddfffff,73701,104372.4476,54873,76331.5352,351853.3129771425,6302970.995850064,0.6380374854859212,942.9345513957087,h3_r8,E23_N420,test
88b2c556e1fffff,27599,43283.6144,18659,27197.6055,348345.46449162695,6302213.914994415,0.6382124991278023,943.2336923346156,h3_r8,E23_N420,test
88b2c556e3fffff,731,1200.1562,306,456.0344,348883.23364974634,6301602.816672202,0.6380924500969993,943.1429991049226,h3_r8,E23_N420,test
88b2c556e5fffff,13888,20847.7601,8649,12928.1698,347468.3950589516,6302024.619028547,0.6382561679498402,943.3084521740675,h3_r8,E23_N420,test
88b2c556e7fffff,4918,7917.4187,6251,9047.327,348006.2334563489,6301413.51707367,0.6381361246415534,943.2177591447253,h3_r8,E23_N420,test
88b2c556e9fffff,15436,24407.3466,13863,20009.9943,348684.724297683,6303014.373748264,0.6382888500106673,943.2496110390639,h3_r8,E23_N420,test
88b2c556ebfffff,8905,14211.1965,5582,8039.8637,349222.4910155345,6302403.200658966,0.6381687964580213,943.1589223318733,h3_r8,E23_N420,test
88b2c556edfffff,7020,10964.7447,5823,8437.2131,347807.6285358196,6302825.091723964,0.6383325469614816,943.324380842736,h3_r8,E23_N420,test
88b2c55707fffff,9935,17030.9911,7907,12325.2501,340051.3950309533,6303333.906280703,0.6389974911559876,944.1195167328697,h3_r8,E22_N420,validation
88b2c5570dfffff,2,2.7522,0,0.0,339851.8947805998,6304746.352676259,0.639194063626276,944.2261503565824,h3_r8,E22_N420,validation
88b2c55711fffff,10575,17547.1663,9355,13788.4055,342344.94174079294,6303101.152190784,0.6387905577576155,943.8794378234306,h3_r8,E22_N420,validation
88b2c55713fffff,3666,5819.1888,3010,4385.378,342883.2574622462,6302489.8003970785,0.6386705412896437,943.7887599044479,h3_r8,E22_N420,validation
88b2c55715fffff,62123,100754.5892,54975,84204.2684,341467.4502804133,6302911.81562089,0.6388340397046565,943.9541460559703,h3_r8,E22_N420,validation
88b2c55717fffff,19945,32659.207,19310,29702.6692,342005.8352411599,6302300.460184319,0.6387140290641616,943.8634683728451,h3_r8,E22_N420,validation
88b2c55719fffff,13492,22564.9351,12062,17739.8069,342684.0771116476,6303901.905044239,0.6388670628346047,943.8953927579569,h3_r8,E22_N420,validation
88b2c5571bfffff,5362,8442.3771,4584,6732.7846,343222.39036979375,6303290.478451982,0.638747041854662,943.8047193808015,h3_r8,E22_N420,validation
88b2c5571dfffff,3546,6072.0236,3379,5046.3529,341806.5592446738,6303712.582433503,0.6389105729140192,943.9701109621674,h3_r8,E22_N420,validation
88b2c55721fffff,8903,15986.1847,7488,11698.6017,338296.05961623334,6302955.1888825735,0.6390842734281716,944.2688816036098,h3_r8,E22_N420,validation
88b2c55723fffff,47116,80898.6496,34158,51657.111,338834.71906901477,6302343.74405372,0.638964281705151,944.1782094535301,h3_r8,E22_N420,validation
88b2c55725fffff,22567,38764.0867,21260,32298.386,337418.3277480314,6302765.814715173,0.6391276135428129,944.3435486874077,h3_r8,E22_N420,validation
88b2c55727fffff,19130,32538.8677,12688,19665.4909,337957.0564411528,6302154.366243719,0.6390076277130163,944.2528767940239,h3_r8,E22_N420,validation
88b2c55729fffff,1,2.1682,0,0.0,338635.09173711727,6303756.072393195,0.6391608955368898,944.2848718800233,h3_r8,E22_N420,validation
88b2c5572bfffff,12753,22322.732500000002,12267,19268.9644,339173.7487158127,6303144.552737569,0.6390408992953734,944.194204282714,h3_r8,E22_N420,validation
88b2c5572dfffff,2534,4367.2247,1856,2839.8419,337757.3333985141,6303566.712188398,0.6392042637790879,944.3595489420113,h3_r8,E22_N420,validation
88b2c55731fffff,14918,23625.2408,9562,13991.0497,340250.8623694824,6301921.748835301,0.6388009027466476,944.0128546787892,h3_r8,E22_N420,validation
88b2c55733fffff,44138,65918.9017,42625,62131.5206,340789.31903176266,6301310.464580936,0.6386809024795895,943.9221726945252,h3_r8,E22_N420,validation
88b2c55735fffff,16838,27603.7838,15563,23161.490999999998,339373.31175049837,6301732.377697979,0.6388442886291797,944.087532502308,h3_r8,E22_N420,validation
88b2c55737fffff,14839,21991.5145,10799,15842.805,339911.8376543365,6301121.089811483,0.6387242942204203,943.9968507591402,h3_r8,E22_N420,validation
88b2c55739fffff,46659,78759.112,39285,60306.8972,340589.9160044545,6302722.468741771,0.6388774876876903,944.0288440791192,h3_r8,E22_N420,validation
88b2c5573bfffff,8066,12446.8275,7068,10622.2454,341128.37020497327,6302111.109663904,0.6387574828869261,943.9381666317349,h3_r8,E22_N420,validation
88b2c5573dfffff,32202,55333.8645,39086,58563.1373,339712.33892871963,6302533.111552892,0.6389209016907056,944.1035318779177,h3_r8,E22_N420,validation
88b2c55741fffff,53423,80207.6678,47342,70502.7163,340530.1564508497,6306348.3959201425,0.6393471333615323,944.2580383026507,h3_r8,E22_N420,validation
88b2c55743fffff,108,163.105,525,766.1085,341068.73674757016,6305736.655517453,0.639227117779023,944.1673841319862,h3_r8,E22_N420,validation
88b2c55745fffff,14031,21369.5876,15989,23952.5537,339652.36164046393,6306159.087971535,0.6393906200465027,944.3327555082506,h3_r8,E22_N420,validation
88b2c55747fffff,1424,2242.9057,680,998.3043,340191.0111717562,6305547.343894266,0.6392706103282096,944.2421015978325,h3_r8,E22_N420,validation
88b2c55749fffff,4723,6848.8458,2374,3630.9944,340869.33060444484,6307149.50873545,0.6394236327104398,944.2739604702801,h3_r8,E22_N420,validation
88b2c5574bfffff,68702,98312.0916,68486,96976.087,341407.9084116634,6306537.69355274,0.6393036126658065,944.183310873399,h3_r8,E22_N420,validation
88b2c5574dfffff,146147,205662.11659999998,161152,233954.7936,339991.5094103996,6306960.214785032,0.6394671475466495,944.3486876416719,h3_r8,E22_N420,validation
88b2c55751fffff,10350,15431.7344,8515,12588.9928,342484.8637859513,6305314.298551992,0.6390635684284215,944.0019972122973,h3_r8,E22_N420,validation
88b2c55753fffff,16662,24975.3744,11535,17173.6835,343023.24134029343,6304702.7187262885,0.6389435442787826,943.9113331749104,h3_r8,E22_N420,validation
88b2c55757fffff,8675,14897.4842,3776,5591.2195,342145.69708433,6304513.4100833405,0.6389870824950545,943.9860613496276,h3_r8,E22_N420,validation
88b2c55759fffff,122139,175030.84860000003,136950,196749.7942,342824.05933610245,6306115.247821036,0.6391400306970009,944.0179185514571,h3_r8,E22_N420,validation
88b2c5575bfffff,13006,19452.5081,12235,18025.2553,343362.4344132978,6305503.593218517,0.6390200020702478,943.9272590732435,h3_r8,E22_N420,validation
88b2c5575dfffff,10609,16675.5666,10482,15268.0102,341946.4194742876,6305925.9568262,0.6391835912315499,944.0926564479014,h3_r8,E22_N420,validation
88b2c55769fffff,4380,6509.1303,5010,7290.0872,338774.52399631497,6305969.769706378,0.639434072703867,944.4074624839704,h3_r8,E22_N420,validation
88b2c5576bfffff,35583,52156.9707,21068,30356.8427,339313.24276265106,6305358.021956101,0.6393140688651415,944.3168088358943,h3_r8,E22_N420,validation
88b2c5576dfffff,2699,4416.1713,6452,9854.585799999999,337896.64353422076,6305780.4411241375,0.6394774913230068,944.4821592250955,h3_r8,E22_N420,validation
88b2c57041fffff,0,0.0,1,1.5129,356967.88274792116,6279396.392031106,0.634610885840567,940.9693937267293,h3_r8,E23_N418,validation
88b2c57045fffff,6028,9488.192000000001,3253,4953.7337,356092.6971112271,6279206.863156286,0.634654375530887,941.0440467803273,h3_r8,E23_N418,validation
88b2c57049fffff,9039,14189.2434,5235,7941.133000000001,357306.7716268757,6280194.458008666,0.6346873856152768,940.9855730114505,h3_r8,E23_N418,validation
88b2c5704bfffff,1369,2177.0092,387,586.2864999999999,357843.02566670056,6279585.910652384,0.6345673626547519,940.8947305885376,h3_r8,E23_N418,validation
88b2c5704dfffff,8807,13849.4198,5608,8291.3724,356431.5594394617,6280004.942806864,0.6347309032835396,941.0602360812481,h3_r8,E23_N418,validation
88b2c57065fffff,844,1378.2554,515,784.326,354003.41744389525,6278029.728930115,0.634664647592116,941.1770989017095,h3_r8,E23_N418,validation
88b2c57069fffff,4811,7926.8868,3263,5008.3947,355217.46877230075,6279017.324027401,0.6346978317109464,941.1186897411826,h3_r8,E23_N418,validation
88b2c5706dfffff,1710,2984.9536,876,1312.7873,354342.1977468209,6278827.77464393,0.6347412543718821,941.1933226047549,h3_r8,E23_N418,validation
88b2c57141fffff,31455,55257.0427,18352,27517.3804,350840.6870932102,6278069.474553727,0.6349146095544136,941.4917529614177,h3_r8,E23_N418,validation
88b2c57143fffff,753,1186.3405,410,616.3203,351377.4283041551,6277460.978266381,0.6347946304318205,941.4009067695588,h3_r8,E23_N418,validation
88b2c57145fffff,13929,23510.8393,7237,10892.1047,349965.2028703863,6277879.873889485,0.6349578644256585,941.5663352477131,h3_r8,E23_N418,validation
88b2c57147fffff,1108,2010.2942,3190,4669.277599999999,350502.0133548834,6277271.374201268,0.6348378909241246,941.4754891537013,h3_r8,E23_N418,validation
88b2c57149fffff,8036,13646.5814,5369,8024.7676,351179.389776396,6278867.6362201795,0.6349913051334317,941.5080023984192,h3_r8,E23_N418,validation
88b2c5714bfffff,13473,20827.697,4937,7542.3003,351716.1287079711,6278259.064960767,0.6348713211030578,941.4171605494921,h3_r8,E23_N418,validation
88b2c5714dfffff,18882,31552.8836,13244,19867.5619,350303.8788892679,6278678.049221544,0.6350345879678787,941.5825947114499,h3_r8,E23_N418,validation
88b2c57159fffff,666,1043.2755,17,28.147,353128.13036436314,6277840.155630281,0.6347080087528671,941.2517116355011,h3_r8,E23_N418,validation
88b2c5715dfffff,10985,17831.5543,5940,9023.3437,352252.8006458809,6277650.572075879,0.6347513363707407,941.326314262813,h3_r8,E23_N418,validation
88b2c57161fffff,488,858.8225,720,1042.6839,348751.0556965482,6276892.135302115,0.6349243111547557,941.6246235253639,h3_r8,E23_N418,validation
88b2c57169fffff,14985,26846.503,9848,14733.7019,349089.67605521006,6277690.262967528,0.6350010856997634,941.6409073979012,h3_r8,E23_N418,validation
88b2c5716bfffff,3575,6392.0277,2081,3120.3177,349626.55581377563,6277081.759880021,0.6348811178356787,941.5500614083139,h3_r8,E23_N418,validation
88b2c57215fffff,0,0.0,29,43.3254,360271.148912785,6281561.028250767,0.6346330243768962,940.777658232546,h3_r8,E24_N418,train
88b2c57221fffff,3264,5118.8855,2564,3776.4445,357109.37056379474,6281601.285823229,0.6348838894537571,941.0925716076745,h3_r8,E23_N418,validation
88b2c57223fffff,2601,4490.5594,2498,3881.5013,357645.6893154677,6280992.585222051,0.6347638622790556,941.0017379426863,h3_r8,E23_N418,validation
88b2c57225fffff,11516,17758.9272,7919,11517.336800000001,356234.0625763093,6281411.787735997,0.634927429576914,941.1672446127632,h3_r8,E23_N418,validation
88b2c57229fffff,2550,3885.6265,1909,2781.7682,357448.3193332596,6282399.549152924,0.6349603478315055,941.1087178236921,h3_r8,E23_N418,validation
88b2c5722bfffff,9,14.8584,79,120.06110000000001,357984.63580037345,6281790.773653222,0.6348403158123544,941.0178885119385,h3_r8,E23_N418,validation
88b2c5722dfffff,9391,14649.3638,7403,10966.1929,356572.98483111884,6282210.064763426,0.635003915949903,941.1834008398582,h3_r8,E23_N418,validation
88b2c57231fffff,13687,21845.6617,7273,10934.0903,359057.06778363156,6280573.457648985,0.634600249799839,940.836216633732,h3_r8,E23_N418,validation
88b2c57233fffff,28,50.3206,0,0.0,359593.1832878424,6279964.917136401,0.6344802158439925,940.7453740804922,h3_r8,E23_N418,validation
88b2c57235fffff,8375,13666.7578,7606,11477.7611,358181.9410801572,6280383.962955865,0.6346438344507994,940.9108998607262,h3_r8,E23_N418,validation
88b2c57237fffff,4990,8559.9292,3501,5441.1686,358718.125851897,6279775.41902064,0.6345238059849682,940.8200573712238,h3_r8,E23_N418,validation
88b2c57239fffff,5269,8202.2076,4366,6542.8459,359396.03849015,6281371.557495981,0.6346766704905765,940.8523615418817,h3_r8,E23_N418,validation
88b2c5723dfffff,3111,4848.1442,1659,2571.5176,358520.88528582174,6281182.076486582,0.6347202831283792,940.9270547797205,h3_r8,E23_N418,validation
88b2c57261fffff,6317,9228.215,4854,6865.9735,357250.9157410211,6283806.802396778,0.6351568192016127,941.2156701872591,h3_r8,E23_N418,validation
88b2c57265fffff,1623,2539.7522,4354,6566.0947,356375.48547797784,6283617.335167592,0.6352004097932145,941.2903631293448,h3_r8,E23_N418,validation
88b2c57267fffff,20,33.0021,31,47.7048,356911.93589046504,6283008.40298971,0.635080379164814,941.1995427000802,h3_r8,E23_N418,validation
88b2c5726dfffff,3297,4886.9322999999995,2487,3496.8642,356714.46762785234,6284415.8094598185,0.6352768546455808,941.3064862484462,h3_r8,E23_N418,validation
88b2c57301fffff,11156,16815.2017,9451,14132.1921,353071.2194648783,6281452.024612023,0.635177853015347,941.482031941996,h3_r8,E23_N418,validation
88b2c57303fffff,300367,419517.2935,339625,488021.51129999995,353607.8822652381,6280843.231925645,0.6350578487450436,941.3912030546344,h3_r8,E23_N418,validation
88b2c57305fffff,10629,16056.5204,5079,7365.427,352195.6713623581,6281262.488923203,0.6352212533668219,941.5566644449718,h3_r8,E23_N418,validation
88b2c57307fffff,7424,12330.7333,4508,6997.2391,352732.4034309753,6280653.692804229,0.6351012546901829,941.4658356569707,h3_r8,E23_N418,validation
88b2c57309fffff,205492,280829.5428,209822,296655.3991,353410.0643730699,6282250.417653046,0.6352544282055197,941.498213847226,h3_r8,E23_N418,validation
88b2c5730bfffff,26168,41742.0338,18763,28736.9234,353946.7248787107,6281641.550039934,0.6351344190852726,941.4073893215391,h3_r8,E23_N418,validation
88b2c5730dfffff,10644,16482.6978,3556,5512.1377,352534.4896921865,6282060.895665271,0.6352978565463817,941.5728563659941,h3_r8,E23_N418,validation
88b2c57311fffff,11343,17324.126800000002,7086,10711.4019,355019.8449649698,6280424.04989241,0.6348943986823247,941.2257269193651,h3_r8,E23_N418,validation
88b2c57313fffff,11439,18105.2729,8537,12913.828299999997,355556.3045335907,6279815.417349939,0.6347743874402797,941.134889061097,h3_r8,E23_N418,validation
88b2c57315fffff,591694,835693.9298000004,576213,823807.5927999999,354144.4780872603,6280234.517602105,0.6349378437578083,941.3003697201493,h3_r8,E23_N418,validation
88b2c57317fffff,5372,9001.7606,3508,5484.8641,354681.006924943,6279625.881637371,0.6348178380739282,941.2095319439541,h3_r8,E23_N418,validation
88b2c57319fffff,25509,39264.4729,20296,30431.3405,355358.71185359714,6281222.279391005,0.6349709361777526,941.2419075251091,h3_r8,E23_N418,validation
88b2c5731bfffff,12801,19783.8259,9380,14196.338600000001,355895.1691393629,6280613.5719254855,0.634850920068532,941.1510740175145,h3_r8,E23_N418,validation
88b2c5731dfffff,31446,48916.965599999996,21906,33665.4677,354483.31841134484,6281032.760787729,0.6350144092376862,941.316560343781,h3_r8,E23_N418,validation
88b2c57321fffff,0,0.0,45,64.9124,350981.3177607771,6280274.583781317,0.6351879658376091,941.6150705044856,h3_r8,E23_N418,validation
88b2c57323fffff,8346,13929.981899999999,6756,10264.9591,351518.1213911708,6279665.8591826055,0.6350679776406414,941.5242374600493,h3_r8,E23_N418,validation
88b2c57327fffff,7314,12734.0149,8621,13102.3224,350642.5838571575,6279476.285858166,0.6351112884442051,941.5988397981273,h3_r8,E23_N418,validation
88b2c57329fffff,5866,9245.7943,2362,3527.399,351320.0805868534,6281072.942972948,0.6352646201262186,941.6312868268578,h3_r8,E23_N418,validation
88b2c5732bfffff,8987,15290.4599,5077,7751.0436,351856.88192425505,6280464.143422961,0.6351446270590448,941.540458143747,h3_r8,E23_N418,validation
88b2c5732dfffff,271,420.08209999999997,33,45.834900000000005,350444.44715407264,6280883.386760736,0.6353079532846764,941.7058990834048,h3_r8,E23_N418,validation
88b2c57331fffff,12147,21008.3574,8971,13542.685099999999,352930.2836620706,6279246.779443203,0.6349046387238664,941.3587874009972,h3_r8,E23_N418,validation
88b2c57333fffff,4519,7624.7028,2720,4105.0626999999995,353466.884050477,6278638.2150053475,0.6347846434989012,941.2679453655146,h3_r8,E23_N418,validation
88b2c57335fffff,21848,35624.1898,17559,26251.4248,352054.85803923337,6279057.21296056,0.6349479887146386,941.4333999577211,h3_r8,E23_N418,validation
88b2c57337fffff,6559,11008.902,3174,4919.9857,352591.527698962,6278448.645111136,0.6348279990786875,941.3425580139738,h3_r8,E23_N418,validation
88b2c57339fffff,6287,10523.2637,3957,6437.0746,353269.0685219269,6280044.975054052,0.6349812552847065,941.375002412824,h3_r8,E23_N418,validation
88b2c5733bfffff,17877,30056.6986,14656,23001.8762,353805.666629206,6279436.335668631,0.6348612551732111,941.2841647253372,h3_r8,E23_N418,validation
88b2c5733dfffff,12180,20307.149400000002,6519,9886.2487,352393.6162846631,6279855.422247726,0.6350246332503725,941.4496249954682,h3_r8,E23_N418,validation
88b2c57341fffff,357270,491118.1237,345450,492014.5497,353212.2129738066,6283657.892802599,0.6354509934466293,941.6051970547996,h3_r8,E23_N418,validation
88b2c57343fffff,6838,9490.5816,3724,5431.2207,353748.9381422462,6283048.871909233,0.6353309802457237,941.5143813714385,h3_r8,E23_N418,validation
88b2c57345fffff,46859,70174.2972,33318,48849.613900000004,352336.5424668441,6283468.3879780965,0.6354944441868919,941.6798494809773,h3_r8,E23_N418,validation
88b2c57347fffff,7890,11807.1249,5332,8207.912,352873.33690043946,6282859.363631096,0.6353744365802183,941.5890339022735,h3_r8,E23_N418,validation
88b2c57349fffff,10164,13899.8102,10110,13934.584200000007,353551.11789896863,6284456.483161692,0.6355275271301297,941.6213458178681,h3_r8,E23_N418,validation
88b2c5734bfffff,32272,48236.6204,27020,39847.935600000004,354087.8407590865,6283847.387362499,0.6354075091103623,941.5305345109082,h3_r8,E23_N418,validation
88b2c5734dfffff,205611,275816.7274,199735,284735.4621,352675.4208497482,6284266.992062967,0.6355710058767674,941.6960082569858,h3_r8,E23_N418,validation
88b2c57351fffff,35818,52687.717000000004,31662,46138.1723,355161.0856043835,6282629.430843219,0.6351674707966096,941.348898474127,h3_r8,E23_N418,validation
88b2c57353fffff,20479,30781.2182,13167,19366.835,355697.6075775209,6282020.57011511,0.6350474505404811,941.2580737660173,h3_r8,E23_N418,validation
88b2c57355fffff,21728,31424.556399999998,13484,20261.984500000002,354285.59634903574,6282439.929378855,0.6352109662836305,941.4235612123157,h3_r8,E23_N418,validation
88b2c57357fffff,59178,89087.7731,36199,54367.5453,354822.1875881562,6281831.065207453,0.6350909515895491,941.3327365950681,h3_r8,E23_N418,validation
88b2c57359fffff,30276,44797.1855,24119,35043.6528,355500.0124467071,6283427.857676956,0.6352439668385836,941.3650459774071,h3_r8,E23_N418,validation
88b2c5735bfffff,30798,45390.6407,14051,20762.1933,356036.5321234212,6282818.922046663,0.635123941751168,941.2742256335914,h3_r8,E23_N418,validation
88b2c5735dfffff,24957,37388.324,27285,39579.3035,354624.49666289927,6283238.369924344,0.6352874903254195,941.4397187270806,h3_r8,E23_N418,validation
88b2c57361fffff,22130,34374.7972,16610,23772.0555,351122.00631618925,6282480.316283654,0.6354612484544646,941.7383086115005,h3_r8,E23_N418,validation
88b2c57363fffff,17890,27851.3427,12198,17660.266900000002,351658.8723220867,6281871.363415003,0.6353412512952861,941.6474887677468,h3_r8,E23_N418,validation
88b2c57365fffff,7400,11739.2685,5364,7952.4349,350246.2770051622,6282290.777213303,0.635504603969826,941.8129307760391,h3_r8,E23_N418,validation
88b2c57367fffff,3656,5642.0138,2104,3112.7385,350783.2122784782,6281681.82090172,0.635384612438027,941.7221110430546,h3_r8,E23_N418,validation
88b2c57369fffff,41289,65050.381199999996,52984,77148.13739999999,351460.8292539037,6283278.872888465,0.6355378613184612,941.7544917909545,h3_r8,E23_N418,validation
88b2c5736bfffff,27192,42733.971600000004,15807,23957.4713,351997.6929531853,6282669.845089411,0.6354178593231107,941.663676321099,h3_r8,E23_N418,validation
88b2c5736dfffff,17023,27197.3467,11973,17734.0491,350585.073350699,6283089.347533183,0.6355812448297061,941.8291239707032,h3_r8,E23_N418,validation
88b2c57a41fffff,4806,7732.4933,4012,6381.2584,344711.40364438435,6276742.0544736665,0.6352166877172221,942.0136159266694,h3_r8,E22_N418,train
88b2c57a43fffff,3063,5021.3256,2774,4572.9053,345248.62978088646,6276133.534413474,0.6350967482536144,941.9227705149096,h3_r8,E23_N418,validation
88b2c57a45fffff,1277,2225.5816,969,1632.7009,343835.6216053645,6276552.381994428,0.635259707163012,942.0881271455437,h3_r8,E22_N418,train
88b2c57a4dfffff,1915,3240.2227,1429,2179.8077,344174.1105196137,6277350.652955988,0.6353366263973005,942.1044568609796,h3_r8,E22_N418,train
88b2c57a55fffff,9204,14478.117900000001,7532,12192.3983,345785.7889230837,6275525.09277134,0.6349768080231343,941.8319206313463,h3_r8,E23_N418,validation
88b2c57a57fffff,15,23.9363,22,38.1302,346322.88106495794,6274916.729543185,0.6348568670504736,941.7410662902985,h3_r8,E23_N418,validation
88b2c57a69fffff,4711,7985.9,3733,6266.0979,342959.7970841257,6276362.699253816,0.6353026929277074,942.1626281871577,h3_r8,E22_N418,train
88b2c57a6dfffff,2715,3735.4956,1478,2419.3514,342083.9300964238,6276173.006251309,0.6353456449988376,942.2371190431295,h3_r8,E22_N418,train
88b2c57b01fffff,6377,10226.1012,5484,9318.4258,338441.1852290705,6273209.216584575,0.6352429842935574,942.4113041742239,h3_r8,E22_N418,train
88b2c57b05fffff,2365,3763.7108,1856,3171.0634,337565.2292636845,6273019.4416255355,0.635285717692005,942.4857240661513,h3_r8,E22_N418,train
88b2c57b07fffff,579,955.0433,236,391.8016,338102.9472119566,6272411.1231592875,0.6351658335514877,942.3948666016804,h3_r8,E22_N418,train
88b2c57b09fffff,189,313.5219,37,60.0041,338779.45245692466,6274007.3714896515,0.6353201121171377,942.4277273424668,h3_r8,E22_N418,train
88b2c57b0bfffff,365,605.826,242,395.95390000000003,339317.0988397808,6273398.981282834,0.635200217158365,942.3368740656879,h3_r8,E22_N418,train
88b2c57b31fffff,134,215.665,68,113.66680000000001,338302.39163503057,6271004.926347738,0.6349687799806506,942.2875483469688,h3_r8,E22_N418,train
88b2c57b37fffff,514,855.7828000000001,316,539.5592,337964.21434828226,6270207.031062268,0.6348915884940113,942.2710776544409,h3_r8,E22_N418,train
88b2c57b39fffff,4,6.6688,0,0.0,338640.59815463994,6271802.8831582945,0.6350459486014994,942.3040046518436,h3_r8,E22_N418,train
88b2c57b3dfffff,0,0.0,2,2.9911000000000003,337764.7384187585,6271613.091231763,0.6350886599094265,942.3784146342077,h3_r8,E22_N418,train
88b2c57b41fffff,287,484.6834,59,100.8516,338580.03779622447,6275414.131611889,0.6355171161058606,942.5349805280566,h3_r8,E22_N418,train
88b2c57b43fffff,37,65.5829,10,17.8679,339117.7488823456,6274805.587856526,0.6353972170018976,942.4441361073405,h3_r8,E22_N418,train
88b2c57b49fffff,490,859.3611,383,578.5355,338918.3657018319,6276212.48450014,0.6355942029937983,942.5513705284684,h3_r8,E22_N418,train
88b2c57b4bfffff,12,20.6609,19,31.4848,339456.074492144,6275603.865667197,0.6354742989307649,942.4605304617435,h3_r8,E22_N418,train
88b2c57b57fffff,455,775.9126,276,441.6832,340192.97008003795,6273588.735720828,0.6351574163005157,942.2624337533489,h3_r8,E22_N418,train
88b2c5cd33fffff,3052,4623.5874,2003,2849.3215,339392.8070111656,6311200.560107224,0.6400566615065921,944.6682743792189,h3_r8,E22_N420,validation
88b2c5cd81fffff,0,0.0,1,1.7663,342764.88350228535,6309742.453317203,0.6396093550949608,944.2468724707142,h3_r8,E22_N420,validation
88b2c5cd85fffff,6197,9188.1562,5628,8130.6765000000005,341887.02617776557,6309553.211733358,0.6396529884436974,944.3216397352517,h3_r8,E22_N420,validation
88b2c5cd87fffff,1704,2482.1613,1570,2174.9468,342425.5964914062,6308941.172269517,0.639532955093429,944.231003877474,h3_r8,E22_N420,validation
88b2c5cd8dfffff,6776,9922.6505,5209,7545.9501,342226.3156948519,6310354.56752175,0.6397293928545548,944.3375037367223,h3_r8,E22_N420,validation
88b2c5cd91fffff,21989,31634.4048,20718,29097.2362,344719.4948799263,6308707.698920608,0.6393255963293473,943.9908174314769,h3_r8,E22_N420,validation
88b2c5cd95fffff,16742,23985.8868,15223,21479.6984,343841.81894324376,6308518.460246135,0.6393692753155062,944.0655954063404,h3_r8,E22_N420,validation
88b2c5cd97fffff,16584,24149.3261,14712,20922.1535,344380.1865639924,6307906.581371994,0.6392492333383781,943.9749496317236,h3_r8,E22_N420,validation
88b2c5cd99fffff,796,1159.4423,610,857.6825,345058.83197292534,6309508.877187181,0.6394019355719449,944.0066707035294,h3_r8,E23_N420,test
88b2c5cd9dfffff,39,57.0939,92,132.4356,344181.12975298404,6309319.652532311,0.6394456427301429,944.0814586292254,h3_r8,E22_N420,validation
88b2c5cda1fffff,3783,5683.0049,2329,3346.1525,340669.8915728821,6308562.650732415,0.6396201314272111,944.3805082797771,h3_r8,E22_N420,validation
88b2c5cda3fffff,10073,15123.1826,6298,9059.9331,341208.5336190997,6307950.68232173,0.6395001083531505,944.2898680991493,h3_r8,E22_N420,validation
88b2c5cda5fffff,33243,47967.688200000004,28389,41274.1753,339791.97478177946,6308373.374484658,0.6396636685538608,944.455245147401,h3_r8,E22_N420,validation
88b2c5cda7fffff,32780,48461.7554,27875,40138.6932,340330.6860590203,6307761.402378147,0.6395436513451369,944.3646052301046,h3_r8,E22_N420,validation
88b2c5cda9fffff,6741,10021.848399999999,4775,6755.2916,341009.12593852775,6309363.959829365,0.6396965877706777,944.3963967833552,h3_r8,E22_N420,validation
88b2c5cdabfffff,3,4.247199999999999,43,60.8623,341547.76548136,6308751.916660525,0.6395765602698679,944.3057611870463,h3_r8,E22_N420,validation
88b2c5cdb1fffff,17835,25907.4885,14325,20988.7337,342624.84437915235,6307528.065685675,0.6393365010046393,944.1244754688814,h3_r8,E22_N420,validation
88b2c5cdb3fffff,45375,69316.1489,36744,54308.833399999996,343163.283721338,6306916.257872038,0.639216469281006,944.0338253658265,h3_r8,E22_N420,validation
88b2c5cdb5fffff,280,412.0886,4278,5820.4771,341747.1089326331,6307338.792368816,0.6393800838583068,944.1992230765754,h3_r8,E22_N420,validation
88b2c5cdb7fffff,311508,451118.58100000006,316031,441677.052,342285.6175070933,6306726.98086986,0.6392600579677254,944.1085732249776,h3_r8,E22_N420,validation
88b2c5cdb9fffff,4070,5834.7401,3252,4591.9665,342964.1000770143,6308329.211255185,0.639412920325208,944.1403631783323,h3_r8,E22_N420,validation
88b2c5cdbbfffff,16781,24205.2508,16749,24450.9281,343502.5369282046,6307717.328686555,0.6392928841603119,944.0497176519712,h3_r8,E22_N420,validation
88b2c5cdbdfffff,297,435.4975,110,158.9389,342086.3382970331,6308139.951947232,0.6394565313409423,944.2151207461138,h3_r8,E22_N420,validation
88b2c5cdd7fffff,1068,1548.9788,831,1181.9774,344520.4693439546,6310120.905526608,0.6395219863846364,944.0973073181231,h3_r8,E22_N420,validation
88b2c5cde1fffff,21465,33100.8539,20356,30160.9888,340809.68539200304,6310777.526024781,0.639893050813203,944.5028968801489,h3_r8,E22_N420,validation
88b2c5cde3fffff,1,1.6992,0,0.0,341348.38914249605,6310165.329650512,0.6397730203578209,944.4122707388015,h3_r8,E22_N420,validation
88b2c5cde5fffff,11667,17443.9563,10765,15814.7831,339931.64669701015,6310588.281548916,0.6399366384095931,944.5776533901226,h3_r8,E22_N420,validation
88b2c5cde7fffff,3653,5417.2033,3689,5196.4921,340470.4196749395,6309976.081457562,0.6398166138234893,944.4870275200228,h3_r8,E22_N420,validation
88b2c5cde9fffff,3662,5309.2609999999995,2906,4164.8156,341148.97993809805,6311579.0312878415,0.6399694640130462,944.5187516844016,h3_r8,E22_N420,validation
88b2c5cdebfffff,4611,6926.2662,5667,8230.5397,341687.6811713161,6310966.760177363,0.639849429166919,944.4281301448354,h3_r8,E22_N420,validation
88b2c5cdedfffff,1432,2104.5388,1326,1884.9514,340270.914932708,6311389.800859958,0.640013079791827,944.5935181448585,h3_r8,E22_N420,validation
